timestamp,grain_id,perimeter,avg_area_of_neighbors,number_of_neighbors,vulnerable,area,circularity,area_perimeter_ratio,is_vulnerable
0,10,56,376.4,5,0.0,273,1.0939474418750172,4.875,0
0,27,97,329.14285714285717,7,0.0,364,0.48614718924718237,3.752577319587629,0
0,38,27,305.0,5,0.0,82,1.413501221368247,3.037037037037037,0
0,45,90,304.0,8,0.0,715,1.1092537023786184,7.944444444444445,0
0,51,75,444.2857142857143,7,0.0,538,1.201903536093375,7.173333333333333,0
0,57,62,422.0,6,0.0,317,1.0363005943683292,5.112903225806452,0
0,62,46,530.75,4,0.0,177,1.0511567101803279,3.847826086956522,0
0,64,69,529.0,5,0.0,490,1.2933252680184824,7.101449275362318,0
0,67,30,406.8,5,0.0,97,1.3543754995475996,3.2333333333333334,0
0,74,37,508.6,5,0.0,144,1.3218096190414323,3.891891891891892,0
0,98,27,271.8,5,0.0,67,1.1549339247764945,2.4814814814814814,0
0,133,67,347.2857142857143,7,0.0,442,1.2373214104581765,6.597014925373134,0
0,134,65,598.6,5,0.0,375,1.1153583385525891,5.769230769230769,0
0,138,69,378.8333333333333,6,0.0,448,1.1824688164740411,6.492753623188406,0
0,140,57,406.4,5,0.0,322,1.2454205410352888,5.649122807017544,0
0,149,55,280.1666666666667,6,0.0,283,1.1756307054094697,5.1454545454545455,0
0,162,69,263.8333333333333,6,0.0,465,1.2273392849563147,6.739130434782608,0
0,165,78,452.2857142857143,7,0.0,510,1.0533939864107789,6.538461538461538,0
0,181,41,350.2,5,0.0,176,1.3156937704504545,4.2926829268292686,0
0,183,53,363.0,5,0.0,269,1.2034011019090842,5.0754716981132075,0
0,192,66,423.0,5,0.0,329,0.9491129320762552,4.984848484848484,0
0,193,14,327.0,4,0.0,22,1.4105109873260293,1.5714285714285714,0
0,196,58,255.5,6,0.0,329,1.2289940345196695,5.672413793103448,0
0,200,30,379.2,5,0.0,96,1.340412865531645,3.2,0
0,224,76,369.2857142857143,7,0.0,491,1.068228526947776,6.4605263157894735,0
0,225,7,294.4,5,0.0,8,2.0516523452014974,1.1428571428571428,0
0,241,38,376.4,5,0.0,136,1.1835362905490634,3.5789473684210527,0
0,248,18,468.75,4,0.0,35,1.3574783071067007,1.9444444444444444,0
0,262,60,277.2857142857143,7,0.0,316,1.1030480872604163,5.266666666666667,0
0,268,71,400.0,5,0.0,228,0.5683658996377486,3.211267605633803,0
0,271,32,506.0,3,0.0,93,1.141281706186917,2.90625,0
0,274,46,430.8,5,0.0,213,1.2649512953017503,4.630434782608695,0
0,276,38,337.4,5,0.0,138,1.2009412359983143,3.6315789473684212,0
0,277,88,325.25,8,0.0,742,1.2040608207456749,8.431818181818182,0
0,284,56,247.66666666666666,6,0.0,278,1.1139831093086257,4.964285714285714,0
0,288,97,472.0,5,0.0,322,0.43005328279558436,3.3195876288659796,0
0,308,92,332.625,8,0.0,802,1.190717064356812,8.717391304347826,0
0,319,76,382.57142857142856,7,0.0,502,1.092160326940496,6.605263157894737,0
0,336,82,349.42857142857144,7,0.0,673,1.2577583913539148,8.207317073170731,0
0,349,76,400.42857142857144,7,0.0,548,1.1922387632736888,7.2105263157894735,0
0,351,55,361.6,5,0.0,289,1.200555738032992,5.254545454545455,0
0,358,69,379.6666666666667,6,0.0,451,1.1903871344415011,6.536231884057971,0
0,359,41,410.8,5,0.0,184,1.3754980327436572,4.487804878048781,0
0,370,83,394.57142857142856,7,0.0,647,1.1802063851778755,7.795180722891566,0
0,374,74,306.0,7,0.0,522,1.197889967256298,7.054054054054054,0
0,383,50,291.8,5,0.0,251,1.261663609681661,5.02,0
0,390,41,474.75,4,0.0,147,1.0989033196375957,3.5853658536585367,0
0,392,68,263.85714285714283,7,0.0,455,1.2365265202278166,6.6911764705882355,0
0,395,71,249.125,8,0.0,433,1.079396642733093,6.098591549295775,0
0,397,47,447.8,5,0.0,208,1.1832526427282517,4.425531914893617,0
0,400,34,477.4,5,0.0,105,1.1414090955949077,3.088235294117647,0
0,411,57,423.0,5,0.0,285,1.1023132117858923,5.0,0
0,426,48,358.8,5,0.0,198,1.0799224746714915,4.125,0
0,430,92,410.6666666666667,6,0.0,512,0.7601585248761692,5.565217391304348,0
0,432,71,350.2857142857143,7,0.0,519,1.2937802715438227,7.309859154929577,0
0,457,46,313.3333333333333,6,0.0,196,1.163992741216634,4.260869565217392,0
0,458,65,413.0,5,0.0,386,1.1480755164834653,5.938461538461539,0
0,465,37,325.0,5,0.0,139,1.2759134517136048,3.7567567567567566,0
0,467,22,431.4,5,0.0,54,1.4020330850731308,2.4545454545454546,0
0,485,78,312.0,8,0.0,512,1.0575249432202327,6.564102564102564,0
0,487,62,313.5,6,0.0,310,1.0134169850289656,5.0,0
0,490,38,510.0,5,0.0,139,1.2096437087229397,3.6578947368421053,0
0,491,78,435.2857142857143,7,0.0,504,1.0410011159824166,6.461538461538462,0
0,500,64,367.85714285714283,7,0.0,403,1.2363885150358267,6.296875,0
0,504,91,360.375,8,0.0,725,1.1001833951709212,7.967032967032967,0
0,513,48,379.3333333333333,6,0.0,222,1.210822168571066,4.625,0
0,520,60,451.6,5,0.0,306,1.0681415022205296,5.1,0
0,521,44,259.1666666666667,6,0.0,176,1.1423973285781064,4.0,0
0,525,53,365.8333333333333,6,0.0,257,1.1497177813778239,4.849056603773585,0
0,533,71,428.2,5,0.0,428,1.0669324782673528,6.028169014084507,0
0,534,69,489.3333333333333,6,0.0,427,1.1270405907018204,6.188405797101449,0
0,547,80,447.57142857142856,7,0.0,615,1.2075496762235767,7.6875,0
0,550,85,464.3333333333333,6,0.0,649,1.1287992427292877,7.635294117647059,0
0,552,94,277.3333333333333,9,0.0,850,1.208851858556507,9.042553191489361,0
0,554,93,383.2857142857143,7,0.0,396,0.575359320532574,4.258064516129032,0
0,563,100,425.22222222222223,9,0.0,856,1.0756813245891452,8.56,0
0,573,42,353.6,5,0.0,170,1.2110447870981063,4.0476190476190474,0
0,580,87,554.3333333333334,6,0.0,673,1.1173427696477372,7.735632183908046,0
0,582,91,433.7142857142857,7,0.0,714,1.0834909574510867,7.846153846153846,0
0,588,51,334.3333333333333,6,0.0,233,1.1257071715285225,4.568627450980392,0
0,618,54,307.8333333333333,6,0.0,288,1.241123023640412,5.333333333333333,0
0,626,35,371.5,4,0.0,134,1.3746070712850034,3.8285714285714287,0
0,632,59,279.8333333333333,6,0.0,306,1.1046565377747506,5.186440677966102,0
0,634,46,321.8333333333333,6,0.0,199,1.1818089566434193,4.326086956521739,0
0,660,73,308.6666666666667,6,0.0,251,0.5918857241891823,3.4383561643835616,0
0,662,69,322.0,7,0.0,400,1.0557757289946794,5.797101449275362,0
0,666,44,409.0,5,0.0,180,1.168360904227609,4.090909090909091,0
0,674,39,342.0,5,0.0,147,1.2145013019794861,3.769230769230769,0
0,678,137,369.42857142857144,7,0.0,688,0.46063524869087913,5.021897810218978,0
0,687,15,349.5,4,0.0,24,1.340412865531645,1.6,0
0,689,73,432.6666666666667,6,0.0,440,1.0375686001722717,6.027397260273973,0
0,692,51,480.0,5,0.0,266,1.28514209281797,5.215686274509804,0
0,697,70,415.1666666666667,6,0.0,446,1.1437961824498348,6.371428571428571,0
0,713,56,302.3333333333333,6,0.0,288,1.1540544441758425,5.142857142857143,0
0,717,109,335.5,10,0.0,979,1.035474861666327,8.98165137614679,0
0,724,54,333.6666666666667,6,0.0,279,1.2023379291516492,5.166666666666667,0
0,728,50,363.4,5,0.0,225,1.1309733552923256,4.5,0
0,731,50,344.3333333333333,6,0.0,249,1.2516105131901736,4.98,0
0,732,54,340.0,6,0.0,262,1.1290771951173193,4.851851851851852,0
0,753,46,500.0,5,0.0,231,1.3718485878624618,5.021739130434782,0
0,754,45,289.6,5,0.0,196,1.2163005631676038,4.355555555555555,0
0,773,115,398.0,6,0.0,408,0.3876808476868463,3.5478260869565217,0
0,775,80,251.71428571428572,7,0.0,611,1.1996956945896022,7.6375,0
0,777,65,401.5,6,0.0,372,1.1064354718441685,5.723076923076923,0
0,779,118,611.4,5,0.0,534,0.4819334895193765,4.52542372881356,0
0,782,29,338.75,4,0.0,78,1.1654897834958566,2.689655172413793,0
0,792,39,425.3333333333333,6,0.0,158,1.305382351787475,4.051282051282051,0
0,806,76,349.42857142857144,7,0.0,495,1.0769309996724015,6.5131578947368425,0
0,808,43,464.5,4,0.0,201,1.3660575951791205,4.674418604651163,0
0,818,24,336.6,5,0.0,57,1.2435470920459597,2.375,0
0,819,68,464.6666666666667,6,0.0,433,1.1767384247442738,6.367647058823529,0
0,840,93,428.6666666666667,6,0.0,353,0.5128834347171682,3.795698924731183,0
0,846,33,386.2,5,0.0,105,1.2116335303101131,3.1818181818181817,0
0,849,79,508.8,5,0.0,532,1.0711919831499888,6.734177215189874,0
0,869,42,470.6,5,0.0,172,1.2252923728286722,4.095238095238095,0
0,877,98,425.125,8,0.0,864,1.1305023126620497,8.816326530612244,0
0,879,81,361.14285714285717,7,0.0,523,1.00170886012953,6.45679012345679,0
0,886,62,512.0,6,0.0,358,1.1703331633560312,5.774193548387097,0
0,893,43,397.25,4,0.0,168,1.1417794825377723,3.9069767441860463,0
0,897,66,449.85714285714283,7,0.0,421,1.2145183720489465,6.378787878787879,0
0,899,67,306.125,8,0.0,385,1.0777573371637963,5.746268656716418,0
0,903,140,331.3333333333333,9,0.0,674,0.4321292752080654,4.814285714285714,0
0,908,42,541.4,5,0.0,180,1.282282715750936,4.285714285714286,0
0,930,71,306.6666666666667,6,0.0,489,1.2189952847493821,6.887323943661972,0
0,943,77,300.42857142857144,7,0.0,549,1.1635920842103533,7.12987012987013,0
0,944,43,529.1666666666666,6,0.0,197,1.3388723694044113,4.5813953488372094,0
0,948,78,316.3333333333333,6,0.0,501,1.0348046807682356,6.423076923076923,0
0,953,47,461.6,5,0.0,205,1.166186498842748,4.361702127659575,0
0,954,67,393.2857142857143,7,0.0,462,1.2933088045965555,6.895522388059701,0
0,959,68,454.6666666666667,6,0.0,435,1.1821737061518685,6.397058823529412,0
0,962,53,266.3333333333333,6,0.0,279,1.248137202351801,5.264150943396227,0
0,969,101,328.8,10,0.0,900,1.1086887121775566,8.910891089108912,0
0,973,74,359.5,8,0.0,573,1.3149251939422582,7.743243243243243,0
0,987,56,437.1666666666667,6,0.0,316,1.2662541818040494,5.642857142857143,0
0,1004,59,406.8,5,0.0,329,1.1876862775421337,5.576271186440678,0
0,1007,46,334.3333333333333,6,0.0,195,1.158054002741039,4.239130434782608,0
0,1031,59,409.4,5,0.0,265,0.9566470016676761,4.491525423728813,0
0,1032,62,333.0,6,0.0,344,1.1245659446773038,5.548387096774194,0
0,1043,47,256.6666666666667,6,0.0,226,1.2856495060412734,4.808510638297872,0
0,1049,34,493.0,4,0.0,103,1.1196679699645282,3.0294117647058822,0
0,1066,46,249.83333333333334,6,0.0,220,1.306522464630916,4.782608695652174,0
0,1075,36,339.0,5,0.0,131,1.2702118445069843,3.638888888888889,0
0,1076,38,410.8333333333333,6,0.0,137,1.1922387632736888,3.6052631578947367,0
0,1078,30,394.0,4,0.0,64,0.8936085770210968,2.1333333333333333,0
0,1079,44,302.6666666666667,6,0.0,189,1.2267789494389896,4.295454545454546,0
0,1099,40,295.4,5,0.0,179,1.4058627124814325,4.475,0
0,1103,65,345.5,6,0.0,382,1.1361783608722376,5.876923076923077,0
0,1105,72,500.6666666666667,6,0.0,461,1.1174955349574804,6.402777777777778,0
0,1111,84,550.1666666666666,6,0.0,392,0.6981317007977318,4.666666666666667,0
0,1112,66,419.5,6,0.0,325,0.9375735651209207,4.924242424242424,0
0,1114,53,388.2857142857143,7,0.0,274,1.2257691521304426,5.169811320754717,0
0,1121,64,316.5,6,0.0,359,1.1013982057018903,5.609375,0
0,1123,39,503.6,5,0.0,146,1.206239388360578,3.7435897435897436,0
0,1129,63,299.5,6,0.0,376,1.1904649410428443,5.968253968253968,0
0,1133,60,292.85714285714283,7,0.0,323,1.127482696788337,5.383333333333334,0
0,1138,67,411.57142857142856,7,0.0,344,0.9629831791801192,5.134328358208955,0
0,1143,32,563.4,5,0.0,108,1.325359400733194,3.375,0
0,1148,51,396.8,5,0.0,239,1.1546953390356947,4.686274509803922,0
0,1183,32,390.6,5,0.0,93,1.141281706186917,2.90625,0
0,1189,37,257.8,5,0.0,129,1.1841211170579498,3.4864864864864864,0
0,1196,65,423.5,6,0.0,428,1.2729956504013553,6.584615384615384,0
0,1201,57,251.42857142857142,7,0.0,276,1.0675033208873905,4.842105263157895,0
0,1219,81,312.0,6,0.0,568,1.0878979589934477,7.012345679012346,0
0,1240,102,460.3333333333333,6,0.0,365,0.4408617141715781,3.5784313725490198,0
0,1242,60,515.0,5,0.0,311,1.085594794740473,5.183333333333334,0
0,1243,65,448.2,5,0.0,373,1.1094097607469755,5.7384615384615385,0
0,1245,78,341.75,8,0.0,560,1.1566679066471295,7.17948717948718,0
0,1248,77,355.0,6,0.0,584,1.2377737289232176,7.584415584415584,0
0,1266,82,276.5,8,0.0,573,1.070870071687657,6.987804878048781,0
0,1268,87,366.75,8,0.0,695,1.1538680904980347,7.988505747126437,0
0,1274,55,257.1666666666667,6,0.0,268,1.1133181238506638,4.872727272727273,0
0,1277,82,428.57142857142856,7,0.0,578,1.0802144876709698,7.048780487804878,0
0,1280,49,495.4,5,0.0,231,1.2090094177080255,4.714285714285714,0
0,1294,42,397.3333333333333,6,0.0,171,1.2181685799633892,4.071428571428571,0
0,1304,74,233.375,8,0.0,480,1.10150801586786,6.486486486486487,0
0,1310,49,267.8333333333333,6,0.0,215,1.1252685056589846,4.387755102040816,0
0,1311,48,304.4,5,0.0,235,1.2817261694333357,4.895833333333333,0
0,1315,48,358.6666666666667,6,0.0,245,1.3362677085581585,5.104166666666667,0
0,1328,67,307.1666666666667,6,0.0,411,1.1505409495436891,6.134328358208955,0
0,1332,17,553.75,4,0.0,30,1.3044675378227513,1.7647058823529411,0
0,1333,57,534.4285714285714,7,0.0,324,1.253156072346067,5.684210526315789,0
0,1339,78,394.0,7,0.0,571,1.1793881690991268,7.32051282051282,0
0,1346,61,470.3333333333333,6,0.0,341,1.1516077343446594,5.590163934426229,0
0,1364,67,536.5714285714286,7,0.0,382,1.0693592280430395,5.701492537313433,0
0,1367,40,442.75,4,0.0,130,1.0210176124166828,3.25,0
0,1371,80,294.2857142857143,7,0.0,574,1.1270463644753383,7.175,0
0,1375,74,578.3333333333334,6,0.0,463,1.0624962736392067,6.256756756756757,0
0,1380,95,439.5,6,0.0,322,0.44835139477270397,3.389473684210526,0
0,1389,64,520.8333333333334,6,0.0,380,1.1658253987930873,5.9375,0
0,1393,49,387.4,5,0.0,233,1.2194770317141554,4.755102040816326,0
0,1400,60,362.5,6,0.0,367,1.281071670963838,6.116666666666666,0
0,1407,78,326.5,8,0.0,607,1.2537453916692993,7.782051282051282,0
0,1422,30,292.8,5,0.0,92,1.2845623294678266,3.066666666666667,0
0,1425,45,335.0,5,0.0,194,1.2038893329311997,4.311111111111111,0
0,1429,73,358.42857142857144,7,0.0,468,1.103595692910507,6.410958904109589,0
0,1432,49,325.0,5,0.0,239,1.2508798737325457,4.877551020408164,0
0,1444,49,330.6666666666667,6,0.0,230,1.2037756107049604,4.6938775510204085,0
0,1457,51,297.8,5,0.0,236,1.1402012552821086,4.627450980392157,0
0,1470,63,355.5,6,0.0,363,1.1493052489323206,5.761904761904762,0
0,1486,59,545.8,5,0.0,292,1.0541166961772128,4.9491525423728815,0
0,1488,39,380.6,5,0.0,169,1.3962634015954636,4.333333333333333,0
0,1489,50,467.4,5,0.0,238,1.1963184824869932,4.76,0
0,1492,13,343.6,5,0.0,20,1.4871444514034524,1.5384615384615385,0
0,1511,31,524.4,5,0.0,99,1.2945584711982916,3.193548387096774,0
0,1514,2,363.0,3,0.0,2,6.283185307179586,1.0,0
0,1520,30,283.4,5,0.0,91,1.270599695451872,3.033333333333333,0
0,1524,63,333.5,6,0.0,370,1.1714681600687562,5.873015873015873,0
0,1533,2,510.0,3,0.0,2,6.283185307179586,1.0,0
0,1537,81,361.0,8,0.0,624,1.1951555042463227,7.703703703703703,0
0,1545,68,342.57142857142856,7,0.0,442,1.2011971910784505,6.5,0
0,1575,41,491.0,5,0.0,154,1.151232049144148,3.7560975609756095,0
0,1578,69,364.1666666666667,6,0.0,401,1.058415168317166,5.811594202898551,0
0,1582,70,381.2857142857143,7,0.0,410,1.0514718269157675,5.857142857142857,0
0,1605,41,526.25,4,0.0,181,1.3530714343837063,4.414634146341464,0
0,1616,95,391.5,8,0.0,763,1.062397870222277,8.031578947368422,0
0,1622,93,461.85714285714283,7,0.0,730,1.0606371312847955,7.849462365591398,0
0,1625,14,424.75,4,0.0,23,1.4746251231135763,1.6428571428571428,0
0,1647,58,319.0,6,0.0,330,1.2327295786975405,5.689655172413793,0
0,1650,34,443.4,5,0.0,120,1.3044675378227513,3.5294117647058822,0
0,1665,60,498.0,6,0.0,326,1.1379546723003027,5.433333333333334,0
0,1666,30,661.75,4,0.0,89,1.2426744274199626,2.966666666666667,0
0,1669,30,299.4,5,0.0,100,1.3962634015954636,3.3333333333333335,0
0,1672,37,460.8,5,0.0,126,1.1565834166612534,3.4054054054054053,0
0,1674,50,341.6666666666667,6,0.0,261,1.3119290921390976,5.22,0
0,1686,53,386.4,5,0.0,218,0.975246989651228,4.113207547169812,0
0,1687,46,360.8333333333333,6,0.0,216,1.2827675107285355,4.695652173913044,0
0,1697,69,462.3333333333333,6,0.0,396,1.0452179717047327,5.739130434782608,0
0,1710,54,355.2,5,0.0,265,1.142005559946907,4.907407407407407,0
0,1711,84,294.2857142857143,7,0.0,640,1.1398068584452765,7.619047619047619,0
0,1713,46,304.6666666666667,6,0.0,223,1.324338680057701,4.8478260869565215,0
0,1716,54,467.2,5,0.0,260,1.1204582852309275,4.814814814814815,0
0,1723,48,340.6666666666667,6,0.0,214,1.1671889372712079,4.458333333333333,0
0,1733,125,344.5,8,0.0,711,0.5718201284357998,5.688,0
0,1744,61,414.6666666666667,6,0.0,340,1.1482305855635901,5.573770491803279,0
0,1757,50,602.0,5,0.0,210,1.0555751316061706,4.2,0
0,1758,76,394.42857142857144,7,0.0,496,1.0791066178535578,6.526315789473684,0
0,1761,42,530.5,4,0.0,139,0.9902072082743338,3.3095238095238093,0
0,1788,66,450.3333333333333,6,0.0,379,1.0933550190179353,5.742424242424242,0
0,1796,44,413.6,5,0.0,186,1.2073062677018624,4.2272727272727275,0
0,1799,37,370.2,5,0.0,131,1.202479583989081,3.5405405405405403,0
0,1803,86,391.5,8,0.0,694,1.1791591679779971,8.069767441860465,0
0,1806,87,410.0,8,0.0,714,1.185412685777837,8.206896551724139,0
0,1818,40,595.5,4,0.0,181,1.4215706757493813,4.525,0
0,1819,49,514.2,5,0.0,246,1.287516522754001,5.020408163265306,0
0,1828,61,232.0,6,0.0,303,1.0232760806640229,4.967213114754099,0
0,1829,130,352.1666666666667,6,0.0,477,0.3546839516597234,3.669230769230769,0
0,1839,94,283.9,10,0.0,852,1.2116962158707576,9.063829787234043,0
0,1842,94,357.375,8,0.0,812,1.1548090695857456,8.638297872340425,0
0,1848,34,346.6,5,0.0,123,1.3370792262683202,3.6176470588235294,0
0,1849,40,395.8,5,0.0,182,1.4294246573833558,4.55,0
0,1850,32,340.8,5,0.0,111,1.3621749396424494,3.46875,0
0,1852,73,285.42857142857144,7,0.0,439,1.0352104897173346,6.013698630136986,0
0,1868,60,297.7142857142857,7,0.0,355,1.239183768915974,5.916666666666667,0
0,1869,60,335.0,5,0.0,362,1.2636183784438946,6.033333333333333,0
0,1881,22,452.4,5,0.0,53,1.3760695094236284,2.409090909090909,0
0,1882,72,408.57142857142856,7,0.0,468,1.1344640137963142,6.5,0
0,1904,69,425.14285714285717,7,0.0,420,1.1085645154444135,6.086956521739131,0
0,1907,53,174.57142857142858,7,0.0,274,1.2257691521304426,5.169811320754717,0
0,1922,27,447.6,5,0.0,75,1.2928364829587626,2.7777777777777777,0
0,1927,18,578.0,3,0.0,31,1.2023379291516492,1.7222222222222223,0
0,1952,104,359.6666666666667,9,0.0,980,1.1385949706057683,9.423076923076923,0
0,1955,50,479.8,5,0.0,213,1.0706547763434016,4.26,0
0,1961,67,444.1666666666667,6,0.0,460,1.2877100651827178,6.865671641791045,0
0,1963,60,367.14285714285717,7,0.0,355,1.239183768915974,5.916666666666667,0
0,1972,78,340.2857142857143,7,0.0,567,1.1711262554802186,7.269230769230769,0
0,1977,155,390.0,6,0.0,482,0.25211199317881877,3.109677419354839,0
0,1987,23,413.2,5,0.0,58,1.3777873263380567,2.5217391304347827,0
0,2010,78,368.2857142857143,7,0.0,565,1.1669952986707648,7.243589743589744,0
0,2018,55,482.8,5,0.0,266,1.105009779642823,4.836363636363636,0
0,2033,46,485.0,5,0.0,212,1.2590125568261552,4.608695652173913,0
0,2042,55,326.6666666666667,6,0.0,264,1.0967014354349824,4.8,0
0,2043,35,399.4,5,0.0,119,1.220733145394891,3.4,0
0,2052,46,378.25,4,0.0,96,0.5701188936571269,2.0869565217391304,0
0,2061,53,538.6,5,0.0,255,1.1407705612892804,4.811320754716981,0
0,2076,75,278.85714285714283,7,0.0,533,1.1907334288806113,7.1066666666666665,0
0,2084,85,322.0,9,0.0,656,1.1409742730822998,7.7176470588235295,0
0,2087,62,246.0,6,0.0,376,1.229176730228681,6.064516129032258,0
0,2090,110,363.5,8,0.0,530,0.5504278037694513,4.818181818181818,0
0,2092,39,431.8,5,0.0,160,1.321906179025291,4.102564102564102,0
0,2094,51,321.4,5,0.0,225,1.0870562815189595,4.411764705882353,0
0,2096,44,436.1666666666667,6,0.0,173,1.1229246468409797,3.9318181818181817,0
0,2097,122,382.75,8,0.0,510,0.4305864695863463,4.180327868852459,0
0,2115,62,334.0,6,0.0,295,0.9643806793017575,4.758064516129032,0
0,2119,68,355.875,8,0.0,410,1.1142326885569336,6.029411764705882,0
0,2128,54,477.0,5,0.0,285,1.2281946588108246,5.277777777777778,0
0,2129,16,334.0,5,0.0,21,1.030835089459151,1.3125,0
0,2134,74,538.8333333333334,6,0.0,525,1.2047743923554721,7.094594594594595,0
0,2135,64,342.57142857142856,7,0.0,364,1.1167380135807468,5.6875,0
0,2142,103,445.375,8,0.0,872,1.032884831343312,8.466019417475728,0
0,2144,46,660.0,5,0.0,196,1.163992741216634,4.260869565217392,0
0,2147,102,404.7142857142857,7,0.0,759,0.9167507974143226,7.4411764705882355,0
0,2162,3,397.25,4,0.0,3,4.1887902047863905,1.0,0
0,2169,68,425.0,7,0.0,409,1.1115150478531362,6.014705882352941,0
0,2170,85,433.75,8,0.0,645,1.1218420825275663,7.588235294117647,0
0,2175,104,389.375,8,0.0,931,1.0816652220754799,8.951923076923077,0
0,2178,34,522.8,5,0.0,118,1.2827264121923723,3.4705882352941178,0
0,2182,72,471.3333333333333,6,0.0,484,1.1732491082850771,6.722222222222222,0
0,2185,41,472.2,5,0.0,158,1.1811341802907491,3.8536585365853657,0
0,2198,87,326.5,8,0.0,585,0.9712414862465473,6.724137931034483,0
0,2207,41,372.6,5,0.0,182,1.3605469671703565,4.439024390243903,0
0,2213,5,373.0,4,0.0,5,2.5132741228718345,1.0,0
0,2230,48,224.33333333333334,6,0.0,236,1.287180323345818,4.916666666666667,0
0,2233,52,300.1666666666667,6,0.0,252,1.1711262554802189,4.846153846153846,0
0,2234,76,384.8333333333333,6,0.0,480,1.0442967269550558,6.315789473684211,0
0,2241,87,545.4285714285714,7,0.0,663,1.10074035107942,7.620689655172414,0
0,2252,34,305.8,5,0.0,116,1.260985286561993,3.411764705882353,0
0,2257,58,455.0,6,0.0,308,1.1505476067843714,5.310344827586207,0
0,2266,69,416.0,7,0.0,453,1.1956660130864745,6.565217391304348,0
0,2270,83,224.0,8,0.0,656,1.1966234755435645,7.903614457831325,0
0,2271,10,359.8,5,0.0,13,1.6336281798666925,1.3,0
0,2278,71,312.0,6,0.0,520,1.2962731044369706,7.323943661971831,0
0,2281,118,363.625,8,0.0,812,0.7328277031642954,6.88135593220339,0
0,2290,64,324.6666666666667,6,0.0,393,1.205708899278114,6.140625,0
0,2301,74,497.8333333333333,6,0.0,568,1.3034511521103014,7.675675675675675,0
0,2318,19,667.25,4,0.0,34,1.1835362905490634,1.7894736842105263,0
0,2320,83,346.0,7,0.0,634,1.1564928102052134,7.63855421686747,0
0,2326,85,477.6,5,0.0,272,0.4730868937170512,3.2,0
0,2331,62,476.3333333333333,6,0.0,362,1.1834095115499532,5.838709677419355,0
0,2332,70,424.3333333333333,6,0.0,468,1.200216621942876,6.685714285714286,0
0,2333,51,671.0,4,0.0,272,1.3141302603251424,5.333333333333333,0
0,2335,79,418.14285714285717,7,0.0,566,1.1396516211708527,7.1645569620253164,0
0,2341,43,529.1666666666666,6,0.0,178,1.2097425469745446,4.1395348837209305,0
0,2352,53,310.5,6,0.0,309,1.3823455036799517,5.830188679245283,0
0,2354,59,258.6666666666667,6,0.0,295,1.0649466622338282,5.0,0
0,2357,72,402.14285714285717,7,0.0,443,1.073862303657622,6.152777777777778,0
0,2376,51,401.2,5,0.0,252,1.2175030353012348,4.9411764705882355,0
0,2377,33,310.4,5,0.0,124,1.4308815024614667,3.757575757575758,0
0,2380,75,412.7142857142857,7,0.0,539,1.2041375575359279,7.1866666666666665,0
0,2389,58,307.57142857142856,7,0.0,331,1.236465122875412,5.706896551724138,0
0,2390,20,524.25,4,0.0,36,1.1309733552923256,1.8,0
0,2403,102,241.66666666666666,9,0.0,933,1.1269150118413214,9.147058823529411,0
0,2406,30,224.4,5,0.0,81,1.1309733552923256,2.7,0
0,2408,91,444.8,5,0.0,331,0.5022906259332068,3.6373626373626373,0
0,2419,71,403.5,6,0.0,456,1.1367317992754973,6.422535211267606,0
0,2427,44,397.6,5,0.0,165,1.0709974955419748,3.75,0
0,2430,39,448.0,5,0.0,141,1.1649298202660376,3.6153846153846154,0
0,2436,61,362.6,5,0.0,157,0.5302123586278931,2.5737704918032787,0
0,2438,58,251.66666666666666,6,0.0,343,1.2812916530098681,5.913793103448276,0
0,2439,97,262.7,10,0.0,911,1.2167035423191843,9.391752577319588,0
0,2457,54,388.6,5,0.0,257,1.10752992040134,4.7592592592592595,0
0,2459,25,459.0,4,0.0,67,1.3471149298593033,2.68,0
0,2464,33,480.2,5,0.0,116,1.3385665668187916,3.515151515151515,0
0,2477,47,398.1666666666667,6,0.0,202,1.1491203549572444,4.297872340425532,0
0,2483,81,509.3333333333333,6,0.0,537,1.028523246442749,6.62962962962963,0
0,2495,61,329.57142857142856,7,0.0,341,1.1516077343446594,5.590163934426229,0
0,2505,18,353.0,5,0.0,38,1.4738335905729893,2.111111111111111,0
0,2520,37,457.5,4,0.0,149,1.3677057863692599,4.027027027027027,0
0,2521,81,323.85714285714283,7,0.0,599,1.1472726715441464,7.395061728395062,0
0,2529,72,409.6666666666667,6,0.0,470,1.1393121506074095,6.527777777777778,0
0,2541,66,645.3333333333334,6,0.0,399,1.1510518537946073,6.045454545454546,0
0,2544,42,221.0,6,0.0,148,1.0543213440618806,3.5238095238095237,0
0,2574,54,340.57142857142856,7,0.0,278,1.1980284742084533,5.148148148148148,0
0,2576,132,379.875,8,0.0,847,0.6108652381980154,6.416666666666667,0
0,2578,18,308.4,5,0.0,36,1.3962634015954636,2.0,0
0,2579,58,323.0,6,0.0,305,1.1393409742507574,5.258620689655173,0
0,2582,71,452.0,7,0.0,443,1.104324971664573,6.23943661971831,0
0,2585,68,323.7142857142857,7,0.0,449,1.2202206760050323,6.602941176470588,0
0,2602,125,339.0,8,0.0,646,0.5195440266800656,5.168,0
0,2606,41,329.2,5,0.0,158,1.1811341802907491,3.8536585365853657,0
0,2617,78,400.57142857142856,7,0.0,467,0.964578415007517,5.987179487179487,0
0,2623,72,225.28571428571428,7,0.0,487,1.18052131350172,6.763888888888889,0
0,2645,52,360.5,6,0.0,252,1.1711262554802189,4.846153846153846,0
0,2650,56,423.1666666666667,6,0.0,277,1.1099759758219039,4.946428571428571,0
0,2651,42,357.8333333333333,6,0.0,174,1.239539958559238,4.142857142857143,0
0,2658,78,310.57142857142856,7,0.0,564,1.1649298202660376,7.230769230769231,0
0,2659,18,615.5,4,0.0,32,1.241123023640412,1.7777777777777777,0
0,2668,50,394.6,5,0.0,258,1.2968494474018666,5.16,0
0,2687,55,346.6,5,0.0,265,1.1008556075389027,4.818181818181818,0
0,2689,56,374.0,5,0.0,343,1.3744467859455347,6.125,0
0,2690,55,267.4,5,0.0,272,1.1299348122663455,4.945454545454545,0
0,2710,42,420.4,5,0.0,172,1.2252923728286722,4.095238095238095,0
0,2715,73,393.5,6,0.0,468,1.103595692910507,6.410958904109589,0
0,2719,60,238.14285714285714,7,0.0,354,1.2356931104119855,5.9,0
0,2723,51,367.4,5,0.0,230,1.1112130877749364,4.509803921568627,0
0,2729,88,328.42857142857144,7,0.0,702,1.1391518816219188,7.9772727272727275,0
0,2743,38,295.5,4,0.0,112,0.9746769451580521,2.9473684210526314,0
0,2744,89,308.625,8,0.0,695,1.1025915385657903,7.808988764044944,0
0,2745,62,356.2857142857143,7,0.0,361,1.1801404245014726,5.82258064516129,0
0,2750,85,422.85714285714283,7,0.0,671,1.1670636238387548,7.894117647058824,0
0,2754,85,307.125,8,0.0,665,1.156627883536173,7.823529411764706,0
0,2777,24,367.2,5,0.0,54,1.1780972450961724,2.25,0
0,2783,68,428.0,6,0.0,441,1.1984795503746528,6.485294117647059,0
0,2789,75,365.7142857142857,7,0.0,496,1.10807463550616,6.613333333333333,0
0,2790,72,447.6,5,0.0,197,0.4775414758928929,2.736111111111111,0
0,2792,62,373.8333333333333,6,0.0,346,1.1311041187742648,5.580645161290323,0
0,2793,50,430.14285714285717,7,0.0,258,1.2968494474018666,5.16,0
0,2797,85,348.14285714285717,7,0.0,649,1.1287992427292877,7.635294117647059,0
0,2804,67,275.2857142857143,7,0.0,472,1.321302501665745,7.044776119402985,0
0,2806,82,443.2857142857143,7,0.0,582,1.08769002045762,7.097560975609756,0
0,2807,77,345.7142857142857,7,0.0,516,1.0936493906239388,6.701298701298701,0
0,2809,89,386.0,8,0.0,708,1.1232155529562295,7.955056179775281,0
0,2815,49,491.2,5,0.0,239,1.2508798737325457,4.877551020408164,0
0,2837,104,388.22222222222223,9,0.0,956,1.1107110121419534,9.192307692307692,0
0,2841,8,579.0,4,0.0,10,1.9634954084936207,1.25,0
0,2847,50,630.2,5,0.0,251,1.261663609681661,5.02,0
0,2862,60,369.14285714285717,7,0.0,351,1.2252211349000193,5.85,0
0,2871,65,307.7142857142857,7,0.0,398,1.1837669833171482,6.123076923076923,0
0,2873,103,427.2857142857143,7,0.0,932,1.1039548885458337,9.048543689320388,0
0,2877,41,371.4,5,0.0,158,1.1811341802907491,3.8536585365853657,0
0,2883,60,283.1666666666667,6,0.0,326,1.1379546723003027,5.433333333333334,0
0,2884,51,336.0,6,0.0,260,1.2561539253107976,5.098039215686274,0
0,2886,69,503.1666666666667,6,0.0,441,1.163992741216634,6.391304347826087,0
0,2888,58,410.5,6,0.0,325,1.214051857808184,5.603448275862069,0
0,2889,50,433.1666666666667,6,0.0,243,1.2214512237157116,4.86,0
0,2896,28,497.5,4,0.0,78,1.2502256478571625,2.7857142857142856,0
0,2907,86,245.66666666666666,9,0.0,665,1.1298859462613373,7.732558139534884,0
0,2911,56,182.16666666666666,6,0.0,296,1.1861115120696157,5.285714285714286,0
0,2923,53,335.4,5,0.0,267,1.1944538818205408,5.037735849056604,0
0,2925,38,247.83333333333334,6,0.0,135,1.1748338178244377,3.5526315789473686,0
0,2932,66,480.1666666666667,6,0.0,362,1.044312709457764,5.484848484848484,0
0,2941,28,448.6,5,0.0,89,1.4265395212729164,3.1785714285714284,0
0,2946,56,383.6666666666667,6,0.0,298,1.194125779043059,5.321428571428571,0
0,2953,95,395.77777777777777,9,0.0,875,1.2183461814475651,9.210526315789474,0
0,2960,77,444.8333333333333,6,0.0,520,1.1021272928768375,6.753246753246753,0
0,2961,76,301.7142857142857,7,0.0,521,1.1334970723824669,6.855263157894737,0
0,2970,79,318.57142857142856,7,0.0,578,1.163813846354687,7.3164556962025316,0
0,2971,42,365.6666666666667,6,0.0,177,1.260911337155087,4.214285714285714,0
0,2974,33,550.4,5,0.0,106,1.2231728972654474,3.212121212121212,0
0,2981,61,433.0,5,0.0,360,1.2157735611849778,5.901639344262295,0
0,2984,28,165.4,5,0.0,77,1.2341971139102759,2.75,0
0,2989,54,558.25,4,0.0,286,1.2325041137540205,5.296296296296297,0
0,2992,49,563.25,4,0.0,240,1.2561136807356106,4.8979591836734695,0
0,2998,54,406.5,6,0.0,290,1.2497419335268038,5.37037037037037,0
0,3006,87,283.14285714285717,7,0.0,647,1.074176481370113,7.436781609195402,0
0,3007,51,521.5,6,0.0,244,1.1788521452916718,4.784313725490196,0
0,3020,58,466.6666666666667,6,0.0,295,1.101985532472044,5.086206896551724,0
0,3025,54,385.2,5,0.0,295,1.2712892082427834,5.462962962962963,0
0,3036,45,266.3333333333333,6,0.0,194,1.2038893329311997,4.311111111111111,0
0,3042,69,540.3333333333334,6,0.0,396,1.0452179717047327,5.739130434782608,0
0,3046,36,459.6,5,0.0,139,1.34778203348451,3.861111111111111,0
0,3050,76,329.25,8,0.0,545,1.1857119087302197,7.171052631578948,0
0,3059,53,398.1666666666667,6,0.0,265,1.1855066617319974,5.0,0
0,3066,80,290.0,6,0.0,550,1.0799224746714915,6.875,0
0,3071,101,326.3333333333333,6,0.0,435,0.5358662108858191,4.306930693069307,0
0,3080,78,432.14285714285717,7,0.0,563,1.1628643418613107,7.217948717948718,0
0,3082,53,384.0,6,0.0,274,1.2257691521304426,5.169811320754717,0
0,3083,70,350.42857142857144,7,0.0,418,1.0719883503677825,5.9714285714285715,0
0,3090,49,324.2,5,0.0,200,1.046761400613009,4.081632653061225,0
0,3093,77,415.85714285714283,7,0.0,507,1.0745741105549165,6.584415584415584,0
0,3095,55,252.0,6,0.0,306,1.2711766637996387,5.5636363636363635,0
0,3097,62,396.875,8,0.0,331,1.0820678130470567,5.338709677419355,0
0,3099,61,273.0,7,0.0,349,1.1786249245932146,5.721311475409836,0
0,3100,76,389.42857142857144,7,0.0,558,1.2139949450852525,7.342105263157895,0
0,3110,95,488.3333333333333,6,0.0,363,0.5054396158462471,3.8210526315789473,0
0,3115,51,393.8,5,0.0,279,1.34794978908351,5.470588235294118,0
0,3118,63,406.0,6,0.0,379,1.199963331529888,6.015873015873016,0
0,3119,42,320.4,5,0.0,172,1.2252923728286722,4.095238095238095,0
0,3126,75,347.0,7,0.0,554,1.237647879174219,7.386666666666667,0
0,3128,67,505.5,6,0.0,372,1.0413655309738499,5.552238805970149,0
0,3129,143,355.125,8,0.0,634,0.3896072653676813,4.433566433566433,0
0,3131,66,331.8333333333333,6,0.0,444,1.2808697320421196,6.7272727272727275,0
0,3137,91,334.125,8,0.0,724,1.0986659008327546,7.956043956043956,0
0,3138,58,313.7142857142857,7,0.0,316,1.180431960207342,5.448275862068965,0
0,3141,54,285.8333333333333,6,0.0,275,1.1851001093788658,5.092592592592593,0
0,3150,82,296.375,8,0.0,587,1.097034436440933,7.158536585365853,0
0,3161,20,277.75,4,0.0,48,1.5079644737231006,2.4,0
0,3163,74,396.3333333333333,6,0.0,477,1.094623590768686,6.445945945945946,0
0,3167,45,340.4,5,0.0,128,0.7943187351298637,2.8444444444444446,0
0,3183,86,372.75,8,0.0,697,1.184256397810755,8.104651162790697,0
0,3188,95,449.14285714285717,7,0.0,836,1.1640427516459024,8.8,0
0,3194,56,227.85714285714286,7,0.0,289,1.158061577662564,5.160714285714286,0
0,3203,18,425.5,4,0.0,33,1.279908118129175,1.8333333333333333,0
0,3208,65,290.7142857142857,7,0.0,378,1.12428120526101,5.815384615384615,0
0,3211,69,618.0,6,0.0,458,1.2088632096989078,6.63768115942029,0
0,3214,39,471.5,4,0.0,151,1.2475489564551183,3.871794871794872,0
0,3218,84,401.0,7,0.0,646,1.1504925477432009,7.690476190476191,0
0,3225,51,411.8,5,0.0,239,1.1546953390356947,4.686274509803922,0
0,3230,60,336.0,7,0.0,330,1.1519173063162573,5.5,0
0,3234,59,281.14285714285717,7,0.0,316,1.1407564246301347,5.3559322033898304,0
0,3236,68,385.57142857142856,7,0.0,450,1.2229383167088295,6.617647058823529,0
0,3238,54,411.6666666666667,6,0.0,265,1.142005559946907,4.907407407407407,0
0,3241,45,530.5,6,0.0,193,1.1976837178129978,4.288888888888889,0
0,3245,53,385.0,5,0.0,234,1.0468247503595751,4.415094339622642,0
0,3249,84,371.1666666666667,6,0.0,702,1.2502256478571625,8.357142857142858,0
0,3254,66,455.42857142857144,7,0.0,367,1.0587369181519322,5.5606060606060606,0
0,3256,60,461.14285714285717,7,0.0,332,1.1588986233242349,5.533333333333333,0
0,3259,45,381.6,5,0.0,201,1.2473286387586142,4.466666666666667,0
0,3263,69,312.5,6,0.0,452,1.1930265737639878,6.550724637681159,0
0,3271,76,350.57142857142856,7,0.0,519,1.1291458360201543,6.828947368421052,0
0,3273,26,386.25,4,0.0,61,1.1339476441951324,2.3461538461538463,0
0,3285,20,783.0,4,0.0,47,1.4765485471872029,2.35,0
0,3295,58,286.0,5,0.0,265,0.9899192071359039,4.568965517241379,0
0,3303,63,502.0,5,0.0,352,1.1144778171464924,5.587301587301587,0
0,3309,94,388.0,7,0.0,768,1.0922332086722324,8.170212765957446,0
0,3311,62,283.2857142857143,7,0.0,383,1.2520603395680443,6.17741935483871,0
0,3323,88,400.25,8,0.0,674,1.0937156242352895,7.659090909090909,0
0,3328,45,229.5,6,0.0,205,1.2721510992314224,4.555555555555555,0
0,3350,126,327.14285714285717,7,0.0,542,0.4290106369981526,4.301587301587301,0
0,3358,45,353.1666666666667,6,0.0,183,1.135627566630977,4.066666666666666,0
0,3367,57,489.0,6,0.0,313,1.210610650136787,5.491228070175438,0
0,3368,19,218.2,5,0.0,37,1.287965963244569,1.9473684210526316,0
0,3372,37,441.75,4,0.0,132,1.2116588174546463,3.5675675675675675,0
0,3396,23,396.4,5,0.0,60,1.4252972341428172,2.608695652173913,0
0,3398,23,398.5,4,0.0,46,1.0927278795094932,2.0,0
0,3403,49,201.71428571428572,7,0.0,223,1.167138961683505,4.551020408163265,0
0,3409,68,460.2,5,0.0,407,1.1060797664455415,5.985294117647059,0
0,3422,72,242.83333333333334,6,0.0,360,0.8726646259971648,5.0,0
0,3447,68,433.57142857142856,7,0.0,447,1.2147853945974372,6.573529411764706,0
0,3448,36,360.2,5,0.0,141,1.3671745807288913,3.9166666666666665,0
0,3454,71,269.2857142857143,7,0.0,441,1.0993393058782772,6.211267605633803,0
0,3456,71,313.8333333333333,6,0.0,479,1.194066955817902,6.746478873239437,0
0,3463,66,469.0,6,0.0,415,1.197209321615945,6.287878787878788,0
0,3469,85,323.7142857142857,7,0.0,687,1.1948922646456404,8.08235294117647,0
0,3478,66,360.375,8,0.0,416,1.2000941633547788,6.303030303030303,0
0,3481,51,264.6666666666667,6,0.0,240,1.15952670028689,4.705882352941177,0
0,3487,65,302.0,7,0.0,381,1.1332040719694305,5.861538461538461,0
0,3498,84,361.85714285714283,7,0.0,684,1.2181685799633892,8.142857142857142,0
0,3504,106,381.6666666666667,6,0.0,418,0.46749224962639147,3.943396226415094,0
0,3509,79,345.42857142857144,7,0.0,551,1.1094488396910598,6.974683544303797,0
0,3518,76,437.85714285714283,7,0.0,534,1.1617801087374997,7.026315789473684,0
0,3523,19,551.75,4,0.0,49,1.705684654026591,2.5789473684210527,0
0,3524,78,376.14285714285717,7,0.0,568,1.1731917338849458,7.282051282051282,0
0,3527,34,465.8,5,0.0,105,1.1414090955949077,3.088235294117647,0
0,3530,26,339.5,4,0.0,85,1.5800909796161682,3.269230769230769,0
0,3531,56,411.0,6,0.0,269,1.0779189079281306,4.803571428571429,0
0,3532,72,321.7142857142857,7,0.0,493,1.1950657239350062,6.847222222222222,0
0,3535,7,401.25,4,0.0,9,2.308108888351685,1.2857142857142858,0
0,3545,99,335.1666666666667,6,0.0,394,0.505167842266862,3.9797979797979797,0
0,3547,51,299.3333333333333,6,0.0,240,1.15952670028689,4.705882352941177,0
0,3550,29,424.6,5,0.0,84,1.2551428437647687,2.896551724137931,0
0,3552,25,399.0,5,0.0,68,1.3672211228422781,2.72,0
0,3567,50,306.3333333333333,6,0.0,231,1.1611326447667876,4.62,0
0,3571,33,383.0,4,0.0,131,1.5116570711488078,3.9696969696969697,0
0,3580,58,308.85714285714283,7,0.0,319,1.191638592740956,5.5,0
0,3584,56,325.3333333333333,6,0.0,291,1.1660758446360073,5.196428571428571,0
0,3595,88,419.2857142857143,7,0.0,636,1.0320521320677214,7.2272727272727275,0
0,3596,67,424.5,6,0.0,410,1.14774157983677,6.119402985074627,0
0,3605,70,343.6666666666667,6,0.0,421,1.079682046662288,6.014285714285714,0
0,3614,78,304.625,8,0.0,590,1.2186322587889402,7.564102564102564,0
0,3617,84,351.1666666666667,6,0.0,251,0.4470180022965069,2.988095238095238,0
0,3618,79,399.0,7,0.0,554,1.1154893959870185,7.012658227848101,0
0,3619,74,312.0,6,0.0,495,1.135930141363731,6.6891891891891895,0
0,3631,55,384.0,6,0.0,273,1.134088984370266,4.963636363636364,0
0,3635,69,357.57142857142856,7,0.0,438,1.1560744232491742,6.3478260869565215,0
0,3639,66,298.7142857142857,7,0.0,399,1.1510518537946073,6.045454545454546,0
0,3655,95,415.55555555555554,9,0.0,848,1.1807514992771833,8.926315789473684,0
0,3660,31,446.0,4,0.0,87,1.1376422928712258,2.806451612903226,0
0,3663,81,284.875,8,0.0,625,1.1970708175544098,7.716049382716049,0
0,3676,22,535.75,4,0.0,50,1.2981787824751212,2.272727272727273,0
0,3684,66,395.7142857142857,7,0.0,440,1.269330365086785,6.666666666666667,0
0,3692,97,442.625,8,0.0,708,0.9455829944697943,7.298969072164948,0
0,3694,53,414.8,5,0.0,255,1.1407705612892804,4.811320754716981,0
0,3702,57,407.6666666666667,6,0.0,300,1.1603296966167287,5.2631578947368425,0
0,3713,28,331.0,4,0.0,74,1.1861115120696157,2.642857142857143,0
0,3718,124,304.2857142857143,7,0.0,558,0.4560376432630345,4.5,0
0,3723,51,418.8,5,0.0,271,1.3092988990739467,5.313725490196078,0
0,3725,61,307.1666666666667,6,0.0,359,1.2123964124039082,5.885245901639344,0
0,3726,55,594.6,5,0.0,234,0.9720762723173707,4.254545454545455,0
0,3727,70,352.6666666666667,6,0.0,475,1.2181685799633892,6.785714285714286,0
0,3736,25,467.0,4,0.0,72,1.4476458947741766,2.88,0
0,3742,31,539.5,4,0.0,77,1.0068788109320044,2.4838709677419355,0
0,3744,29,533.0,4,0.0,97,1.449391141014078,3.3448275862068964,0
0,3767,74,283.0,6,0.0,237,0.543869582834756,3.2027027027027026,0
0,3772,14,436.75,4,0.0,24,1.538739258901123,1.7142857142857142,0
0,3774,78,379.0,6,0.0,496,1.0244772887446005,6.358974358974359,0
0,3781,27,548.25,4,0.0,86,1.4824525004593812,3.185185185185185,0
0,3782,57,530.6,5,0.0,327,1.2647593693122343,5.7368421052631575,0
0,3789,59,318.57142857142856,7,0.0,315,1.1371464359445962,5.338983050847458,0
0,3792,89,487.2857142857143,7,0.0,772,1.2247491622630073,8.674157303370787,0
0,3805,70,389.14285714285717,7,0.0,386,0.9899222565597225,5.514285714285714,0
0,3806,102,504.4,5,0.0,422,0.5097086120011122,4.137254901960785,0
0,3809,37,383.6,5,0.0,134,1.2300172843857773,3.6216216216216215,0
0,3817,68,451.5,6,0.0,451,1.225655957412627,6.632352941176471,0
0,3829,55,391.6666666666667,6,0.0,287,1.1922473938251512,5.218181818181818,0
0,3835,60,413.1666666666667,6,0.0,337,1.176351915844178,5.616666666666666,0
0,3839,98,270.57142857142856,7,0.0,361,0.47235108202662024,3.683673469387755,0
0,3847,57,451.5,6,0.0,267,1.0326934299888886,4.684210526315789,0
0,3858,141,354.625,8,0.0,684,0.43234231176609195,4.851063829787234,0
0,3871,74,403.42857142857144,7,0.0,457,1.0487274234408586,6.175675675675675,0
0,3873,29,472.4,5,0.0,84,1.2551428437647687,2.896551724137931,0
0,3879,66,430.4,5,0.0,388,1.1193185946674378,5.878787878787879,0
0,3880,26,275.6,5,0.0,70,1.3012513949780207,2.6923076923076925,0
0,3886,41,315.8,5,0.0,160,1.1960852458640496,3.902439024390244,0
0,3889,48,411.8333333333333,6,0.0,213,1.1617347833587255,4.4375,0
0,3890,117,487.1666666666667,6,0.0,543,0.49846878834078684,4.641025641025641,0
0,3912,67,440.8333333333333,6,0.0,444,1.2429201498720144,6.626865671641791,0
0,3917,55,462.6666666666667,6,0.0,292,1.2130182543447532,5.3090909090909095,0
0,3920,60,350.0,7,0.0,328,1.14493598930828,5.466666666666667,0
0,3936,60,341.2857142857143,7,0.0,316,1.1030480872604163,5.266666666666667,0
0,3951,28,400.2,5,0.0,78,1.2502256478571625,2.7857142857142856,0
0,3963,66,465.3333333333333,6,0.0,423,1.2202880555266138,6.409090909090909,0
0,3964,17,439.5,4,0.0,41,1.7827723016910935,2.411764705882353,0
0,3975,85,307.85714285714283,7,0.0,673,1.1705422039396156,7.91764705882353,0
0,3978,87,401.7142857142857,7,0.0,662,1.0990801092225884,7.609195402298851,0
0,3981,37,304.8,5,0.0,139,1.2759134517136048,3.7567567567567566,0
0,3991,57,486.6,5,0.0,313,1.210610650136787,5.491228070175438,0
0,3992,145,443.55555555555554,9,0.0,776,0.463805165124505,5.3517241379310345,0
0,3995,66,385.6666666666667,6,0.0,380,1.096239860756769,5.757575757575758,0
0,4015,83,414.77777777777777,9,0.0,679,1.2385782620336592,8.180722891566266,0
0,4019,51,331.5,6,0.0,243,1.1740207840404764,4.764705882352941,0
0,4028,74,340.57142857142856,7,0.0,473,1.0854443573031207,6.391891891891892,0
0,4029,68,399.2857142857143,7,0.0,432,1.1740207840404762,6.352941176470588,0
0,4042,91,343.375,8,0.0,663,1.0060987462045805,7.285714285714286,0
0,4056,54,376.6666666666667,6,0.0,269,1.1592433797196904,4.981481481481482,0
0,4061,70,400.6666666666667,6,0.0,434,1.1130213972718124,6.2,0
0,4072,46,420.4,5,0.0,181,1.074911664082708,3.9347826086956523,0
0,4075,30,292.8,5,0.0,82,1.14493598930828,2.7333333333333334,0
0,4090,63,393.8,5,0.0,301,0.953005178866745,4.777777777777778,0
0,4097,33,455.0,5,0.0,114,1.3154878329081228,3.4545454545454546,0
0,4101,55,443.8333333333333,6,0.0,288,1.1964015659290717,5.236363636363636,0
0,4105,65,438.7142857142857,7,0.0,382,1.1361783608722376,5.876923076923077,0
0,4107,65,385.5,6,0.0,400,1.1897155611227619,6.153846153846154,0
0,4108,20,353.0,5,0.0,42,1.3194689145077132,2.1,0
0,4111,69,276.85714285714283,7,0.0,418,1.1032856367994401,6.057971014492754,0
0,4115,46,493.0,5,0.0,217,1.2887062492041306,4.717391304347826,0
0,4117,49,288.3333333333333,6,0.0,239,1.2508798737325457,4.877551020408164,0
0,4131,50,341.2,5,0.0,242,1.216424675469968,4.84,0
0,4132,52,411.8,5,0.0,239,1.1107110121419534,4.596153846153846,0
0,4148,28,379.8,5,0.0,81,1.2983112496978226,2.892857142857143,0
0,4153,22,531.0,4,0.0,46,1.1943244798771113,2.090909090909091,0
0,4157,102,281.57142857142856,7,0.0,377,0.4553557979251642,3.696078431372549,0
0,4158,85,360.42857142857144,7,0.0,643,1.1183635024267056,7.564705882352941,0
0,4173,60,522.6666666666666,6,0.0,362,1.2636183784438946,6.033333333333333,0
0,4186,36,417.4,5,0.0,114,1.105375192929742,3.1666666666666665,0
0,4188,65,342.3333333333333,6,0.0,411,1.2224327390536378,6.323076923076923,0
0,4191,75,392.42857142857144,7,0.0,541,1.2086056004210333,7.213333333333333,0
0,4192,62,490.0,6,0.0,403,1.317442080537655,6.5,0
0,4199,44,223.16666666666666,6,0.0,189,1.2267789494389896,4.295454545454546,0
0,4201,42,447.6,5,0.0,168,1.1967972013675403,4.0,0
0,4204,49,288.8333333333333,6,0.0,243,1.2718151017448058,4.959183673469388,0
0,4205,9,667.6666666666666,3,0.0,12,1.8616845354606182,1.3333333333333333,0
0,4219,25,414.5,4,0.0,64,1.2867963509103792,2.56,0
0,4228,55,380.6,5,0.0,255,1.059313886499699,4.636363636363637,0
0,4237,64,314.0,6,0.0,390,1.1965050145508,6.09375,0
0,4242,68,376.5,6,0.0,419,1.13869145489111,6.161764705882353,0
0,4246,54,288.1666666666667,6,0.0,280,1.206647384094845,5.185185185185185,0
0,4253,71,285.0,7,0.0,488,1.2165024518562342,6.873239436619718,0
0,4256,54,358.2,5,0.0,270,1.1635528346628863,5.0,0
0,4273,48,539.8,5,0.0,221,1.205368014658584,4.604166666666667,0
0,4276,73,397.625,8,0.0,538,1.2686634247560957,7.36986301369863,0
0,4287,46,555.0,4,0.0,211,1.2530738183505603,4.586956521739131,0
0,4300,66,479.8333333333333,6,0.0,384,1.1077792277121035,5.818181818181818,0
0,4302,73,311.0,7,0.0,518,1.2215012156573561,7.095890410958904,0
0,4304,23,552.5,4,0.0,54,1.2827675107285355,2.347826086956522,0
0,4307,71,333.57142857142856,7,0.0,440,1.0968464729851293,6.197183098591549,0
0,4311,30,600.25,4,0.0,83,1.1588986233242349,2.7666666666666666,0
0,4329,97,323.55555555555554,9,0.0,775,1.0350661309521052,7.989690721649485,0
0,4332,68,309.7142857142857,7,0.0,461,1.252832364450601,6.779411764705882,0
0,4335,62,302.625,8,0.0,363,1.1866785985984338,5.854838709677419,0
0,4346,14,384.4,5,0.0,24,1.538739258901123,1.7142857142857142,0
0,4350,67,367.57142857142856,7,0.0,418,1.1701365374921218,6.2388059701492535,0
0,4352,156,467.875,8,0.0,831,0.4291031385820378,5.326923076923077,0
0,4353,68,410.1666666666667,6,0.0,421,1.1441267362987049,6.1911764705882355,0
0,4354,49,477.8,5,0.0,239,1.2508798737325457,4.877551020408164,0
0,4361,30,302.6,5,0.0,96,1.340412865531645,3.2,0
0,4362,79,348.0,7,0.0,603,1.2141518154876751,7.632911392405063,0
0,4370,39,415.0,6,0.0,162,1.3384300062631072,4.153846153846154,0
0,4371,41,358.4,5,0.0,148,1.106378852424246,3.6097560975609757,0
0,4372,69,305.57142857142856,7,0.0,418,1.1032856367994401,6.057971014492754,0
0,4376,48,568.8,5,0.0,193,1.05265170510908,4.020833333333333,0
0,4394,37,352.8,5,0.0,151,1.3860642533003908,4.081081081081081,0
0,4399,76,463.3333333333333,6,0.0,495,1.0769309996724015,6.5131578947368425,0
0,4405,83,311.5,8,0.0,595,1.0853520852872272,7.168674698795181,0
0,4418,48,369.4,5,0.0,209,1.1399181677087966,4.354166666666667,0
0,4435,50,386.0,5,0.0,232,1.1661591930125312,4.64,0
0,4444,42,459.4,5,0.0,160,1.1398068584452765,3.8095238095238093,0
0,4446,29,348.5,4,0.0,80,1.1953741369188273,2.7586206896551726,0
0,4447,21,311.2,5,0.0,46,1.310777887212068,2.1904761904761907,0
0,4448,35,515.8,5,0.0,124,1.2720244540249284,3.5428571428571427,0
0,4450,38,358.6,5,0.0,137,1.1922387632736888,3.6052631578947367,0
0,4454,57,332.6,5,0.0,304,1.175800759238285,5.333333333333333,0
0,4457,79,351.875,8,0.0,591,1.1899895903038409,7.481012658227848,0
0,4458,38,382.4,5,0.0,154,1.3401807995923218,4.052631578947368,0
0,4473,77,478.3333333333333,6,0.0,501,1.0618572571755684,6.5064935064935066,0
0,4477,82,304.85714285714283,7,0.0,604,1.128805450784197,7.365853658536586,0
0,4488,45,344.0,5,0.0,197,1.2225061782858058,4.377777777777778,0
0,4490,93,330.8333333333333,6,0.0,710,1.0315785797427461,7.634408602150538,0
0,4492,78,437.7142857142857,7,0.0,584,1.206239388360578,7.487179487179487,0
0,4501,89,465.85714285714283,7,0.0,657,1.042305958039891,7.382022471910112,0
0,4503,39,448.2,5,0.0,166,1.3714776607387396,4.256410256410256,0
0,4504,49,186.16666666666666,6,0.0,231,1.2090094177080255,4.714285714285714,0
0,4521,53,535.8,5,0.0,304,1.359977453458593,5.735849056603773,0
0,4522,74,407.85714285714283,7,0.0,471,1.080854740570338,6.364864864864865,0
0,4539,83,313.57142857142856,7,0.0,607,1.107241539108146,7.313253012048193,0
0,4544,58,392.5,6,0.0,305,1.1393409742507574,5.258620689655173,0
0,4545,77,434.0,7,0.0,606,1.2844021913141606,7.87012987012987,0
0,4553,48,391.4,5,0.0,206,1.1235557059713495,4.291666666666667,0
0,4561,34,494.6,5,0.0,110,1.1957619096708556,3.235294117647059,0
0,4563,49,382.8333333333333,6,0.0,214,1.1200346986559195,4.36734693877551,0
0,4565,41,251.4,5,0.0,158,1.1811341802907491,3.8536585365853657,0
0,4570,24,401.4,5,0.0,60,1.308996938995747,2.5,0
0,4572,34,441.0,5,0.0,115,1.2501147237468035,3.3823529411764706,0
0,4591,80,319.125,8,0.0,624,1.2252211349000193,7.8,0
0,4593,21,506.0,4,0.0,47,1.3392730586731998,2.238095238095238,0
0,4596,71,267.75,8,0.0,468,1.1666457939932737,6.591549295774648,0
0,4608,39,380.8,5,0.0,157,1.2971204381685668,4.0256410256410255,0
0,4611,67,364.3333333333333,6,0.0,377,1.0553623795084446,5.626865671641791,0
0,4615,63,420.2,5,0.0,383,1.2126278521792802,6.079365079365079,0
0,4622,59,399.5,6,0.0,297,1.072166639604905,5.033898305084746,0
0,4630,56,286.5,6,0.0,299,1.1981329125297808,5.339285714285714,0
0,4640,60,338.6666666666667,6,0.0,333,1.1623892818282233,5.55,0
0,4644,30,583.75,4,0.0,79,1.1030480872604163,2.6333333333333333,0
0,4647,80,395.14285714285717,7,0.0,590,1.1584622910112363,7.375,0
0,4660,28,429.25,4,0.0,76,1.218168579963389,2.7142857142857144,0
0,4663,97,352.0,8,0.0,870,1.161945205068815,8.969072164948454,0
0,4667,56,436.6666666666667,6,0.0,327,1.3103326501579877,5.839285714285714,0
0,4671,43,288.6666666666667,6,0.0,173,1.1757610147561584,4.023255813953488,0
0,4680,60,376.14285714285717,7,0.0,354,1.2356931104119855,5.9,0
0,4681,67,465.2857142857143,7,0.0,424,1.1869327557336353,6.3283582089552235,0
0,4690,67,428.5,6,0.0,371,1.038566161266931,5.537313432835821,0
0,4696,63,258.7142857142857,7,0.0,346,1.0954810361724046,5.492063492063492,0
0,4703,92,409.55555555555554,9,0.0,692,1.0274017562779474,7.521739130434782,0
0,4714,71,347.14285714285717,7,0.0,482,1.201545454497346,6.788732394366197,0
0,4716,42,467.25,4,0.0,149,1.0614451369271636,3.5476190476190474,0
0,4720,39,393.0,5,0.0,146,1.206239388360578,3.7435897435897436,0
0,4731,84,369.2857142857143,7,0.0,632,1.1255592727147106,7.523809523809524,0
0,4734,61,388.6666666666667,6,0.0,310,1.0469161221315086,5.081967213114754,0
0,4740,50,495.6,5,0.0,225,1.1309733552923256,4.5,0
0,4745,55,409.8333333333333,6,0.0,290,1.2047099101369123,5.2727272727272725,0
0,4753,49,260.3333333333333,6,0.0,248,1.297984136760131,5.061224489795919,0
0,4760,37,350.0,5,0.0,130,1.1933003505235151,3.5135135135135136,0
0,4761,66,385.1666666666667,6,0.0,436,1.2577909981314506,6.606060606060606,0
0,4773,96,312.125,8,0.0,836,1.1399181677087966,8.708333333333334,0
0,4776,70,409.0,6,0.0,500,1.2822827157509358,7.142857142857143,0
0,4777,65,231.57142857142858,7,0.0,385,1.1451012275806585,5.923076923076923,0
0,4779,82,374.0,6,0.0,612,1.1437565163574976,7.463414634146342,0
0,4780,56,434.0,5,0.0,291,1.1660758446360073,5.196428571428571,0
0,4781,67,268.42857142857144,7,0.0,407,1.1393434707160133,6.074626865671642,0
0,4784,60,438.0,6,0.0,342,1.1938052083641213,5.7,0
0,4791,65,384.14285714285717,7,0.0,423,1.2581242058873205,6.507692307692308,0
0,4792,69,274.0,7,0.0,422,1.1138433940893868,6.115942028985507,0
0,4794,14,467.0,3,0.0,22,1.4105109873260293,1.5714285714285714,0
0,4795,82,361.42857142857144,7,0.0,569,1.0633945389010067,6.939024390243903,0
0,4796,64,479.0,6,0.0,380,1.1658253987930873,5.9375,0
0,4809,101,344.125,8,0.0,932,1.1481087552772031,9.227722772277227,0
0,4812,64,306.57142857142856,7,0.0,350,1.0737865515199487,5.46875,0
0,4813,66,505.0,6,0.0,413,1.191439638138278,6.257575757575758,0
0,4819,29,304.4,5,0.0,83,1.2402006670532835,2.8620689655172415,0
0,4820,24,466.75,4,0.0,57,1.2435470920459597,2.375,0
0,4825,49,359.2,5,0.0,271,1.418361697830627,5.530612244897959,0
0,4828,59,431.8333333333333,6,0.0,315,1.1371464359445962,5.338983050847458,0
0,4831,38,230.0,5,0.0,146,1.270561017795318,3.8421052631578947,0
0,4838,49,420.4,5,0.0,250,1.3084517507662612,5.1020408163265305,0
0,4839,44,416.6,5,0.0,201,1.3046696763874968,4.568181818181818,0
0,4843,87,283.0,7,0.0,715,1.187072927634669,8.218390804597702,0
0,4849,56,476.8,5,0.0,322,1.2902969827243793,5.75,0
0,4851,70,299.42857142857144,7,0.0,490,1.2566370614359172,7.0,0
0,4858,85,326.875,8,0.0,689,1.198370844746501,8.105882352941176,0
0,4859,63,348.1666666666667,6,0.0,365,1.1556375092570164,5.7936507936507935,0
0,4867,45,368.5,6,0.0,200,1.241123023640412,4.444444444444445,0
0,4875,75,351.5,6,0.0,481,1.0745643138678689,6.413333333333333,0
0,4894,23,530.25,4,0.0,58,1.3777873263380567,2.5217391304347827,0
0,4901,80,365.0,6,0.0,521,1.0229811078251765,6.5125,0
0,4904,81,260.77777777777777,9,0.0,595,1.139611418311798,7.345679012345679,0
0,4916,65,480.0,5,0.0,370,1.1004868940385546,5.6923076923076925,0
0,4918,53,279.3333333333333,6,0.0,252,1.1273497311564655,4.754716981132075,0
0,4920,72,208.75,8,0.0,473,1.1465843558240527,6.569444444444445,0
0,4925,82,316.6666666666667,6,0.0,488,0.912014999971338,5.951219512195122,0
0,4929,14,563.3333333333334,3,0.0,21,1.3463968515384828,1.5,0
0,4940,64,312.85714285714283,7,0.0,355,1.0891263593988052,5.546875,0
0,4943,115,364.25,8,0.0,508,0.48270066329636746,4.417391304347826,0
0,4954,32,447.5,4,0.0,106,1.3008157081270237,3.3125,0
0,4966,42,265.1666666666667,6,0.0,171,1.2181685799633892,4.071428571428571,0
0,4969,43,449.0,5,0.0,154,1.0466311923262912,3.5813953488372094,0
0,4977,86,428.7142857142857,7,0.0,612,1.039834885882614,7.116279069767442,0
0,4979,70,489.8333333333333,6,0.0,444,1.1386670515868311,6.3428571428571425,0
0,4981,61,347.6666666666667,6,0.0,307,1.0367846757883004,5.032786885245901,0
0,4983,59,279.3333333333333,6,0.0,281,1.0144068206362906,4.762711864406779,0
0,4992,63,260.7142857142857,7,0.0,347,1.0986471663347526,5.507936507936508,0
0,4999,36,349.0,5,0.0,144,1.3962634015954636,4.0,0
10000,27,34,1416.2,5,0.0,117,1.2718558493771828,3.4411764705882355,0
10000,45,146,899.1428571428571,7,0.0,1806,1.064686870404047,12.36986301369863,0
10000,51,76,1039.2,5,0.0,526,1.1443751632882488,6.921052631578948,0
10000,133,58,1081.0,5,0.0,306,1.1430765184286287,5.275862068965517,0
10000,138,75,875.8333333333334,6,0.0,511,1.141584957144451,6.8133333333333335,0
10000,162,104,781.3333333333334,6,0.0,1020,1.1850682347121262,9.807692307692308,0
10000,165,110,649.1428571428571,7,0.0,1009,1.047889913213918,9.172727272727272,0
10000,196,79,836.6666666666666,6,0.0,541,1.0893136520378646,6.848101265822785,0
10000,224,92,993.6666666666666,6,0.0,757,1.1239062565063673,8.228260869565217,0
10000,262,115,1046.5714285714287,7,0.0,1109,1.0537697551095895,9.643478260869566,0
10000,277,163,952.25,8,0.0,2065,0.9766854348545934,12.668711656441717,0
10000,308,127,913.4285714285714,7,0.0,1405,1.0946587335342948,11.062992125984252,0
10000,319,76,957.0,5,0.0,526,1.1443751632882488,6.921052631578948,0
10000,336,111,929.7142857142857,7,0.0,1045,1.0658109968351055,9.414414414414415,0
10000,349,112,950.1428571428571,7,0.0,1124,1.1260045097687905,10.035714285714286,0
10000,358,33,964.0,4,0.0,108,1.2462516311761163,3.272727272727273,0
10000,370,123,578.5714285714286,7,0.0,1184,0.983447868821552,9.626016260162602,0
10000,374,109,886.2857142857143,7,0.0,1015,1.073551567509011,9.311926605504587,0
10000,392,55,782.2,5,0.0,269,1.1174722959545842,4.890909090909091,0
10000,395,91,897.8333333333334,6,0.0,765,1.160883168697593,8.406593406593407,0
10000,432,111,1259.6,5,0.0,987,1.0066559367236834,8.891891891891891,0
10000,485,82,504.2,5,0.0,589,1.1007722028342584,7.182926829268292,0
10000,491,95,846.1666666666666,6,0.0,801,1.1153089043879998,8.43157894736842,0
10000,500,64,732.4,5,0.0,394,1.2087768608538851,6.15625,0
10000,504,124,969.2857142857143,7,0.0,1385,1.131921390536385,11.169354838709678,0
10000,534,70,897.0,5,0.0,423,1.0848111775252918,6.042857142857143,0
10000,547,107,1041.1666666666667,6,0.0,963,1.056984444198435,9.0,0
10000,550,71,1616.25,4,0.0,409,1.0195686532975405,5.76056338028169,0
10000,552,134,765.4285714285714,7,0.0,1600,1.1197478827675806,11.940298507462687,0
10000,554,80,639.0,5,0.0,336,0.6597344572538566,4.2,0
10000,563,153,945.5555555555555,9,0.0,1882,1.010291319416633,12.300653594771243,0
10000,582,97,850.6666666666666,6,0.0,855,1.1419116670503873,8.814432989690722,0
10000,632,40,1268.6,5,0.0,160,1.2566370614359172,4.0,0
10000,634,35,761.0,4,0.0,121,1.2412496688469061,3.4571428571428573,0
10000,662,82,945.8333333333334,6,0.0,649,1.212905194634013,7.914634146341464,0
10000,678,165,1438.8333333333333,6,0.0,917,0.4232639799216662,5.557575757575758,0
10000,697,61,1919.5,4,0.0,389,1.3137108758359899,6.377049180327869,0
10000,717,160,1114.5714285714287,7,0.0,2212,1.0858129608969722,13.825,0
10000,773,42,947.2,5,0.0,167,1.1896734085022573,3.9761904761904763,0
10000,775,140,1050.375,8,0.0,1618,1.0373667170425072,11.557142857142857,0
10000,806,66,1027.6,5,0.0,393,1.1337428033616057,5.954545454545454,0
10000,819,20,815.0,4,0.0,41,1.288052987971815,2.05,0
10000,840,32,1133.5,4,0.0,88,1.0799224746714913,2.75,0
10000,877,130,976.25,8,0.0,1507,1.1205633441325014,11.592307692307692,0
10000,879,94,1134.6,5,0.0,718,1.021124275815967,7.638297872340425,0
10000,897,65,1099.2,5,0.0,427,1.2700213614985485,6.569230769230769,0
10000,899,54,571.6,5,0.0,255,1.0989110105149482,4.722222222222222,0
10000,903,206,837.1428571428571,7,0.0,1474,0.43648860131881945,7.155339805825243,0
10000,930,66,1084.0,5,0.0,403,1.1625912207499418,6.106060606060606,0
10000,943,95,1184.8333333333333,6,0.0,759,1.0568282876785167,7.989473684210527,0
10000,948,88,1041.8333333333333,6,0.0,602,0.9768795338125286,6.840909090909091,0
10000,959,42,950.6,5,0.0,159,1.1326830655799935,3.7857142857142856,0
10000,962,85,779.5714285714286,7,0.0,636,1.1061884720736932,7.482352941176471,0
10000,969,170,876.5555555555555,9,0.0,2531,1.1005357794097947,14.888235294117647,0
10000,973,94,933.0,6,0.0,794,1.1292098537574902,8.446808510638299,0
10000,1121,85,878.8333333333334,6,0.0,517,0.8992129560724834,6.08235294117647,0
10000,1129,77,822.1666666666666,6,0.0,565,1.1975036932219485,7.337662337662338,0
10000,1133,103,1169.5714285714287,7,0.0,848,1.0044568084623036,8.233009708737864,0
10000,1138,73,1246.75,4,0.0,425,1.002196943348217,5.821917808219178,0
10000,1219,96,942.0,6,0.0,826,1.1262827829275908,8.604166666666666,0
10000,1245,132,929.0,7,0.0,1532,1.1048943859732696,11.606060606060606,0
10000,1248,62,940.4,5,0.0,367,1.199754946792356,5.919354838709677,0
10000,1266,180,1083.7142857142858,7,0.0,1569,0.6085381325286896,8.716666666666667,0
10000,1268,140,1428.5,6,0.0,1570,1.0065919318644847,11.214285714285714,0
10000,1277,98,981.3333333333334,6,0.0,896,1.17237276868657,9.142857142857142,0
10000,1304,108,721.7142857142857,7,0.0,1055,1.136618741267912,9.768518518518519,0
10000,1339,108,688.8571428571429,7,0.0,1117,1.2034152928874482,10.342592592592593,0
10000,1364,66,1097.0,4,0.0,225,0.6490893912375606,3.409090909090909,0
10000,1371,90,708.3333333333334,6,0.0,685,1.0627115889921028,7.611111111111111,0
10000,1400,46,1042.0,6,0.0,189,1.1224215718874686,4.108695652173913,0
10000,1407,115,871.1428571428571,7,0.0,1256,1.1934488840555857,10.921739130434782,0
10000,1429,95,979.2857142857143,7,0.0,804,1.11948609129582,8.463157894736842,0
10000,1470,54,711.5,6,0.0,285,1.2281946588108246,5.277777777777778,0
10000,1537,61,1484.75,4,0.0,384,1.296825131930643,6.295081967213115,0
10000,1545,80,1362.4,5,0.0,582,1.1427543277432872,7.275,0
10000,1582,136,606.0,6,0.0,697,0.4735488926366968,5.125,0
10000,1616,130,1131.2857142857142,7,0.0,1381,1.0268732436940837,10.623076923076923,0
10000,1622,102,1239.4,5,0.0,1010,1.2199187159268323,9.901960784313726,0
10000,1647,66,950.3333333333334,6,0.0,419,1.2087486885712795,6.348484848484849,0
10000,1711,121,1318.5714285714287,7,0.0,1248,1.0711584267960008,10.314049586776859,0
10000,1733,208,826.2857142857143,7,0.0,1688,0.4902929363220757,8.115384615384615,0
10000,1758,56,1247.4,5,0.0,270,1.0819260414148522,4.821428571428571,0
10000,1803,103,896.1666666666666,6,0.0,991,1.1738404447949797,9.62135922330097,0
10000,1806,77,1089.6,5,0.0,565,1.1975036932219485,7.337662337662338,0
10000,1829,58,1017.4,5,0.0,200,0.7471088355742671,3.4482758620689653,0
10000,1839,141,1110.857142857143,7,0.0,1694,1.070742508964561,12.01418439716312,0
10000,1842,115,992.5,6,0.0,1152,1.0946282758216836,10.017391304347827,0
10000,1852,69,940.8,5,0.0,475,1.2537336781811819,6.884057971014493,0
10000,1868,61,742.4,5,0.0,366,1.236036453871394,6.0,0
10000,1869,58,987.0,5,0.0,335,1.2514072995868972,5.775862068965517,0
10000,1882,76,1035.0,5,0.0,509,1.1073896542085904,6.697368421052632,0
10000,1904,75,579.1666666666666,6,0.0,507,1.13264887137424,6.76,0
10000,1907,54,1096.8,5,0.0,276,1.1894095643220617,5.111111111111111,0
10000,1952,126,913.5714285714286,7,0.0,1459,1.1548459767164294,11.579365079365079,0
10000,1963,71,829.6,5,0.0,434,1.081889475626241,6.112676056338028,0
10000,1972,114,627.8571428571429,7,0.0,1085,1.0491314340242923,9.517543859649123,0
10000,2010,127,926.875,8,0.0,1385,1.0790764028078277,10.905511811023622,0
10000,2076,91,1428.0,5,0.0,716,1.0865259461274204,7.868131868131868,0
10000,2084,119,870.6666666666666,6,0.0,1179,1.046236208906819,9.907563025210084,0
10000,2087,103,742.7142857142857,7,0.0,893,1.0577593513641945,8.669902912621358,0
10000,2090,195,908.6666666666666,6,0.0,1225,0.40483376732649534,6.282051282051282,0
10000,2097,117,913.2,5,0.0,492,0.45165127783364106,4.205128205128205,0
10000,2119,131,781.375,8,0.0,1399,1.0244363667320369,10.679389312977099,0
10000,2134,84,711.1666666666666,6,0.0,561,0.9991119493559376,6.678571428571429,0
10000,2142,148,1631.8333333333333,6,0.0,1823,1.0458589129828695,12.317567567567568,0
10000,2147,142,660.5,8,0.0,1698,1.0582075631413348,11.95774647887324,0
10000,2169,91,927.6666666666666,6,0.0,738,1.1199108215670897,8.10989010989011,0
10000,2170,117,1115.3333333333333,6,0.0,1343,1.232861110021504,11.478632478632479,0
10000,2175,154,1153.125,8,0.0,1926,1.020527483692687,12.506493506493506,0
10000,2198,135,925.625,8,0.0,1734,1.1956151794402636,12.844444444444445,0
10000,2234,99,903.3333333333334,6,0.0,834,1.069314671194322,8.424242424242424,0
10000,2241,75,1684.75,4,0.0,494,1.1036065926210543,6.586666666666667,0
10000,2266,112,1197.6666666666667,6,0.0,998,0.9997798049370579,8.910714285714286,0
10000,2270,135,744.75,8,0.0,1603,1.1052890038308782,11.874074074074073,0
10000,2278,86,968.6666666666666,6,0.0,643,1.0925062608211125,7.476744186046512,0
10000,2281,249,1047.125,8,0.0,2085,0.422588066820517,8.373493975903614,0
10000,2301,110,809.6666666666666,6,0.0,557,0.578468465470914,5.0636363636363635,0
10000,2320,122,764.375,8,0.0,1240,1.0469161221315086,10.163934426229508,0
10000,2331,39,787.6,5,0.0,157,1.2971204381685668,4.0256410256410255,0
10000,2332,42,1028.8,5,0.0,187,1.332149265807917,4.4523809523809526,0
10000,2335,95,1596.2,5,0.0,874,1.216953785811625,9.2,0
10000,2352,75,791.2,5,0.0,541,1.2086056004210333,7.213333333333333,0
10000,2357,71,731.2,5,0.0,438,1.0918608071988332,6.169014084507042,0
10000,2380,122,925.75,8,0.0,1357,1.1456977239777881,11.12295081967213,0
10000,2389,33,855.25,4,0.0,108,1.2462516311761163,3.272727272727273,0
10000,2403,159,1365.857142857143,7,0.0,1931,0.9598378883876256,12.144654088050315,0
10000,2419,93,909.8,5,0.0,735,1.0679017691703077,7.903225806451613,0
10000,2438,57,897.0,6,0.0,308,1.1912718218598415,5.4035087719298245,0
10000,2439,177,834.1111111111111,9,0.0,2595,1.0408800709969055,14.661016949152541,0
10000,2483,43,918.6,5,0.0,155,1.0534274987699686,3.604651162790698,0
10000,2495,86,1022.1666666666666,6,0.0,659,1.1196914865958214,7.662790697674419,0
10000,2521,95,588.6666666666666,6,0.0,826,1.1501187952865015,8.694736842105263,0
10000,2529,83,1002.0,5,0.0,603,1.099945054501173,7.265060240963855,0
10000,2541,41,1051.8,5,0.0,172,1.2857916393038533,4.195121951219512,0
10000,2576,251,900.375,8,0.0,1756,0.3502570879639165,6.99601593625498,0
10000,2579,52,973.8,5,0.0,239,1.1107110121419534,4.596153846153846,0
10000,2582,43,936.8,5,0.0,175,1.1893536276435126,4.069767441860465,0
10000,2585,123,1165.375,8,0.0,1253,1.0407602868525379,10.1869918699187,0
10000,2602,239,930.375,8,0.0,1682,0.37003265652478295,7.03765690376569,0
10000,2617,91,741.8,5,0.0,463,0.7025998785712229,5.087912087912088,0
10000,2623,121,892.1666666666666,6,0.0,1304,1.1192232279983854,10.776859504132231,0
10000,2658,99,883.8333333333334,6,0.0,835,1.0705968230782479,8.434343434343434,0
10000,2690,57,804.5,6,0.0,275,1.0636355552320014,4.824561403508772,0
10000,2715,74,1517.75,4,0.0,447,1.0257793397769448,6.04054054054054,0
10000,2719,105,1126.6,5,0.0,896,1.0212669451669676,8.533333333333333,0
10000,2729,117,862.8333333333334,6,0.0,1152,1.0575249432202327,9.846153846153847,0
10000,2744,141,835.7777777777778,9,0.0,1568,0.9911005041655441,11.120567375886525,0
10000,2750,123,634.75,8,0.0,1367,1.135450368816775,11.113821138211382,0
10000,2754,146,966.1428571428571,7,0.0,1539,0.9072829975370035,10.54109589041096,0
10000,2783,30,874.25,4,0.0,84,1.1728612573401895,2.8,0
10000,2789,74,1030.4,5,0.0,482,1.106097632600643,6.513513513513513,0
10000,2797,161,561.0,8,0.0,1518,0.7359187759961894,9.428571428571429,0
10000,2804,109,747.25,8,0.0,1077,1.1391281164603002,9.880733944954128,0
10000,2806,112,1155.0,6,0.0,1161,1.163070494520966,10.366071428571429,0
10000,2807,87,942.2,5,0.0,637,1.0575740628017958,7.32183908045977,0
10000,2809,92,1020.3333333333334,6,0.0,765,1.1357837334575576,8.315217391304348,0
10000,2837,125,1099.1666666666667,6,0.0,1321,1.0624112372203818,10.568,0
10000,2862,51,695.6,5,0.0,227,1.0967190040213504,4.450980392156863,0
10000,2871,72,656.1666666666666,6,0.0,488,1.1829453819072677,6.777777777777778,0
10000,2873,152,963.8888888888889,9,0.0,2050,1.1150043178426376,13.486842105263158,0
10000,2883,43,862.8,5,0.0,160,1.0874090309883546,3.7209302325581395,0
10000,2886,40,1529.75,4,0.0,149,1.170243263462198,3.725,0
10000,2888,57,916.8,5,0.0,294,1.1371231026843942,5.157894736842105,0
10000,2907,138,894.4285714285714,7,0.0,1695,1.1184624129037386,12.282608695652174,0
10000,2911,71,791.5,6,0.0,417,1.0395113164427245,5.873239436619718,0
10000,2953,160,927.5,8,0.0,2186,1.0730502407417637,13.6625,0
10000,2960,61,953.2,5,0.0,326,1.1009505026286186,5.344262295081967,0
10000,2961,74,1124.8,5,0.0,548,1.2575549847824739,7.405405405405405,0
10000,2970,123,909.7142857142857,7,0.0,1408,1.1695055737337374,11.447154471544716,0
10000,3006,130,827.1428571428571,7,0.0,1434,1.0662825716562754,11.03076923076923,0
10000,3050,125,877.4285714285714,7,0.0,1319,1.060802741781744,10.552,0
10000,3066,79,982.6,5,0.0,565,1.137638102405533,7.151898734177215,0
10000,3071,103,1296.0,5,0.0,418,0.49512139851089965,4.058252427184466,0
10000,3080,93,900.6666666666666,6,0.0,778,1.1303776549857136,8.365591397849462,0
10000,3083,45,1397.5,4,0.0,219,1.3590297108862512,4.866666666666666,0
10000,3093,79,1388.25,4,0.0,524,1.0550838330274326,6.632911392405063,0
10000,3095,44,1171.6,5,0.0,182,1.1813426920523602,4.136363636363637,0
10000,3099,117,946.8571428571429,7,0.0,1230,1.1291281945841027,10.512820512820513,0
10000,3100,115,869.1428571428571,7,0.0,1169,1.1107816444753023,10.165217391304347,0
10000,3118,40,1243.25,4,0.0,147,1.154535300194249,3.675,0
10000,3129,208,542.1428571428571,7,0.0,1412,0.41012655573860834,6.788461538461538,0
10000,3131,92,868.0,6,0.0,780,1.158054002741039,8.478260869565217,0
10000,3137,140,821.7142857142857,7,0.0,1828,1.1720064021963554,13.057142857142857,0
10000,3150,136,1168.4285714285713,7,0.0,1470,0.9987329586455441,10.808823529411764,0
10000,3163,66,998.6,5,0.0,437,1.2606758398702842,6.621212121212121,0
10000,3183,101,888.2,5,0.0,888,1.0939061960151892,8.792079207920793,0
10000,3188,103,968.8333333333334,6,0.0,967,1.145412421913971,9.388349514563107,0
10000,3208,81,797.0,6,0.0,492,0.9423341475788314,6.074074074074074,0
10000,3211,56,1313.75,4,0.0,280,1.121997376282069,5.0,0
10000,3218,108,874.0,7,0.0,1050,1.1312319225889174,9.722222222222221,0
10000,3230,33,1109.6,5,0.0,102,1.1770154294441098,3.090909090909091,0
10000,3234,96,1186.0,5,0.0,735,1.002200781418619,7.65625,0
10000,3236,97,619.0,7,0.0,798,1.0657842225803613,8.22680412371134,0
10000,3249,83,662.8,5,0.0,699,1.275060685068524,8.421686746987952,0
10000,3254,60,1250.75,4,0.0,400,1.3962634015954636,6.666666666666667,0
10000,3263,113,710.625,8,0.0,1117,1.099274491051703,9.88495575221239,0
10000,3271,49,1002.0,4,0.0,223,1.167138961683505,4.551020408163265,0
10000,3309,114,777.7142857142857,7,0.0,1160,1.1216520400628378,10.175438596491228,0
10000,3311,112,783.75,8,0.0,1101,1.102963492220141,9.830357142857142,0
10000,3323,122,880.875,8,0.0,1300,1.0975733538475492,10.655737704918034,0
10000,3350,174,762.5,8,0.0,1082,0.4490954222729761,6.218390804597701,0
10000,3403,54,635.0,5,0.0,264,1.137696105003711,4.888888888888889,0
10000,3422,157,868.6666666666666,6,0.0,910,0.46392945998080437,5.796178343949045,0
10000,3447,78,1145.0,4,0.0,476,0.9831677206500601,6.102564102564102,0
10000,3454,109,768.8571428571429,7,0.0,1063,1.12432050863259,9.752293577981652,0
10000,3456,68,1008.0,5,0.0,438,1.1903266282632607,6.4411764705882355,0
10000,3469,121,848.4285714285714,7,0.0,1312,1.1260896281701545,10.84297520661157,0
10000,3478,99,725.1666666666666,6,0.0,844,1.0821361900335824,8.525252525252526,0
10000,3487,28,1233.3333333333333,3,0.0,81,1.2983112496978226,2.892857142857143,0
10000,3498,102,893.8333333333334,6,0.0,866,1.045989710883799,8.490196078431373,0
10000,3504,47,933.0,5,0.0,191,1.086544494043731,4.0638297872340425,0
10000,3509,80,1078.6666666666667,6,0.0,630,1.2370021073509812,7.875,0
10000,3518,76,1024.2,5,0.0,517,1.1247945996578415,6.802631578947368,0
10000,3524,106,1154.5714285714287,7,0.0,891,0.9964966373615186,8.40566037735849,0
10000,3532,115,1054.142857142857,7,0.0,1120,1.0642219348266369,9.73913043478261,0
10000,3545,128,669.1666666666666,6,0.0,559,0.4287476302140367,4.3671875,0
10000,3580,81,781.8333333333334,6,0.0,543,1.0400151262912714,6.703703703703703,0
10000,3595,86,896.6,5,0.0,611,1.0381358092716948,7.104651162790698,0
10000,3605,160,966.75,8,0.0,1171,0.5748132808365074,7.31875,0
10000,3614,127,742.5714285714286,7,0.0,1460,1.1375101430320784,11.496062992125983,0
10000,3618,96,961.8333333333334,6,0.0,854,1.1644618603149668,8.895833333333334,0
10000,3619,99,467.6666666666667,6,0.0,774,0.9923855581587593,7.818181818181818,0
10000,3635,125,1057.2857142857142,7,0.0,1331,1.0704537144135717,10.648,0
10000,3639,102,828.4,5,0.0,770,0.93003704085511,7.549019607843137,0
10000,3655,116,909.8333333333334,6,0.0,1223,1.1421426323841608,10.543103448275861,0
10000,3663,123,864.0,7,0.0,1276,1.0598644261961996,10.373983739837398,0
10000,3684,72,772.0,5,0.0,441,1.0690141668465267,6.125,0
10000,3692,98,711.0,6,0.0,877,1.1475121854220112,8.948979591836734,0
10000,3718,133,928.6666666666666,6,0.0,640,0.45465979949063656,4.81203007518797,0
10000,3727,67,909.8333333333334,6,0.0,398,1.1141491433537427,5.940298507462686,0
10000,3774,75,1315.75,4,0.0,429,0.9583951988551263,5.72,0
10000,3789,52,802.8,5,0.0,249,1.1571842762483113,4.788461538461538,0
10000,3792,127,1106.5714285714287,7,0.0,1432,1.1156948800150248,11.275590551181102,0
10000,3805,74,910.6,5,0.0,474,1.087739165669512,6.405405405405405,0
10000,3817,74,920.3333333333334,6,0.0,487,1.1175716744325999,6.581081081081081,0
10000,3839,141,941.4,5,0.0,632,0.39947418280141833,4.4822695035460995,0
10000,3858,167,780.7142857142857,7,0.0,1016,0.45779456216389686,6.083832335329341,0
10000,3912,32,1430.25,4,0.0,117,1.4358060174609601,3.65625,0
10000,3963,74,698.2,5,0.0,452,1.0372533816089018,6.108108108108108,0
10000,3975,88,1324.25,4,0.0,712,1.155379116402858,8.090909090909092,0
10000,3978,105,1000.8571428571429,7,0.0,972,1.1078922664088087,9.257142857142858,0
10000,3992,210,1144.5714285714287,7,0.0,1282,0.3653080981317111,6.104761904761904,0
10000,4015,101,1191.0,6,0.0,953,1.1739781585613462,9.435643564356436,0
10000,4028,31,1444.25,4,0.0,100,1.3076348193922136,3.225806451612903,0
10000,4029,77,1288.25,4,0.0,466,0.9876756124627044,6.0519480519480515,0
10000,4042,140,891.5714285714286,7,0.0,1718,1.101480852830054,12.271428571428572,0
10000,4105,120,1169.5,6,0.0,708,0.6178465552059927,5.9,0
10000,4157,104,611.8333333333334,6,0.0,451,0.5239860527991852,4.336538461538462,0
10000,4158,101,1581.75,4,0.0,825,1.0162979861627603,8.168316831683168,0
10000,4173,10,946.0,4,0.0,14,1.7592918860102842,1.4,0
10000,4188,29,1428.25,4,0.0,72,1.0758367232269446,2.4827586206896552,0
10000,4191,58,975.6,5,0.0,324,1.2103163136303126,5.586206896551724,0
10000,4237,63,1160.8,5,0.0,366,1.1588036394193644,5.809523809523809,0
10000,4242,71,819.1666666666666,6,0.0,437,1.089367974305685,6.154929577464789,0
10000,4253,114,748.8333333333334,6,0.0,1174,1.1351892198566997,10.298245614035087,0
10000,4300,58,676.0,6,0.0,299,1.1169277091835292,5.155172413793103,0
10000,4302,109,722.3333333333334,6,0.0,989,1.0460517244004057,9.073394495412844,0
10000,4329,149,714.0,8,0.0,1803,1.0205471022787076,12.100671140939598,0
10000,4332,88,928.0,6,0.0,694,1.1261700937971677,7.886363636363637,0
10000,4335,17,1284.0,3,0.0,36,1.5653610453873017,2.1176470588235294,0
10000,4350,80,1049.4,5,0.0,581,1.1407908323347937,7.2625,0
10000,4352,251,751.375,8,0.0,1890,0.3769851345397507,7.52988047808765,0
10000,4353,73,647.8333333333334,6,0.0,476,1.1224605765500029,6.52054794520548,0
10000,4362,119,724.1428571428571,7,0.0,1233,1.0941554245819405,10.361344537815127,0
10000,4399,84,859.8333333333334,6,0.0,613,1.0917212566046164,7.2976190476190474,0
10000,4405,134,873.375,8,0.0,1546,1.0819563917241746,11.537313432835822,0
10000,4457,87,996.8,5,0.0,612,1.0160680163810032,7.0344827586206895,0
10000,4473,64,850.6,5,0.0,362,1.1106020904292042,5.65625,0
10000,4477,234,871.2857142857143,7,0.0,1168,0.2680531974134618,4.9914529914529915,0
10000,4490,172,996.7142857142857,7,0.0,1376,0.5844823541562406,8.0,0
10000,4492,81,1266.0,5,0.0,639,1.2238852038676284,7.888888888888889,0
10000,4501,118,904.0,8,0.0,1251,1.1290239614021347,10.601694915254237,0
10000,4522,81,937.2,5,0.0,623,1.1932401909382357,7.691358024691358,0
10000,4539,146,1263.5714285714287,7,0.0,1651,0.973310090275239,11.308219178082192,0
10000,4545,114,1011.0,7,0.0,1186,1.146792516822867,10.403508771929825,0
10000,4591,126,907.5,6,0.0,1313,1.0392822257907277,10.420634920634921,0
10000,4596,123,706.5714285714286,7,0.0,1385,1.1504014343900757,11.260162601626016,0
10000,4611,98,1092.5714285714287,7,0.0,841,1.1004079223944256,8.581632653061224,0
10000,4647,98,822.6666666666666,6,0.0,920,1.2037756107049604,9.387755102040817,0
10000,4663,139,863.875,8,0.0,1663,1.081614529873159,11.964028776978417,0
10000,4681,99,677.1428571428571,7,0.0,831,1.065468215542544,8.393939393939394,0
10000,4696,60,966.0,5,0.0,326,1.1379546723003027,5.433333333333334,0
10000,4703,133,1323.0,7,0.0,1421,1.009486836056554,10.68421052631579,0
10000,4714,84,973.5,6,0.0,574,1.0222642761681073,6.833333333333333,0
10000,4731,128,1279.1666666666667,6,0.0,919,0.7048641720334521,7.1796875,0
10000,4761,40,741.25,4,0.0,147,1.154535300194249,3.675,0
10000,4773,152,1236.857142857143,7,0.0,2075,1.128601931474865,13.651315789473685,0
10000,4776,67,1056.0,5,0.0,421,1.1785346466128785,6.2835820895522385,0
10000,4777,129,1246.2857142857142,7,0.0,1367,1.032283434278528,10.5968992248062,0
10000,4779,84,1187.2,5,0.0,634,1.129121169147352,7.5476190476190474,0
10000,4781,80,766.8333333333334,6,0.0,555,1.0897399517139597,6.9375,0
10000,4791,76,1287.4,5,0.0,530,1.1530776360128743,6.973684210526316,0
10000,4792,112,674.0,7,0.0,1150,1.1520508774324814,10.267857142857142,0
10000,4795,86,552.6666666666666,6,0.0,708,1.2029462405308673,8.232558139534884,0
10000,4809,154,642.1111111111111,9,0.0,2047,1.0846416194802337,13.292207792207792,0
10000,4813,27,1001.5,4,0.0,67,1.1549339247764945,2.4814814814814814,0
10000,4843,131,955.125,8,0.0,1659,1.214824826596461,12.664122137404581,0
10000,4851,95,1056.5,6,0.0,723,1.006702044784674,7.610526315789474,0
10000,4858,130,679.875,8,0.0,1493,1.1101533329726774,11.484615384615385,0
10000,4875,129,871.1666666666666,6,0.0,844,0.6373425153848412,6.542635658914729,0
10000,4901,58,1403.5,4,0.0,359,1.3410603598558093,6.189655172413793,0
10000,4904,132,926.125,8,0.0,1544,1.1135489111897705,11.696969696969697,0
10000,4920,122,831.8571428571429,7,0.0,1298,1.0958847794570146,10.639344262295081,0
10000,4925,87,919.2,5,0.0,746,1.2385404251964516,8.574712643678161,0
10000,4943,153,685.6666666666666,6,0.0,815,0.4375066021915813,5.326797385620915,0
10000,4977,115,1127.0,7,0.0,1187,1.1278852112850162,10.321739130434782,0
10000,4983,82,849.8571428571429,7,0.0,617,1.1531009323408103,7.524390243902439,0
10000,4992,94,640.2857142857143,7,0.0,772,1.0979219233007336,8.212765957446809,0
14000,45,161,1186.142857142857,7,0.0,2001,0.970074750176795,12.428571428571429,0
14000,51,44,1964.6666666666667,3,0.0,187,1.2137971616142385,4.25,0
14000,138,63,1080.8,5,0.0,377,1.1936310712051923,5.984126984126984,0
14000,162,106,783.5,6,0.0,1066,1.1922170767984048,10.056603773584905,0
14000,165,113,1172.3333333333333,6,0.0,1115,1.0973062287579667,9.867256637168142,0
14000,196,78,802.0,6,0.0,554,1.1442750362187675,7.102564102564102,0
14000,224,98,1136.5,6,0.0,870,1.1383530231666472,8.877551020408163,0
14000,262,118,1202.4285714285713,7,0.0,1362,1.2292011474258253,11.542372881355933,0
14000,277,172,1194.875,8,0.0,2401,1.0198707357043122,13.959302325581396,0
14000,308,139,1030.857142857143,7,0.0,1600,1.040639355259804,11.510791366906474,0
14000,319,63,1082.6,5,0.0,357,1.1303084679582325,5.666666666666667,0
14000,336,127,1239.25,8,0.0,1331,1.0370041098463672,10.48031496062992,0
14000,349,106,1428.2,5,0.0,1045,1.1687306240659787,9.858490566037736,0
14000,370,131,685.1428571428571,7,0.0,1505,1.102056277292148,11.488549618320612,0
14000,374,112,1482.0,6,0.0,1136,1.1380259102289558,10.142857142857142,0
14000,395,100,1202.5,6,0.0,811,1.019132656824529,8.11,0
14000,432,105,1713.4,5,0.0,883,1.006449456007179,8.40952380952381,0
14000,485,86,903.6666666666666,6,0.0,643,1.0925062608211125,7.476744186046512,0
14000,491,86,1065.2,5,0.0,696,1.1825573211998355,8.093023255813954,0
14000,500,44,1093.8,5,0.0,197,1.2787061007379943,4.4772727272727275,0
14000,504,125,1278.6666666666667,6,0.0,1438,1.1565082203807036,11.504,0
14000,534,65,1480.2,5,0.0,296,0.8803895152308439,4.553846153846154,0
14000,547,98,1673.8,5,0.0,790,1.0336768831053464,8.061224489795919,0
14000,550,12,1913.0,4,0.0,18,1.5707963267948966,1.5,0
14000,552,147,937.625,8,0.0,1918,1.1153824257643061,13.047619047619047,0
14000,563,169,1008.2,10,0.0,2445,1.0757598176572312,14.467455621301776,0
14000,582,102,1135.0,6,0.0,902,1.0894719621445572,8.843137254901961,0
14000,662,70,1276.2,5,0.0,497,1.2745890194564304,7.1,0
14000,678,149,1928.2,5,0.0,767,0.43414288821285013,5.147651006711409,0
14000,717,160,1203.2857142857142,7,0.0,2390,1.1731885065749383,14.9375,0
14000,775,146,1041.0,8,0.0,1949,1.148989319168044,13.349315068493151,0
14000,806,48,1485.8,5,0.0,202,1.1017390903214206,4.208333333333333,0
14000,877,142,1123.375,8,0.0,1866,1.1629065446535516,13.140845070422536,0
14000,879,69,1536.5,4,0.0,414,1.0927278795094932,6.0,0
14000,897,43,1259.4,5,0.0,175,1.1893536276435126,4.069767441860465,0
14000,903,211,844.4285714285714,7,0.0,1712,0.48322424230774025,8.113744075829384,0
14000,930,44,1166.6,5,0.0,190,1.2332698433513651,4.318181818181818,0
14000,943,104,1673.1666666666667,6,0.0,850,0.987556862260105,8.173076923076923,0
14000,948,77,1270.0,5,0.0,482,1.0215872214742994,6.259740259740259,0
14000,962,85,1327.6,5,0.0,719,1.2505495462594112,8.458823529411765,0
14000,969,196,1240.4444444444443,9,0.0,3163,1.034658221918421,16.137755102040817,0
14000,973,97,1156.3333333333333,6,0.0,807,1.0778043453914181,8.31958762886598,0
14000,1121,56,1454.5,4,0.0,245,0.9817477042468103,4.375,0
14000,1129,67,1069.4,5,0.0,415,1.1617384283713648,6.1940298507462686,0
14000,1133,104,1761.2,5,0.0,853,0.9910423570680819,8.201923076923077,0
14000,1219,91,1190.2,5,0.0,772,1.1715056290647603,8.483516483516484,0
14000,1245,136,1023.8571428571429,7,0.0,1653,1.123065020844275,12.154411764705882,0
14000,1248,25,1665.3333333333333,3,0.0,64,1.2867963509103792,2.56,0
14000,1266,198,1454.142857142857,7,0.0,1753,0.5619030631305895,8.853535353535353,0
14000,1268,143,1878.8,5,0.0,1611,0.9899957484342817,11.265734265734265,0
14000,1277,101,1022.3333333333334,6,0.0,950,1.1702825295207542,9.405940594059405,0
14000,1304,122,726.4285714285714,7,0.0,1269,1.0714004507942616,10.401639344262295,0
14000,1339,119,794.0,7,0.0,1343,1.1917686416979287,11.285714285714286,0
14000,1371,98,1302.6666666666667,6,0.0,809,1.0585374663699052,8.255102040816327,0
14000,1407,125,1076.4285714285713,7,0.0,1445,1.1621379544159363,11.56,0
14000,1429,115,1217.4285714285713,7,0.0,1164,1.1060306536948261,10.121739130434783,0
14000,1545,67,1508.6,5,0.0,397,1.1113497736468236,5.925373134328358,0
14000,1582,154,787.0,7,0.0,820,0.4344924904610609,5.324675324675325,0
14000,1616,133,1135.857142857143,7,0.0,1497,1.0634776872460672,11.25563909774436,0
14000,1622,95,1408.6,5,0.0,866,1.2058146207241045,9.115789473684211,0
14000,1647,55,1162.2,5,0.0,302,1.254559975383957,5.490909090909091,0
14000,1711,131,1591.2857142857142,7,0.0,1479,1.0830174313057057,11.290076335877863,0
14000,1733,217,1161.6666666666667,6,0.0,1746,0.46594497850179695,8.046082949308756,0
14000,1803,117,904.1428571428571,7,0.0,1191,1.0933265689021678,10.179487179487179,0
14000,1806,64,1232.8,5,0.0,398,1.2210487071569704,6.21875,0
14000,1839,150,1411.6666666666667,6,0.0,1874,1.0466390458359596,12.493333333333334,0
14000,1842,119,1260.3333333333333,6,0.0,1251,1.1101284964736478,10.512605042016807,0
14000,1852,55,1057.4,5,0.0,285,1.1839390496173106,5.181818181818182,0
14000,1868,39,835.0,5,0.0,148,1.2227632155983943,3.7948717948717947,0
14000,1869,17,1713.6666666666667,3,0.0,36,1.5653610453873017,2.1176470588235294,0
14000,1882,58,1150.8,5,0.0,283,1.057159002337588,4.879310344827586,0
14000,1904,85,1214.8333333333333,6,0.0,621,1.0800991213172382,7.305882352941176,0
14000,1952,131,933.8571428571429,7,0.0,1588,1.1628341317873296,12.122137404580153,0
14000,1963,43,1090.5,4,0.0,171,1.1621684018688039,3.9767441860465116,0
14000,1972,133,1224.7142857142858,7,0.0,1416,1.0059348063730336,10.646616541353383,0
14000,2010,148,1359.5714285714287,7,0.0,1724,0.9890624059146829,11.64864864864865,0
14000,2076,80,1550.8,5,0.0,583,1.144717823151781,7.2875,0
14000,2084,124,927.6666666666666,6,0.0,1219,0.9962542780244427,9.830645161290322,0
14000,2087,120,1036.7142857142858,7,0.0,1087,0.948586448458918,9.058333333333334,0
14000,2090,208,1032.4285714285713,7,0.0,1335,0.3877612973874236,6.418269230769231,0
14000,2097,94,1004.4,5,0.0,350,0.49776252999385584,3.723404255319149,0
14000,2119,146,1041.125,8,0.0,1760,1.0375686001722717,12.054794520547945,0
14000,2134,71,1282.2,5,0.0,450,1.1217748019166094,6.338028169014085,0
14000,2142,149,1874.5,6,0.0,1838,1.040358055456608,12.335570469798657,0
14000,2147,169,1145.4,10,0.0,2239,0.9851232031634113,13.248520710059172,0
14000,2169,93,937.8333333333334,6,0.0,775,1.1260188722544062,8.333333333333334,0
14000,2170,115,1186.8333333333333,6,0.0,1384,1.3150742480357727,12.034782608695652,0
14000,2175,169,1497.875,8,0.0,2360,1.0383612145893928,13.964497041420119,0
14000,2198,146,1141.0,8,0.0,2053,1.2103001909964055,14.061643835616438,0
14000,2234,101,1074.3333333333333,6,0.0,883,1.0877468142808693,8.742574257425742,0
14000,2241,25,2284.6666666666665,3,0.0,68,1.3672211228422781,2.72,0
14000,2266,97,1638.2,5,0.0,833,1.1125291446233596,8.587628865979381,0
14000,2270,155,951.5555555555555,9,0.0,2016,1.0544767183578811,13.006451612903225,0
14000,2278,89,1224.6666666666667,6,0.0,652,1.034373644812799,7.325842696629214,0
14000,2281,266,1259.0,7,0.0,2269,0.4029777675954119,8.530075187969924,0
14000,2301,90,1189.5,4,0.0,375,0.5817764173314431,4.166666666666667,0
14000,2320,139,1492.2857142857142,7,0.0,1611,1.0477937508272153,11.589928057553957,0
14000,2335,88,1855.4,5,0.0,728,1.1813426920523602,8.272727272727273,0
14000,2352,50,1067.75,4,0.0,269,1.352141478105047,5.38,0
14000,2357,48,969.75,4,0.0,200,1.090830782496456,4.166666666666667,0
14000,2380,136,1471.142857142857,7,0.0,1697,1.1529590685860465,12.477941176470589,0
14000,2403,159,1483.5714285714287,7,0.0,2098,1.0428482080980002,13.19496855345912,0
14000,2419,87,1366.0,5,0.0,638,1.0592343046586277,7.333333333333333,0
14000,2438,23,1395.0,4,0.0,64,1.5203170497523384,2.782608695652174,0
14000,2439,188,1298.4285714285713,7,0.0,2866,1.018991007830279,15.24468085106383,0
14000,2495,82,1132.3333333333333,6,0.0,632,1.1811341802907491,7.7073170731707314,0
14000,2521,101,868.6666666666666,6,0.0,926,1.1407174971960194,9.168316831683168,0
14000,2529,70,1130.6,5,0.0,433,1.1104568318403105,6.185714285714286,0
14000,2576,250,1336.5714285714287,7,0.0,1975,0.3970973114137499,7.9,0
14000,2585,122,1389.2857142857142,7,0.0,1395,1.1777806373979471,11.434426229508198,0
14000,2602,245,1084.7142857142858,7,0.0,1865,0.3904420024286523,7.612244897959184,0
14000,2617,54,861.5,4,0.0,235,1.0127219116510306,4.351851851851852,0
14000,2623,124,1374.3333333333333,6,0.0,1378,1.126200488201544,11.112903225806452,0
14000,2658,99,858.3333333333334,6,0.0,848,1.0872647975692866,8.565656565656566,0
14000,2715,24,1824.5,4,0.0,57,1.2435470920459597,2.375,0
14000,2719,98,1220.2,5,0.0,791,1.0349853348561124,8.071428571428571,0
14000,2729,117,1148.0,6,0.0,1236,1.1346361369967082,10.564102564102564,0
14000,2744,148,924.125,8,0.0,1964,1.1267509078981655,13.27027027027027,0
14000,2750,136,645.75,8,0.0,1728,1.1740207840404762,12.705882352941176,0
14000,2754,157,1388.5,6,0.0,1626,0.8289552768448218,10.356687898089172,0
14000,2789,66,1706.5,4,0.0,372,1.0731611268461,5.636363636363637,0
14000,2797,201,796.875,8,0.0,2008,0.6245704857214728,9.990049751243781,0
14000,2804,124,971.2857142857143,7,0.0,1409,1.151535912827268,11.362903225806452,0
14000,2806,114,1314.1666666666667,6,0.0,1124,1.0868421491643359,9.859649122807017,0
14000,2807,83,967.8,5,0.0,537,0.9795530584861193,6.469879518072289,0
14000,2809,89,1068.0,6,0.0,731,1.1597041938008528,8.213483146067416,0
14000,2837,126,1190.0,6,0.0,1359,1.0756927226577295,10.785714285714286,0
14000,2871,48,1072.75,4,0.0,271,1.4780757102826978,5.645833333333333,0
14000,2873,177,1262.888888888889,9,0.0,2586,1.0372700823113672,14.610169491525424,0
14000,2907,142,891.7142857142857,7,0.0,1844,1.1491959637412374,12.985915492957746,0
14000,2911,51,1278.5,4,0.0,233,1.1257071715285225,4.568627450980392,0
14000,2953,170,1472.125,8,0.0,2571,1.117928679914098,15.123529411764705,0
14000,2960,29,1016.2,5,0.0,76,1.135605430072886,2.6206896551724137,0
14000,2961,58,1281.6,5,0.0,335,1.2514072995868972,5.775862068965517,0
14000,2970,132,947.0,7,0.0,1595,1.150330643359899,12.083333333333334,0
14000,3006,139,1108.2857142857142,7,0.0,1726,1.1225897044865136,12.417266187050359,0
14000,3050,141,1519.6,5,0.0,1498,0.9468549459438681,10.624113475177305,0
14000,3066,53,1359.25,4,0.0,281,1.2570844224403444,5.30188679245283,0
14000,3071,65,1511.0,5,0.0,187,0.5561920248248913,2.876923076923077,0
14000,3080,82,1480.5,4,0.0,582,1.08769002045762,7.097560975609756,0
14000,3093,40,1588.0,4,0.0,136,1.0681415022205298,3.4,0
14000,3099,119,1384.6666666666667,6,0.0,1252,1.1110158893565203,10.521008403361344,0
14000,3100,122,1080.3333333333333,6,0.0,1265,1.0680233020131922,10.368852459016393,0
14000,3129,242,647.25,8,0.0,1775,0.38087063452782477,7.3347107438016526,0
14000,3131,103,1228.4285714285713,7,0.0,884,1.0470988427838164,8.58252427184466,0
14000,3137,150,1115.4285714285713,7,0.0,2042,1.1404679464231746,13.613333333333333,0
14000,3150,139,1234.142857142857,7,0.0,1646,1.0705577367235235,11.841726618705035,0
14000,3163,50,1332.0,4,0.0,230,1.156106096521044,4.6,0
14000,3183,98,1222.2,5,0.0,766,1.002274041086956,7.816326530612245,0
14000,3188,106,1012.3333333333334,6,0.0,1010,1.1295865361786013,9.528301886792454,0
14000,3208,69,1398.4,5,0.0,410,1.0821701222195463,5.942028985507246,0
14000,3218,104,1085.6666666666667,6,0.0,1170,1.3593429751109682,11.25,0
14000,3234,87,1579.0,4,0.0,585,0.9712414862465473,6.724137931034483,0
14000,3236,83,930.2,5,0.0,661,1.205744081302281,7.963855421686747,0
14000,3249,79,964.0,5,0.0,569,1.1456921774668112,7.2025316455696204,0
14000,3263,130,1118.142857142857,7,0.0,1383,1.0283603881454875,10.638461538461538,0
14000,3309,133,919.5,8,0.0,1533,1.0890523009674153,11.526315789473685,0
14000,3311,124,877.0,8,0.0,1475,1.2054758491271969,11.89516129032258,0
14000,3323,137,1045.0,7,0.0,1528,1.0230387499995106,11.153284671532846,0
14000,3350,208,937.875,8,0.0,1475,0.42842540348048674,7.091346153846154,0
14000,3422,167,1352.6,5,0.0,936,0.4217477462454798,5.604790419161676,0
14000,3447,31,1355.0,4,0.0,80,1.0461078555137708,2.5806451612903225,0
14000,3454,117,1009.8,5,0.0,1162,1.0667048472412417,9.931623931623932,0
14000,3456,51,1037.0,5,0.0,260,1.2561539253107976,5.098039215686274,0
14000,3469,135,978.0,7,0.0,1532,1.0563335956761728,11.348148148148148,0
14000,3478,113,955.875,8,0.0,1117,1.099274491051703,9.88495575221239,0
14000,3498,107,1194.0,6,0.0,918,1.0075926477405643,8.57943925233645,0
14000,3509,78,1164.3333333333333,6,0.0,592,1.2227632155983943,7.589743589743589,0
14000,3518,36,1473.5,4,0.0,142,1.3768708543510821,3.9444444444444446,0
14000,3524,116,1222.857142857143,7,0.0,1051,0.9815142327356934,9.060344827586206,0
14000,3532,129,1199.7142857142858,7,0.0,1383,1.0443657568450657,10.720930232558139,0
14000,3545,123,711.0,6,0.0,482,0.4003563114628278,3.9186991869918697,0
14000,3580,69,1243.0,5,0.0,379,1.0003475032224587,5.492753623188406,0
14000,3595,63,1696.3333333333333,3,0.0,341,1.0796503853606645,5.412698412698413,0
14000,3605,164,1416.1666666666667,6,0.0,1257,0.587296544551215,7.664634146341464,0
14000,3614,137,695.8571428571429,7,0.0,1691,1.1321718103724951,12.343065693430656,0
14000,3618,96,981.5,6,0.0,857,1.1685524757493284,8.927083333333334,0
14000,3619,114,760.375,8,0.0,1118,1.0810405006812522,9.807017543859649,0
14000,3635,134,1278.142857142857,7,0.0,1550,1.0847557614310936,11.567164179104477,0
14000,3639,89,1017.2,5,0.0,588,0.9328400355060212,6.606741573033708,0
14000,3655,136,1331.875,8,0.0,1549,1.0524063625455427,11.389705882352942,0
14000,3663,116,1020.1666666666666,6,0.0,1344,1.2551428437647687,11.586206896551724,0
14000,3684,49,1052.0,5,0.0,217,1.1357361196651146,4.428571428571429,0
14000,3692,104,878.4285714285714,7,0.0,942,1.0944453697047283,9.057692307692308,0
14000,3718,113,1171.4,5,0.0,530,0.5215895078401097,4.6902654867256635,0
14000,3727,59,972.1666666666666,6,0.0,308,1.1118765151458274,5.220338983050848,0
14000,3774,18,1552.0,4,0.0,34,1.318693212617938,1.8888888888888888,0
14000,3792,136,1186.857142857143,7,0.0,1648,1.1196679699645282,12.117647058823529,0
14000,3805,55,947.4,5,0.0,276,1.146551500682027,5.0181818181818185,0
14000,3817,67,935.8333333333334,6,0.0,419,1.1729359071990406,6.253731343283582,0
14000,3839,123,1102.4,5,0.0,484,0.4020175409709723,3.934959349593496,0
14000,3858,182,1201.0,6,0.0,1168,0.4431083467447021,6.417582417582418,0
14000,3963,61,1599.4,5,0.0,340,1.1482305855635901,5.573770491803279,0
14000,3975,67,1524.5,4,0.0,431,1.2065283436820682,6.432835820895522,0
14000,3978,107,1183.5,6,0.0,1058,1.1612560144983846,9.88785046728972,0
14000,3992,216,1192.7142857142858,7,0.0,1479,0.3983552413116688,6.847222222222222,0
14000,4015,104,1268.0,6,0.0,968,1.124652991373861,9.307692307692308,0
14000,4029,29,1489.25,4,0.0,71,1.0608945465154593,2.4482758620689653,0
14000,4042,156,1200.25,8,0.0,2087,1.0776633576663213,13.378205128205128,0
14000,4105,112,1275.3333333333333,6,0.0,682,0.6832162594860455,6.089285714285714,0
14000,4157,92,727.6,5,0.0,355,0.5270630397090627,3.858695652173913,0
14000,4158,80,1860.5,4,0.0,530,1.040652566501619,6.625,0
14000,4191,23,1029.2,5,0.0,55,1.306522464630916,2.391304347826087,0
14000,4237,27,1455.0,4,0.0,70,1.206647384094845,2.5925925925925926,0
14000,4242,71,988.3333333333334,6,0.0,406,1.0120901546180965,5.71830985915493,0
14000,4253,125,1210.4285714285713,7,0.0,1361,1.0945811459931414,10.888,0
14000,4300,47,806.8,5,0.0,181,1.029657347758719,3.851063829787234,0
14000,4302,106,957.0,5,0.0,932,1.0423511403153034,8.79245283018868,0
14000,4329,161,864.25,8,0.0,2227,1.0796384151143041,13.832298136645962,0
14000,4332,79,1297.2,5,0.0,576,1.159786808824048,7.291139240506329,0
14000,4350,45,2067.3333333333335,3,0.0,183,1.135627566630977,4.066666666666666,0
14000,4352,269,990.5,8,0.0,2222,0.38587741331803155,8.260223048327138,0
14000,4353,68,753.2,5,0.0,450,1.2229383167088295,6.617647058823529,0
14000,4362,131,883.75,8,0.0,1519,1.1123079635925401,11.595419847328245,0
14000,4399,87,872.6666666666666,6,0.0,628,1.0426318860903105,7.218390804597701,0
14000,4405,155,1051.4444444444443,9,0.0,2038,1.0659839047685327,13.148387096774194,0
14000,4457,65,1788.6666666666667,3,0.0,351,1.0439754048852237,5.4,0
14000,4477,259,1127.857142857143,7,0.0,1368,0.2562692118549716,5.281853281853282,0
14000,4490,219,1347.142857142857,7,0.0,1673,0.4383465323455077,7.639269406392694,0
14000,4492,72,1402.8,5,0.0,486,1.1780972450961724,6.75,0
14000,4501,129,856.875,8,0.0,1599,1.2074771114933187,12.395348837209303,0
14000,4522,72,1312.8,5,0.0,466,1.129615876985219,6.472222222222222,0
14000,4539,154,1612.8333333333333,6,0.0,1752,0.9283302966924132,11.376623376623376,0
14000,4545,113,1224.3333333333333,6,0.0,1257,1.2370528516132415,11.123893805309734,0
14000,4591,129,1098.0,6,0.0,1368,1.0330385794389367,10.604651162790697,0
14000,4596,134,802.5,8,0.0,1721,1.2044288164018788,12.843283582089553,0
14000,4611,106,1139.2857142857142,7,0.0,983,1.0993896683797675,9.273584905660377,0
14000,4647,102,817.0,6,0.0,981,1.1848913468556659,9.617647058823529,0
14000,4663,145,1089.7142857142858,7,0.0,1915,1.1445707360997772,13.206896551724139,0
14000,4681,108,1225.4,5,0.0,899,0.9685499984832731,8.324074074074074,0
14000,4703,132,1399.142857142857,7,0.0,1623,1.1705245355317342,12.295454545454545,0
14000,4714,80,1087.1666666666667,6,0.0,500,0.9817477042468102,6.25,0
14000,4731,106,1718.4,5,0.0,767,0.8578147259890962,7.235849056603773,0
14000,4773,158,1336.4285714285713,7,0.0,2204,1.1094488396910598,13.949367088607595,0
14000,4776,49,1184.0,5,0.0,211,1.1043332776467245,4.3061224489795915,0
14000,4777,134,1280.142857142857,7,0.0,1535,1.0742581250301475,11.455223880597014,0
14000,4779,74,1288.8,5,0.0,492,1.1290457162645569,6.648648648648648,0
14000,4781,84,732.3333333333334,6,0.0,599,1.0667879815761259,7.130952380952381,0
14000,4791,64,1446.2,5,0.0,360,1.1044661672776617,5.625,0
14000,4792,125,1173.857142857143,7,0.0,1484,1.1935036154693768,11.872,0
14000,4795,96,625.0,6,0.0,850,1.1590077064024844,8.854166666666666,0
14000,4809,181,892.4444444444445,9,0.0,2609,1.0007527527506206,14.414364640883978,0
14000,4843,143,948.375,8,0.0,2004,1.2315030911621978,14.013986013986013,0
14000,4851,93,1151.6666666666667,6,0.0,697,1.0126905212404145,7.494623655913978,0
14000,4858,145,940.8571428571429,7,0.0,1783,1.0656760430631345,12.296551724137931,0
14000,4875,121,1159.4,5,0.0,754,0.6471582161892504,6.231404958677686,0
14000,4904,145,1049.3333333333333,9,0.0,2088,1.2479705989432557,14.4,0
14000,4920,137,857.875,8,0.0,1506,1.0083091344890465,10.992700729927007,0
14000,4925,76,1011.0,5,0.0,583,1.2683853996141616,7.671052631578948,0
14000,4943,166,819.5714285714286,7,0.0,892,0.4067790168387423,5.373493975903615,0
14000,4977,128,1419.0,6,0.0,1355,1.039271983792522,10.5859375,0
14000,4983,97,823.2857142857143,7,0.0,749,1.0003413317201637,7.721649484536083,0
14000,4992,103,1309.4285714285713,7,0.0,1001,1.1856854543287334,9.718446601941748,0
20000,45,165,1573.7142857142858,7,0.0,2212,1.0210031882079886,13.406060606060606,0
20000,162,117,821.7142857142857,7,0.0,1240,1.1383080986051117,10.598290598290598,0
20000,165,116,1242.3333333333333,6,0.0,1164,1.0870433557605585,10.03448275862069,0
20000,196,111,955.0,7,0.0,626,0.638466683271556,5.63963963963964,0
20000,224,105,1457.1666666666667,6,0.0,1006,1.146645699595948,9.58095238095238,0
20000,262,132,1415.7142857142858,7,0.0,1558,1.1236458572756882,11.803030303030303,0
20000,277,181,1515.4285714285713,7,0.0,2705,1.037576157987899,14.94475138121547,0
20000,308,154,1550.857142857143,7,0.0,1893,1.0030418102960834,12.292207792207792,0
20000,336,133,1468.5714285714287,7,0.0,1599,1.1359390927898874,12.022556390977444,0
20000,349,81,2026.25,4,0.0,643,1.2315464570999768,7.938271604938271,0
20000,370,157,934.375,8,0.0,2220,1.1317839573158086,14.140127388535031,0
20000,374,103,2129.8,5,0.0,964,1.141858919053845,9.359223300970873,0
20000,395,102,2134.6,5,0.0,820,0.990429056495052,8.03921568627451,0
20000,432,90,1876.0,5,0.0,663,1.0285807058419913,7.366666666666666,0
20000,485,101,1229.0,6,0.0,782,0.9633273032476104,7.742574257425742,0
20000,491,71,1206.2,5,0.0,468,1.1666457939932737,6.591549295774648,0
20000,504,131,1555.1666666666667,6,0.0,1525,1.1167015434355654,11.641221374045802,0
20000,547,78,1808.6,5,0.0,530,1.0947035545053192,6.794871794871795,0
20000,552,162,1604.6666666666667,6,0.0,2204,1.0553376327559676,13.604938271604938,0
20000,563,193,1602.9,10,0.0,3412,1.1510767144404814,17.678756476683937,0
20000,582,108,2045.8333333333333,6,0.0,1023,1.102143101722345,9.472222222222221,0
20000,678,121,2170.2,5,0.0,513,0.4403079110147023,4.239669421487603,0
20000,717,172,1403.4285714285713,7,0.0,2628,1.1162933333739828,15.279069767441861,0
20000,775,166,1919.7142857142858,7,0.0,2392,1.0908244487424568,14.409638554216867,0
20000,877,148,1561.8333333333333,6,0.0,1923,1.1032291221426538,12.993243243243244,0
20000,903,260,1525.7142857142858,7,0.0,2230,0.41454151582871235,8.576923076923077,0
20000,943,101,1798.1666666666667,6,0.0,857,1.0557180292624067,8.485148514851485,0
20000,948,30,1417.0,5,0.0,82,1.14493598930828,2.7333333333333334,0
20000,962,68,1547.6,5,0.0,429,1.165867861929084,6.3088235294117645,0
20000,969,203,1441.25,8,0.0,3534,1.077666377518147,17.408866995073893,0
20000,973,72,1622.2,5,0.0,485,1.1756731766906248,6.736111111111111,0
20000,1133,86,2510.25,4,0.0,590,1.0024552004423894,6.8604651162790695,0
20000,1219,73,1373.0,5,0.0,509,1.2002782215629233,6.972602739726027,0
20000,1245,148,1032.5714285714287,7,0.0,1924,1.1038028242342517,13.0,0
20000,1266,210,1470.5714285714287,7,0.0,1906,0.5431179680491742,9.076190476190476,0
20000,1268,138,2120.6,5,0.0,1481,0.9772524091507002,10.731884057971014,0
20000,1277,105,2226.2,5,0.0,1061,1.2093350768104383,10.104761904761904,0
20000,1304,138,1171.1666666666667,6,0.0,1608,1.061054607639653,11.652173913043478,0
20000,1339,145,1551.0,7,0.0,1804,1.0782274715007822,12.441379310344828,0
20000,1371,104,1633.1666666666667,6,0.0,863,1.0026606730946714,8.298076923076923,0
20000,1407,143,1423.5,8,0.0,1807,1.1104421585479498,12.636363636363637,0
20000,1429,114,2184.0,5,0.0,1171,1.1322883956151577,10.271929824561404,0
20000,1582,200,1222.0,7,0.0,1174,0.3688229775314417,5.87,0
20000,1616,139,1111.5714285714287,7,0.0,1693,1.1011265177842802,12.179856115107913,0
20000,1622,82,1661.0,5,0.0,639,1.1942163626673872,7.7926829268292686,0
20000,1711,134,1957.5,6,0.0,1569,1.0980527675389586,11.708955223880597,0
20000,1733,221,1273.8333333333333,6,0.0,1831,0.47110060389614555,8.285067873303168,0
20000,1803,134,1425.4285714285713,7,0.0,1534,1.0735582826034178,11.447761194029852,0
20000,1839,155,1505.3333333333333,6,0.0,1932,1.0105401884263026,12.464516129032258,0
20000,1842,130,1607.3333333333333,6,0.0,1490,1.107922616295572,11.461538461538462,0
20000,1904,71,1636.6,5,0.0,414,1.0320328177632805,5.830985915492958,0
20000,1952,153,1544.0,8,0.0,1997,1.072025379848574,13.052287581699346,0
20000,1972,135,1761.3333333333333,6,0.0,1618,1.1156316956945482,11.985185185185186,0
20000,2010,158,1572.142857142857,7,0.0,2047,1.0304182281522682,12.955696202531646,0
20000,2076,49,2047.5,4,0.0,247,1.292750329757066,5.040816326530612,0
20000,2084,122,1477.4,5,0.0,1177,0.9937260288296659,9.647540983606557,0
20000,2087,119,1305.6666666666667,6,0.0,1051,0.9326499198991236,8.831932773109244,0
20000,2090,200,2035.4,5,0.0,1324,0.41594686733528863,6.62,0
20000,2119,163,1152.25,8,0.0,2257,1.0674958965941004,13.846625766871165,0
20000,2142,139,2614.6,5,0.0,1648,1.0718585359175983,11.856115107913668,0
20000,2147,182,1483.75,8,0.0,2771,1.0512442027650426,15.225274725274724,0
20000,2169,99,1614.3333333333333,6,0.0,833,1.068032519310396,8.414141414141413,0
20000,2170,126,1796.6666666666667,6,0.0,1449,1.1469306513105595,11.5,0
20000,2175,186,1858.4285714285713,7,0.0,2896,1.0519195658221807,15.56989247311828,0
20000,2198,157,1540.857142857143,7,0.0,2293,1.16900027663295,14.605095541401274,0
20000,2234,94,1347.0,5,0.0,753,1.0709005288153528,8.01063829787234,0
20000,2266,82,1826.0,5,0.0,578,1.0802144876709698,7.048780487804878,0
20000,2270,173,1384.0,7,0.0,2401,1.0081143989133072,13.878612716763005,0
20000,2278,88,1289.8333333333333,6,0.0,671,1.0888474538010078,7.625,0
20000,2281,285,1466.4285714285713,7,0.0,2500,0.3867765655389096,8.771929824561404,0
20000,2320,140,1845.0,6,0.0,1706,1.0937871565355484,12.185714285714285,0
20000,2335,72,2006.8,5,0.0,485,1.1756731766906248,6.736111111111111,0
20000,2380,133,2292.4,5,0.0,1633,1.1600928946378275,12.278195488721805,0
20000,2403,150,2285.6,5,0.0,2130,1.189616418159335,14.2,0
20000,2419,63,1967.0,4,0.0,335,1.0606536043865766,5.317460317460317,0
20000,2439,195,1494.7142857142858,7,0.0,3088,1.0205115702075247,15.835897435897436,0
20000,2495,63,1600.0,5,0.0,366,1.1588036394193644,5.809523809523809,0
20000,2521,123,1320.5714285714287,7,0.0,1353,1.1238217622597633,11.0,0
20000,2576,249,1580.8333333333333,6,0.0,2219,0.4497472039686941,8.911646586345382,0
20000,2585,128,1642.5,6,0.0,1587,1.2172137551872562,12.3984375,0
20000,2602,258,1275.142857142857,7,0.0,2116,0.39947178985613857,8.2015503875969,0
20000,2623,129,1523.8333333333333,6,0.0,1457,1.1002464987153004,11.294573643410853,0
20000,2658,105,1545.3333333333333,6,0.0,943,1.0748378675138957,8.980952380952381,0
20000,2719,80,1731.0,4,0.0,517,1.015127126191202,6.4625,0
20000,2729,119,1426.857142857143,7,0.0,1373,1.2183904281841074,11.53781512605042,0
20000,2744,174,1263.375,8,0.0,2505,1.0397264628408551,14.39655172413793,0
20000,2750,167,1311.857142857143,7,0.0,2427,1.093570277924978,14.532934131736527,0
20000,2754,170,1496.0,6,0.0,1681,0.7309366436933483,9.888235294117647,0
20000,2797,243,1641.25,8,0.0,2819,0.5999186906108234,11.60082304526749,0
20000,2804,128,1357.0,6,0.0,1551,1.1896021010053148,12.1171875,0
20000,2806,99,1770.0,5,0.0,882,1.130857961622772,8.909090909090908,0
20000,2809,47,1798.25,4,0.0,261,1.4847545180388158,5.553191489361702,0
20000,2837,129,1300.3333333333333,6,0.0,1437,1.085143595507129,11.13953488372093,0
20000,2873,195,1818.375,8,0.0,3113,1.0287734838264329,15.964102564102564,0
20000,2907,157,1261.4285714285713,7,0.0,2146,1.0940578254052815,13.668789808917197,0
20000,2953,176,1975.142857142857,7,0.0,2849,1.1557847972723814,16.1875,0
20000,2970,145,1485.8333333333333,6,0.0,1825,1.09077889993843,12.586206896551724,0
20000,3006,161,2028.5,6,0.0,2149,1.0418244068615354,13.347826086956522,0
20000,3050,126,1754.6,5,0.0,1307,1.0345330305472058,10.373015873015873,0
20000,3080,24,1703.25,4,0.0,59,1.287180323345818,2.4583333333333335,0
20000,3099,116,1700.6,5,0.0,1221,1.140274860295225,10.525862068965518,0
20000,3100,124,1410.3333333333333,6,0.0,1334,1.0902405306682579,10.758064516129032,0
20000,3129,279,1199.0,7,0.0,2352,0.37969840681610945,8.43010752688172,0
20000,3131,101,1526.8333333333333,6,0.0,905,1.1148480939118763,8.96039603960396,0
20000,3137,159,1382.2857142857142,7,0.0,2325,1.155682594770186,14.622641509433961,0
20000,3150,151,1664.0,7,0.0,1995,1.0995092046685035,13.211920529801324,0
20000,3183,74,1331.0,4,0.0,491,1.1267509078981655,6.635135135135135,0
20000,3188,118,1258.0,7,0.0,1300,1.17324632279998,11.016949152542374,0
20000,3218,101,1992.8,5,0.0,1016,1.2515863684137751,10.05940594059406,0
20000,3236,77,1513.2,5,0.0,558,1.1826673642793757,7.246753246753247,0
20000,3249,61,1107.0,5,0.0,330,1.114459097752896,5.409836065573771,0
20000,3263,140,1972.8333333333333,6,0.0,1639,1.0508306855578922,11.707142857142857,0
20000,3309,144,1454.5714285714287,7,0.0,1836,1.1126473981463851,12.75,0
20000,3311,138,1139.142857142857,7,0.0,1811,1.195006153255853,13.123188405797102,0
20000,3323,148,1395.8333333333333,6,0.0,1738,0.9970942351970528,11.743243243243244,0
20000,3350,250,854.625,8,0.0,1964,0.39488563018562267,7.856,0
20000,3422,141,1605.6,5,0.0,749,0.47342747297193405,5.3120567375886525,0
20000,3454,103,2061.5,4,0.0,918,1.0873718751985786,8.912621359223301,0
20000,3469,149,890.1428571428571,7,0.0,1850,1.0471503822604598,12.416107382550335,0
20000,3478,127,1127.0,7,0.0,1519,1.1834780186751555,11.960629921259843,0
20000,3498,101,1572.0,5,0.0,818,1.0076748517347127,8.099009900990099,0
20000,3509,52,2010.2,5,0.0,266,1.2361888252291198,5.115384615384615,0
20000,3524,113,1869.0,5,0.0,1026,1.009718556686703,9.079646017699115,0
20000,3532,135,1558.857142857143,7,0.0,1588,1.094946311967208,11.762962962962963,0
20000,3545,91,1064.0,4,0.0,280,0.42489841468670064,3.076923076923077,0
20000,3605,141,1914.0,5,0.0,1176,0.7433253781241581,8.340425531914894,0
20000,3614,167,1225.142857142857,7,0.0,2293,1.0331918612616293,13.730538922155688,0
20000,3618,60,1749.5,4,0.0,399,1.392772743091475,6.65,0
20000,3619,185,785.25,8,0.0,1608,0.5904082965051731,8.691891891891892,0
20000,3635,131,1991.0,6,0.0,1711,1.2529025185693456,13.061068702290076,0
20000,3639,27,1536.75,4,0.0,57,0.9825557270486596,2.111111111111111,0
20000,3655,149,1790.0,6,0.0,1870,1.058470926933546,12.550335570469798,0
20000,3663,131,1818.3333333333333,6,0.0,1528,1.1188983333570781,11.664122137404581,0
20000,3692,103,1602.2,5,0.0,954,1.1300139095200914,9.262135922330097,0
20000,3718,33,1621.5,4,0.0,104,1.2000941633547788,3.1515151515151514,0
20000,3792,151,1418.5714285714287,7,0.0,1979,1.0906910857338188,13.105960264900663,0
20000,3839,70,1581.25,4,0.0,139,0.3564745949787602,1.9857142857142858,0
20000,3858,187,1948.6666666666667,6,0.0,1368,0.4916009894604749,7.315508021390374,0
20000,3978,103,1450.2,5,0.0,1018,1.2058219705361144,9.883495145631068,0
20000,3992,232,1416.7142857142858,7,0.0,1759,0.41067638805472995,7.581896551724138,0
20000,4015,103,1603.0,5,0.0,923,1.0932943799654553,8.96116504854369,0
20000,4042,165,1718.2857142857142,7,0.0,2407,1.1110102504595971,14.587878787878788,0
20000,4105,91,1576.8,5,0.0,622,0.9438814783397422,6.835164835164835,0
20000,4253,136,1549.3333333333333,6,0.0,1514,1.0286270063873155,11.132352941176471,0
20000,4302,90,1314.25,4,0.0,679,1.0534031663147998,7.544444444444444,0
20000,4329,173,1417.857142857143,7,0.0,2626,1.1025857607440004,15.179190751445086,0
20000,4332,55,1526.8,5,0.0,289,1.200555738032992,5.254545454545455,0
20000,4352,292,1357.0,8,0.0,2877,0.42401773617835586,9.852739726027398,0
20000,4353,39,1183.6,5,0.0,152,1.2558108700740265,3.8974358974358974,0
20000,4362,156,1682.0,6,0.0,1999,1.0322228327623268,12.814102564102564,0
20000,4399,68,1397.0,4,0.0,377,1.0245505453316193,5.544117647058823,0
20000,4405,169,1626.7142857142858,7,0.0,2403,1.0572805079060639,14.218934911242604,0
20000,4477,300,1431.142857142857,7,0.0,1690,0.23596851486963336,5.633333333333334,0
20000,4490,250,1938.857142857143,7,0.0,1979,0.39790155913306885,7.916,0
20000,4501,148,1255.5714285714287,7,0.0,1991,1.1422408643713071,13.452702702702704,0
20000,4522,1,2207.0,3,0.0,1,12.566370614359172,1.0,0
20000,4539,154,1789.3333333333333,6,0.0,1752,0.9283302966924132,11.376623376623376,0
20000,4545,111,2114.6,5,0.0,1243,1.2677541330775466,11.198198198198199,0
20000,4591,135,1229.4285714285713,7,0.0,1432,0.987382316585039,10.607407407407408,0
20000,4596,154,1247.7142857142858,7,0.0,2186,1.1582933953022918,14.194805194805195,0
20000,4611,103,1647.4,5,0.0,894,1.0589438523175698,8.679611650485437,0
20000,4647,127,1652.0,7,0.0,1483,1.155429823367515,11.67716535433071,0
20000,4663,162,1705.0,7,0.0,2164,1.036184499675097,13.358024691358025,0
20000,4681,95,1333.8,5,0.0,723,1.006702044784674,7.610526315789474,0
20000,4703,135,1800.8333333333333,6,0.0,1696,1.1694136933856327,12.562962962962963,0
20000,4731,74,1970.0,5,0.0,521,1.1955951588899068,7.04054054054054,0
20000,4773,167,1610.142857142857,7,0.0,2446,1.102131396705602,14.646706586826348,0
20000,4777,140,1836.3333333333333,6,0.0,1711,1.0969928633249257,12.221428571428572,0
20000,4781,97,1492.8333333333333,6,0.0,699,0.9335628716587375,7.206185567010309,0
20000,4792,142,1634.857142857143,7,0.0,1798,1.1205283854700354,12.661971830985916,0
20000,4795,118,1669.1666666666667,6,0.0,1234,1.1136815094885966,10.457627118644067,0
20000,4809,204,1393.125,8,0.0,3337,1.0076407809524357,16.357843137254903,0
20000,4843,159,1587.857142857143,7,0.0,2307,1.1467353746816429,14.50943396226415,0
20000,4851,83,1962.0,5,0.0,552,1.006914875762268,6.650602409638554,0
20000,4858,168,1271.25,8,0.0,2291,1.0200380908977065,13.636904761904763,0
20000,4875,74,1354.4,5,0.0,464,1.0647910820055984,6.27027027027027,0
20000,4904,158,1436.7142857142858,7,0.0,2407,1.2116349170310259,15.234177215189874,0
20000,4920,141,1669.8333333333333,6,0.0,1943,1.2281302803530945,13.78014184397163,0
20000,4925,61,1541.8,5,0.0,345,1.165116329468937,5.655737704918033,0
20000,4943,206,1996.3333333333333,6,0.0,1178,0.3488355307690429,5.718446601941747,0
20000,4977,129,1831.6,5,0.0,1341,1.0126496601079051,10.395348837209303,0
20000,4983,73,1601.75,4,0.0,423,0.997480722438343,5.794520547945205,0
20000,4992,104,1561.8333333333333,6,0.0,1093,1.2698819417062293,10.509615384615385,0
30000,45,176,1563.142857142857,7,0.0,2592,1.051524813804848,14.727272727272727,0
30000,162,164,1766.7142857142858,7,0.0,2062,0.9634092878795588,12.573170731707316,0
30000,165,123,1999.2,5,0.0,1220,1.0133499999681532,9.91869918699187,0
30000,224,93,2276.0,5,0.0,847,1.2306296578057834,9.10752688172043,0
30000,262,128,2053.0,5,0.0,1412,1.0829904362472627,11.03125,0
30000,277,188,1907.5714285714287,7,0.0,3015,1.0719671628081966,16.03723404255319,0
30000,308,167,1493.7142857142858,7,0.0,2476,1.1156489526750086,14.826347305389222,0
30000,336,154,2058.1428571428573,7,0.0,1999,1.0592079127215377,12.980519480519481,0
30000,370,179,2125.5714285714284,7,0.0,2938,1.152273551542937,16.41340782122905,0
30000,374,83,2349.8,5,0.0,634,1.1564928102052134,7.63855421686747,0
30000,395,67,2318.8,5,0.0,367,1.0273686824392552,5.477611940298507,0
30000,485,125,2203.8,5,0.0,653,0.5251737607152985,5.224,0
30000,504,126,1793.6,5,0.0,1470,1.1635528346628863,11.666666666666666,0
30000,552,156,1840.6666666666667,6,0.0,2261,1.1675116682719464,14.493589743589743,0
30000,563,213,1959.5,8,0.0,4235,1.1730163669424298,19.88262910798122,0
30000,582,112,2170.3333333333335,6,0.0,1094,1.0959510086183781,9.767857142857142,0
30000,717,188,1776.75,8,0.0,3167,1.1260099517789584,16.845744680851062,0
30000,775,187,2347.5714285714284,7,0.0,2891,1.038902383428533,15.459893048128341,0
30000,877,152,1994.0,5,0.0,1804,0.9812037997015213,11.868421052631579,0
30000,903,266,1922.6666666666667,6,0.0,2341,0.41576507445608607,8.800751879699249,0
30000,943,95,1935.5,6,0.0,843,1.173789521097483,8.873684210526315,0
30000,969,225,2051.25,8,0.0,4188,1.0395646446012092,18.613333333333333,0
30000,1245,182,1797.7142857142858,7,0.0,2599,0.9859919462238707,14.280219780219781,0
30000,1266,233,2157.4285714285716,7,0.0,2195,0.5080805227305418,9.420600858369099,0
30000,1268,121,3031.0,4,0.0,1133,0.972453924326818,9.363636363636363,0
30000,1277,67,3149.75,4,0.0,508,1.4220798111148274,7.582089552238806,0
30000,1304,144,1560.6666666666667,6,0.0,1845,1.1181015520588673,12.8125,0
30000,1339,157,2009.0,6,0.0,2099,1.070096633516163,13.369426751592357,0
30000,1371,74,2583.0,4,0.0,455,1.044137806708076,6.148648648648648,0
30000,1407,149,1730.5714285714287,7,0.0,2136,1.2090341710855903,14.335570469798657,0
30000,1429,93,2412.6,5,0.0,808,1.1739654822987873,8.688172043010752,0
30000,1582,221,2434.3333333333335,6,0.0,1705,0.4386818840212606,7.714932126696833,0
30000,1616,167,1944.25,8,0.0,2395,1.079151551557611,14.341317365269461,0
30000,1711,141,2425.0,6,0.0,1630,1.0302894271618859,11.560283687943262,0
30000,1733,222,1699.1666666666667,6,0.0,2010,0.5125072018274072,9.054054054054054,0
30000,1803,155,1685.142857142857,7,0.0,1966,1.0283240219700367,12.683870967741935,0
30000,1839,162,1994.5,6,0.0,2135,1.022298478191466,13.179012345679013,0
30000,1842,136,1876.0,6,0.0,1607,1.091812152750605,11.816176470588236,0
30000,1952,166,1760.5714285714287,7,0.0,2525,1.1514764770379196,15.210843373493976,0
30000,1972,131,1677.5,6,0.0,1639,1.2001795604530439,12.511450381679388,0
30000,2010,160,2293.1666666666665,6,0.0,2175,1.0676506283684062,13.59375,0
30000,2084,100,1933.0,4,0.0,911,1.1447963629681206,9.11,0
30000,2087,88,1738.6,5,0.0,702,1.1391518816219188,7.9772727272727275,0
30000,2090,161,2299.6,5,0.0,1090,0.5284265255835615,6.770186335403727,0
30000,2119,181,1886.1666666666667,6,0.0,2620,1.004972101267392,14.475138121546962,0
30000,2142,129,2914.8,5,0.0,1398,1.0556929342511943,10.837209302325581,0
30000,2147,194,1465.375,8,0.0,3270,1.0918278220043176,16.855670103092784,0
30000,2169,78,2121.2,5,0.0,559,1.1546024282424026,7.166666666666667,0
30000,2170,129,1946.8333333333333,6,0.0,1478,1.1161045470838806,11.457364341085272,0
30000,2175,225,2163.375,8,0.0,3481,0.864069849058455,15.471111111111112,0
30000,2198,175,2002.4285714285713,7,0.0,2670,1.0955823523375996,15.257142857142858,0
30000,2234,57,2243.2,5,0.0,264,1.0210901330227213,4.631578947368421,0
30000,2270,183,1721.857142857143,7,0.0,2761,1.036034198281396,15.087431693989071,0
30000,2278,55,1555.4,5,0.0,289,1.200555738032992,5.254545454545455,0
30000,2281,301,2053.3333333333335,6,0.0,2720,0.3772643576898373,9.03654485049834,0
30000,2320,139,1869.1666666666667,6,0.0,1761,1.1453536903828219,12.66906474820144,0
30000,2380,124,2598.2,5,0.0,1401,1.144997738730307,11.298387096774194,0
30000,2403,140,2570.0,5,0.0,1843,1.1816235225644873,13.164285714285715,0
30000,2439,208,1851.142857142857,7,0.0,3426,0.9951087676773883,16.471153846153847,0
30000,2521,140,1986.4285714285713,7,0.0,1915,1.2277857003315211,13.678571428571429,0
30000,2576,265,1887.142857142857,7,0.0,2605,0.46615016661310993,9.830188679245284,0
30000,2585,129,2264.0,6,0.0,1555,1.1742507244353413,12.054263565891473,0
30000,2602,300,1564.2857142857142,7,0.0,2622,0.36610026389833056,8.74,0
30000,2623,133,1941.3333333333333,6,0.0,1582,1.1238621918659173,11.894736842105264,0
30000,2658,93,2073.2,5,0.0,823,1.195759395955324,8.849462365591398,0
30000,2729,141,2710.5,6,0.0,1710,1.0808557794152298,12.127659574468085,0
30000,2744,179,1628.0,6,0.0,2703,1.0601073552826954,15.100558659217876,0
30000,2750,190,1397.875,8,0.0,3007,1.0467334193179512,15.826315789473684,0
30000,2754,162,1870.6,5,0.0,1648,0.7891090829318669,10.17283950617284,0
30000,2797,279,1931.142857142857,7,0.0,3185,0.5141749258968148,11.415770609318997,0
30000,2804,137,1583.0,6,0.0,1730,1.1582834015046817,12.627737226277372,0
30000,2806,54,2632.5,4,0.0,294,1.2669797532995875,5.444444444444445,0
30000,2837,136,1311.5,6,0.0,1553,1.05512400324934,11.419117647058824,0
30000,2873,207,1873.625,8,0.0,3662,1.0739585332162545,17.690821256038646,0
30000,2907,183,1904.375,8,0.0,2825,1.060049478502334,15.437158469945356,0
30000,2953,185,2280.0,7,0.0,3204,1.1764105609468747,17.318918918918918,0
30000,2970,146,1807.5,6,0.0,2068,1.2191431052024193,14.164383561643836,0
30000,3006,159,2200.3333333333335,6,0.0,2145,1.0662103938847525,13.49056603773585,0
30000,3050,113,1899.8,5,0.0,1084,1.0667981632050545,9.5929203539823,0
30000,3099,105,2305.4,5,0.0,1004,1.1443660858790576,9.561904761904762,0
30000,3100,125,1834.0,5,0.0,1210,0.9731397403759743,9.68,0
30000,3129,312,1788.7142857142858,7,0.0,3061,0.39515183730433745,9.810897435897436,0
30000,3131,97,1533.1666666666667,6,0.0,827,1.1045157294159884,8.525773195876289,0
30000,3137,186,1827.0,7,0.0,2852,1.0359373624740535,15.333333333333334,0
30000,3150,147,2166.1666666666665,6,0.0,2060,1.1979602695904437,14.013605442176871,0
30000,3188,114,2225.0,4,0.0,1152,1.1139165087520597,10.105263157894736,0
30000,3218,86,2248.8,5,0.0,688,1.1689647083124812,8.0,0
30000,3263,141,2079.0,6,0.0,1685,1.0650537943360598,11.950354609929079,0
30000,3309,156,2016.7142857142858,7,0.0,1977,1.0208627015363283,12.673076923076923,0
30000,3311,207,2205.4,5,0.0,1818,0.5331667431423132,8.782608695652174,0
30000,3323,149,1761.8333333333333,6,0.0,1813,1.0262073746152507,12.167785234899329,0
30000,3350,269,1434.857142857143,7,0.0,2374,0.4122740680544586,8.825278810408921,0
30000,3422,84,1700.4,5,0.0,343,0.6108652381980154,4.083333333333333,0
30000,3454,47,2451.25,4,0.0,191,1.086544494043731,4.0638297872340425,0
30000,3469,183,1634.857142857143,7,0.0,2723,1.0217751256502141,14.879781420765028,0
30000,3478,155,2148.0,7,0.0,2049,1.0717374979738583,13.219354838709677,0
30000,3498,58,2248.25,4,0.0,272,1.0160680163810034,4.689655172413793,0
30000,3524,82,2638.0,4,0.0,533,0.9961147438211538,6.5,0
30000,3532,135,1874.0,6,0.0,1778,1.2259537422403626,13.170370370370371,0
30000,3605,100,2382.0,5,0.0,846,1.063114953974786,8.46,0
30000,3614,165,1774.0,6,0.0,2584,1.1927089685033645,15.66060606060606,0
30000,3619,203,1731.0,7,0.0,2077,0.6333653271378582,10.231527093596059,0
30000,3635,134,2187.8333333333335,6,0.0,1684,1.1785346466128785,12.567164179104477,0
30000,3655,146,2161.8,5,0.0,1792,1.0564334838117675,12.273972602739725,0
30000,3663,131,1849.8333333333333,6,0.0,1527,1.118166070049907,11.65648854961832,0
30000,3692,95,2165.8,5,0.0,826,1.1501187952865015,8.694736842105263,0
30000,3792,164,2201.1428571428573,7,0.0,2362,1.103575527629252,14.402439024390244,0
30000,3858,187,2160.5,6,0.0,1461,0.5250212321650247,7.81283422459893,0
30000,3978,69,2078.0,4,0.0,446,1.1771899378290676,6.463768115942029,0
30000,3992,267,1858.375,8,0.0,2435,0.42922628239931243,9.119850187265918,0
30000,4015,59,2339.5,4,0.0,328,1.1840762888565952,5.559322033898305,0
30000,4042,176,1974.3333333333333,6,0.0,2696,1.0937156242352895,15.318181818181818,0
30000,4253,134,1594.8333333333333,6,0.0,1427,0.9986751429433359,10.649253731343284,0
30000,4329,196,1828.75,8,0.0,3328,1.0886318566375295,16.979591836734695,0
30000,4352,318,1574.375,8,0.0,3537,0.4395321868496934,11.122641509433961,0
30000,4362,156,2200.0,5,0.0,2065,1.0663032264403227,13.237179487179487,0
30000,4405,184,2023.2857142857142,7,0.0,2885,1.0708287813807364,15.679347826086957,0
30000,4477,338,1687.857142857143,7,0.0,2008,0.22087174988299796,5.940828402366864,0
30000,4490,262,2058.4285714285716,7,0.0,2426,0.4441176957991282,9.259541984732824,0
30000,4501,177,2108.8571428571427,7,0.0,2417,0.9694825169940349,13.655367231638419,0
30000,4539,146,2285.4,5,0.0,1591,0.9379384334511842,10.897260273972602,0
30000,4545,93,2426.0,5,0.0,845,1.2277238026515782,9.086021505376344,0
30000,4591,135,1659.3333333333333,6,0.0,1626,1.121147798021839,12.044444444444444,0
30000,4596,163,1653.142857142857,7,0.0,2463,1.164927954502113,15.110429447852761,0
30000,4611,71,2456.8,5,0.0,393,0.9796833270071722,5.535211267605634,0
30000,4647,144,2094.1428571428573,7,0.0,1847,1.1193135862616412,12.82638888888889,0
30000,4663,162,2124.0,6,0.0,2203,1.054858804428946,13.598765432098766,0
30000,4681,61,1438.0,5,0.0,288,0.9726188489479822,4.721311475409836,0
30000,4703,132,2463.0,5,0.0,1630,1.1755730085746932,12.348484848484848,0
30000,4773,180,1995.2857142857142,7,0.0,2943,1.1414453308042913,16.35,0
30000,4777,134,2411.2,5,0.0,1530,1.070758912896499,11.417910447761194,0
30000,4781,56,1956.2,5,0.0,232,0.9296549689194286,4.142857142857143,0
30000,4792,142,2028.5,6,0.0,1822,1.1354853828289235,12.830985915492958,0
30000,4795,126,2532.4,5,0.0,1438,1.1382237933641026,11.412698412698413,0
30000,4809,224,1443.888888888889,9,0.0,4210,1.0543769986936407,18.794642857142858,0
30000,4843,170,1922.5,6,0.0,2524,1.0974920218215416,14.847058823529412,0
30000,4858,174,1693.8333333333333,6,0.0,2526,1.0484427325892214,14.517241379310345,0
30000,4904,155,1972.6,5,0.0,2460,1.286712662281938,15.870967741935484,0
30000,4920,148,1839.0,6,0.0,2007,1.1514200978368727,13.56081081081081,0
30000,4943,196,2213.8333333333335,6,0.0,1250,0.40889117211445664,6.377551020408164,0
30000,4977,109,2065.6,5,0.0,971,1.027013371479064,8.908256880733944,0
30000,4992,112,2964.2,5,0.0,1140,1.1420330437156774,10.178571428571429,0
38000,45,196,2540.0,7,0.0,2959,0.9679271826293419,15.096938775510203,0
38000,162,221,2028.75,8,0.0,2539,0.6532629346216896,11.48868778280543,0
38000,165,105,2102.8,5,0.0,950,1.0828165155230127,9.047619047619047,0
38000,224,64,3063.0,4,0.0,412,1.2640001692177683,6.4375,0
38000,262,111,2133.4,5,0.0,1087,1.1086474196744112,9.792792792792794,0
38000,277,187,2280.6666666666665,6,0.0,3165,1.1373663243000023,16.925133689839573,0
38000,308,193,2037.125,8,0.0,3332,1.1240878114055348,17.264248704663213,0
38000,336,166,2086.0,7,0.0,2227,1.0155794512330483,13.41566265060241,0
38000,370,189,2218.8571428571427,7,0.0,3214,1.1306602601984932,17.005291005291006,0
38000,374,52,2458.4,5,0.0,266,1.2361888252291198,5.115384615384615,0
38000,485,31,2401.0,4,0.0,82,1.072260551901615,2.6451612903225805,0
38000,504,114,1836.0,5,0.0,1229,1.1883709976182997,10.780701754385966,0
38000,552,152,2377.0,5,0.0,2198,1.1955021905454235,14.460526315789474,0
38000,563,229,2442.625,8,0.0,4643,1.1125962274264343,20.275109170305676,0
38000,582,117,2180.1666666666665,6,0.0,1156,1.0611969048286363,9.88034188034188,0
38000,717,197,1651.75,8,0.0,3573,1.1569389112088775,18.13705583756345,0
38000,775,200,2793.6666666666665,6,0.0,3112,0.9776636337971437,15.56,0
38000,877,122,2125.8,5,0.0,1520,1.2833165368063655,12.459016393442623,0
38000,903,269,1938.8333333333333,6,0.0,2391,0.4152263254920852,8.888475836431226,0
38000,943,78,2456.0,5,0.0,558,1.1525369498376756,7.153846153846154,0
38000,969,232,2071.125,8,0.0,4598,1.0735020081157751,19.81896551724138,0
38000,1245,179,2078.8333333333335,6,0.0,2710,1.0628527313415113,15.139664804469273,0
38000,1266,269,2109.714285714286,7,0.0,2422,0.42060985376069865,9.003717472118959,0
38000,1268,95,3354.0,4,0.0,720,1.0025248578768537,7.578947368421052,0
38000,1304,160,1917.2857142857142,7,0.0,2247,1.1029935457212914,14.04375,0
38000,1339,160,2485.2,5,0.0,2105,1.0332894587197679,13.15625,0
38000,1407,151,2066.3333333333335,6,0.0,2161,1.1909971886158577,14.311258278145695,0
38000,1429,71,2513.6,5,0.0,444,1.1068178045577213,6.253521126760563,0
38000,1582,220,2574.6666666666665,6,0.0,1741,0.4520258520578372,7.913636363636364,0
38000,1616,186,2285.875,8,0.0,2962,1.0758928708443714,15.924731182795698,0
38000,1711,140,2518.0,6,0.0,1610,1.0322375861795035,11.5,0
38000,1733,235,1909.0,6,0.0,2163,0.49218758965792464,9.204255319148936,0
38000,1803,151,2454.6,5,0.0,1876,1.0339244450917857,12.42384105960265,0
38000,1839,172,2503.5,6,0.0,2358,1.0016056621369296,13.709302325581396,0
38000,1842,139,1835.8333333333333,6,0.0,1643,1.0686065379324114,11.820143884892087,0
38000,1952,177,2150.8571428571427,7,0.0,2844,1.1407564246301345,16.06779661016949,0
38000,1972,137,2095.6666666666665,6,0.0,1718,1.150249065771701,12.540145985401459,0
38000,2010,165,2755.3333333333335,6,0.0,2287,1.0556212890739918,13.860606060606061,0
38000,2084,96,2533.8,5,0.0,782,1.0662870898902856,8.145833333333334,0
38000,2087,75,2397.4,5,0.0,493,1.1013725711785018,6.573333333333333,0
38000,2090,105,2374.0,5,0.0,854,0.9733950571122661,8.133333333333333,0
38000,2119,172,2431.2,5,0.0,2443,1.037711040118965,14.203488372093023,0
38000,2142,119,3079.0,5,0.0,1207,1.0710832096272525,10.142857142857142,0
38000,2147,205,1409.5,8,0.0,3665,1.0959131065229355,17.878048780487806,0
38000,2169,28,2293.75,4,0.0,75,1.2021400460165024,2.6785714285714284,0
38000,2170,128,1946.6666666666667,6,0.0,1487,1.1405147157929743,11.6171875,0
38000,2175,239,2147.125,8,0.0,3808,0.8377433745816727,15.93305439330544,0
38000,2198,179,2024.857142857143,7,0.0,2887,1.1322715259715657,16.12849162011173,0
38000,2270,192,1669.857142857143,7,0.0,3037,1.0352665895130426,15.817708333333334,0
38000,2281,295,2129.8333333333335,6,0.0,2705,0.390600775775255,9.169491525423728,0
38000,2320,144,1868.5,6,0.0,1861,1.1277978256810581,12.92361111111111,0
38000,2380,119,2828.2,5,0.0,1236,1.0968176032305583,10.38655462184874,0
38000,2403,133,2682.0,5,0.0,1683,1.1956131914730335,12.654135338345865,0
38000,2439,201,2313.3333333333335,6,0.0,3386,1.0531850919586188,16.845771144278608,0
38000,2521,137,2477.3333333333335,6,0.0,1857,1.2433134546787246,13.554744525547445,0
38000,2576,286,1891.5714285714287,7,0.0,2867,0.44045900229067125,10.024475524475525,0
38000,2585,129,2321.3333333333335,6,0.0,1540,1.1629235470292125,11.937984496124031,0
38000,2602,311,2261.6666666666665,6,0.0,2860,0.3715823860078704,9.196141479099678,0
38000,2623,142,2376.6666666666665,6,0.0,1659,1.0339024424331416,11.683098591549296,0
38000,2658,75,2266.4,5,0.0,518,1.1572231072423202,6.906666666666666,0
38000,2729,145,2848.0,6,0.0,1833,1.0955603964861051,12.641379310344828,0
38000,2744,185,1577.8333333333333,6,0.0,2787,1.0233009467412422,15.064864864864864,0
38000,2750,195,1500.857142857143,7,0.0,3198,1.0568639901307202,16.4,0
38000,2754,128,1864.4,5,0.0,1464,1.1228739367322893,11.4375,0
38000,2797,286,1916.142857142857,7,0.0,3428,0.5266457829970077,11.986013986013987,0
38000,2804,137,1489.6666666666667,6,0.0,1770,1.1850645206146164,12.91970802919708,0
38000,2837,131,1539.2,5,0.0,1477,1.081552904691364,11.274809160305344,0
38000,2873,216,1867.625,8,0.0,4056,1.0924468281001543,18.77777777777778,0
38000,2907,196,2263.285714285714,7,0.0,3243,1.0608272569337462,16.54591836734694,0
38000,2953,190,2342.714285714286,7,0.0,3403,1.1845805872760184,17.910526315789475,0
38000,2970,158,2162.0,6,0.0,2222,1.1185096741349976,14.063291139240507,0
38000,3006,162,2759.0,5,0.0,2063,0.987822838645899,12.734567901234568,0
38000,3050,103,1937.4,5,0.0,882,1.0447298408770658,8.563106796116505,0
38000,3099,85,2439.2,5,0.0,663,1.1531493034353122,7.8,0
38000,3100,103,2421.5,4,0.0,825,0.9772132865346703,8.009708737864077,0
38000,3129,325,1809.142857142857,7,0.0,3309,0.3936768791755219,10.181538461538462,0
38000,3131,90,1435.1666666666667,6,0.0,697,1.081328434346709,7.7444444444444445,0
38000,3137,199,1642.375,8,0.0,3219,1.0214678166617555,16.175879396984925,0
38000,3150,144,2268.0,6,0.0,2048,1.241123023640412,14.222222222222221,0
38000,3188,80,2486.25,4,0.0,576,1.1309733552923256,7.2,0
38000,3218,56,2357.0,5,0.0,282,1.1300116432555123,5.035714285714286,0
38000,3263,144,2067.3333333333335,6,0.0,1760,1.0665900984409793,12.222222222222221,0
38000,3309,160,2018.7142857142858,7,0.0,2251,1.104957041129785,14.06875,0
38000,3311,196,2367.3333333333335,6,0.0,1789,0.5852050455302104,9.127551020408163,0
38000,3323,147,1731.6666666666667,6,0.0,1823,1.0601366851763974,12.401360544217686,0
38000,3350,310,1921.375,8,0.0,2978,0.3894136492150012,9.606451612903227,0
38000,3469,181,2458.3333333333335,6,0.0,3001,1.151114990802841,16.58011049723757,0
38000,3478,159,2242.4285714285716,7,0.0,2167,1.0771458851040832,13.628930817610064,0
38000,3532,149,1893.8333333333333,6,0.0,1787,1.0114906665402388,11.993288590604028,0
38000,3605,75,2516.2,5,0.0,478,1.0678622495402106,6.373333333333333,0
38000,3614,188,2274.1428571428573,7,0.0,2998,1.065922903515414,15.946808510638299,0
38000,3619,212,2080.4285714285716,7,0.0,2595,0.7255636290553145,12.24056603773585,0
38000,3635,134,2296.6666666666665,6,0.0,1683,1.1778348041861488,12.559701492537313,0
38000,3655,143,2864.4,5,0.0,1700,1.0446882509858961,11.888111888111888,0
38000,3663,133,1796.5,6,0.0,1567,1.1132061028153555,11.781954887218046,0
38000,3692,92,2394.0,6,0.0,697,1.0348251793724415,7.576086956521739,0
38000,3792,179,2695.5714285714284,7,0.0,2721,1.0671668937196501,15.201117318435754,0
38000,3858,183,2174.8333333333335,6,0.0,1407,0.5279609261071802,7.688524590163935,0
38000,3992,299,2095.625,8,0.0,3024,0.4250590568094556,10.11371237458194,0
38000,4042,181,1967.1666666666667,6,0.0,2838,1.0885919173270455,15.679558011049723,0
38000,4253,117,1967.2,5,0.0,1163,1.0676228376433428,9.94017094017094,0
38000,4329,215,2673.125,8,0.0,3989,1.0844186561531366,18.553488372093025,0
38000,4352,315,2175.1666666666665,6,0.0,3582,0.45364312966122,11.371428571428572,0
38000,4362,148,2356.8,5,0.0,1888,1.0831495489367293,12.756756756756756,0
38000,4405,194,2507.5,6,0.0,3084,1.0297238541471911,15.896907216494846,0
38000,4477,328,1959.0,6,0.0,1913,0.22344834720096945,5.8323170731707314,0
38000,4490,267,2536.8333333333335,6,0.0,2601,0.4584877045259185,9.741573033707866,0
38000,4501,178,2140.0,7,0.0,2632,1.0438924206853093,14.786516853932584,0
38000,4539,142,2931.2,5,0.0,1462,0.9111304224456016,10.295774647887324,0
38000,4545,74,2594.6,5,0.0,498,1.142814566462905,6.72972972972973,0
38000,4591,135,1598.5,6,0.0,1662,1.1459702584946472,12.311111111111112,0
38000,4596,167,1917.6666666666667,6,0.0,2681,1.2080189184659522,16.05389221556886,0
38000,4647,143,2464.5,6,0.0,1899,1.1669782286013042,13.27972027972028,0
38000,4663,161,2208.0,6,0.0,2205,1.068972925607113,13.695652173913043,0
38000,4703,123,2680.4,5,0.0,1392,1.1562157376685813,11.317073170731707,0
38000,4773,191,1958.4285714285713,7,0.0,3282,1.130528997459686,17.18324607329843,0
38000,4777,124,2548.4,5,0.0,1346,1.1000477918136997,10.85483870967742,0
38000,4792,141,2045.6666666666667,6,0.0,1735,1.0966577644944,12.304964539007091,0
38000,4795,117,2692.2,5,0.0,1244,1.1419800602135153,10.632478632478632,0
38000,4809,232,1843.4285714285713,7,0.0,4657,1.0872768272716755,20.073275862068964,0
38000,4843,172,1931.8333333333333,6,0.0,2561,1.0878338001410843,14.88953488372093,0
38000,4858,172,2083.0,6,0.0,2537,1.0776393404755684,14.75,0
38000,4904,149,2049.4,5,0.0,2268,1.2837497659279584,15.221476510067115,0
38000,4920,151,2372.3333333333335,6,0.0,2099,1.1568269777439544,13.900662251655628,0
38000,4943,195,2749.0,6,0.0,1341,0.4431690465182288,6.876923076923077,0
38000,4977,91,2187.0,5,0.0,675,1.024308678262582,7.417582417582418,0
38000,4992,102,3220.0,5,0.0,907,1.0955111637085515,8.892156862745098,0
40000,45,195,2565.8571428571427,7,0.0,3010,0.9947343997165314,15.435897435897436,0
40000,162,219,2319.5714285714284,7,0.0,2605,0.6825419705678707,11.894977168949772,0
40000,165,101,2124.6,5,0.0,884,1.0889786906277334,8.752475247524753,0
40000,224,49,3136.5,4,0.0,241,1.2613474877386759,4.918367346938775,0
40000,262,108,2149.4,5,0.0,1019,1.0978336467791494,9.435185185185185,0
40000,277,186,2286.0,6,0.0,3160,1.147812785910943,16.989247311827956,0
40000,308,198,2017.875,8,0.0,3474,1.1135489111897705,17.545454545454547,0
40000,336,171,2090.8571428571427,7,0.0,2278,0.9789744625529289,13.321637426900585,0
40000,370,194,2223.285714285714,7,0.0,3290,1.0985056680104601,16.95876288659794,0
40000,374,35,2503.4,5,0.0,122,1.2515079305729135,3.4857142857142858,0
40000,504,112,1837.4,5,0.0,1176,1.1780972450961724,10.5,0
40000,552,151,2416.8,5,0.0,2156,1.1882415264487687,14.278145695364238,0
40000,563,231,2456.5,8,0.0,4727,1.1131956652625663,20.463203463203463,0
40000,582,121,2179.6666666666665,6,0.0,1175,1.0085025252286064,9.710743801652892,0
40000,717,197,1624.25,8,0.0,3650,1.181871543776211,18.527918781725887,0
40000,775,202,2805.8333333333335,6,0.0,3120,0.9608635505538824,15.445544554455445,0
40000,877,119,2148.8,5,0.0,1455,1.291156644579662,12.22689075630252,0
40000,903,271,1943.8333333333333,6,0.0,2409,0.4122000900041019,8.88929889298893,0
40000,943,71,2491.4,5,0.0,460,1.1467031308480895,6.47887323943662,0
40000,969,234,2057.875,8,0.0,4719,1.0829991768785328,20.166666666666668,0
40000,1245,180,2087.5,6,0.0,2698,1.0464218493068225,14.988888888888889,0
40000,1266,272,2099.4285714285716,7,0.0,2471,0.4197056361927108,9.084558823529411,0
40000,1268,87,3434.5,4,0.0,596,0.989504146671696,6.850574712643678,0
40000,1304,164,1885.857142857143,7,0.0,2319,1.0834850332651296,14.140243902439025,0
40000,1339,154,2545.2,5,0.0,2031,1.076163717227335,13.188311688311689,0
40000,1407,151,2072.0,6,0.0,2161,1.1909971886158577,14.311258278145695,0
40000,1429,60,2527.6,5,0.0,308,1.075122819228507,5.133333333333334,0
40000,1582,220,2604.0,6,0.0,1742,0.4522854878143322,7.918181818181818,0
40000,1616,189,2289.25,8,0.0,3095,1.0887969836074478,16.375661375661377,0
40000,1711,140,2544.5,6,0.0,1604,1.0283907380322506,11.457142857142857,0
40000,1733,235,1917.3333333333333,6,0.0,2169,0.49355288116876495,9.229787234042552,0
40000,1803,149,2487.8,5,0.0,1829,1.0352638103537195,12.275167785234899,0
40000,1839,175,2532.6666666666665,6,0.0,2378,0.9757658553778322,13.588571428571429,0
40000,1842,138,1832.0,6,0.0,1635,1.0788708230664381,11.847826086956522,0
40000,1952,177,2156.714285714286,7,0.0,2908,1.1664274552828522,16.429378531073446,0
40000,1972,137,2078.3333333333335,6,0.0,1742,1.166317737237662,12.715328467153284,0
40000,2010,164,2785.3333333333335,6,0.0,2284,1.0671323052943318,13.926829268292684,0
40000,2084,91,2573.0,5,0.0,709,1.0759034857602527,7.791208791208791,0
40000,2087,69,2427.2,5,0.0,408,1.076891243574573,5.913043478260869,0
40000,2090,97,2400.6,5,0.0,794,1.0604419457754473,8.185567010309278,0
40000,2119,169,2449.8,5,0.0,2389,1.0511207379890082,14.136094674556213,0
40000,2142,117,3117.2,5,0.0,1149,1.05477097201393,9.820512820512821,0
40000,2147,207,1391.0,8,0.0,3778,1.1079779733727497,18.2512077294686,0
40000,2170,127,1943.5,6,0.0,1486,1.1577671729764851,11.700787401574804,0
40000,2175,241,2140.625,8,0.0,3874,0.8381763358073627,16.074688796680498,0
40000,2198,182,2027.2857142857142,7,0.0,2947,1.1180139536443812,16.192307692307693,0
40000,2270,196,2126.5714285714284,7,0.0,3126,1.022555043223833,15.948979591836734,0
40000,2281,295,2136.8333333333335,6,0.0,2722,0.3930555680814211,9.227118644067797,0
40000,2320,145,1862.3333333333333,6,0.0,1912,1.142777674894399,13.186206896551724,0
40000,2380,115,2896.0,5,0.0,1183,1.1240844186606351,10.28695652173913,0
40000,2403,131,2700.6,5,0.0,1640,1.2009118237602145,12.51908396946565,0
40000,2439,203,2340.8333333333335,6,0.0,3389,1.033449732147425,16.694581280788178,0
40000,2521,138,2507.5,6,0.0,1849,1.2200808268194765,13.398550724637682,0
40000,2576,288,1895.5714285714287,7,0.0,2922,0.442695492563145,10.145833333333334,0
40000,2585,130,2325.8333333333335,6,0.0,1544,1.1480755164834653,11.876923076923077,0
40000,2602,307,2290.5,6,0.0,2871,0.382795043277119,9.351791530944626,0
40000,2623,145,2388.0,6,0.0,1660,0.9921605336426267,11.448275862068966,0
40000,2658,67,2311.2,5,0.0,418,1.1701365374921218,6.2388059701492535,0
40000,2729,146,2882.1666666666665,6,0.0,1859,1.0959318339319621,12.732876712328768,0
40000,2744,191,1553.1666666666667,6,0.0,2836,0.9768983049346952,14.848167539267015,0
40000,2750,202,1469.857142857143,7,0.0,3295,1.0147581407291801,16.31188118811881,0
40000,2754,126,1855.4,5,0.0,1429,1.1311000004988194,11.341269841269842,0
40000,2797,291,1898.5714285714287,7,0.0,3505,0.5201300055895525,12.0446735395189,0
40000,2804,137,1465.6666666666667,6,0.0,1780,1.1917598003921,12.992700729927007,0
40000,2837,131,1531.4,5,0.0,1449,1.06104953209058,11.061068702290076,0
40000,2873,219,1853.5,8,0.0,4159,1.0897090424536562,18.990867579908677,0
40000,2907,197,2276.714285714286,7,0.0,3306,1.0704841982805902,16.781725888324875,0
40000,2953,193,2359.0,7,0.0,3456,1.1659206111097022,17.906735751295336,0
40000,2970,151,2642.8,5,0.0,2166,1.1937528507829467,14.344370860927153,0
40000,3006,159,2798.4,5,0.0,2016,1.0020886499168582,12.679245283018869,0
40000,3050,102,1951.6,5,0.0,818,0.9880133758694544,8.019607843137255,0
40000,3099,79,2472.2,5,0.0,567,1.1416651399361721,7.177215189873418,0
40000,3100,94,2446.75,4,0.0,708,1.0069024892447143,7.531914893617022,0
40000,3129,329,1807.2857142857142,7,0.0,3371,0.3913603471975016,10.246200607902736,0
40000,3131,89,1412.8333333333333,6,0.0,651,1.0327871821673806,7.314606741573034,0
40000,3137,203,2007.75,8,0.0,3385,1.0322299626199567,16.67487684729064,0
40000,3150,144,2275.3333333333335,6,0.0,2050,1.242335057843186,14.23611111111111,0
40000,3188,68,2537.75,4,0.0,423,1.1495620177062997,6.220588235294118,0
40000,3218,37,2392.4,5,0.0,122,1.1198664827989913,3.2972972972972974,0
40000,3263,147,2062.1666666666665,6,0.0,1790,1.0409460594984923,12.17687074829932,0
40000,3309,163,2011.0,7,0.0,2315,1.0949282235779096,14.202453987730062,0
40000,3311,199,2836.6666666666665,6,0.0,1845,0.5854638464557126,9.271356783919598,0
40000,3323,148,1719.8333333333333,6,0.0,1833,1.0515959338988479,12.385135135135135,0
40000,3350,312,1899.375,8,0.0,3106,0.40096099531763224,9.955128205128204,0
40000,3469,181,2499.0,6,0.0,3023,1.1595536878363841,16.701657458563535,0
40000,3478,159,2250.5714285714284,7,0.0,2194,1.0905667152368983,13.79874213836478,0
40000,3532,158,1888.8333333333333,6,0.0,1808,0.9101104819244265,11.443037974683545,0
40000,3605,66,2546.0,5,0.0,356,1.0270036590247626,5.393939393939394,0
40000,3614,192,2296.4285714285716,7,0.0,3066,1.045152243479417,15.96875,0
40000,3619,217,2337.5714285714284,7,0.0,2691,0.7181316936702952,12.400921658986174,0
40000,3635,134,2302.5,6,0.0,1677,1.1736357496257703,12.514925373134329,0
40000,3655,140,2911.0,5,0.0,1659,1.0636535127154014,11.85,0
40000,3663,134,1784.1666666666667,6,0.0,1585,1.1092502463666345,11.828358208955224,0
40000,3692,86,2911.6,5,0.0,670,1.1383813293159337,7.790697674418604,0
40000,3792,183,2692.8571428571427,7,0.0,2790,1.0469161221315086,15.245901639344263,0
40000,3858,181,2184.3333333333335,6,0.0,1378,0.5285692960101016,7.613259668508287,0
40000,3992,302,2077.0,8,0.0,3121,0.43002108117423554,10.334437086092715,0
40000,4042,184,1961.6666666666667,6,0.0,2903,1.077509862165781,15.777173913043478,0
40000,4253,112,1991.4,5,0.0,1089,1.090942091759976,9.723214285714286,0
40000,4329,215,2684.125,8,0.0,4097,1.1137786999898223,19.05581395348837,0
40000,4352,314,2200.1666666666665,6,0.0,3583,0.456664630525061,11.410828025477707,0
40000,4362,146,2399.4,5,0.0,1850,1.0906260854083538,12.67123287671233,0
40000,4405,196,2557.6666666666665,6,0.0,3108,1.0166670103453848,15.857142857142858,0
40000,4477,327,1952.0,6,0.0,1909,0.22434701065951854,5.837920489296636,0
40000,4490,268,2557.5,6,0.0,2633,0.46067127739485,9.824626865671641,0
40000,4501,179,2135.1428571428573,7,0.0,2693,1.0561853894843873,15.044692737430168,0
40000,4539,139,2962.2,5,0.0,1431,0.9307218233604873,10.29496402877698,0
40000,4545,64,2636.0,5,0.0,383,1.175029283520401,5.984375,0
40000,4591,138,1574.3333333333333,6,0.0,1685,1.111863814597522,12.210144927536232,0
40000,4596,164,2336.0,5,0.0,2630,1.2287907018056448,16.036585365853657,0
40000,4647,140,2465.5,6,0.0,1872,1.200216621942876,13.371428571428572,0
40000,4663,161,2233.8333333333335,6,0.0,2210,1.071396900495111,13.726708074534162,0
40000,4703,121,2721.6,5,0.0,1339,1.149263728749876,11.066115702479339,0
40000,4773,193,1941.5714285714287,7,0.0,3378,1.139606430650629,17.502590673575128,0
40000,4777,122,2582.2,5,0.0,1304,1.1009505026286186,10.688524590163935,0
40000,4792,140,2057.1666666666665,6,0.0,1713,1.0982751460406768,12.235714285714286,0
40000,4795,114,2719.2,5,0.0,1192,1.1525941653059506,10.456140350877194,0
40000,4809,233,1847.4285714285713,7,0.0,4745,1.0983335218024697,20.36480686695279,0
40000,4843,175,1919.8333333333333,6,0.0,2598,1.066038558566698,14.845714285714285,0
40000,4858,172,2096.5,6,0.0,2535,1.076789802170109,14.738372093023257,0
40000,4904,148,2052.4,5,0.0,2261,1.297140429102725,15.277027027027026,0
40000,4920,149,2388.5,6,0.0,2111,1.194883490244233,14.167785234899329,0
40000,4943,194,2764.8333333333335,6,0.0,1351,0.4510884977149336,6.963917525773196,0
40000,4977,86,2215.8,5,0.0,585,0.9939598173877928,6.8023255813953485,0
40000,4992,98,3287.4,5,0.0,828,1.0833980496344642,8.448979591836734,0
50000,45,199,2623.285714285714,7,0.0,3211,1.0189292200375573,16.1356783919598,0
50000,162,222,2335.714285714286,7,0.0,2808,0.7159802103141092,12.64864864864865,0
50000,165,76,2181.2,5,0.0,518,1.1269702178389978,6.815789473684211,0
50000,262,85,2176.6,5,0.0,618,1.0748812511659471,7.270588235294118,0
50000,277,189,2862.0,6,0.0,3223,1.1338263903608414,17.052910052910054,0
50000,308,215,2539.285714285714,7,0.0,3996,1.0863216219573661,18.586046511627906,0
50000,336,175,2463.4285714285716,7,0.0,2507,1.028698485884031,14.325714285714286,0
50000,370,200,2781.8571428571427,7,0.0,3481,1.093588402714607,17.405,0
50000,504,99,1873.2,5,0.0,908,1.1641939106048493,9.171717171717171,0
50000,552,144,2545.8,5,0.0,1975,1.196883775239167,13.715277777777779,0
50000,563,236,2490.25,8,0.0,5094,1.1493301477582882,21.584745762711865,0
50000,582,105,2771.0,5,0.0,890,1.014428104016296,8.476190476190476,0
50000,717,201,1784.4285714285713,7,0.0,3848,1.196886070247125,19.144278606965173,0
50000,775,190,3544.0,5,0.0,2884,1.0039172535127936,15.178947368421053,0
50000,877,106,2270.2,5,0.0,1153,1.2895180952613141,10.877358490566039,0
50000,903,278,1862.3333333333333,6,0.0,2491,0.4050363490550269,8.96043165467626,0
50000,969,249,2801.8571428571427,7,0.0,5288,1.0717725167131387,21.23694779116466,0
50000,1245,179,2414.3333333333335,6,0.0,2808,1.1012879961649311,15.687150837988828,0
50000,1266,285,2622.0,7,0.0,2756,0.4263824858500939,9.670175438596491,0
50000,1304,167,2114.1666666666665,6,0.0,2445,1.101680811506622,14.640718562874252,0
50000,1339,151,2695.0,5,0.0,1894,1.0438448288933062,12.543046357615895,0
50000,1407,147,2532.6,5,0.0,1991,1.1578344159002782,13.54421768707483,0
50000,1582,220,2684.3333333333335,6,0.0,1739,0.4515065805448471,7.904545454545454,0
50000,1616,209,3397.5,8,0.0,3731,1.0733529168785987,17.851674641148325,0
50000,1711,138,2710.5,6,0.0,1560,1.0293813357698125,11.304347826086957,0
50000,1733,247,2790.1666666666665,6,0.0,2326,0.479099445147428,9.417004048582996,0
50000,1803,142,2583.2,5,0.0,1672,1.0420041493358727,11.774647887323944,0
50000,1839,163,3335.8,5,0.0,2167,1.0249284926537066,13.294478527607362,0
50000,1842,139,1803.1666666666667,6,0.0,1678,1.0913705238287195,12.071942446043165,0
50000,1952,182,2572.8333333333335,6,0.0,3105,1.1779549800019693,17.060439560439562,0
50000,1972,143,2560.6666666666665,6,0.0,1859,1.1423973285781066,13.0,0
50000,2010,168,2870.8333333333335,6,0.0,2342,1.042745180655796,13.94047619047619,0
50000,2090,63,2564.6,5,0.0,334,1.0574874742242288,5.301587301587301,0
50000,2119,161,2554.4,5,0.0,2162,1.0481267415703304,13.428571428571429,0
50000,2142,101,3314.2,5,0.0,859,1.0581817819561345,8.504950495049505,0
50000,2147,225,2065.1428571428573,7,0.0,4355,1.081018153590799,19.355555555555554,0
50000,2170,127,1917.6666666666667,6,0.0,1460,1.1375101430320784,11.496062992125983,0
50000,2175,256,2522.625,8,0.0,4276,0.8199127311248752,16.703125,0
50000,2198,186,2010.7142857142858,7,0.0,3207,1.1648846849418968,17.241935483870968,0
50000,2270,211,2226.75,8,0.0,3666,1.0347547151286074,17.37440758293839,0
50000,2281,285,2191.0,6,0.0,2754,0.4260730645976628,9.663157894736843,0
50000,2320,155,3215.0,5,0.0,2302,1.2040701416963504,14.851612903225806,0
50000,2380,104,3194.4,5,0.0,909,1.056104926816983,8.740384615384615,0
50000,2403,126,2754.2,5,0.0,1492,1.1809665505558002,11.841269841269842,0
50000,2439,205,2822.0,6,0.0,3411,1.0199616934105684,16.639024390243904,0
50000,2521,139,2536.5,6,0.0,1842,1.1980360577428495,13.251798561151078,0
50000,2576,306,2250.6666666666665,6,0.0,3193,0.42851490208518983,10.434640522875817,0
50000,2585,131,2374.6666666666665,6,0.0,1526,1.1174338067427363,11.648854961832061,0
50000,2602,298,2397.5,6,0.0,2953,0.41786960524528893,9.909395973154362,0
50000,2623,134,3002.6,5,0.0,1476,1.032967421853093,11.014925373134329,0
50000,2729,151,3028.6666666666665,6,0.0,1962,1.0813218343657163,12.993377483443709,0
50000,2744,198,2629.1666666666665,6,0.0,3087,0.9895007164199257,15.590909090909092,0
50000,2750,237,2788.25,8,0.0,4393,0.9828208817831873,18.535864978902953,0
50000,2754,130,2580.2,5,0.0,1401,1.0417446882081183,10.776923076923078,0
50000,2797,306,2742.3333333333335,6,0.0,3664,0.49172521178832934,11.973856209150327,0
50000,2804,140,1342.5,6,0.0,1850,1.1861115120696157,13.214285714285714,0
50000,2837,141,3650.2,5,0.0,1698,1.0732708265772282,12.042553191489361,0
50000,2873,236,2004.0,8,0.0,4720,1.0649466622338282,20.0,0
50000,2907,210,2587.0,7,0.0,3687,1.0506169717719336,17.557142857142857,0
50000,2953,200,2401.8571428571427,7,0.0,3705,1.1639600781550183,18.525,0
50000,2970,136,2891.2,5,0.0,1843,1.2521529542746515,13.551470588235293,0
50000,3006,154,2969.2,5,0.0,1855,0.9829067924454489,12.045454545454545,0
50000,3129,330,2108.0,6,0.0,3533,0.40768583453196466,10.706060606060607,0
50000,3137,222,1961.25,8,0.0,3924,1.0005364477466396,17.675675675675677,0
50000,3150,139,2753.2,5,0.0,2009,1.3066527904480916,14.453237410071942,0
50000,3263,147,2826.8333333333335,6,0.0,1783,1.0368753207183306,12.129251700680273,0
50000,3309,172,1980.7142857142858,7,0.0,2628,1.1162933333739828,15.279069767441861,0
50000,3311,212,2997.0,6,0.0,1881,0.5259287808296904,8.872641509433961,0
50000,3323,153,2276.5,6,0.0,1948,1.045721301925399,12.732026143790849,0
50000,3350,332,2815.5714285714284,7,0.0,3606,0.4111113045741325,10.86144578313253,0
50000,3469,187,3007.6666666666665,6,0.0,3102,1.1147268050485333,16.58823529411765,0
50000,3478,162,2566.3333333333335,6,0.0,2318,1.1099240620364488,14.308641975308642,0
50000,3532,199,3050.714285714286,7,0.0,2290,0.7266732836767381,11.507537688442211,0
50000,3614,195,2863.8333333333335,6,0.0,3183,1.0519068419593753,16.323076923076922,0
50000,3619,214,2764.8333333333335,6,0.0,2840,0.779292788557517,13.271028037383177,0
50000,3635,134,2343.5,6,0.0,1679,1.1750354344792298,12.529850746268657,0
50000,3655,129,3111.2,5,0.0,1451,1.095715627752849,11.248062015503876,0
50000,3663,140,2671.6666666666665,6,0.0,1724,1.1053277009773068,12.314285714285715,0
50000,3692,42,3163.4,5,0.0,166,1.1825496156369744,3.9523809523809526,0
50000,3792,192,2696.1428571428573,7,0.0,3067,1.045493128098947,15.973958333333334,0
50000,3858,146,2648.2,5,0.0,963,0.5677150920260782,6.595890410958904,0
50000,3992,321,1984.875,8,0.0,3609,0.4401357862134708,11.242990654205608,0
50000,4042,201,2326.714285714286,7,0.0,3374,1.0494525990160601,16.786069651741293,0
50000,4253,94,2090.6,5,0.0,786,1.1178324245004878,8.361702127659575,0
50000,4329,224,2728.875,8,0.0,4537,1.136272789328515,20.254464285714285,0
50000,4352,317,2326.3333333333335,6,0.0,3656,0.45719084642196794,11.533123028391167,0
50000,4362,138,2575.0,5,0.0,1672,1.1032856367994401,12.115942028985508,0
50000,4405,205,2705.1666666666665,6,0.0,3228,0.9652407934122882,15.746341463414634,0
50000,4477,330,2844.8333333333335,6,0.0,2042,0.23563387322792864,6.1878787878787875,0
50000,4490,276,3176.5,6,0.0,2805,0.4627267062234493,10.16304347826087,0
50000,4501,181,2530.5,6,0.0,2801,1.0743995632251775,15.475138121546962,0
50000,4539,117,4030.75,4,0.0,1016,0.9326782485345109,8.683760683760683,0
50000,4591,140,2423.6666666666665,6,0.0,1757,1.1264853657871974,12.55,0
50000,4596,160,2399.2,5,0.0,2439,1.1972413253289853,15.24375,0
50000,4647,130,2971.2,5,0.0,1747,1.2990206783009155,13.438461538461539,0
50000,4663,162,2265.1666666666665,6,0.0,2216,1.0610835726802288,13.679012345679013,0
50000,4703,109,2937.6,5,0.0,1069,1.1306666262730372,9.807339449541285,0
50000,4773,211,2483.4285714285716,7,0.0,3786,1.06862557323429,17.94312796208531,0
50000,4777,115,2651.6,5,0.0,1131,1.0746741145436842,9.834782608695653,0
50000,4792,121,2594.8,5,0.0,1345,1.1544135288787027,11.115702479338843,0
50000,4795,99,2864.0,5,0.0,904,1.1590653030691451,9.131313131313131,0
50000,4809,259,2211.6666666666665,9,0.0,5659,1.0601077996252077,21.84942084942085,0
50000,4843,184,2288.6666666666665,6,0.0,2676,0.9932540100432758,14.543478260869565,0
50000,4858,173,2135.8333333333335,6,0.0,2579,1.0828517429393667,14.907514450867051,0
50000,4904,160,2598.0,6,0.0,2379,1.167788894201581,14.86875,0
50000,4920,155,2888.3333333333335,6,0.0,2282,1.1936090631412126,14.72258064516129,0
50000,4943,192,3474.6,5,0.0,1271,0.4332643514228111,6.619791666666667,0
50000,4992,57,3915.75,4,0.0,275,1.0636355552320014,4.824561403508772,0
52000,45,198,2617.1428571428573,7,0.0,3247,1.0407867917769675,16.3989898989899,0
52000,162,221,2324.285714285714,7,0.0,2841,0.7309649457503821,12.855203619909503,0
52000,165,69,2195.6,5,0.0,429,1.1323194693467937,6.217391304347826,0
52000,262,78,2188.8,5,0.0,518,1.069917813648595,6.641025641025641,0
52000,277,188,2881.6666666666665,6,0.0,3217,1.1437871849930246,17.111702127659573,0
52000,308,216,2546.4285714285716,7,0.0,4031,1.085713304751411,18.662037037037038,0
52000,336,176,2462.4285714285716,7,0.0,2560,1.038543025980097,14.545454545454545,0
52000,370,207,3248.6666666666665,6,0.0,3591,1.0531362896721927,17.347826086956523,0
52000,504,94,1881.8,5,0.0,843,1.1988966079566301,8.96808510638298,0
52000,552,143,2548.0,5,0.0,1946,1.1958607861285613,13.608391608391608,0
52000,563,237,2501.375,8,0.0,5148,1.1517327337627699,21.72151898734177,0
52000,582,102,2796.6,5,0.0,819,0.9892212161822532,8.029411764705882,0
52000,717,203,1768.7142857142858,7,0.0,3900,1.1892752892814864,19.211822660098523,0
52000,775,189,3579.0,5,0.0,2848,1.0019043002630084,15.068783068783068,0
52000,877,104,2298.8,5,0.0,1089,1.2652346152955936,10.471153846153847,0
52000,903,278,1842.0,6,0.0,2503,0.40698754784613905,9.003597122302159,0
52000,969,254,3355.285714285714,7,0.0,5396,1.0510282075001876,21.244094488188978,0
52000,1245,181,2405.0,6,0.0,2833,1.0866740316376036,15.651933701657459,0
52000,1266,288,2634.5714285714284,7,0.0,2814,0.42633303082569823,9.770833333333334,0
52000,1304,166,2102.3333333333335,6,0.0,2460,1.1218345083220918,14.819277108433734,0
52000,1339,156,3435.3333333333335,6,0.0,1939,1.0012406566914216,12.429487179487179,0
52000,1407,145,2543.0,5,0.0,1930,1.1535360421266685,13.310344827586206,0
52000,1582,220,2690.8333333333335,6,0.0,1738,0.45124694478835214,7.9,0
52000,1616,212,3417.75,8,0.0,3838,1.0731072093696712,18.10377358490566,0
52000,1711,137,2743.5,6,0.0,1548,1.036429309554478,11.299270072992702,0
52000,1733,247,2806.5,6,0.0,2332,0.4803352992621677,9.441295546558704,0
52000,1803,141,2576.8,5,0.0,1659,1.048619729853723,11.76595744680851,0
52000,1839,161,3362.2,5,0.0,2123,1.029219737443946,13.186335403726709,0
52000,1842,140,1801.8333333333333,6,0.0,1687,1.0816054707359144,12.05,0
52000,1952,178,3104.8,5,0.0,3068,1.2168168490359155,17.235955056179776,0
52000,1972,142,2555.0,6,0.0,1858,1.1579208788672557,13.084507042253522,0
52000,2010,168,2875.3333333333335,6,0.0,2350,1.0463070770884373,13.988095238095237,0
52000,2090,46,2586.6,5,0.0,188,1.1164828334118737,4.086956521739131,0
52000,2119,160,2557.8,5,0.0,2134,1.0475248004313467,13.3375,0
52000,2142,98,3349.8,5,0.0,800,1.046761400613009,8.16326530612245,0
52000,2147,227,2048.4285714285716,7,0.0,4432,1.080831270989925,19.524229074889867,0
52000,2170,127,1910.6666666666667,6,0.0,1455,1.1336145603504615,11.456692913385826,0
52000,2175,261,2526.125,8,0.0,4355,0.8033725873891193,16.685823754789272,0
52000,2198,188,2005.4285714285713,7,0.0,3277,1.1651198648499042,17.430851063829788,0
52000,2270,226,3102.5,8,0.0,3923,0.96518662229092,17.358407079646017,0
52000,2281,288,2195.5,6,0.0,2780,0.4211818854639094,9.652777777777779,0
52000,2320,151,3247.6,5,0.0,2231,1.2295764589551035,14.774834437086092,0
52000,2380,101,3212.8,5,0.0,842,1.0372398840594474,8.336633663366337,0
52000,2403,126,2755.2,5,0.0,1471,1.1643443672034735,11.674603174603174,0
52000,2439,205,2847.8333333333335,6,0.0,3410,1.0196626720991024,16.634146341463413,0
52000,2521,138,2536.6666666666665,6,0.0,1825,1.2042441908845563,13.22463768115942,0
52000,2576,308,2261.5,6,0.0,3234,0.42839899821679,10.5,0
52000,2585,129,2387.0,6,0.0,1527,1.1531066599439008,11.837209302325581,0
52000,2602,297,2399.6666666666665,6,0.0,2974,0.42367996697733995,10.013468013468014,0
52000,2623,133,3019.8,5,0.0,1427,1.0137492716767789,10.729323308270677,0
52000,2729,152,3052.5,6,0.0,1988,1.081282236034714,13.078947368421053,0
52000,2744,197,2627.1666666666665,6,0.0,3105,1.0054003132671605,15.761421319796954,0
52000,2750,237,2795.125,8,0.0,4471,1.0002713777492898,18.864978902953588,0
52000,2754,128,2591.6,5,0.0,1365,1.04694188773195,10.6640625,0
52000,2797,309,2766.8333333333335,6,0.0,3666,0.4824867216748958,11.864077669902912,0
52000,2804,141,1311.1666666666667,6,0.0,1883,1.1902055161630865,13.354609929078014,0
52000,2837,140,3685.0,5,0.0,1676,1.0745529157992844,11.971428571428572,0
52000,2873,238,1983.625,8,0.0,4817,1.0686428791993527,20.23949579831933,0
52000,2907,213,2588.285714285714,7,0.0,3737,1.0350796135215725,17.544600938967136,0
52000,2953,202,2399.714285714286,7,0.0,3765,1.1595036114856947,18.638613861386137,0
52000,2970,134,2960.2,5,0.0,1786,1.2499185741393117,13.328358208955224,0
52000,3006,151,2998.0,5,0.0,1823,1.0047144261206427,12.072847682119205,0
52000,3129,331,2103.5,6,0.0,3560,0.40832302906251905,10.755287009063444,0
52000,3137,225,2248.8571428571427,7,0.0,4002,0.9933948681217858,17.786666666666665,0
52000,3150,137,2769.2,5,0.0,1954,1.3082576685203167,14.262773722627736,0
52000,3263,147,2839.0,6,0.0,1788,1.0397829912755887,12.16326530612245,0
52000,3309,173,1971.5714285714287,7,0.0,2689,1.1290377420565945,15.54335260115607,0
52000,3311,213,3017.6666666666665,6,0.0,1881,0.5210020746679364,8.830985915492958,0
52000,3323,153,2273.6666666666665,6,0.0,1962,1.053236752760592,12.823529411764707,0
52000,3350,334,2842.285714285714,7,0.0,3612,0.40687843467913276,10.81437125748503,0
52000,3469,188,3034.8333333333335,6,0.0,3105,1.103966182593516,16.51595744680851,0
52000,3478,157,2620.3333333333335,6,0.0,2261,1.152686273644614,14.401273885350319,0
52000,3532,200,3050.714285714286,7,0.0,2354,0.7395309106550373,11.77,0
52000,3614,195,2882.0,6,0.0,3168,1.0469496937880305,16.246153846153845,0
52000,3619,214,2789.6666666666665,6,0.0,2810,0.7710608224812053,13.130841121495328,0
52000,3635,134,2350.1666666666665,6,0.0,1683,1.1778348041861488,12.559701492537313,0
52000,3655,127,3125.2,5,0.0,1415,1.102449898897528,11.141732283464567,0
52000,3663,142,2694.0,6,0.0,1729,1.077527018063232,12.17605633802817,0
52000,3792,193,2686.8571428571427,7,0.0,3110,1.0491936054835573,16.1139896373057,0
52000,3858,139,2655.2,5,0.0,895,0.582107639348453,6.438848920863309,0
52000,3992,325,1967.5,8,0.0,3689,0.43888607049818684,11.350769230769231,0
52000,4042,202,2319.0,7,0.0,3432,1.0569499056092708,16.99009900990099,0
52000,4253,90,2102.6,5,0.0,713,1.1061508948195173,7.9222222222222225,0
52000,4329,226,2723.875,8,0.0,4627,1.1383937041397112,20.47345132743363,0
52000,4352,319,2333.0,6,0.0,3676,0.4539457982761993,11.523510971786834,0
52000,4362,136,2604.2,5,0.0,1628,1.1060797664455415,11.970588235294118,0
52000,4405,209,3632.8,5,0.0,3254,0.9361271486258269,15.569377990430622,0
52000,4477,330,2868.3333333333335,6,0.0,2055,0.23713399093212212,6.2272727272727275,0
52000,4490,273,3194.0,6,0.0,2820,0.4754815592922603,10.32967032967033,0
52000,4501,181,2543.1666666666665,6,0.0,2789,1.0697966375705177,15.408839779005525,0
52000,4539,111,4084.25,4,0.0,914,0.9322021541696521,8.234234234234235,0
52000,4591,139,2426.5,6,0.0,1771,1.1518576863531957,12.741007194244604,0
52000,4596,160,2394.0,5,0.0,2419,1.1874238482865171,15.11875,0
52000,4647,128,3002.2,5,0.0,1655,1.2693691019753681,12.9296875,0
52000,4663,161,2257.3333333333335,6,0.0,2214,1.0733360804055094,13.751552795031056,0
52000,4703,104,2982.2,5,0.0,1008,1.1711262554802189,9.692307692307692,0
52000,4773,213,2493.8571428571427,7,0.0,3827,1.0600079424530529,17.96713615023474,0
52000,4777,113,2655.0,5,0.0,1109,1.091401441876758,9.814159292035399,0
52000,4792,118,2612.6,5,0.0,1289,1.1633188539147494,10.923728813559322,0
52000,4795,96,2887.4,5,0.0,826,1.1262827829275908,8.604166666666666,0
52000,4809,262,2199.4444444444443,9,0.0,5838,1.068738296815874,22.282442748091604,0
52000,4843,184,2283.5,6,0.0,2676,0.9932540100432758,14.543478260869565,0
52000,4858,173,2152.3333333333335,6,0.0,2591,1.087890215570337,14.976878612716764,0
52000,4904,159,2618.0,6,0.0,2384,1.1850095939493006,14.9937106918239,0
52000,4920,156,2897.3333333333335,6,0.0,2307,1.1912646699263072,14.788461538461538,0
52000,4943,187,3527.2,5,0.0,1185,0.4258385763966833,6.336898395721925,0
58000,45,199,2608.0,7,0.0,3355,1.064623959273125,16.85929648241206,0
58000,162,227,2287.4285714285716,7,0.0,2960,0.7218548199752207,13.039647577092511,0
58000,277,187,2934.3333333333335,6,0.0,3236,1.1628807031389596,17.3048128342246,0
58000,308,218,2533.5714285714284,7,0.0,4134,1.093118763567057,18.96330275229358,0
58000,336,179,2455.714285714286,7,0.0,2721,1.0671668937196501,15.201117318435754,0
58000,370,206,3312.8333333333335,6,0.0,3618,1.0713811123280113,17.563106796116504,0
58000,504,82,1914.6,5,0.0,639,1.1942163626673872,7.7926829268292686,0
58000,552,138,2558.2,5,0.0,1856,1.2246998456338283,13.44927536231884,0
58000,563,241,2527.625,8,0.0,5362,1.160119130768993,22.24896265560166,0
58000,582,86,2881.6,5,0.0,555,0.9429875190602138,6.453488372093023,0
58000,717,218,2380.5714285714284,7,0.0,4267,1.1282868321578694,19.573394495412845,0
58000,775,184,3697.6,5,0.0,2736,1.0155242793267574,14.869565217391305,0
58000,877,94,2412.8,5,0.0,906,1.288493863355524,9.638297872340425,0
58000,903,283,1767.5,6,0.0,2570,0.40324604476149123,9.081272084805654,0
58000,969,251,3418.8571428571427,7,0.0,5566,1.1102112480678583,22.175298804780876,0
58000,1245,184,2388.0,6,0.0,2869,1.0648900429051413,15.592391304347826,0
58000,1266,292,2691.4285714285716,7,0.0,2964,0.4368399617770758,10.150684931506849,0
58000,1304,168,2066.6666666666665,6,0.0,2486,1.1068593164433427,14.797619047619047,0
58000,1339,159,3510.1666666666665,6,0.0,1992,0.9901590231321337,12.528301886792454,0
58000,1407,138,2572.6,5,0.0,1773,1.169931479692229,12.847826086956522,0
58000,1582,219,2742.6666666666665,6,0.0,1717,0.4498750723474218,7.840182648401827,0
58000,1616,218,3423.5,8,0.0,4135,1.093383185135409,18.96788990825688,0
58000,1711,137,2810.6666666666665,6,0.0,1488,0.9962576308895758,10.861313868613138,0
58000,1733,249,2851.0,6,0.0,2362,0.4787304622686145,9.485943775100402,0
58000,1803,139,2565.8,5,0.0,1616,1.051045748812402,11.62589928057554,0
58000,1839,155,3454.6,5,0.0,2001,1.0466309094415278,12.90967741935484,0
58000,1842,141,1856.0,6,0.0,1693,1.0701104295613943,12.00709219858156,0
58000,1952,170,3188.0,5,0.0,2904,1.2627245766124235,17.08235294117647,0
58000,1972,141,2533.8333333333335,6,0.0,1872,1.1832526427282517,13.27659574468085,0
58000,2010,167,2889.5,6,0.0,2368,1.0669857511851455,14.179640718562874,0
58000,2119,155,2576.6,5,0.0,2024,1.058661149779936,13.058064516129033,0
58000,2142,83,3476.2,5,0.0,556,1.0142113603692409,6.698795180722891,0
58000,2147,233,1979.2857142857142,7,0.0,4701,1.0881487641714245,20.175965665236053,0
58000,2170,115,2305.0,5,0.0,1281,1.217203837957966,11.139130434782608,0
58000,2175,267,2512.5,8,0.0,4586,0.8083908546543108,17.176029962546817,0
58000,2198,200,2289.0,7,0.0,3571,1.1218627365969152,17.855,0
58000,2270,232,3113.5,8,0.0,4233,0.9882849065580852,18.245689655172413,0
58000,2281,286,2208.5,6,0.0,2876,0.44184167791697615,10.055944055944057,0
58000,2320,146,3326.0,5,0.0,2057,1.2126583014513426,14.08904109589041,0
58000,2380,87,3284.4,5,0.0,569,0.9446776165372399,6.540229885057471,0
58000,2403,124,2748.2,5,0.0,1422,1.1621604457348298,11.46774193548387,0
58000,2439,204,2880.6666666666665,6,0.0,3412,1.0302877868174138,16.725490196078432,0
58000,2521,140,2516.0,6,0.0,1830,1.1732886849121065,13.071428571428571,0
58000,2576,324,2918.8333333333335,6,0.0,3423,0.40975734084887444,10.564814814814815,0
58000,2585,130,2426.3333333333335,6,0.0,1532,1.1391526497750444,11.784615384615385,0
58000,2602,294,2396.5,6,0.0,3075,0.44705434817847256,10.459183673469388,0
58000,2623,126,3071.2,5,0.0,1283,1.0155362495731177,10.182539682539682,0
58000,2729,153,3791.0,5,0.0,1979,1.062362657346183,12.934640522875817,0
58000,2744,200,2608.1666666666665,6,0.0,3204,1.0065662862101696,16.02,0
58000,2750,242,2819.5,8,0.0,4688,1.0059276251641929,19.371900826446282,0
58000,2754,122,2623.8,5,0.0,1251,1.0562032812794493,10.254098360655737,0
58000,2797,318,2826.6666666666665,6,0.0,3699,0.45966343204891597,11.632075471698114,0
58000,2804,157,2437.8333333333335,6,0.0,2274,1.1593138373586254,14.48407643312102,0
58000,2837,135,3778.6,5,0.0,1563,1.0777084921944244,11.577777777777778,0
58000,2873,245,1891.125,8,0.0,5109,1.0695807991463726,20.853061224489796,0
58000,2907,216,2601.0,7,0.0,3861,1.0399253459799547,17.875,0
58000,2953,208,2363.8571428571427,7,0.0,4000,1.161831602658947,19.23076923076923,0
58000,2970,127,3073.6,5,0.0,1613,1.2567149730895495,12.700787401574804,0
58000,3006,149,3093.6,5,0.0,1750,0.9905476588950295,11.74496644295302,0
58000,3129,343,2403.5714285714284,7,0.0,3746,0.4001192047649318,10.921282798833818,0
58000,3137,228,2264.1428571428573,7,0.0,4186,1.0119041895911722,18.359649122807017,0
58000,3150,131,2816.2,5,0.0,1790,1.310751319835844,13.664122137404581,0
58000,3263,146,2887.1666666666665,6,0.0,1745,1.028725685966258,11.952054794520548,0
58000,3309,183,2566.285714285714,7,0.0,2909,1.091569533792315,15.896174863387978,0
58000,3311,213,3042.3333333333335,6,0.0,1864,0.5162933903142123,8.751173708920188,0
58000,3323,157,2259.1666666666665,6,0.0,2002,1.0206448119577696,12.751592356687897,0
58000,3350,336,2839.5714285714284,7,0.0,3687,0.41039725459841153,10.973214285714286,0
58000,3469,188,3094.5,6,0.0,3120,1.109299352557736,16.595744680851062,0
58000,3478,153,2656.6666666666665,6,0.0,2159,1.1589898823700908,14.11111111111111,0
58000,3532,179,3626.1666666666665,6,0.0,2330,0.9138180310058012,13.016759776536313,0
58000,3614,194,2930.8333333333335,6,0.0,3150,1.0517607459674618,16.237113402061855,0
58000,3619,208,2851.5,6,0.0,2752,0.7993401426293556,13.23076923076923,0
58000,3635,133,2369.6666666666665,6,0.0,1689,1.199875627093258,12.699248120300751,0
58000,3655,120,3180.0,5,0.0,1284,1.1205013797803596,10.7,0
58000,3663,141,2740.5,6,0.0,1764,1.114988067186237,12.51063829787234,0
58000,3792,197,2661.8571428571427,7,0.0,3246,1.0510561729034469,16.477157360406093,0
58000,3858,115,2684.4,5,0.0,640,0.6081268199009354,5.565217391304348,0
58000,3992,337,1900.375,8,0.0,3940,0.4359596388149507,11.691394658753708,0
58000,4042,206,2290.5714285714284,7,0.0,3599,1.0657547327994783,17.47087378640777,0
58000,4253,71,2138.0,5,0.0,461,1.1491959637412374,6.492957746478873,0
58000,4329,230,2726.5,8,0.0,4869,1.1566287055068962,21.169565217391305,0
58000,4352,321,2353.8333333333335,6,0.0,3741,0.45623385320714727,11.654205607476635,0
58000,4362,132,2690.8,5,0.0,1520,1.096239860756769,11.515151515151516,0
58000,4405,200,3766.0,5,0.0,3141,0.9867742524925539,15.705,0
58000,4477,334,2920.3333333333335,6,0.0,2098,0.23633193686512194,6.281437125748503,0
58000,4490,271,3243.8333333333335,6,0.0,2876,0.49210770396504655,10.612546125461254,0
58000,4501,181,2579.0,6,0.0,2779,1.0659608661916344,15.353591160220995,0
58000,4539,85,4228.5,4,0.0,532,0.9253023068289384,6.258823529411765,0
58000,4591,140,2428.6666666666665,6,0.0,1805,1.1572601509652196,12.892857142857142,0
58000,4596,158,2335.2,5,0.0,2368,1.1920031090691605,14.987341772151899,0
58000,4647,119,3072.2,5,0.0,1440,1.2778457513365729,12.100840336134453,0
58000,4663,160,2242.3333333333335,6,0.0,2204,1.081885970079985,13.775,0
58000,4703,95,3099.4,5,0.0,834,1.161257960374022,8.778947368421052,0
58000,4773,214,2503.0,7,0.0,3922,1.0761923650431626,18.327102803738317,0
58000,4777,108,3508.2,5,0.0,980,1.0558164610829894,9.074074074074074,0
58000,4792,109,2668.6,5,0.0,1094,1.1571087831082345,10.036697247706423,0
58000,4795,80,2961.6,5,0.0,594,1.1663162726452108,7.425,0
58000,4809,271,2174.5555555555557,9,0.0,6272,1.07319176608789,23.14391143911439,0
58000,4843,177,2826.2,5,0.0,2534,1.0164123699060341,14.31638418079096,0
58000,4858,174,2126.1666666666665,6,0.0,2633,1.0928542022594696,15.132183908045977,0
58000,4904,159,2676.0,6,0.0,2417,1.2014128307782967,15.20125786163522,0
58000,4920,158,2938.1666666666665,6,0.0,2353,1.184452413699212,14.89240506329114,0
58000,4943,162,3668.4,5,0.0,932,0.44626800078428397,5.753086419753086,0
62000,45,201,2608.1428571428573,7,0.0,3430,1.066870899414667,17.064676616915424,0
62000,162,229,2268.5714285714284,7,0.0,3009,0.7210428706280725,13.139737991266376,0
62000,277,188,2963.6666666666665,6,0.0,3253,1.1565867929071523,17.3031914893617,0
62000,308,223,2525.1428571428573,7,0.0,4194,1.0598113446202893,18.807174887892376,0
62000,336,182,2453.714285714286,7,0.0,2821,1.0702128819921275,15.5,0
62000,370,207,3360.6666666666665,6,0.0,3643,1.0683863835354492,17.59903381642512,0
62000,504,70,1933.8,5,0.0,471,1.2079103182373818,6.728571428571429,0
62000,552,137,2557.8,5,0.0,1813,1.2138542236577963,13.233576642335766,0
62000,563,242,2543.625,8,0.0,5513,1.1829520045926187,22.78099173553719,0
62000,582,47,3676.25,4,0.0,173,0.9841476307307092,3.6808510638297873,0
62000,717,221,2378.285714285714,7,0.0,4369,1.1241062470902565,19.76923076923077,0
62000,775,183,3784.2,5,0.0,2669,1.001512232963798,14.584699453551913,0
62000,877,89,2449.6,5,0.0,774,1.2279220875538441,8.696629213483146,0
62000,903,289,1712.0,6,0.0,2648,0.3984117693373294,9.162629757785467,0
62000,969,251,3439.5714285714284,7,0.0,5751,1.1471119093852415,22.91235059760956,0
62000,1245,185,2375.0,6,0.0,2891,1.0614865579579946,15.627027027027028,0
62000,1266,297,2706.4285714285716,7,0.0,3086,0.43963563486619733,10.390572390572391,0
62000,1304,170,2034.3333333333333,6,0.0,2532,1.1009706019224021,14.894117647058824,0
62000,1339,161,3563.0,6,0.0,2018,0.9783162647959882,12.53416149068323,0
62000,1407,135,2584.4,5,0.0,1686,1.1625185654765193,12.488888888888889,0
62000,1582,218,2772.0,6,0.0,1717,0.4540118328603379,7.876146788990826,0
62000,1616,221,3443.375,8,0.0,4311,1.1091833442907064,19.506787330316744,0
62000,1711,135,3366.2,5,0.0,1425,0.9825557270486595,10.555555555555555,0
62000,1733,252,2870.8333333333335,6,0.0,2390,0.47294069300073105,9.484126984126984,0
62000,1803,140,2550.2,5,0.0,1605,1.029031879390126,11.464285714285714,0
62000,1839,151,3514.4,5,0.0,1915,1.0554186099950797,12.682119205298013,0
62000,1842,141,1846.8333333333333,6,0.0,1702,1.0757991441898955,12.070921985815604,0
62000,1952,167,3255.0,5,0.0,2809,1.2656938239354196,16.820359281437124,0
62000,1972,141,2521.1666666666665,6,0.0,1868,1.1807243251155843,13.24822695035461,0
62000,2010,168,2901.8333333333335,6,0.0,2376,1.0578832404945222,14.142857142857142,0
62000,2119,152,2584.0,5,0.0,1960,1.0660529087666195,12.894736842105264,0
62000,2142,64,4158.0,4,0.0,318,0.9756117810952678,4.96875,0
62000,2147,238,2175.5,8,0.0,5103,1.132091470324745,21.441176470588236,0
62000,2170,110,2314.0,5,0.0,1152,1.1964015659290717,10.472727272727273,0
62000,2175,272,2496.5,8,0.0,4764,0.8091775195556755,17.514705882352942,0
62000,2198,202,2282.8571428571427,7,0.0,3662,1.127782795553948,18.128712871287128,0
62000,2270,235,3139.75,8,0.0,4379,0.996435254328272,18.634042553191488,0
62000,2281,290,2209.0,6,0.0,2960,0.4422884306599661,10.206896551724139,0
62000,2320,143,3386.6,5,0.0,1949,1.1977043536303011,13.62937062937063,0
62000,2380,45,4184.5,4,0.0,166,1.0301321096215421,3.688888888888889,0
62000,2403,126,3166.6666666666665,6,0.0,1433,1.1342661306611674,11.373015873015873,0
62000,2439,204,2893.6666666666665,6,0.0,3440,1.0387426690070058,16.862745098039216,0
62000,2521,139,2510.3333333333335,6,0.0,1820,1.1837272666080272,13.093525179856115,0
62000,2576,334,2944.8333333333335,6,0.0,3511,0.3955011584048823,10.511976047904191,0
62000,2585,130,2470.6666666666665,6,0.0,1522,1.1317169275180272,11.707692307692307,0
62000,2602,298,2377.8333333333335,6,0.0,3215,0.45494438904964574,10.788590604026846,0
62000,2623,121,3108.8,5,0.0,1196,1.0265268256795008,9.884297520661157,0
62000,2729,148,3938.6,5,0.0,1863,1.068806996646783,12.587837837837839,0
62000,2744,202,2588.5,6,0.0,3274,1.0082907899081446,16.207920792079207,0
62000,2750,245,2863.375,8,0.0,4813,1.0076125242300824,19.644897959183673,0
62000,2754,116,2653.0,5,0.0,1161,1.084241697627155,10.008620689655173,0
62000,2797,326,2854.8333333333335,6,0.0,3744,0.44270100098009657,11.484662576687116,0
62000,2804,159,2448.1666666666665,6,0.0,2324,1.1551855269874893,14.616352201257861,0
62000,2837,130,3849.4,5,0.0,1486,1.1049483273927652,11.430769230769231,0
62000,2873,253,1769.4444444444443,9,0.0,5365,1.0532671709609112,21.205533596837945,0
62000,2907,217,2613.4285714285716,7,0.0,3943,1.0522457332374486,18.170506912442395,0
62000,2953,215,2620.125,8,0.0,4321,1.17467360572517,20.09767441860465,0
62000,2970,123,3146.6,5,0.0,1505,1.2500752048787465,12.235772357723578,0
62000,3006,148,3147.6,5,0.0,1703,0.9770146619911281,11.506756756756756,0
62000,3129,349,2396.714285714286,7,0.0,3814,0.3934954353672456,10.928366762177651,0
62000,3137,231,2260.1428571428573,7,0.0,4305,1.0138158110758089,18.636363636363637,0
62000,3150,126,2841.6,5,0.0,1683,1.3321492658079168,13.357142857142858,0
62000,3263,147,2950.5,6,0.0,1723,1.0019832740312302,11.72108843537415,0
62000,3309,188,2563.5714285714284,7,0.0,3030,1.0773003327724167,16.117021276595743,0
62000,3311,212,3059.6666666666665,6,0.0,1846,0.516142758857846,8.70754716981132,0
62000,3323,160,2244.1666666666665,6,0.0,2024,0.9935286766977721,12.65,0
62000,3350,338,2839.714285714286,7,0.0,3737,0.4110546460720933,11.05621301775148,0
62000,3469,189,3121.0,6,0.0,3136,1.1032204654581441,16.59259259259259,0
62000,3478,151,2683.8333333333335,6,0.0,2104,1.1595826399110434,13.933774834437086,0
62000,3532,160,3680.1666666666665,6,0.0,2283,1.120665004397734,14.26875,0
62000,3614,193,2959.5,6,0.0,3146,1.0613386118492836,16.300518134715027,0
62000,3619,206,2884.8333333333335,6,0.0,2731,0.8087180259170257,13.257281553398059,0
62000,3635,134,2384.5,6,0.0,1712,1.1981302345613112,12.776119402985074,0
62000,3655,116,3217.0,5,0.0,1193,1.1141260510501259,10.28448275862069,0
62000,3663,145,2756.5,6,0.0,1806,1.079422845637701,12.455172413793104,0
62000,3792,199,2649.714285714286,7,0.0,3330,1.0566908448225056,16.733668341708544,0
62000,3858,83,2716.2,5,0.0,427,0.778899731794363,5.144578313253012,0
62000,3992,344,1851.375,8,0.0,4110,0.4364503044298962,11.94767441860465,0
62000,4042,210,2273.8571428571427,7,0.0,3710,1.0571708612079938,17.666666666666668,0
62000,4253,49,2180.0,5,0.0,217,1.1357361196651146,4.428571428571429,0
62000,4329,234,2734.75,8,0.0,5012,1.1502419738324234,21.418803418803417,0
62000,4352,324,2367.8333333333335,6,0.0,3808,0.45584456732471923,11.753086419753087,0
62000,4362,128,2802.4,5,0.0,1438,1.102932186489776,11.234375,0
62000,4405,198,3853.6,5,0.0,3095,0.9920650201877778,15.631313131313131,0
62000,4477,339,2955.0,6,0.0,2117,0.23148951532442608,6.244837758112094,0
62000,4490,269,3274.6666666666665,6,0.0,2909,0.5051833462385931,10.814126394052044,0
62000,4501,180,2610.0,6,0.0,2775,1.07628637206317,15.416666666666666,0
62000,4539,47,4366.75,4,0.0,148,0.8419297650181791,3.148936170212766,0
62000,4591,141,2423.5,6,0.0,1841,1.1636581812300808,13.056737588652481,0
62000,4596,159,2304.0,5,0.0,2347,1.166618085989517,14.761006289308176,0
62000,4647,114,3115.4,5,0.0,1314,1.2705610177953182,11.526315789473685,0
62000,4663,161,2237.3333333333335,6,0.0,2192,1.0626705908983183,13.614906832298137,0
62000,4703,87,3163.6,5,0.0,700,1.162169299782193,8.045977011494253,0
62000,4773,216,2506.1428571428573,7,0.0,3986,1.0735929627236724,18.453703703703702,0
62000,4777,99,3565.4,5,0.0,838,1.0744432787300262,8.464646464646465,0
62000,4792,102,2703.2,5,0.0,964,1.1643580615380857,9.450980392156863,0
62000,4795,65,3024.4,5,0.0,382,1.1361783608722376,5.876923076923077,0
62000,4809,281,2166.4444444444443,9,0.0,6521,1.0377946426240316,23.206405693950177,0
62000,4843,175,2860.4,5,0.0,2471,1.01392658899858,14.12,0
62000,4858,176,2096.3333333333335,6,0.0,2697,1.094121305104813,15.323863636363637,0
62000,4904,159,2669.6666666666665,6,0.0,2460,1.2227867454342614,15.471698113207546,0
62000,4920,159,2980.1666666666665,6,0.0,2384,1.1850095939493006,14.9937106918239,0
62000,4943,144,3757.0,5,0.0,764,0.46299706545960684,5.305555555555555,0
70000,45,203,2619.5714285714284,7,0.0,3569,1.0883393608834937,17.58128078817734,0
70000,162,235,2230.8571428571427,7,0.0,3130,0.7122270714883514,13.319148936170214,0
70000,277,189,3022.5,6,0.0,3319,1.1675984454258865,17.56084656084656,0
70000,308,225,2508.285714285714,7,0.0,4302,1.0678622495402106,19.12,0
70000,336,176,2935.5,6,0.0,2766,1.1221132851019329,15.715909090909092,0
70000,370,210,3400.8333333333335,6,0.0,3688,1.0509019234865449,17.561904761904763,0
70000,552,133,2552.0,5,0.0,1723,1.2240294289411981,12.954887218045112,0
70000,563,243,2916.714285714286,7,0.0,5642,1.2006886315807965,23.218106995884774,0
70000,717,225,2383.285714285714,7,0.0,4574,1.135379342026249,20.32888888888889,0
70000,775,180,3964.8,5,0.0,2553,0.9901834622981164,14.183333333333334,0
70000,877,69,2520.6,5,0.0,454,1.1983054524089611,6.579710144927536,0
70000,903,320,2366.8571428571427,7,0.0,3069,0.37662296304168263,9.590625,0
70000,969,260,4000.4285714285716,7,0.0,6031,1.1211210233017777,23.196153846153845,0
70000,1245,187,2308.6666666666665,6,0.0,2936,1.0550734686081538,15.70053475935829,0
70000,1266,306,2747.1428571428573,7,0.0,3326,0.4463640978187728,10.869281045751634,0
70000,1304,173,2326.1666666666665,6,0.0,2573,1.0803325066238816,14.872832369942197,0
70000,1339,160,3659.5,6,0.0,2005,0.9842020735074274,12.53125,0
70000,1407,128,2608.8,5,0.0,1517,1.1635244276112588,11.8515625,0
70000,1582,218,2827.0,6,0.0,1705,0.45083877404011424,7.821100917431193,0
70000,1616,230,3425.75,8,0.0,4703,1.117195482028945,20.44782608695652,0
70000,1711,116,3606.4,5,0.0,1145,1.0692995209156697,9.870689655172415,0
70000,1733,256,2916.3333333333335,6,0.0,2454,0.47054860668392046,9.5859375,0
70000,1803,147,3400.6666666666665,6,0.0,1758,1.0223369679320387,11.959183673469388,0
70000,1839,145,3648.2,5,0.0,1763,1.0537223016939463,12.158620689655173,0
70000,1842,150,2117.1666666666665,6,0.0,1781,0.9946980472966083,11.873333333333333,0
70000,1952,164,3382.8,5,0.0,2679,1.2516845209647613,16.335365853658537,0
70000,1972,143,2485.3333333333335,6,0.0,1887,1.1596039585943447,13.195804195804195,0
70000,2010,168,2931.8333333333335,6,0.0,2389,1.0636713221975647,14.220238095238095,0
70000,2119,147,2602.4,5,0.0,1821,1.058973616953494,12.387755102040817,0
70000,2147,250,3109.0,8,0.0,5755,1.1571114061701926,23.02,0
70000,2170,101,2278.4,5,0.0,911,1.12223935199306,9.01980198019802,0
70000,2175,283,3136.285714285714,7,0.0,4872,0.7644415292132238,17.215547703180214,0
70000,2198,212,2245.4285714285716,7,0.0,3911,1.0935180551966608,18.44811320754717,0
70000,2270,243,3178.5,8,0.0,4643,0.9880888543831333,19.106995884773664,0
70000,2281,299,2444.0,6,0.0,3201,0.4499385055711202,10.705685618729097,0
70000,2320,118,4498.5,4,0.0,1494,1.3483307740485926,12.661016949152541,0
70000,2403,134,3920.3333333333335,6,0.0,1628,1.1393434707160133,12.149253731343284,0
70000,2439,208,2910.3333333333335,6,0.0,3515,1.0209595208365498,16.89903846153846,0
70000,2521,143,2485.6666666666665,6,0.0,1815,1.1153583385525894,12.692307692307692,0
70000,2576,348,2988.3333333333335,6,0.0,3743,0.3883928293825669,10.755747126436782,0
70000,2585,126,3042.0,5,0.0,1481,1.1722596926093434,11.753968253968255,0
70000,2602,312,3380.6666666666665,6,0.0,3475,0.44859609102664905,11.137820512820513,0
70000,2623,110,3157.6,5,0.0,984,1.0219263375644154,8.945454545454545,0
70000,2729,139,4089.2,5,0.0,1674,1.0887689254405701,12.043165467625899,0
70000,2744,208,3038.6666666666665,6,0.0,3481,1.0110839522139488,16.735576923076923,0
70000,2750,249,2891.125,8,0.0,5050,1.0235346462559285,20.281124497991968,0
70000,2754,106,2712.0,5,0.0,945,1.0568903729591863,8.915094339622641,0
70000,2797,341,3449.8333333333335,6,0.0,3867,0.41790279723881735,11.340175953079179,0
70000,2804,159,2487.5,6,0.0,2392,1.1889861362108753,15.044025157232705,0
70000,2837,123,3960.4,5,0.0,1313,1.090597172096873,10.674796747967479,0
70000,2873,262,2549.875,8,0.0,5876,1.075694798233997,22.427480916030536,0
70000,2907,221,2608.1428571428573,7,0.0,4092,1.0528365216510256,18.5158371040724,0
70000,2953,218,3855.1666666666665,6,0.0,4380,1.1581664693816425,20.091743119266056,0
70000,2970,113,3288.4,5,0.0,1265,1.2449259007881865,11.194690265486726,0
70000,3006,145,4031.5,4,0.0,1579,0.9437478810974141,10.889655172413793,0
70000,3129,360,2347.5714285714284,7,0.0,3927,0.38077266514342956,10.908333333333333,0
70000,3137,240,2209.0,7,0.0,4597,1.0029098214272416,19.154166666666665,0
70000,3150,109,3618.0,4,0.0,1305,1.3802805867972998,11.972477064220184,0
70000,3263,133,3724.8,5,0.0,1481,1.0521111922588011,11.135338345864662,0
70000,3309,201,2789.0,7,0.0,3294,1.0245693127323363,16.388059701492537,0
70000,3311,209,3059.8333333333335,6,0.0,1807,0.5198468830875443,8.645933014354068,0
70000,3323,154,2697.6,5,0.0,1913,1.0136391881122069,12.422077922077921,0
70000,3350,331,3391.8333333333335,6,0.0,3605,0.41348441566583743,10.891238670694865,0
70000,3469,190,3160.6666666666665,6,0.0,3178,1.1062583327543893,16.726315789473684,0
70000,3478,149,2689.5,6,0.0,2011,1.1382807668788024,13.496644295302014,0
70000,3532,150,3798.5,6,0.0,2185,1.2203342129944352,14.566666666666666,0
70000,3614,192,3024.6666666666665,6,0.0,3139,1.0700368207051172,16.348958333333332,0
70000,3619,200,2960.0,6,0.0,2692,0.8457167423463723,13.46,0
70000,3635,144,2761.8571428571427,7,0.0,1881,1.1399181677087966,13.0625,0
70000,3655,103,3301.0,5,0.0,978,1.1584419324011,9.495145631067961,0
70000,3663,157,3136.5714285714284,7,0.0,2058,1.0491943171873575,13.10828025477707,0
70000,3792,204,2629.4285714285716,7,0.0,3482,1.0514249922913936,17.068627450980394,0
70000,3992,351,2037.2857142857142,7,0.0,4318,0.4404313951412968,12.301994301994302,0
70000,4042,217,2256.1428571428573,7,0.0,3926,1.047709041006904,18.092165898617512,0
70000,4329,239,2743.125,8,0.0,5309,1.1679568213377365,22.213389121338913,0
70000,4352,340,2328.8333333333335,6,0.0,4051,0.4403664996433305,11.91470588235294,0
70000,4362,121,2955.2,5,0.0,1269,1.089182727246895,10.487603305785123,0
70000,4405,195,4012.2,5,0.0,3017,0.9970477355298257,15.471794871794872,0
70000,4477,353,3026.5,6,0.0,2137,0.21550878349786576,6.053824362606233,0
70000,4490,265,3343.8333333333335,6,0.0,3002,0.5371910941161444,11.328301886792453,0
70000,4501,179,2661.5,6,0.0,2753,1.0797171842742361,15.379888268156424,0
70000,4591,129,2988.8,5,0.0,1700,1.2837467726945853,13.178294573643411,0
70000,4596,158,2236.4,5,0.0,2308,1.1618003275893676,14.60759493670886,0
70000,4647,103,3192.4,5,0.0,1075,1.2733385248785098,10.436893203883495,0
70000,4663,151,2732.0,5,0.0,2012,1.108878456036606,13.324503311258278,0
70000,4703,59,3303.4,5,0.0,317,1.144366413315673,5.372881355932203,0
70000,4773,218,2517.1428571428573,7,0.0,4126,1.0910033910202412,18.926605504587155,0
70000,4777,75,3711.2,5,0.0,455,1.0164797563614976,6.066666666666666,0
70000,4792,85,2789.6,5,0.0,664,1.1548885934857427,7.811764705882353,0
70000,4809,336,2133.3333333333335,9,0.0,7077,0.7877356579313692,21.0625,0
70000,4843,172,2855.6,5,0.0,2401,1.0198707357043122,13.959302325581396,0
70000,4858,183,2375.0,6,0.0,2814,1.0559218522143603,15.37704918032787,0
70000,4904,169,3591.6666666666665,6,0.0,2556,1.124597993428173,15.124260355029586,0
70000,4920,162,3046.8333333333335,6,0.0,2414,1.1558915814305382,14.901234567901234,0
70000,4943,61,3967.2,5,0.0,306,1.0334075270072312,5.016393442622951,0
78000,45,195,3156.5,6,0.0,3510,1.1599726720946928,18.0,0
78000,162,242,2204.5714285714284,7,0.0,3218,0.6905023672735437,13.297520661157025,0
78000,277,192,3087.1666666666665,6,0.0,3416,1.1644618603149668,17.791666666666668,0
78000,308,230,2493.285714285714,7,0.0,4408,1.0471183680169232,19.16521739130435,0
78000,336,174,2960.5,6,0.0,2760,1.1455668812138762,15.862068965517242,0
78000,370,210,3434.0,6,0.0,3725,1.0614451369271636,17.738095238095237,0
78000,552,135,2514.6,5,0.0,1714,1.1818249236220368,12.696296296296296,0
78000,563,243,2903.285714285714,7,0.0,5754,1.224523641636991,23.679012345679013,0
78000,717,237,3026.0,7,0.0,4897,1.0955779326410808,20.662447257383967,0
78000,775,176,4131.2,5,0.0,2446,0.9922954068544206,13.897727272727273,0
78000,903,329,2287.714285714286,7,0.0,3356,0.38961890394387877,10.200607902735563,0
78000,969,261,4121.428571428572,7,0.0,6126,1.1300712905501138,23.471264367816094,0
78000,1245,193,2240.5,6,0.0,3030,1.0222047024486105,15.699481865284975,0
78000,1266,309,3310.5,6,0.0,3408,0.4485310276781355,11.029126213592233,0
78000,1304,173,2328.5,6,0.0,2593,1.0887299610088321,14.988439306358382,0
78000,1339,158,3741.8333333333335,6,0.0,1964,0.9886377137718881,12.430379746835444,0
78000,1407,121,2623.2,5,0.0,1349,1.1578467289645873,11.148760330578513,0
78000,1582,218,2840.3333333333335,6,0.0,1703,0.45030993090341026,7.8119266055045875,0
78000,1616,240,3385.75,8,0.0,5045,1.1006482595389242,21.020833333333332,0
78000,1711,101,3794.2,5,0.0,892,1.098833701402645,8.831683168316832,0
78000,1733,264,2904.0,6,0.0,2563,0.4621155860394077,9.708333333333334,0
78000,1803,148,3433.8333333333335,6,0.0,1823,1.0458589129828695,12.317567567567568,0
78000,1839,138,3730.8,5,0.0,1609,1.0617144674702745,11.659420289855072,0
78000,1842,141,2598.0,5,0.0,1669,1.054940523885391,11.836879432624114,0
78000,1952,160,3464.4,5,0.0,2571,1.2620366738092748,16.06875,0
78000,1972,145,2446.1666666666665,6,0.0,1895,1.132616994730589,13.068965517241379,0
78000,2010,169,2958.6666666666665,6,0.0,2406,1.058600458602576,14.236686390532544,0
78000,2119,141,2623.6,5,0.0,1662,1.0505159680632234,11.787234042553191,0
78000,2147,258,3064.5,8,0.0,6151,1.1612244704182932,23.84108527131783,0
78000,2170,46,3896.6666666666665,3,0.0,212,1.2590125568261552,4.608695652173913,0
78000,2175,287,3143.0,7,0.0,5055,0.7712003721738229,17.613240418118465,0
78000,2198,221,3532.5714285714284,7,0.0,4263,1.0968333557669407,19.289592760180994,0
78000,2270,249,3184.875,8,0.0,4910,0.9951594283399225,19.718875502008032,0
78000,2281,309,2860.8333333333335,6,0.0,3388,0.4458988033373014,10.964401294498382,0
78000,2320,99,4697.75,4,0.0,1076,1.379595427104425,10.868686868686869,0
78000,2403,137,3982.0,6,0.0,1667,1.1161031389065341,12.167883211678832,0
78000,2439,210,2926.3333333333335,6,0.0,3595,1.0244014140276922,17.11904761904762,0
78000,2521,148,2443.6666666666665,6,0.0,1815,1.0412692962500867,12.263513513513514,0
78000,2576,360,3606.285714285714,7,0.0,4203,0.40753438034067596,11.675,0
78000,2585,111,3169.8,5,0.0,1191,1.2147185619431682,10.72972972972973,0
78000,2602,317,3416.8333333333335,6,0.0,3607,0.4510632885787851,11.378548895899053,0
78000,2623,93,3222.6,5,0.0,692,1.005425883354902,7.440860215053763,0
78000,2729,133,4217.2,5,0.0,1511,1.0734233703599247,11.360902255639099,0
78000,2744,208,3077.5,6,0.0,3617,1.0505862267043529,17.389423076923077,0
78000,2750,254,2872.375,8,0.0,5280,1.0284338279468104,20.787401574803148,0
78000,2754,87,2695.6,5,0.0,658,1.0924391417952617,7.563218390804598,0
78000,2797,340,3621.6666666666665,6,0.0,3922,0.42634347361173597,11.535294117647059,0
78000,2804,178,3234.4285714285716,7,0.0,2748,1.0898998374024431,15.438202247191011,0
78000,2837,116,4040.4,5,0.0,1130,1.0552912302486523,9.741379310344827,0
78000,2873,269,2475.75,8,0.0,6230,1.0819155197890804,23.159851301115243,0
78000,2907,225,2606.5714285714284,7,0.0,4237,1.0517276502328852,18.83111111111111,0
78000,2953,216,3976.6666666666665,6,0.0,4355,1.1729797673511273,20.162037037037038,0
78000,2970,102,3419.6,5,0.0,1005,1.2138795143628383,9.852941176470589,0
78000,3006,126,4255.25,4,0.0,1207,0.955379776488506,9.579365079365079,0
78000,3129,358,2724.8333333333335,6,0.0,3918,0.38415654994428416,10.94413407821229,0
78000,3137,253,2145.5714285714284,7,0.0,4895,0.9609958624144753,19.347826086956523,0
78000,3150,86,3768.25,4,0.0,821,1.3949418975647485,9.546511627906977,0
78000,3263,120,3894.2,5,0.0,1201,1.0480702158225947,10.008333333333333,0
78000,3309,202,2845.1428571428573,7,0.0,3533,1.0880547833675853,17.49009900990099,0
78000,3311,205,3087.1666666666665,6,0.0,1757,0.5253804442457839,8.570731707317073,0
78000,3323,146,2717.6,5,0.0,1775,1.0464115143782853,12.157534246575343,0
78000,3350,326,3448.1666666666665,6,0.0,3555,0.42035311391138974,10.904907975460123,0
78000,3469,191,3186.8333333333335,6,0.0,3196,1.1009051419503828,16.732984293193716,0
78000,3478,147,2681.1666666666665,6,0.0,1926,1.1200346986559195,13.10204081632653,0
78000,3532,150,3931.8333333333335,6,0.0,2110,1.1784463109465713,14.066666666666666,0
78000,3614,192,3014.6666666666665,6,0.0,3150,1.073786551519949,16.40625,0
78000,3619,197,3034.5,6,0.0,2665,0.8629281271681104,13.527918781725889,0
78000,3635,153,2750.714285714286,7,0.0,2130,1.1434221627829055,13.92156862745098,0
78000,3655,88,3394.2,5,0.0,706,1.1456427755342944,8.022727272727273,0
78000,3663,162,3160.8571428571427,7,0.0,2254,1.0792790491070559,13.91358024691358,0
78000,3792,210,2599.4285714285716,7,0.0,3657,1.042068420333594,17.414285714285715,0
78000,3992,363,2932.1428571428573,7,0.0,4679,0.44622064449594795,12.889807162534435,0
78000,4042,225,2204.1428571428573,7,0.0,4215,1.0462667089288673,18.733333333333334,0
78000,4329,247,2732.625,8,0.0,5604,1.15428774316689,22.68825910931174,0
78000,4352,367,4070.1428571428573,7,0.0,4581,0.4274034537666726,12.482288828337875,0
78000,4362,109,3034.2,5,0.0,1067,1.1285512537262214,9.788990825688073,0
78000,4405,191,4123.2,5,0.0,2953,1.0172005269647937,15.460732984293193,0
78000,4477,309,3771.4,5,0.0,1887,0.24835036655770004,6.106796116504855,0
78000,4490,263,4147.666666666667,6,0.0,3097,0.5626516183936496,11.775665399239545,0
78000,4501,179,2671.0,6,0.0,2745,1.0765796116355897,15.335195530726256,0
78000,4591,122,3080.8,5,0.0,1545,1.304423716688049,12.663934426229508,0
78000,4596,160,2153.0,5,0.0,2330,1.143736075447534,14.5625,0
78000,4647,90,3279.4,5,0.0,807,1.2519828500972658,8.966666666666667,0
78000,4663,141,2810.4,5,0.0,1759,1.111827670170403,12.47517730496454,0
78000,4773,221,2532.714285714286,7,0.0,4271,1.0988916871875682,19.32579185520362,0
78000,4792,50,2906.8,5,0.0,218,1.0957875175721197,4.36,0
78000,4809,369,2578.4444444444443,9,0.0,7647,0.7057456693767274,20.723577235772357,0
78000,4843,170,3665.0,5,0.0,2377,1.0335731124682266,13.98235294117647,0
78000,4858,183,2372.1666666666665,6,0.0,2885,1.0825638037094631,15.765027322404372,0
78000,4904,170,3675.1666666666665,6,0.0,2547,1.107492939611516,14.98235294117647,0
78000,4920,165,3122.1666666666665,6,0.0,2444,1.128088513553492,14.812121212121212,0
86000,45,193,3199.5,6,0.0,3521,1.1878490948255964,18.243523316062177,0
86000,162,250,2173.1428571428573,7,0.0,3334,0.6703404740523756,13.336,0
86000,277,195,3110.1666666666665,6,0.0,3571,1.1801317413248285,18.31282051282051,0
86000,308,236,2466.0,7,0.0,4533,1.0227549194715981,19.20762711864407,0
86000,336,173,2954.3333333333335,6,0.0,2780,1.1672461595081192,16.069364161849713,0
86000,370,212,3501.8333333333335,6,0.0,3778,1.0563311717036525,17.82075471698113,0
86000,552,150,3661.6666666666665,6,0.0,1931,1.0784738513923362,12.873333333333333,0
86000,563,246,2893.4285714285716,7,0.0,5884,1.2218343032402899,23.91869918699187,0
86000,717,244,3059.1428571428573,7,0.0,5102,1.0768883175634993,20.90983606557377,0
86000,775,172,4322.8,5,0.0,2336,0.9922607407768735,13.581395348837209,0
86000,903,336,2207.285714285714,7,0.0,3634,0.4044978636318491,10.81547619047619,0
86000,969,263,4254.285714285715,7,0.0,6224,1.130753526923499,23.665399239543728,0
86000,1245,200,2165.3333333333335,6,0.0,3144,0.9877167302886309,15.72,0
86000,1266,316,3214.4285714285716,7,0.0,3579,0.45039897881741187,11.325949367088608,0
86000,1304,173,2288.8333333333335,6,0.0,2630,1.1042652516209903,15.202312138728324,0
86000,1339,156,3827.8333333333335,6,0.0,1911,0.9867823078583325,12.25,0
86000,1407,115,2628.8,5,0.0,1191,1.131686003909397,10.356521739130434,0
86000,1582,221,2854.6666666666665,6,0.0,1691,0.4350798040351623,7.65158371040724,0
86000,1616,251,3348.25,8,0.0,5403,1.0776987735017318,21.52589641434263,0
86000,1711,81,4004.2,5,0.0,582,1.1147123453066663,7.185185185185185,0
86000,1733,276,2951.4285714285716,7,0.0,2781,0.45876754723971935,10.076086956521738,0
86000,1803,151,3415.6666666666665,6,0.0,1847,1.0179416045226697,12.2317880794702,0
86000,1839,130,3833.6,5,0.0,1435,1.067026143881977,11.038461538461538,0
86000,1842,132,2671.6,5,0.0,1456,1.0500823929354313,11.030303030303031,0
86000,1952,157,3556.8,5,0.0,2475,1.2617861686291107,15.764331210191083,0
86000,1972,136,2977.6,5,0.0,1682,1.1427679159468063,12.367647058823529,0
86000,2010,171,2999.1666666666665,6,0.0,2416,1.0382802026022284,14.128654970760234,0
86000,2119,130,2646.4,5,0.0,1461,1.086359021750222,11.238461538461538,0
86000,2147,267,3026.375,8,0.0,6521,1.1494803234192674,24.423220973782772,0
86000,2175,296,3111.714285714286,7,0.0,5318,0.7627369307793335,17.966216216216218,0
86000,2198,223,4257.5,6,0.0,4275,1.0802798040657455,19.170403587443946,0
86000,2270,256,3184.625,8,0.0,5134,0.9844321706256102,20.0546875,0
86000,2281,307,2862.6666666666665,6,0.0,3462,0.46159402292768575,11.276872964169382,0
86000,2320,74,4911.5,4,0.0,605,1.3883590616667822,8.175675675675675,0
86000,2403,138,4064.3333333333335,6,0.0,1676,1.1059250761219268,12.144927536231885,0
86000,2439,215,2932.1666666666665,6,0.0,3709,1.0083000239839517,17.251162790697673,0
86000,2521,140,2968.6,5,0.0,1618,1.0373667170425072,11.557142857142857,0
86000,2576,367,3660.1428571428573,7,0.0,4399,0.4104230065748948,11.986376021798366,0
86000,2585,99,3261.8,5,0.0,909,1.1654760624887754,9.181818181818182,0
86000,2602,324,3465.6666666666665,6,0.0,3733,0.4468665361930612,11.521604938271604,0
86000,2729,123,4327.0,5,0.0,1326,1.1013951638998123,10.78048780487805,0
86000,2744,212,3102.5,6,0.0,3772,1.0546535679370506,17.79245283018868,0
86000,2750,263,2847.75,8,0.0,5543,1.0070319408317727,21.076045627376427,0
86000,2754,43,2999.5,4,0.0,166,1.128186869650418,3.86046511627907,0
86000,2797,341,3790.8333333333335,6,0.0,3984,0.43054686945938664,11.683284457478006,0
86000,2804,182,3804.0,6,0.0,2882,1.093354670649171,15.835164835164836,0
86000,2837,103,4139.8,5,0.0,909,1.0767113666182004,8.825242718446601,0
86000,2873,278,2380.5,8,0.0,6673,1.0850291277576052,24.003597122302157,0
86000,2907,229,2617.5714285714284,7,0.0,4376,1.0486153545591377,19.109170305676855,0
86000,2953,217,4099.833333333333,6,0.0,4365,1.1648624462544923,20.11520737327189,0
86000,2970,86,3513.2,5,0.0,691,1.174061938145239,8.034883720930232,0
86000,3006,104,4481.5,4,0.0,849,0.9863950306574462,8.163461538461538,0
86000,3129,354,2729.1666666666665,6,0.0,3933,0.3943912638950703,11.110169491525424,0
86000,3137,264,2344.714285714286,7,0.0,5215,0.9402781042510774,19.75378787878788,0
86000,3150,42,3948.25,4,0.0,204,1.4532537445177274,4.857142857142857,0
86000,3263,104,4056.8,5,0.0,912,1.0595904216249596,8.76923076923077,0
86000,3309,203,2834.1428571428573,7,0.0,3765,1.1481080677294349,18.54679802955665,0
86000,3311,199,3151.5,6,0.0,1709,0.5423077038443429,8.587939698492463,0
86000,3323,141,2743.8,5,0.0,1644,1.039138538806221,11.659574468085106,0
86000,3350,325,3510.8333333333335,6,0.0,3526,0.41949370685188586,10.849230769230768,0
86000,3469,191,3219.5,6,0.0,3220,1.1091722644180952,16.858638743455497,0
86000,3478,142,3200.8,5,0.0,1801,1.1223980101398965,12.683098591549296,0
86000,3532,148,4040.1666666666665,6,0.0,2037,1.168631160584808,13.763513513513514,0
86000,3614,198,2992.1666666666665,6,0.0,3225,1.0337349564153742,16.28787878787879,0
86000,3619,184,3741.4,5,0.0,2510,0.9316395983589769,13.641304347826088,0
86000,3635,158,2732.285714285714,7,0.0,2340,1.1779084777119238,14.810126582278482,0
86000,3655,59,3469.6,5,0.0,307,1.1082665264602891,5.203389830508475,0
86000,3663,169,3218.5714285714284,7,0.0,2435,1.0713599820021913,14.408284023668639,0
86000,3792,218,2555.1428571428573,7,0.0,3853,1.0188163028601525,17.674311926605505,0
86000,3992,360,3467.6666666666665,6,0.0,4764,0.4619304753611659,13.233333333333333,0
86000,4042,236,2427.5714285714284,7,0.0,4546,1.025688035278598,19.26271186440678,0
86000,4329,252,2724.375,8,0.0,5937,1.174832173366251,23.55952380952381,0
86000,4352,390,4160.857142857143,7,0.0,4819,0.39814161729517983,12.356410256410257,0
86000,4362,96,3107.6,5,0.0,814,1.109920321190144,8.479166666666666,0
86000,4405,190,4229.4,5,0.0,2888,1.0053096491487337,15.2,0
86000,4477,273,4861.25,4,0.0,1614,0.2721373179779107,5.912087912087912,0
86000,4490,255,4299.5,6,0.0,3107,0.6004415762985613,12.184313725490195,0
86000,4501,179,2682.6666666666665,6,0.0,2747,1.0773640047952513,15.346368715083798,0
86000,4591,120,3617.6,5,0.0,1506,1.31423292675173,12.55,0
86000,4596,174,3261.6666666666665,6,0.0,2617,1.086213234832143,15.040229885057471,0
86000,4647,71,3374.4,5,0.0,485,1.20902395317679,6.830985915492958,0
86000,4663,133,2888.8,5,0.0,1531,1.0876314890940073,11.511278195488721,0
86000,4773,226,2499.5714285714284,7,0.0,4447,1.0941078025306452,19.67699115044248,0
86000,4809,385,2819.222222222222,9,0.0,8266,0.7007834002246106,21.47012987012987,0
86000,4843,164,3746.6,5,0.0,2248,1.0503123565243686,13.707317073170731,0
86000,4858,188,2366.1666666666665,6,0.0,2969,1.0556121082512557,15.792553191489361,0
86000,4904,171,3723.6666666666665,6,0.0,2519,1.0825446317694591,14.730994152046783,0
86000,4920,170,3194.1666666666665,6,0.0,2477,1.077055363728985,14.570588235294117,0
90000,45,193,3203.6666666666665,6,0.0,3539,1.1939215980084597,18.33678756476684,0
90000,162,252,2163.5714285714284,7,0.0,3375,0.6678555811202792,13.392857142857142,0
90000,277,208,3858.1428571428573,7,0.0,3777,1.097059490810711,18.158653846153847,0
90000,308,244,2973.5714285714284,7,0.0,4613,0.9736742079420664,18.90573770491803,0
90000,336,173,2957.6666666666665,6,0.0,2800,1.1756436138930697,16.184971098265898,0
90000,370,212,3512.8333333333335,6,0.0,3803,1.0633211873978268,17.93867924528302,0
90000,552,151,3704.3333333333335,6,0.0,1973,1.087384291133312,13.066225165562914,0
90000,563,247,2884.1428571428573,7,0.0,5948,1.2251433790786337,24.08097165991903,0
90000,717,246,3065.8571428571427,7,0.0,5207,1.0812527561135603,21.166666666666668,0
90000,775,171,4438.6,5,0.0,2283,0.9811232212503673,13.350877192982455,0
90000,903,340,2158.8571428571427,7,0.0,3797,0.4127552700927489,11.16764705882353,0
90000,969,263,4311.0,7,0.0,6260,1.137293875086938,23.802281368821294,0
90000,1245,205,2108.0,6,0.0,3253,0.9727163261989384,15.86829268292683,0
90000,1266,324,3357.714285714286,7,0.0,3773,0.45165481946327884,11.645061728395062,0
90000,1304,173,2262.0,6,0.0,2662,1.117701178636911,15.38728323699422,0
90000,1339,155,3878.0,6,0.0,1900,0.9938024627380824,12.258064516129032,0
90000,1407,115,3390.6,5,0.0,1110,1.0547199532656848,9.652173913043478,0
90000,1582,217,2865.5,6,0.0,1680,0.4483319380773304,7.741935483870968,0
90000,1616,252,3840.285714285714,7,0.0,5464,1.0812334504418386,21.682539682539684,0
90000,1711,63,4123.4,5,0.0,354,1.1208100774711887,5.619047619047619,0
90000,1733,281,3413.1666666666665,6,0.0,2923,0.4651853612007429,10.402135231316725,0
90000,1803,147,4131.6,5,0.0,1732,1.0072170810342953,11.782312925170068,0
90000,1839,125,3915.0,5,0.0,1347,1.0833216779226755,10.776,0
90000,1842,129,2703.0,5,0.0,1360,1.0269974181556683,10.542635658914728,0
90000,1952,156,3596.0,5,0.0,2436,1.2578763484787534,15.615384615384615,0
90000,1972,133,3765.5,4,0.0,1561,1.1089436671951307,11.736842105263158,0
90000,2010,171,3004.3333333333335,6,0.0,2429,1.0438669752155683,14.2046783625731,0
90000,2119,127,2643.0,5,0.0,1352,1.0533655571091576,10.645669291338583,0
90000,2147,274,3000.125,8,0.0,6747,1.1293263164670646,24.624087591240876,0
90000,2175,300,3553.4285714285716,7,0.0,5483,0.7655712230947928,18.276666666666667,0
90000,2198,222,4338.833333333333,6,0.0,4259,1.0859543147178743,19.184684684684683,0
90000,2270,261,3171.75,8,0.0,5245,0.9675520598980323,20.095785440613028,0
90000,2281,308,2831.5,6,0.0,3516,0.46575475501862507,11.415584415584416,0
90000,2320,52,5050.0,4,0.0,279,1.296604068567385,5.365384615384615,0
90000,2403,141,4103.666666666667,6,0.0,1654,1.045459332837889,11.73049645390071,0
90000,2439,224,3530.5,6,0.0,3824,0.9577049033264803,17.071428571428573,0
90000,2521,136,2994.0,5,0.0,1511,1.0265887758594674,11.110294117647058,0
90000,2576,365,3693.285714285714,7,0.0,4471,0.4217244737609297,12.24931506849315,0
90000,2585,91,3324.6,5,0.0,746,1.132050776272424,8.197802197802197,0
90000,2602,325,3491.3333333333335,6,0.0,3803,0.4524488278949863,11.701538461538462,0
90000,2729,121,4384.4,5,0.0,1239,1.0634337266027605,10.239669421487603,0
90000,2744,215,3116.5,6,0.0,3868,1.0515245329657388,17.990697674418605,0
90000,2750,271,2819.25,8,0.0,5706,0.9763444224007495,21.055350553505534,0
90000,2797,342,3860.6666666666665,6,0.0,4019,0.4317930602502438,11.751461988304094,0
90000,2804,183,3833.3333333333335,6,0.0,2901,1.0885676237646977,15.852459016393443,0
90000,2837,98,4171.4,5,0.0,775,1.0140501068438523,7.908163265306122,0
90000,2873,285,2313.875,8,0.0,6972,1.078642485974911,24.46315789473684,0
90000,2907,230,2617.285714285714,7,0.0,4450,1.057095448655923,19.347826086956523,0
90000,2953,216,4178.333333333333,6,0.0,4366,1.1759425176245746,20.212962962962962,0
90000,2970,73,3566.0,5,0.0,493,1.1625484542839317,6.7534246575342465,0
90000,3006,90,4603.75,4,0.0,641,0.9944498226918802,7.122222222222222,0
90000,3129,358,2728.5,6,0.0,3972,0.3894512037720002,11.094972067039107,0
90000,3137,268,2310.714285714286,7,0.0,5392,0.9433875912316866,20.119402985074625,0
90000,3263,94,4153.0,5,0.0,721,1.025390811787343,7.670212765957447,0
90000,3309,204,2822.4285714285716,7,0.0,3891,1.1749266642750753,19.073529411764707,0
90000,3311,197,3181.6666666666665,6,0.0,1677,0.5430133092911524,8.51269035532995,0
90000,3323,137,2760.4,5,0.0,1585,1.0612018447311677,11.569343065693431,0
90000,3350,325,3547.3333333333335,6,0.0,3510,0.4175901619540894,10.8,0
90000,3469,191,3243.3333333333335,6,0.0,3231,1.1129613622157968,16.916230366492147,0
90000,3478,133,3250.8,5,0.0,1637,1.1629345183846438,12.308270676691729,0
90000,3532,148,4094.0,6,0.0,1999,1.14683048110409,13.506756756756756,0
90000,3614,200,3878.5,6,0.0,3353,1.0533760167486577,16.765,0
90000,3619,176,3833.8,5,0.0,2401,0.9740397677258643,13.642045454545455,0
90000,3635,161,2720.5714285714284,7,0.0,2461,1.19308043987261,15.285714285714286,0
90000,3663,170,3228.714285714286,7,0.0,2513,1.0927089741828582,14.782352941176471,0
90000,3792,220,2957.1666666666665,6,0.0,3912,1.0156950794085347,17.78181818181818,0
90000,3992,360,3476.8333333333335,6,0.0,4767,0.46222136356983157,13.241666666666667,0
90000,4042,240,2427.714285714286,7,0.0,4699,1.0251627693901693,19.579166666666666,0
90000,4329,259,2719.5,8,0.0,6115,1.1455308702435316,23.61003861003861,0
90000,4352,401,4181.0,7,0.0,4914,0.38402214662197975,12.254364089775562,0
90000,4362,86,3149.0,5,0.0,647,1.0993025672647898,7.523255813953488,0
90000,4405,188,4261.0,5,0.0,2869,1.0200576418231233,15.26063829787234,0
90000,4477,247,5014.0,4,0.0,1374,0.2830105922753938,5.562753036437247,0
90000,4490,252,4355.5,6,0.0,3109,0.6152186671712437,12.337301587301587,0
90000,4501,180,2695.6666666666665,6,0.0,2746,1.0650386946614285,15.255555555555556,0
90000,4591,119,3672.8,5,0.0,1438,1.2760709655708278,12.084033613445378,0
90000,4596,176,3233.6666666666665,6,0.0,2748,1.1148110294505102,15.613636363636363,0
90000,4647,52,3424.0,5,0.0,246,1.143242297016404,4.730769230769231,0
90000,4663,128,2932.0,5,0.0,1431,1.0975632537321762,11.1796875,0
90000,4773,222,2934.3333333333335,6,0.0,4453,1.1354201839489773,20.05855855855856,0
90000,4809,391,2826.5555555555557,9,0.0,8446,0.6942364728702558,21.601023017902815,0
90000,4843,162,3792.0,5,0.0,2190,1.048634036177663,13.518518518518519,0
90000,4858,190,2331.3333333333335,6,0.0,3020,1.0512587051347562,15.894736842105264,0
90000,4904,172,3758.1666666666665,6,0.0,2510,1.0661705733518632,14.593023255813954,0
90000,4920,172,3231.3333333333335,6,0.0,2488,1.0568256519918071,14.465116279069768,0
92000,45,193,3200.8333333333335,6,0.0,3546,1.1962831270240175,18.373056994818654,0
92000,162,254,2158.4285714285716,7,0.0,3395,0.6612751602044359,13.366141732283465,0
92000,277,213,3880.1428571428573,7,0.0,3880,1.074687958379369,18.215962441314552,0
92000,308,243,2981.285714285714,7,0.0,4631,0.985535103305684,19.05761316872428,0
92000,336,173,2957.8333333333335,6,0.0,2808,1.17900259564705,16.23121387283237,0
92000,370,214,3523.6666666666665,6,0.0,3815,1.0468316860376505,17.827102803738317,0
92000,552,151,3722.5,6,0.0,1993,1.098406939801668,13.198675496688741,0
92000,563,247,2875.4285714285716,7,0.0,5993,1.2344122849391814,24.263157894736842,0
92000,717,248,3065.285714285714,7,0.0,5259,1.0745080492474455,21.205645161290324,0
92000,775,169,4507.4,5,0.0,2244,0.9873231209909311,13.278106508875739,0
92000,903,343,2132.1428571428573,7,0.0,3888,0.41528656383503865,11.33527696793003,0
92000,969,264,4329.857142857143,7,0.0,6292,1.1344640137963142,23.833333333333332,0
92000,1245,211,2330.285714285714,7,0.0,3371,0.951488855618804,15.976303317535544,0
92000,1266,327,3349.8571428571427,7,0.0,3824,0.44939914550130905,11.694189602446484,0
92000,1304,174,2245.0,6,0.0,2694,1.1181728905761532,15.482758620689655,0
92000,1339,156,3915.0,6,0.0,1895,0.9785203942394245,12.147435897435898,0
92000,1407,114,3415.0,5,0.0,1050,1.0152884845396377,9.210526315789474,0
92000,1582,218,2867.6666666666665,6,0.0,1680,0.4442282348313149,7.706422018348624,0
92000,1616,252,3850.5714285714284,7,0.0,5496,1.0875657107665346,21.80952380952381,0
92000,1711,43,4864.5,4,0.0,173,1.1757610147561584,4.023255813953488,0
92000,1733,283,3400.5,6,0.0,2971,0.46616498015034646,10.498233215547703,0
92000,1803,144,4148.0,5,0.0,1671,1.0126545764175432,11.604166666666666,0
92000,1839,123,3966.6,5,0.0,1298,1.0781379507857893,10.552845528455284,0
92000,1842,126,2719.0,5,0.0,1321,1.0456144861154237,10.484126984126984,0
92000,1952,156,3629.6,5,0.0,2416,1.2475489564551183,15.487179487179487,0
92000,1972,126,3830.25,4,0.0,1445,1.1437645211482115,11.468253968253968,0
92000,2010,172,2992.3333333333335,6,0.0,2436,1.0347376560498562,14.162790697674419,0
92000,2119,121,3288.5,4,0.0,1270,1.090041027268366,10.49586776859504,0
92000,2147,281,3421.4285714285716,7,0.0,6885,1.0957239862699675,24.501779359430603,0
92000,2175,299,3554.4285714285716,7,0.0,5502,0.7733713394727594,18.401337792642142,0
92000,2198,221,4372.5,6,0.0,4247,1.0927166929256855,19.217194570135746,0
92000,2270,264,3165.0,8,0.0,5312,0.9577674572927561,20.12121212121212,0
92000,2281,308,2807.8333333333335,6,0.0,3547,0.4698612389223729,11.516233766233766,0
92000,2403,139,4935.8,5,0.0,1613,1.04909455002129,11.60431654676259,0
92000,2439,223,3555.3333333333335,6,0.0,3838,0.9698512018723583,17.210762331838566,0
92000,2521,134,3007.8,5,0.0,1457,1.019670415745228,10.873134328358208,0
92000,2576,367,3700.8571428571427,7,0.0,4499,0.41975292261433317,12.258855585831062,0
92000,2585,85,3344.0,5,0.0,667,1.1601064636370335,7.847058823529411,0
92000,2602,329,3496.0,6,0.0,3835,0.44522899184290077,11.656534954407295,0
92000,2729,118,4416.2,5,0.0,1183,1.067654153747982,10.025423728813559,0
92000,2744,216,3138.0,6,0.0,3927,1.0577018476206377,18.180555555555557,0
92000,2750,275,3688.5,8,0.0,5863,0.9742364418114093,21.32,0
92000,2797,342,3898.8333333333335,6,0.0,4040,0.4340492568825541,11.812865497076023,0
92000,2804,183,3849.6666666666665,6,0.0,2914,1.0934457275595757,15.923497267759563,0
92000,2837,92,5256.0,4,0.0,665,0.9873152715676807,7.228260869565218,0
92000,2873,294,3189.222222222222,9,0.0,7249,1.053885193478292,24.656462585034014,0
92000,2907,233,2617.1428571428573,7,0.0,4488,1.038845278366593,19.261802575107296,0
92000,2953,216,4237.333333333333,6,0.0,4376,1.1786359269640718,20.25925925925926,0
92000,2970,64,3601.0,5,0.0,367,1.1259418983080607,5.734375,0
92000,3006,82,4673.5,4,0.0,526,0.9830325614445159,6.414634146341464,0
92000,3129,359,2728.8333333333335,6,0.0,3982,0.3882596176812581,11.09192200557103,0
92000,3137,271,2287.714285714286,7,0.0,5497,0.9405827707565578,20.284132841328415,0
92000,3263,89,4220.2,5,0.0,615,0.9756745269323179,6.910112359550562,0
92000,3309,205,2815.8571428571427,7,0.0,3952,1.181732222913681,19.278048780487804,0
92000,3311,193,3206.3333333333335,6,0.0,1663,0.5610318218389568,8.61658031088083,0
92000,3323,135,2773.0,5,0.0,1555,1.0721923898671337,11.518518518518519,0
92000,3350,323,3578.3333333333335,6,0.0,3506,0.42229576986210215,10.854489164086687,0
92000,3469,192,3252.3333333333335,6,0.0,3241,1.1048070518971917,16.880208333333332,0
92000,3478,131,3273.2,5,0.0,1566,1.1467243390295707,11.954198473282442,0
92000,3532,147,4106.666666666667,6,0.0,1984,1.1537636771201165,13.496598639455783,0
92000,3614,200,3896.0,6,0.0,3373,1.059659202055837,16.865,0
92000,3619,172,3870.4,5,0.0,2348,0.9973579706096315,13.651162790697674,0
92000,3635,162,2718.4285714285716,7,0.0,2515,1.2042532424597363,15.524691358024691,0
92000,3663,172,3231.5714285714284,7,0.0,2558,1.086559492682895,14.872093023255815,0
92000,3792,222,3008.714285714286,7,0.0,3952,1.0076758515531907,17.8018018018018,0
92000,3992,360,3482.0,6,0.0,4772,0.4627061772509411,13.255555555555556,0
92000,4042,247,3011.75,8,0.0,4817,0.9921848784501981,19.502024291497975,0
92000,4329,266,2704.5,8,0.0,6234,1.1071676523533704,23.43609022556391,0
92000,4352,407,4185.571428571428,7,0.0,4967,0.3768037406897839,12.203931203931203,0
92000,4362,81,3175.2,5,0.0,538,1.0304385597508359,6.6419753086419755,0
92000,4405,188,4282.2,5,0.0,2843,1.0108134805518088,15.122340425531915,0
92000,4477,232,5070.5,4,0.0,1266,0.2955749330740694,5.456896551724138,0
92000,4490,251,4383.0,6,0.0,3124,0.6231225186784028,12.44621513944223,0
92000,4501,180,2704.6666666666665,6,0.0,2749,1.0662022474960915,15.272222222222222,0
92000,4591,117,3698.4,5,0.0,1391,1.2769246493223472,11.88888888888889,0
92000,4596,177,3217.1666666666665,6,0.0,2803,1.1243109206182376,15.836158192090396,0
92000,4647,17,4519.0,3,0.0,32,1.3914320403442682,1.8823529411764706,0
92000,4663,125,2958.0,5,0.0,1376,1.106644861782926,11.008,0
92000,4773,222,2938.5,6,0.0,4449,1.13440026911947,20.04054054054054,0
92000,4809,392,2829.777777777778,9,0.0,8520,0.696750557283034,21.73469387755102,0
92000,4843,160,3809.8,5,0.0,2161,1.0607783944386786,13.50625,0
92000,4858,192,2314.6666666666665,6,0.0,3045,1.037993666469284,15.859375,0
92000,4904,173,3778.6666666666665,6,0.0,2501,1.0501016708380597,14.45664739884393,0
92000,4920,178,3892.2,5,0.0,2494,0.9891594594183745,14.01123595505618,0
100000,45,194,3177.0,6,0.0,3615,1.2070206656102775,18.6340206185567,0
100000,162,262,2093.714285714286,7,0.0,3504,0.6414626570816756,13.374045801526718,0
100000,277,222,3960.1428571428573,7,0.0,4195,1.0696356774457578,18.896396396396398,0
100000,308,243,3000.285714285714,7,0.0,4731,1.006816362284429,19.469135802469136,0
100000,336,179,3657.8333333333335,6,0.0,2899,1.136977884929535,16.195530726256983,0
100000,370,217,3522.8333333333335,6,0.0,3873,1.03356523581756,17.847926267281107,0
100000,552,152,3761.0,6,0.0,2080,1.1313214542013106,13.68421052631579,0
100000,563,247,3288.0,6,0.0,6094,1.2552158292039668,24.672064777327936,0
100000,717,252,3086.0,7,0.0,5484,1.0851911131447736,21.761904761904763,0
100000,775,164,4700.6,5,0.0,2118,0.9895736526328349,12.914634146341463,0
100000,903,364,3442.285714285714,7,0.0,4459,0.42290670336785674,12.25,0
100000,969,266,4406.428571428572,7,0.0,6390,1.1348734838848311,24.022556390977442,0
100000,1245,224,3180.0,7,0.0,3789,0.9489392988242766,16.915178571428573,0
100000,1266,337,3332.285714285714,7,0.0,3952,0.43728743466920944,11.72700296735905,0
100000,1304,186,3138.6666666666665,6,0.0,2909,1.0566415804477638,15.63978494623656,0
100000,1339,154,4933.166666666667,6,0.0,1815,0.961712036813202,11.785714285714286,0
100000,1407,96,3529.0,5,0.0,732,0.9981101659842572,7.625,0
100000,1582,213,3483.4,5,0.0,1549,0.42904423905403155,7.272300469483568,0
100000,1616,257,4932.285714285715,7,0.0,5666,1.07800354132476,22.04669260700389,0
100000,1733,295,3345.5,6,0.0,3205,0.46280054948602295,10.864406779661017,0
100000,1803,132,4240.6,5,0.0,1433,1.033494552937138,10.856060606060606,0
100000,1839,112,4094.6,5,0.0,1076,1.0779189079281306,9.607142857142858,0
100000,1842,124,2769.2,5,0.0,1135,0.9276034500063515,9.153225806451612,0
100000,1952,151,4542.0,4,0.0,2329,1.2835874374300476,15.42384105960265,0
100000,1972,107,4072.75,4,0.0,1018,1.1173521954247216,9.514018691588785,0
100000,2010,175,2897.0,6,0.0,2445,1.0032579968035322,13.971428571428572,0
100000,2119,84,3435.75,4,0.0,703,1.2520065960734832,8.369047619047619,0
100000,2147,293,4625.428571428572,7,0.0,7394,1.0823159771525785,25.235494880546074,0
100000,2175,298,3553.285714285714,7,0.0,5609,0.7937116883917459,18.822147651006713,0
100000,2198,221,4491.5,6,0.0,4249,1.0932312757808424,19.226244343891402,0
100000,2270,266,3607.1428571428573,7,0.0,5383,0.9560287893195691,20.236842105263158,0
100000,2281,313,2678.6666666666665,6,0.0,3726,0.47792972173955306,11.904153354632587,0
100000,2403,123,5162.0,5,0.0,1264,1.0498970491473325,10.276422764227643,0
100000,2439,222,3637.5,6,0.0,3899,0.9941619800622192,17.563063063063062,0
100000,2521,108,3886.75,4,0.0,974,1.0493522786681957,9.018518518518519,0
100000,2576,373,3744.8571428571427,7,0.0,4617,0.41701538231782226,12.378016085790884,0
100000,2585,45,3435.4,5,0.0,158,0.9804871886759255,3.511111111111111,0
100000,2602,336,3436.5,6,0.0,4025,0.4480197856681873,11.979166666666666,0
100000,2729,106,4554.6,5,0.0,951,1.063600788025594,8.971698113207546,0
100000,2744,223,4370.833333333333,6,0.0,4206,1.062843708982579,18.8609865470852,0
100000,2750,271,4953.5,6,0.0,6036,1.032810188154736,22.273062730627306,0
100000,2797,344,4098.0,6,0.0,4119,0.43740603502353836,11.973837209302326,0
100000,2804,183,3948.8333333333335,6,0.0,2959,1.1103314714649226,16.169398907103826,0
100000,2873,305,4274.75,8,0.0,7904,1.067719358622896,25.914754098360657,0
100000,2907,236,2591.0,7,0.0,4643,1.0475735916846747,19.673728813559322,0
100000,2953,218,4345.333333333333,6,0.0,4409,1.1658346948638496,20.224770642201836,0
100000,3129,358,2712.0,6,0.0,4040,0.3961185456291241,11.28491620111732,0
100000,3137,279,3084.0,7,0.0,5915,0.9548962909512275,21.200716845878137,0
100000,3309,213,3710.0,7,0.0,4321,1.196836770143622,20.28638497652582,0
100000,3311,187,3295.6666666666665,6,0.0,1603,0.5760499898429396,8.572192513368984,0
100000,3323,128,2843.0,5,0.0,1424,1.0921943209745766,11.125,0
100000,3350,322,3659.0,6,0.0,3506,0.42492279786604736,10.888198757763975,0
100000,3469,193,3272.5,6,0.0,3257,1.098785714810272,16.875647668393782,0
100000,3478,120,3306.0,5,0.0,1332,1.1623892818282233,11.1,0
100000,3532,146,4180.5,6,0.0,1910,1.1259977422324086,13.082191780821917,0
100000,3614,199,3905.8333333333335,6,0.0,3475,1.1027029086360982,17.462311557788944,0
100000,3619,163,4023.2,5,0.0,2179,1.0306041465124256,13.368098159509202,0
100000,3635,169,3096.3333333333335,6,0.0,2682,1.1800359226816743,15.8698224852071,0
100000,3663,178,3264.4285714285716,7,0.0,2734,1.0843472181434786,15.359550561797754,0
100000,3792,219,3616.0,6,0.0,4005,1.0493591524469568,18.28767123287671,0
100000,3992,360,3523.5,6,0.0,4778,0.4632879536682726,13.272222222222222,0
100000,4042,262,3288.625,8,0.0,5285,0.9675028945995022,20.171755725190838,0
100000,4329,273,3684.75,8,0.0,6665,1.1237888626535157,24.413919413919412,0
100000,4352,436,4205.857142857143,7,0.0,5159,0.3410377177819574,11.832568807339449,0
100000,4405,188,4316.6,5,0.0,2783,0.989480800694929,14.803191489361701,0
100000,4477,158,5299.25,4,0.0,825,0.41528824534715264,5.2215189873417724,0
100000,4490,248,4509.333333333333,6,0.0,3141,0.6417626512048348,12.665322580645162,0
100000,4501,179,2749.8333333333335,6,0.0,2762,1.0832469534927134,15.430167597765363,0
100000,4591,111,3802.4,5,0.0,1209,1.2330770288742992,10.891891891891891,0
100000,4596,183,3179.5,6,0.0,2923,1.096822876340645,15.972677595628415,0
100000,4663,115,3099.6,5,0.0,1167,1.1088812481631118,10.147826086956522,0
100000,4773,224,2925.8333333333335,6,0.0,4539,1.1367736810143552,20.263392857142858,0
100000,4809,404,2832.6666666666665,9,0.0,8881,0.6837683647811723,21.98267326732673,0
100000,4843,156,3901.0,5,0.0,2040,1.0533939864107789,13.076923076923077,0
100000,4858,199,3247.0,6,0.0,3142,0.9970338241538476,15.78894472361809,0
100000,4904,174,3862.8333333333335,6,0.0,2465,1.023124044272538,14.166666666666666,0
100000,4920,165,4133.4,5,0.0,2274,1.049620818257218,13.781818181818181,0
112000,45,197,3157.5,6,0.0,3741,1.2113373822648783,18.98984771573604,0
112000,162,274,3213.6666666666665,6,0.0,3597,0.6020730339902225,13.127737226277372,0
112000,277,232,3982.714285714286,7,0.0,4691,1.0952148586496522,20.219827586206897,0
112000,308,247,3022.8571428571427,7,0.0,4965,1.0226692799471109,20.101214574898787,0
112000,336,176,3643.0,6,0.0,2908,1.1797199685742663,16.522727272727273,0
112000,370,221,3513.1666666666665,6,0.0,3937,1.0129563503763654,17.81447963800905,0
112000,552,160,3735.1666666666665,6,0.0,2326,1.1417725800390404,14.5375,0
112000,563,249,3232.8333333333335,6,0.0,6170,1.250536389583976,24.779116465863453,0
112000,717,265,3058.0,7,0.0,5923,1.0598876916888484,22.350943396226416,0
112000,775,160,4887.4,5,0.0,1903,0.9341329405908401,11.89375,0
112000,903,381,3390.714285714286,7,0.0,4861,0.42080949811864027,12.758530183727034,0
112000,969,267,4459.285714285715,7,0.0,6517,1.1487752289101927,24.408239700374533,0
112000,1245,247,3447.1428571428573,7,0.0,4341,0.8941404520141809,17.574898785425102,0
112000,1266,333,4743.2,5,0.0,3767,0.4268910180837685,11.312312312312311,0
112000,1304,194,3153.3333333333335,6,0.0,3096,1.0337305617508767,15.958762886597938,0
112000,1339,145,5095.4,5,0.000628140703517588,1592,0.9515178129873866,10.979310344827587,1
112000,1582,178,3603.6,5,0.0,1096,0.43469076484464253,6.157303370786517,0
112000,1616,262,4972.285714285715,7,0.0,5856,1.0720334816981427,22.35114503816794,0
112000,1733,352,4897.833333333333,6,0.0,3970,0.4026382630020493,11.278409090909092,0
112000,1803,114,4390.4,5,0.0,1078,1.0423628441273614,9.456140350877194,0
112000,1839,85,4170.6,5,0.0,649,1.1287992427292877,7.635294117647059,0
112000,1842,62,3680.75,4,0.0,311,1.016686072077446,5.016129032258065,0
112000,1952,134,4691.25,4,0.0,1890,1.3227021865192043,14.104477611940299,0
112000,1972,49,4437.0,4,0.0,198,1.0362937866068789,4.040816326530612,0
112000,2010,174,4205.4,5,0.0,2386,0.9903342676001118,13.71264367816092,0
112000,2147,295,4791.0,7,0.0,7502,1.0832854047563634,25.43050847457627,0
112000,2175,271,4266.666666666667,6,0.0,5490,0.939385012089049,20.25830258302583,0
112000,2198,220,4642.833333333333,6,0.0,4254,1.104490508129833,19.336363636363636,0
112000,2270,266,3987.5,6,0.0,5459,0.9695265021169474,20.522556390977442,0
112000,2281,337,3080.5714285714284,7,0.0,4307,0.4765680620243637,12.780415430267063,0
112000,2403,98,5383.6,5,0.0,730,0.9551697780593708,7.448979591836735,0
112000,2439,221,3830.0,6,0.0,3945,1.015014681796993,17.850678733031675,0
112000,2521,23,4213.5,4,0.0,50,1.1877476951190145,2.1739130434782608,0
112000,2576,374,3842.1428571428573,7,0.0,4736,0.4254792189482473,12.663101604278076,0
112000,2602,350,4088.3333333333335,6,0.0,4225,0.43341155792381636,12.071428571428571,0
112000,2729,75,4740.8,5,0.0,437,0.9762673703955481,5.826666666666667,0
112000,2744,227,4404.833333333333,6,0.0,4350,1.0608339415176387,19.162995594713657,0
112000,2750,269,5093.166666666667,6,0.0,5975,1.0376316582246798,22.21189591078067,0
112000,2797,350,4244.666666666667,6,0.0,4272,0.4382329409350399,12.205714285714286,0
112000,2804,183,4057.5,6,0.0,3000,1.1257162603564608,16.39344262295082,0
112000,2873,316,4225.625,8,0.0,8585,1.080378662516759,27.167721518987342,0
112000,2907,243,2529.5714285714284,7,0.0,4928,1.0487404424725568,20.279835390946502,0
112000,2953,219,4298.0,6,0.0,4494,1.177483153831866,20.52054794520548,0
112000,3129,362,2612.3333333333335,6,0.0,4173,0.4001668491019873,11.527624309392266,0
112000,3137,290,3035.375,8,0.00015375153751537516,6504,0.9718391733150066,22.427586206896553,1
112000,3309,225,3654.8571428571427,7,0.0,4753,1.1798115462725758,21.124444444444446,0
112000,3311,176,3414.0,6,0.0,1492,0.6052758573290252,8.477272727272727,0
112000,3323,116,2922.6,5,0.0,1194,1.1150599370945935,10.293103448275861,0
112000,3350,322,3758.1666666666665,6,0.0,3516,0.4261347853100464,10.919254658385093,0
112000,3469,193,3292.3333333333335,6,0.0,3278,1.1058703018569458,16.984455958549223,0
112000,3478,102,3326.6,5,0.0,973,1.1752286243532752,9.53921568627451,0
112000,3532,142,4369.833333333333,6,0.0,1794,1.1180355525768872,12.633802816901408,0
112000,3614,202,3798.1666666666665,6,0.0,3617,1.1139241866517284,17.905940594059405,0
112000,3619,153,4295.4,5,0.0,1971,1.0580681140117874,12.882352941176471,0
112000,3635,165,3785.5,6,0.0,2663,1.2291733680822212,16.13939393939394,0
112000,3663,189,3254.5714285714284,7,0.0,2982,1.0490444604579674,15.777777777777779,0
112000,3792,221,4488.6,5,0.0,4022,1.0348261217205337,18.199095022624434,0
112000,3992,363,3669.0,6,0.0,4797,0.45747391144412536,13.214876033057852,0
112000,4042,277,3316.125,8,0.0,5766,0.9443325595589019,20.815884476534297,0
112000,4329,280,3822.5,8,0.0,7080,1.1348202034395782,25.285714285714285,0
112000,4352,501,4713.571428571428,7,0.0,5634,0.2820663345616136,11.245508982035927,0
112000,4405,185,4636.333333333333,6,0.0014641288433382138,2732,1.0031066331169982,14.767567567567568,1
112000,4490,239,4657.0,6,0.0,3170,0.6973861600377895,13.263598326359833,0
112000,4501,182,2694.3333333333335,6,0.0,2798,1.0614872895476684,15.373626373626374,0
112000,4591,94,3927.0,5,0.0,853,1.213118394527883,9.074468085106384,0
112000,4596,191,3087.0,6,0.0,3122,1.075414847674936,16.345549738219894,0
112000,4663,95,3221.4,5,0.0,809,1.1264480694755203,8.51578947368421,0
112000,4773,242,3456.4285714285716,7,0.0,5122,1.0990531774938133,21.165289256198346,0
112000,4809,415,3246.75,8,0.0,9296,0.678281209064206,22.4,0
112000,4843,148,4020.8,5,0.0,1862,1.0682332945551853,12.58108108108108,0
112000,4858,203,3311.1666666666665,6,0.0,3262,0.9947220496503099,16.06896551724138,0
112000,4904,177,3854.3333333333335,6,0.0,2364,0.9482236947347532,13.35593220338983,0
112000,4920,156,4365.0,5,0.0,2037,1.0518448776072336,13.057692307692308,0
116000,0,4,4109.25,4,0.0,4,3.141592653589793,1.0,0
116000,45,199,3134.1666666666665,6,0.0,3807,1.208054668540324,19.13065326633166,0
116000,162,276,3226.1666666666665,6,0.0,3574,0.5895847586604663,12.94927536231884,0
116000,277,239,4281.0,7,0.0,4925,1.083478497850509,20.606694560669457,0
116000,308,244,3551.3333333333335,6,0.0,4952,1.045227547740974,20.295081967213115,0
116000,336,175,3617.3333333333335,6,0.0,2926,1.2006269524119164,16.72,0
116000,370,222,3509.3333333333335,6,0.0,3957,1.0089507450900748,17.824324324324323,0
116000,552,158,5506.2,5,0.0,2348,1.1819355152425628,14.860759493670885,0
116000,563,258,4985.0,8,0.0,6456,1.2188042888994475,25.023255813953487,0
116000,717,272,3999.5,8,0.0,6250,1.0615783999208588,22.977941176470587,0
116000,775,151,6100.0,4,0.0,1732,0.9545613746796231,11.47019867549669,0
116000,903,390,3375.1428571428573,7,0.0,4992,0.4124347278558908,12.8,0
116000,969,269,4486.142857142857,7,0.0,6560,1.139224046519481,24.386617100371748,0
116000,1245,250,3421.0,7,0.0,4433,0.8913075349352674,17.732,0
116000,1266,326,4809.8,5,0.0,3635,0.4298125370092551,11.150306748466258,0
116000,1304,187,3868.8,5,0.0,3010,1.0816659197924192,16.09625668449198,0
116000,1339,131,4046.4,5,0.0007097232079489,1409,1.0317589998037453,10.755725190839694,1
116000,1582,166,3648.0,5,0.0,952,0.43414083411489085,5.734939759036145,0
116000,1616,263,5023.285714285715,7,0.0,5917,1.0749788911963918,22.49809885931559,0
116000,1733,355,4907.666666666667,6,0.0,4062,0.4050354884786904,11.44225352112676,0
116000,1803,107,4466.8,5,0.0,935,1.026251770846871,8.738317757009346,0
116000,1839,71,4213.8,5,0.0,453,1.1292533005960534,6.380281690140845,0
116000,1952,129,4754.75,4,0.0,1748,1.319993740394197,13.550387596899224,0
116000,2010,169,4230.8,5,0.0,2282,1.0040424964800823,13.502958579881657,0
116000,2147,295,4868.285714285715,7,0.0,7538,1.0884837884635385,25.552542372881355,0
116000,2175,267,4316.0,6,0.0,5496,0.9687998554688383,20.584269662921347,0
116000,2198,218,4687.0,6,0.0,4262,1.1269647243161096,19.55045871559633,0
116000,2270,266,3460.0,7,0.0001820830298616169,5492,0.9753873510947563,20.646616541353385,1
116000,2281,346,3716.8571428571427,7,0.0,4533,0.4758207590872576,13.101156069364162,0
116000,2403,62,7073.666666666667,3,0.0,351,1.1474495540166674,5.661290322580645,0
116000,2439,219,3853.5,6,0.0,3944,1.0333764038079394,18.009132420091323,0
116000,2576,376,3877.0,7,0.0,4766,0.42363146749119945,12.675531914893616,0
116000,2602,352,4109.333333333333,6,0.0,4270,0.4330643282163099,12.130681818181818,0
116000,2744,229,4414.833333333333,6,0.0,4405,1.055564587941728,19.23580786026201,0
116000,2750,271,5156.333333333333,6,0.0,5985,1.024083660720029,22.084870848708487,0
116000,2797,352,4282.0,6,0.0,4330,0.43914954125916206,12.301136363636363,0
116000,2804,179,4968.0,5,0.0,2926,1.1475671925849675,16.3463687150838,0
116000,2873,326,4661.8,10,0.0,8944,1.0575635023413419,27.43558282208589,0
116000,2907,250,3473.8571428571427,7,0.0,5046,1.0145584979209021,20.184,0
116000,2953,217,6281.6,5,0.0,4606,1.2291767302286807,21.225806451612904,0
116000,3129,364,2578.5,6,0.0,4220,0.40023913169149034,11.593406593406593,0
116000,3137,300,3933.4444444444443,9,0.0008840430234271402,6787,0.9476439706628411,22.623333333333335,1
116000,3309,237,4993.166666666667,6,0.0,4978,1.1136996015289566,21.0042194092827,0
116000,3311,169,3430.1666666666665,6,0.0,1450,0.637976169980771,8.579881656804734,0
116000,3323,113,2919.4,5,0.0,1118,1.100258622198571,9.893805309734514,0
116000,3350,322,3769.8333333333335,6,0.0,3522,0.4268619777764458,10.937888198757763,0
116000,3469,194,3290.8333333333335,6,0.0,3286,1.0971700988092317,16.938144329896907,0
116000,3478,95,3334.0,5,0.0,836,1.1640427516459024,8.8,0
116000,3532,141,4399.833333333333,6,0.0,1759,1.111827670170403,12.47517730496454,0
116000,3614,204,3765.5,6,0.0,3681,1.1115150478531362,18.044117647058822,0
116000,3619,147,4332.2,5,0.0,1899,1.1043332776467245,12.918367346938776,0
116000,3635,162,4585.6,5,0.0,2596,1.2430383369484992,16.02469135802469,0
116000,3663,192,3217.285714285714,7,0.0,3066,1.045152243479417,15.96875,0
116000,3792,220,4556.4,5,0.0,3972,1.0312732247982364,18.054545454545455,0
116000,3992,364,3698.5,6,0.0,4817,0.45686063918433867,13.233516483516484,0
116000,4042,271,4506.142857142857,7,0.0,5821,0.9960218862241084,21.47970479704797,0
116000,4329,280,3880.125,8,0.0,7198,1.1537338734969045,25.707142857142856,0
116000,4352,507,4736.142857142857,7,0.0,5728,0.28002509591186636,11.297830374753453,0
116000,4405,187,3521.6666666666665,6,0.0003637686431429611,2749,0.9878736257506182,14.70053475935829,1
116000,4490,240,4683.666666666667,6,0.0,3191,0.6961682053892382,13.295833333333333,0
116000,4501,184,2675.5,6,0.0,2816,1.0452179717047325,15.304347826086957,0
116000,4591,85,3960.8,5,0.0,698,1.214024455200374,8.211764705882352,0
116000,4596,194,3036.5,6,0.0,3196,1.0671197917815898,16.47422680412371,0
116000,4663,86,3264.4,5,0.0,659,1.1196914865958214,7.662790697674419,0
116000,4773,245,3431.714285714286,7,0.0,5231,1.0951217773213298,21.351020408163265,0
116000,4809,417,3271.25,8,0.0,9379,0.6777886467348405,22.491606714628297,0
116000,4843,145,4076.4,5,0.0,1782,1.0650783559946753,12.289655172413793,0
116000,4858,205,3314.8333333333335,6,0.0,3327,0.9948439032474234,16.229268292682928,0
116000,4904,169,4620.4,5,0.0,2220,0.9767635154188357,13.136094674556213,0
116000,4920,153,4403.8,5,0.0,1949,1.0462581198421985,12.738562091503267,0
122000,0,15,4129.5,4,0.0,25,1.3962634015954636,1.6666666666666667,0
122000,45,212,3825.1666666666665,6,0.0,4043,1.1304253380619023,19.07075471698113,0
122000,162,276,3236.5,6,0.0,3558,0.5869453193379797,12.891304347826088,0
122000,277,243,4247.428571428572,7,0.0,5103,1.0859826456853605,21.0,0
122000,308,245,3580.1666666666665,6,0.0,4933,1.0327347978447947,20.13469387755102,0
122000,336,174,3584.0,6,0.0,2932,1.2169572810576395,16.850574712643677,0
122000,370,225,3498.3333333333335,6,0.0,4014,0.9963735633785229,17.84,0
122000,552,155,5633.6,5,0.0,2279,1.192039901357942,14.703225806451613,0
122000,563,271,5740.428571428572,7,0.0,6810,1.1652480751049954,25.129151291512915,0
122000,717,278,3975.375,8,0.0,6594,1.072183735716117,23.719424460431654,0
122000,775,138,6286.75,4,0.0,1467,0.9680143715219968,10.630434782608695,0
122000,903,401,3366.1428571428573,7,0.0,5203,0.40660708768297943,12.975062344139651,0
122000,969,270,4523.285714285715,7,0.0,6626,1.1421779381446349,24.54074074074074,0
122000,1245,258,3384.8571428571427,7,0.0,4574,0.8635084909272107,17.728682170542637,0
122000,1266,319,4890.8,5,0.0,3482,0.4299889199123303,10.915360501567399,0
122000,1304,185,3995.2,5,0.0,2929,1.0754389928256542,15.832432432432432,0
122000,1339,115,4161.4,5,0.0026109660574412533,1149,1.091777681353398,9.991304347826087,1
122000,1582,141,3724.8,5,0.0,686,0.4336064705724256,4.865248226950355,0
122000,1616,264,5084.142857142857,7,0.0,6003,1.0823565598886322,22.738636363636363,0
122000,1733,360,4928.0,6,0.0,4165,0.40384979636424345,11.569444444444445,0
122000,1803,92,4585.4,5,0.0,687,1.0199783331834538,7.467391304347826,0
122000,1952,119,4826.0,4,0.0,1516,1.3452876104348919,12.739495798319327,0
122000,2010,163,4264.4,5,0.0,2145,1.0145231272460546,13.159509202453988,0
122000,2147,294,4952.857142857143,7,0.0,7603,1.1053509623417648,25.860544217687075,0
122000,2175,263,4348.166666666667,6,0.0,5541,1.0066685881560262,21.068441064638783,0
122000,2198,218,4726.666666666667,6,0.0,4270,1.1290800968629253,19.587155963302752,0
122000,2270,266,3508.5714285714284,7,0.0001808972503617945,5528,0.9817810045250933,20.781954887218046,1
122000,2281,352,3652.5714285714284,7,0.0,4664,0.47302389386437227,13.25,0
122000,2439,219,3856.1666666666665,6,0.0,3932,1.03023225653469,17.95433789954338,0
122000,2576,377,3915.5714285714284,7,0.0,4820,0.42616148964117956,12.785145888594165,0
122000,2602,358,4096.666666666667,6,0.0,4320,0.42357230621728115,12.067039106145252,0
122000,2744,244,4879.857142857143,7,0.0,4646,0.980639577303022,19.040983606557376,0
122000,2750,272,6293.2,5,0.0,5965,1.0131704248844677,21.93014705882353,0
122000,2797,357,4347.5,6,0.0,4445,0.43827348492986623,12.450980392156863,0
122000,2804,172,5080.0,5,0.0,2746,1.166416093396102,15.965116279069768,0
122000,2873,331,5165.888888888889,9,0.0,9425,1.081023749695012,28.474320241691842,0
122000,2907,252,3488.8571428571427,7,0.0,5166,1.0222642761681073,20.5,0
122000,2953,210,6490.0,5,0.0,4481,1.276868633173321,21.33809523809524,0
122000,3129,371,2519.1666666666665,6,0.0,4318,0.39422547288092147,11.638814016172507,0
122000,3137,305,3983.4444444444443,9,0.000562271577171774,7114,0.9610014571411035,23.324590163934428,1
122000,3309,233,5099.666666666667,6,0.0,4982,1.1531923299515077,21.38197424892704,0
122000,3311,162,3473.3333333333335,6,0.0,1375,0.6583889496549253,8.487654320987655,0
122000,3323,106,2909.6,5,0.0,996,1.1139289010236504,9.39622641509434,0
122000,3350,323,3787.6666666666665,6,0.0,3530,0.42518655664952104,10.928792569659443,0
122000,3469,196,3278.1666666666665,6,0.0,3303,1.0804540331952401,16.852040816326532,0
122000,3478,80,3361.4,5,0.0,556,1.0917034471224532,6.95,0
122000,3532,140,4446.166666666667,6,0.0,1698,1.0886580256725447,12.128571428571428,0
122000,3614,210,4480.833333333333,6,0.0,3789,1.079682046662288,18.042857142857144,0
122000,3619,141,4402.6,5,0.0,1789,1.130790052265407,12.687943262411348,0
122000,3635,156,4633.0,5,0.0,2402,1.2403197820385738,15.397435897435898,0
122000,3663,201,3169.0,7,0.0,3202,0.9959535335060535,15.930348258706468,0
122000,3792,217,4627.2,5,0.0,3887,1.0373013353015377,17.912442396313363,0
122000,3992,368,3706.3333333333335,6,0.0,4890,0.45375673665093597,13.28804347826087,0
122000,4042,265,5366.333333333333,6,0.0,5852,1.047182639163117,22.08301886792453,0
122000,4329,282,3880.25,8,0.0,7382,1.1665025385443315,26.177304964539008,0
122000,4352,516,4785.857142857143,7,0.0,5828,0.2750616246788251,11.294573643410853,0
122000,4405,183,3474.5,6,0.0007334066740007334,2727,1.023276080664023,14.901639344262295,1
122000,4490,233,5700.4,5,0.0,3111,0.720108658867752,13.351931330472103,0
122000,4501,188,2622.8333333333335,6,0.0,2868,1.0197020971588417,15.25531914893617,0
122000,4591,67,4034.2,5,0.0,392,1.097352925112229,5.850746268656716,0
122000,4596,201,2944.3333333333335,6,0.0,3375,1.0497636400946067,16.791044776119403,0
122000,4663,65,3342.8,5,0.0,383,1.1391526497750444,5.892307692307693,0
122000,4773,247,3400.0,7,0.0,5371,1.1062954083778314,21.74493927125506,0
122000,4809,422,3288.375,8,0.0,9540,0.6731833048504442,22.606635071090047,0
122000,4843,140,4136.4,5,0.0,1676,1.0745529157992844,11.971428571428572,0
122000,4858,211,3286.8333333333335,6,0.0,3498,0.9873355137806515,16.578199052132703,0
122000,4904,160,4657.2,5,0.0,2018,0.9905834335850316,12.6125,0
122000,4920,149,4441.6,5,0.0,1817,1.0284714835498678,12.194630872483222,0
134000,0,25,4106.25,4,0.0,62,1.24658396494443,2.48,0
134000,45,212,4617.6,5,0.0,4070,1.1379745550116107,19.19811320754717,0
134000,162,288,3230.5,6,0.0,3576,0.5417792886399064,12.416666666666666,0
134000,277,245,4179.142857142857,7,0.0,5367,1.1235936874180037,21.90612244897959,0
134000,308,244,3635.0,6,0.0,4928,1.0401618245693698,20.19672131147541,0
134000,336,167,4208.8,5,0.0,2807,1.2647926535374592,16.808383233532933,0
134000,370,233,4133.5,6,0.0,4116,0.952737782031394,17.665236051502145,0
134000,552,150,5843.0,5,0.0,2104,1.1750952787827422,14.026666666666667,0
134000,563,275,5886.0,7,0.0,7152,1.1884255554895444,26.007272727272728,0
134000,717,287,3920.375,8,0.0,7139,1.0891393584468687,24.874564459930312,0
134000,775,111,6528.25,4,0.0,948,0.9668792583728996,8.54054054054054,0
134000,903,435,4481.571428571428,7,0.0,5586,0.3709644404904761,12.841379310344827,0
134000,969,271,4614.0,7,0.0,6731,1.151730513000253,24.837638376383765,0
134000,1245,269,3326.285714285714,7,0.0,4795,0.8327102596129439,17.82527881040892,0
134000,1266,310,5027.2,5,0.0,3261,0.42641971460380085,10.519354838709678,0
134000,1304,180,4189.8,5,0.0,2828,1.096842472142214,15.71111111111111,0
134000,1339,82,4314.4,5,0.0049586776859504135,605,1.1306743339808596,7.378048780487805,1
134000,1616,268,5152.714285714285,7,0.0,6206,1.0858055250711882,23.15671641791045,0
134000,1733,368,4986.333333333333,6,0.0,4297,0.3987306129630004,11.67663043478261,0
134000,1952,98,4914.25,4,0.0,997,1.3045263955139625,10.173469387755102,0
134000,2010,152,4336.4,5,0.0,1899,1.032874731503985,12.493421052631579,0
134000,2147,295,5036.857142857143,7,0.0,7705,1.1125985128829352,26.11864406779661,0
134000,2175,261,5219.166666666667,6,0.0,5785,1.0671665713079346,22.164750957854405,0
134000,2198,219,4859.5,6,0.0,4297,1.125866736096023,19.621004566210047,0
134000,2270,261,4250.666666666667,6,0.0011045655375552283,5432,1.0020481962566468,20.81226053639847,1
134000,2281,344,4203.5,6,0.0,4583,0.4866792567401982,13.32267441860465,0
134000,2439,218,3860.5,6,0.0,3905,1.0325662244144553,17.912844036697248,0
134000,2576,380,3991.0,7,0.0,4914,0.4276395096880954,12.93157894736842,0
134000,2602,364,4039.0,6,0.0,4477,0.4246138844982944,12.29945054945055,0
134000,2744,248,4962.857142857143,7,0.0,4935,1.0083090365157148,19.899193548387096,0
134000,2750,262,6587.4,5,0.0,5744,1.0515301090973586,21.923664122137403,0
134000,2797,376,4274.285714285715,7,0.0,4831,0.42940906828577097,12.84840425531915,0
134000,2804,165,5282.6,5,0.0,2494,1.1511672474641608,15.115151515151515,0
134000,2873,341,5141.0,9,0.0,10125,1.0941985575492696,29.69208211143695,0
134000,2907,257,3510.285714285714,7,0.0,5414,1.0300584491232352,21.06614785992218,0
134000,2953,204,6765.6,5,0.0,4354,1.3147341804815416,21.34313725490196,0
134000,3129,402,3288.3333333333335,6,0.0,4643,0.3610409319229081,11.549751243781095,0
134000,3137,313,4068.4444444444443,9,0.000652145558888744,7667,0.9834372454581732,24.49520766773163,1
134000,3309,234,5199.0,6,0.0,5042,1.15712690184818,21.54700854700855,0
134000,3311,143,3541.5,6,0.0,1215,0.7466448382046259,8.496503496503497,0
134000,3323,84,3826.4,5,0.0,595,1.059664188710843,7.083333333333333,0
134000,3350,323,3806.1666666666665,6,0.0,3561,0.42892048958327034,11.024767801857585,0
134000,3469,197,4187.833333333333,6,0.0,3457,1.1193780621464005,17.548223350253807,0
134000,3532,135,4579.666666666667,6,0.0,1563,1.0777084921944244,11.577777777777778,0
134000,3614,217,5348.666666666667,6,0.0,3966,1.0583836109611264,18.276497695852534,0
134000,3619,129,4530.0,5,0.0,1546,1.167454417991664,11.984496124031008,0
134000,3635,146,4672.0,5,0.0,2071,1.220911688043622,14.184931506849315,0
134000,3663,194,4473.6,5,0.0,3066,1.0237137927416629,15.804123711340207,0
134000,3792,215,4744.2,5,0.0,3775,1.0262422729952596,17.558139534883722,0
134000,3992,388,4456.0,7,0.0,5352,0.44674789781094093,13.793814432989691,0
134000,4042,260,5560.5,6,0.0,5839,1.0854295564680947,22.45769230769231,0
134000,4329,287,3831.625,8,0.0,7755,1.1831174849076156,27.020905923344948,0
134000,4352,525,4860.285714285715,7,0.0,5997,0.27341686920385294,11.422857142857143,0
134000,4405,182,3338.8333333333335,6,0.002205071664829107,2721,1.0322755235379577,14.95054945054945,1
134000,4490,217,5948.0,5,0.0,2838,0.7573607382520617,13.078341013824884,0
134000,4501,195,3976.6,5,0.0,2993,0.989116298455674,15.34871794871795,0
134000,4596,215,4198.2,5,0.0,3655,0.993620002065609,17.0,0
134000,4773,254,3345.0,7,0.0,5631,1.0968013040091837,22.169291338582678,0
134000,4809,434,3804.625,8,0.0,9907,0.6609560283529928,22.827188940092167,0
134000,4843,129,4242.0,5,0.0,1403,1.059468660053237,10.875968992248062,0
134000,4858,237,5238.714285714285,7,0.0,4207,0.9412081606332504,17.751054852320674,0
134000,4904,147,4681.6,5,0.0,1707,0.9926787282480035,11.612244897959183,0
134000,4920,135,4531.8,5,0.0,1503,1.036337724739744,11.133333333333333,0
138000,0,29,4087.5,4,0.0,77,1.1505476067843714,2.6551724137931036,0
138000,45,211,4644.2,5,0.0,4013,1.1326979464842066,19.018957345971565,0
138000,162,296,3223.6666666666665,6,0.0,3596,0.5157581803464617,12.14864864864865,0
138000,277,247,4169.714285714285,7,0.0,5453,1.1231854146126075,22.076923076923077,0
138000,308,244,3643.3333333333335,6,0.0,4945,1.043750045149256,20.266393442622952,0
138000,336,164,4202.8,5,0.0,2711,1.266635586538062,16.53048780487805,0
138000,370,232,4142.833333333333,6,0.0,4131,0.9644708124241554,17.80603448275862,0
138000,552,147,5919.0,5,0.0,2035,1.1834219168041518,13.843537414965986,0
138000,563,277,5953.857142857143,7,0.0,7253,1.1878675085814632,26.184115523465703,0
138000,717,290,3902.625,8,0.0,7318,1.0934684917464972,25.23448275862069,0
138000,775,97,6635.0,4,0.0,738,0.98565007050665,7.608247422680412,0
138000,903,435,4505.428571428572,7,0.0,5640,0.37455056290123256,12.96551724137931,0
138000,969,272,4648.857142857143,7,0.0,6765,1.1490524600743377,24.871323529411764,0
138000,1245,275,3302.714285714286,7,0.0,4883,0.8113928953377301,17.756363636363638,0
138000,1266,310,5063.8,5,0.0,3210,0.41975077702490055,10.35483870967742,0
138000,1304,180,4209.8,5,0.0,2803,1.0871461985200235,15.572222222222223,0
138000,1339,65,4364.0,5,0.005263157894736842,380,1.130229783066624,5.846153846153846,1
138000,1616,271,5161.142857142857,7,0.0,6296,1.0772983672336345,23.232472324723247,0
138000,1733,369,5002.0,6,0.0,4331,0.399710277765216,11.737127371273713,0
138000,1952,89,4944.25,4,0.0,801,1.270756578980141,9.0,0
138000,2010,147,4366.4,5,0.0,1806,1.050250605281719,12.285714285714286,0
138000,2147,296,5053.428571428572,7,0.0,7731,1.1088227175357328,26.118243243243242,0
138000,2175,260,5274.333333333333,6,0.0,5789,1.0761349036468233,22.265384615384615,0
138000,2198,218,4894.666666666667,6,0.0,4300,1.1370127439134845,19.724770642201836,0
138000,2270,259,4305.166666666667,6,0.001109672646569262,5407,1.0129003132308707,20.876447876447877,1
138000,2281,345,4205.833333333333,6,0.0,4555,0.4809058445570765,13.202898550724637,0
138000,2439,216,3860.6666666666665,6,0.0,3902,1.0509683242718941,18.064814814814813,0
138000,2576,382,4012.1428571428573,7,0.0,4932,0.42472341677873027,12.910994764397905,0
138000,2602,373,4547.142857142857,7,0.0,4621,0.4173766691987561,12.388739946380698,0
138000,2744,249,4954.285714285715,7,0.0,4994,1.0121845590895262,20.056224899598394,0
138000,2750,261,6674.0,5,0.0,5702,1.0518554519615977,21.846743295019156,0
138000,2797,374,4923.833333333333,6,0.0,4845,0.43527170941812887,12.954545454545455,0
138000,2804,163,5336.8,5,0.0,2430,1.1493199063906352,14.9079754601227,0
138000,2873,344,5134.0,9,0.0,10379,1.102169759045716,30.171511627906977,0
138000,2907,260,3494.4285714285716,7,0.0,5490,1.0205528797756191,21.115384615384617,0
138000,2953,202,6858.6,5,0.0,4336,1.3353539600005238,21.465346534653467,0
138000,3129,407,3258.1666666666665,6,0.0,4745,0.35996250243064715,11.658476658476658,0
138000,3137,317,4081.3333333333335,9,0.0006376737661012626,7841,0.9805343071101341,24.735015772870664,1
138000,3309,235,5234.666666666667,6,0.0,5072,1.1541264238303255,21.582978723404256,0
138000,3311,136,3552.1666666666665,6,0.0,1146,0.7786040616379547,8.426470588235293,0
138000,3323,60,3608.0,4,0.0,325,1.1344640137963142,5.416666666666667,0
138000,3350,324,3806.5,6,0.0,3576,0.4280725243574569,11.037037037037036,0
138000,3469,198,4228.333333333333,6,0.0,3471,1.112587297276826,17.53030303030303,0
138000,3532,133,4618.666666666667,6,0.0,1509,1.0720025584865165,11.345864661654135,0
138000,3614,218,5372.166666666667,6,0.0,3970,1.0497536263573335,18.211009174311926,0
138000,3619,124,4546.4,5,0.0,1459,1.1923995009332748,11.766129032258064,0
138000,3635,134,5554.0,4,0.0,1884,1.318503131958826,14.059701492537313,0
138000,3663,197,4216.666666666667,6,0.0,3098,1.0031337103064937,15.725888324873097,0
138000,3792,214,4802.4,5,0.0,3734,1.0246053776316086,17.44859813084112,0
138000,3992,391,4442.285714285715,7,0.0,5439,0.4470698763842436,13.910485933503836,0
138000,4042,260,5616.5,6,0.0,5866,1.0904486689915813,22.56153846153846,0
138000,4329,291,3881.222222222222,9,0.0,7968,1.1824239328209856,27.38144329896907,0
138000,4352,528,4866.142857142857,7,0.0,6039,0.27221186345025195,11.4375,0
138000,4405,180,3287.6666666666665,6,0.0018368846436443791,2722,1.0557302719841257,15.122222222222222,1
138000,4490,213,5976.4,5,0.0,2779,0.7697314011175944,13.046948356807512,0
138000,4501,199,3811.5,6,0.0,3041,0.9649840417733453,15.28140703517588,0
138000,4596,217,4204.4,5,0.0,3668,0.9788580648021713,16.903225806451612,0
138000,4773,255,3326.5714285714284,7,0.0,5717,1.1048356909233585,22.419607843137253,0
138000,4809,435,3814.25,8,0.0,9991,0.6634990556642224,22.967816091954024,0
138000,4843,124,4263.6,5,0.0,1286,1.0510114860864916,10.370967741935484,0
138000,4858,238,5277.0,7,0.0,4295,0.9528381079844758,18.04621848739496,0
138000,4904,142,4676.4,5,0.0,1612,1.0046116559386522,11.352112676056338,0
138000,4920,123,5262.0,4,0.0,1293,1.073984877015428,10.512195121951219,0
142000,0,30,5420.666666666667,3,0.0,83,1.1588986233242349,2.7666666666666666,0
142000,45,208,4673.6,5,0.0,3959,1.149922828731693,19.033653846153847,0
142000,162,301,3213.3333333333335,6,0.0,3629,0.5033427772266249,12.056478405315614,0
142000,277,249,4159.0,7,0.0,5544,1.123658629473835,22.265060240963855,0
142000,308,247,3642.1666666666665,6,0.0,4975,1.0247290368050104,20.141700404858298,0
142000,336,162,4192.6,5,0.0,2630,1.259318500067239,16.234567901234566,0
142000,370,233,4144.5,6,0.0,4141,0.9585245761399425,17.7725321888412,0
142000,552,145,5992.2,5,0.0,1978,1.1822250214127201,13.641379310344828,0
142000,563,277,6028.0,7,0.0,7385,1.2094859438679313,26.660649819494584,0
142000,717,291,3883.75,8,0.0,7501,1.1131227309350167,25.7766323024055,0
142000,775,80,6758.0,4,0.0,487,0.9562222639363932,6.0875,0
142000,903,434,4543.142857142857,7,0.0,5685,0.3792808136859558,13.099078341013826,0
142000,969,272,4703.571428571428,7,0.0,6790,1.153298773674021,24.96323529411765,0
142000,1245,280,3285.5714285714284,7,0.0,4945,0.7926110036735473,17.660714285714285,0
142000,1266,305,5100.0,5,0.0,3144,0.42471023070728553,10.308196721311475,0
142000,1304,181,4858.6,5,0.0,2803,1.0751667175009543,15.486187845303867,0
142000,1339,9,7191.0,3,0.0,11,1.7065441575055664,1.2222222222222223,0
142000,1616,274,5189.142857142857,7,0.0,6397,1.0707426184140822,23.346715328467152,0
142000,1733,371,5017.0,6,0.0,4365,0.3985164865968555,11.765498652291106,0
142000,1952,78,6645.333333333333,3,0.0,558,1.1525369498376756,7.153846153846154,0
142000,2010,145,4389.0,5,0.0,1733,1.0357916896401638,11.951724137931034,0
142000,2147,297,5076.857142857143,7,0.0,7773,1.1073518437507948,26.171717171717173,0
142000,2175,256,5330.5,6,0.0,5791,1.1104103428307186,22.62109375,0
142000,2198,217,4925.666666666667,6,0.0,4291,1.1451144918391813,19.774193548387096,0
142000,2270,257,4380.666666666667,6,0.000931619154089808,5367,1.021116308911046,20.883268482490273,1
142000,2281,341,4208.166666666667,6,0.0,4526,0.4891202638486908,13.272727272727273,0
142000,2439,215,3866.3333333333335,6,0.0,3882,1.055330464574198,18.05581395348837,0
142000,2576,386,4027.5714285714284,7,0.0,4956,0.41799063575373874,12.839378238341968,0
142000,2602,377,4526.571428571428,7,0.0,4778,0.4224480492750116,12.673740053050398,0
142000,2744,252,4941.714285714285,7,0.0,5062,1.0016844301128454,20.08730158730159,0
142000,2750,261,6778.2,5,0.0,5665,1.0450300132168453,21.704980842911876,0
142000,2797,372,4986.333333333333,6,0.0,4802,0.4360598890778757,12.908602150537634,0
142000,2804,160,5388.8,5,0.0,2355,1.1560079217506192,14.71875,0
142000,2873,356,4889.0,10,0.0,10678,1.058765507986107,29.99438202247191,0
142000,2907,259,4079.3333333333335,6,0.0,5514,1.0329447618189425,21.28957528957529,0
142000,2953,201,6968.6,5,0.0,4312,1.3412091306927243,21.45273631840796,0
142000,3129,411,3226.0,6,0.0,4849,0.3607267960113167,11.798053527980535,0
142000,3137,325,3956.4,10,0.0008712969878018422,8034,0.9558174818060269,24.72,1
142000,3309,237,5279.166666666667,6,0.0,5115,1.144349831623265,21.582278481012658,0
142000,3311,126,3558.0,6,0.0,1069,0.8461482858875004,8.484126984126984,0
142000,3350,325,3800.6666666666665,6,0.0,3590,0.4271078864430715,11.046153846153846,0
142000,3469,197,4281.333333333333,6,0.0,3478,1.1261778710284007,17.65482233502538,0
142000,3532,131,4656.833333333333,6,0.0,1457,1.0669076385479468,11.122137404580153,0
142000,3614,217,5397.5,6,0.0,3981,1.0623865746939596,18.34562211981567,0
142000,3619,121,4562.6,5,0.0,1367,1.173296129351068,11.297520661157025,0
142000,3635,127,5657.0,4,0.0,1699,1.323718995213357,13.377952755905511,0
142000,3663,195,5052.4,5,0.0,3162,1.0449668345194927,16.215384615384615,0
142000,3792,212,4862.6,5,0.0,3688,1.0311671152046242,17.39622641509434,0
142000,3992,393,4427.142857142857,7,0.0,5511,0.44838923175762485,14.022900763358779,0
142000,4042,258,5684.333333333333,6,0.0,5894,1.112706393862042,22.844961240310077,0
142000,4329,293,3858.0,9,0.0,8209,1.2016137214559803,28.017064846416382,0
142000,4352,532,4867.285714285715,7,0.0,6087,0.27026505854487354,11.441729323308271,0
142000,4405,186,4739.75,8,0.0010485844110450892,2861,1.0392064495225342,15.381720430107526,1
142000,4490,210,5996.8,5,0.0,2727,0.7770633257450672,12.985714285714286,0
142000,4501,205,4240.666666666667,6,0.0,3208,0.9592603671829678,15.648780487804878,0
142000,4596,217,4205.2,5,0.0,3676,0.9809929787930157,16.94009216589862,0
142000,4773,256,3309.4285714285716,7,0.0,5801,1.1123278188155756,22.66015625,0
142000,4809,437,3820.125,8,0.0,10074,0.6629014005888616,23.05263157894737,0
142000,4843,118,4288.4,5,0.0,1150,1.03787174709229,9.745762711864407,0
142000,4858,239,5322.428571428572,7,0.0,4375,0.962480899105782,18.305439330543933,0
142000,4904,138,4673.2,5,0.0,1506,0.9937489049162421,10.91304347826087,0
142000,4920,113,5380.5,4,0.0,1081,1.0638457697644503,9.56637168141593,0
148000,0,35,5483.0,3,0.0,98,1.0053096491487337,2.8,0
148000,45,207,4710.4,5,0.0,3902,1.1443435818158998,18.85024154589372,0
148000,162,309,3188.1666666666665,6,0.0,3706,0.48775117035656407,11.993527508090615,0
148000,277,257,5213.285714285715,7,0.0,5783,1.1002637627040392,22.50194552529183,0
148000,308,247,3643.3333333333335,6,0.0,5015,1.0329680642366086,20.303643724696357,0
148000,336,159,4173.8,5,0.0,2525,1.255096151309557,15.880503144654089,0
148000,370,234,4151.5,6,0.0,4153,0.9531035349812559,17.747863247863247,0
148000,552,142,6060.6,5,0.0,1886,1.1753707091192918,13.28169014084507,0
148000,563,284,6933.857142857143,7,0.0,7662,1.1937553517062585,26.97887323943662,0
148000,717,299,3861.25,8,0.0,7805,1.09708529708922,26.103678929765888,0
148000,903,437,4579.857142857143,7,0.0,5777,0.38014506563449013,13.219679633867276,0
148000,969,272,4769.285714285715,7,0.0,6839,1.1616215483294006,25.143382352941178,0
148000,1245,291,3247.285714285714,7,0.0,5060,0.7508866842462585,17.388316151202748,0
148000,1266,302,5150.0,5,0.0,3065,0.42230522710638635,10.149006622516556,0
148000,1304,179,4881.6,5,0.0,2739,1.0742264321566046,15.30167597765363,0
148000,1616,280,6050.666666666667,6,0.0,6487,1.0397709971345401,23.167857142857144,0
148000,1733,372,5043.666666666667,6,0.0,4404,0.399918315597452,11.838709677419354,0
148000,2010,139,4440.6,5,0.0,1610,1.047143351230178,11.582733812949641,0
148000,2147,298,5104.714285714285,7,0.0,7832,1.1082813234951245,26.28187919463087,0
148000,2175,256,5404.0,6,0.0,5801,1.1123278188155756,22.66015625,0
148000,2198,217,4979.666666666667,6,0.0,4292,1.1453813560880368,19.77880184331797,0
148000,2270,254,4454.0,6,0.0005653976630229929,5306,1.0334980854329123,20.88976377952756,1
148000,2281,340,4213.0,6,0.0,4490,0.4880882704020128,13.205882352941176,0
148000,2439,217,3891.1666666666665,6,0.0,3873,1.03356523581756,17.847926267281107,0
148000,2576,388,4053.5714285714284,7,0.0,4962,0.4141933985309957,12.788659793814434,0
148000,2602,386,4486.571428571428,7,0.0,4999,0.4216172695990597,12.950777202072539,0
148000,2744,252,4930.714285714285,7,0.0,5141,1.0173171977894386,20.400793650793652,0
148000,2750,258,6904.8,5,0.0,5583,1.0539938576402748,21.63953488372093,0
148000,2797,374,5012.166666666667,6,0.0,4795,0.4307797413126786,12.820855614973262,0
148000,2804,157,5474.6,5,0.0,2261,1.152686273644614,14.401273885350319,0
148000,2873,359,6114.625,8,0.0,11070,1.0793656373007352,30.83565459610028,0
148000,2907,254,4086.8333333333335,6,0.0,5462,1.0638836303495227,21.503937007874015,0
148000,2953,201,7142.6,5,0.0,4293,1.3352993502003396,21.35820895522388,0
148000,3129,413,3170.8333333333335,6,0.0,5011,0.36917659802516173,12.13317191283293,0
148000,3137,326,4442.888888888889,9,0.0007383706620723603,8126,0.960840901165669,24.926380368098158,1
148000,3309,238,5357.833333333333,6,0.0,5171,1.1471771493335796,21.72689075630252,0
148000,3311,109,3578.1666666666665,6,0.0,928,0.9815328617225244,8.513761467889909,0
148000,3350,323,3784.0,6,0.0,3622,0.4362679060012932,11.213622291021672,0
148000,3469,196,4319.0,6,0.0,3481,1.1386801361043388,17.760204081632654,0
148000,3532,128,4710.666666666667,6,0.0,1375,1.0546117916713782,10.7421875,0
148000,3614,219,5421.5,6,0.0,3994,1.0464770174464781,18.23744292237443,0
148000,3619,113,4591.0,5,0.0,1205,1.1858780319760984,10.663716814159292,0
148000,3635,115,5789.5,4,0.0,1431,1.3597335613722477,12.443478260869565,0
148000,3663,190,5098.6,5,0.0,3055,1.063442166949232,16.07894736842105,0
148000,3792,211,4964.8,5,0.0,3642,1.0279805435074707,17.260663507109005,0
148000,3992,396,4415.714285714285,7,0.0,5615,0.44995517676529667,14.179292929292929,0
148000,4042,257,6905.4,5,0.0,5917,1.1257583752238978,23.023346303501945,0
148000,4329,297,4309.125,8,0.0,8498,1.2106363010670593,28.612794612794612,0
148000,4352,535,4872.0,7,0.0,6170,0.2708865636845003,11.532710280373832,0
148000,4405,190,6321.0,6,0.0009943652635067948,3017,1.0502144084078011,15.878947368421052,1
148000,4490,203,6040.4,5,0.0,2632,0.8026083490740697,12.96551724137931,0
148000,4501,205,4218.166666666667,6,0.0,3274,0.9789957737397247,15.970731707317073,0
148000,4596,218,4194.2,5,0.0,3723,0.9844414989743961,17.077981651376145,0
148000,4773,259,3285.0,7,0.0,5922,1.1093759302669164,22.864864864864863,0
148000,4809,440,3809.375,8,0.0,10194,0.6616817254275692,23.168181818181818,0
148000,4843,106,4329.4,5,0.0,905,1.0121542725164694,8.537735849056604,0
148000,4858,241,5328.0,7,0.0,4491,0.9716700888257268,18.634854771784234,0
148000,4904,130,4672.0,5,0.0,1344,0.99936107134312,10.338461538461539,0
148000,4920,92,5544.75,4,0.0,725,1.0763963487016068,7.880434782608695,0
150000,0,36,5468.333333333333,3,0.0,101,0.9793236358412627,2.8055555555555554,0
150000,45,206,4720.2,5,0.0,3888,1.151334926680848,18.87378640776699,0
150000,162,312,3176.6666666666665,6,0.0,3736,0.4822892075037585,11.974358974358974,0
150000,277,259,5220.142857142857,7,0.0,5833,1.092703444992726,22.52123552123552,0
150000,308,248,3640.8333333333335,6,0.0,5028,1.0273106049850078,20.274193548387096,0
150000,336,157,4164.2,5,0.0,2497,1.2730020456835918,15.904458598726114,0
150000,370,233,4153.833333333333,6,0.0,4157,0.9622281243694133,17.841201716738198,0
150000,552,142,6062.6,5,0.0,1854,1.1554280459741075,13.056338028169014,0
150000,563,286,6981.714285714285,7,0.0,7729,1.1874111017455873,27.024475524475523,0
150000,717,305,3978.5555555555557,9,0.0,7953,1.074338570233792,26.075409836065575,0
150000,903,438,4597.857142857143,7,0.0,5800,0.3799177955176247,13.242009132420092,0
150000,969,273,4771.571428571428,7,0.0,6858,1.1563306856830926,25.12087912087912,0
150000,1245,295,3226.4285714285716,7,0.0,5101,0.7365820913972552,17.291525423728814,0
150000,1266,300,5158.2,5,0.0,3037,0.42404519506454225,10.123333333333333,0
150000,1304,179,4882.4,5,0.0,2724,1.0683434834591425,15.217877094972067,0
150000,1616,278,6065.5,6,0.0,6454,1.0494197498198088,23.215827338129497,0
150000,1733,373,5049.333333333333,6,0.0,4419,0.3991316817115999,11.847184986595174,0
150000,2010,137,4462.6,5,0.0,1560,1.0444636452874585,11.386861313868613,0
150000,2147,298,5111.857142857143,7,0.0,7846,1.1102624188129144,26.328859060402685,0
150000,2175,255,5419.0,6,0.0,5802,1.1212623191774227,22.75294117647059,0
150000,2198,216,4994.5,6,0.0,4294,1.1565499703801931,19.87962962962963,0
150000,2270,254,4455.833333333333,6,0.0009433962264150943,5300,1.0323294106284273,20.866141732283463,1
150000,2281,339,4214.333333333333,6,0.0,4482,0.49009731114032956,13.221238938053098,0
150000,2439,216,3895.6666666666665,6,0.0,3869,1.0420800734515525,17.912037037037038,0
150000,2576,384,4619.833333333333,6,0.0,4920,0.41928808202207524,12.8125,0
150000,2602,387,4467.0,7,0.0,5078,0.42606968050608524,13.121447028423773,0
150000,2744,252,4927.714285714285,7,0.0,5163,1.021670626762667,20.488095238095237,0
150000,2750,258,6930.6,5,0.0,5563,1.050218131838232,21.56201550387597,0
150000,2797,374,5019.166666666667,6,0.0,4793,0.43060006258846056,12.815508021390375,0
150000,2804,156,5512.8,5,0.0,2223,1.1478896234270397,14.25,0
150000,2873,365,6105.25,8,8.932559178204556e-05,11195,1.0559618617207802,30.671232876712327,1
150000,2907,253,4083.1666666666665,6,0.0,5460,1.0719177546032759,21.58102766798419,0
150000,2953,199,7202.0,5,0.0,4278,1.3575145447899937,21.497487437185928,0
150000,3129,416,3824.1428571428573,7,0.0,5118,0.3716408839005307,12.302884615384615,0
150000,3137,325,4443.888888888889,9,0.0011076923076923078,8125,0.9666438934122441,25.0,1
150000,3309,240,5382.166666666667,6,0.0,5188,1.1318460199183227,21.616666666666667,0
150000,3311,103,3584.3333333333335,6,0.0,874,1.035253833250063,8.485436893203884,0
150000,3350,322,3776.5,6,0.0,3630,0.43995144217163495,11.273291925465838,0
150000,3469,196,4339.5,6,0.0,3483,1.1393343619797218,17.770408163265305,0
150000,3532,126,4731.5,6,0.0,1346,1.0654027996300985,10.682539682539682,0
150000,3614,219,5419.5,6,0.0,3995,1.0467390297192487,18.24200913242009,0
150000,3619,111,4601.2,5,0.0,1135,1.1576033314907606,10.225225225225225,0
150000,3635,112,5826.5,4,0.0,1348,1.3504039850252043,12.035714285714286,0
150000,3663,190,5109.2,5,0.0,3028,1.0540434964066363,15.936842105263159,0
150000,3792,210,4984.2,5,0.0,3636,1.0360844343267563,17.314285714285713,0
150000,3992,398,4410.142857142857,7,0.0,5647,0.4479829730264782,14.188442211055277,0
150000,4042,254,6947.2,5,0.0,5867,1.142769179652261,23.098425196850393,0
150000,4329,300,4313.0,8,0.0,8558,1.1949222190853979,28.526666666666667,0
150000,4352,536,4874.857142857143,7,0.0,6187,0.2706203183860555,11.542910447761194,0
150000,4405,189,6338.833333333333,6,0.0006711409395973154,2980,1.0483408759774457,15.767195767195767,1
150000,4490,202,6052.2,5,0.0,2609,0.8034913472420125,12.915841584158416,0
150000,4501,205,4214.666666666667,6,0.0,3285,0.9822850081658507,16.024390243902438,0
150000,4596,220,4182.0,5,0.0,3747,0.9728551795868557,17.03181818181818,0
150000,4773,262,3269.5714285714284,7,0.0,5971,1.093086051779305,22.790076335877863,0
150000,4809,441,3804.0,8,0.0,10230,0.6610104400167335,23.197278911564627,0
150000,4843,98,4213.75,4,0.0,770,1.0075078480900213,7.857142857142857,0
150000,4858,241,5330.142857142857,7,0.0,4514,0.9766463551456983,18.730290456431536,0
150000,4904,129,4668.8,5,0.0,1287,0.9718718214458419,9.976744186046512,0
150000,4920,84,5591.75,4,0.0,591,1.05254039584556,7.035714285714286,0
158000,0,53,6951.0,4,0.0,176,0.787355367791817,3.3207547169811322,0
158000,45,206,4762.2,5,0.0,3831,1.134455788095249,18.597087378640776,0
158000,162,326,3215.8571428571427,7,0.0,3990,0.47178872700603236,12.239263803680982,0
158000,277,265,5252.857142857143,7,0.0,5978,1.069729633786246,22.558490566037737,0
158000,308,251,3617.5,6,0.0,5087,1.0146684547109588,20.266932270916335,0
158000,336,157,5800.4,5,0.0,2507,1.2781001716174467,15.968152866242038,0
158000,370,236,4168.666666666667,6,0.0,4173,0.9415301740469841,17.68220338983051,0
158000,552,137,6089.8,5,0.0,1718,1.150249065771701,12.540145985401459,0
158000,563,291,7195.0,7,0.0,7883,1.169810223698272,27.0893470790378,0
158000,717,318,4183.444444444444,9,0.0,8672,1.07764295288678,27.270440251572328,0
158000,903,438,4690.285714285715,7,0.0,5886,0.38555105938219636,13.438356164383562,0
158000,969,274,4798.714285714285,7,0.0,6901,1.155103143610377,25.186131386861312,0
158000,1245,312,3683.8333333333335,6,0.0,5280,0.6816078735599156,16.923076923076923,0
158000,1266,296,5206.0,5,0.0,2939,0.42152761180151577,9.929054054054054,0
158000,1304,176,4896.4,5,0.0,2626,1.0653179633686463,14.920454545454545,0
158000,1616,275,6094.5,6,0.0,6368,1.0581507183106011,23.156363636363636,0
158000,1733,376,5083.666666666667,6,0.0,4470,0.39732116233438136,11.888297872340425,0
158000,2010,127,4572.2,5,0.0,1370,1.0673896547629775,10.78740157480315,0
158000,2147,301,5122.714285714285,7,0.0,7951,1.1028047455852559,26.41528239202658,0
158000,2175,256,5474.166666666667,6,0.0,5824,1.1167380135807468,22.75,0
158000,2198,217,5093.0,6,0.0,4297,1.1467156773323146,19.80184331797235,0
158000,2270,253,4482.5,6,0.0005690440060698028,5272,1.0350092311847015,20.83794466403162,1
158000,2281,336,4216.166666666667,6,0.0,4447,0.4949922948736469,13.235119047619047,0
158000,2439,215,3894.6666666666665,6,0.0,3850,1.0466311923262914,17.906976744186046,0
158000,2576,383,4800.666666666667,6,0.0,4837,0.41437009361066823,12.629242819843341,0
158000,2602,396,5134.666666666667,6,0.0,5363,0.42976128459346136,13.542929292929292,0
158000,2744,255,4920.428571428572,7,0.0,5271,1.018644206202033,20.67058823529412,0
158000,2750,255,7021.6,5,0.0,5466,1.056328823961357,21.435294117647057,0
158000,2797,376,5045.5,6,0.0,4791,0.42585362164295776,12.742021276595745,0
158000,2804,152,5692.2,5,0.0,2088,1.1356726905636232,13.736842105263158,0
158000,2873,370,5428.333333333333,9,0.00034743333622861116,11513,1.0568051488905563,31.116216216216216,1
158000,2907,254,4060.8333333333335,6,0.0,5493,1.0699217835060286,21.625984251968504,0
158000,2953,199,7394.6,5,0.0,4262,1.3524373515415973,21.417085427135678,0
158000,3129,421,4428.0,6,0.0,5539,0.39271459105362444,13.156769596199524,0
158000,3137,324,4644.25,8,0.001470408038230609,8161,0.9769294942061538,25.188271604938272,1
158000,3309,243,5498.833333333333,6,0.0,5284,1.1245017244368891,21.744855967078188,0
158000,3311,76,4229.6,5,0.0,508,1.105214036027434,6.684210526315789,0
158000,3350,328,5191.833333333333,6,0.0,3733,0.4360338108213377,11.38109756097561,0
158000,3469,194,4416.0,6,0.0,3474,1.1599418512669721,17.90721649484536,0
158000,3532,120,4825.333333333333,6,0.0,1192,1.0402162341886203,9.933333333333334,0
158000,3614,218,5420.166666666667,6,0.0,4005,1.0590083812496527,18.371559633027523,0
158000,3619,86,5708.25,4,0.0,746,1.2675111517458009,8.674418604651162,0
158000,3635,95,6005.0,4,0.0,977,1.3603705363134528,10.284210526315789,0
158000,3663,185,5148.6,5,0.0,2903,1.0658925900214662,15.691891891891892,0
158000,3792,209,5080.8,5,0.0,3576,1.0287617343226665,17.11004784688995,0
158000,3992,403,4393.285714285715,7,0.0,5761,0.4457564612141149,14.295285359801488,0
158000,4042,250,7050.6,5,0.0,5730,1.152084857924449,22.92,0
158000,4329,313,4759.25,8,0.0,8926,1.1449277230937334,28.517571884984026,0
158000,4352,542,4887.428571428572,7,0.0,6261,0.2678273934740226,11.551660516605166,0
158000,4405,185,6046.0,5,0.0027991602519244225,2858,1.0493699697834482,15.448648648648648,1
158000,4490,194,6111.0,5,0.0,2513,0.8390713506718195,12.95360824742268,0
158000,4501,203,4195.5,6,0.0,3299,1.0060049177793906,16.251231527093594,0
158000,4596,228,4074.0,6,0.0,3972,0.9601728239503431,17.42105263157895,0
158000,4773,265,3235.4285714285716,7,0.0,6165,1.1031922369173983,23.264150943396228,0
158000,4809,448,3785.25,8,0.0,10401,0.6512218030530023,23.216517857142858,0
158000,4858,241,5358.285714285715,7,0.0,4626,1.000878608529907,19.195020746887966,0
158000,4904,110,5848.0,4,0.0,954,0.9907700467850125,8.672727272727272,0
160000,0,56,6955.75,4,0.0,191,0.7653624959638399,3.4107142857142856,0
160000,45,205,4768.8,5,0.0,3815,1.1407663032428375,18.609756097560975,0
160000,162,331,3188.8571428571427,7,0.0,4104,0.4707184582226344,12.3987915407855,0
160000,277,265,5261.285714285715,7,0.0,6009,1.075276910241143,22.675471698113206,0
160000,308,252,3613.5,6,0.0,5110,1.0111828205998894,20.27777777777778,0
160000,336,158,5815.2,5,0.0,2496,1.2564357095593852,15.79746835443038,0
160000,370,238,4171.833333333333,6,0.0,4181,0.9275474108226062,17.567226890756302,0
160000,552,136,6100.0,5,0.0,1683,1.1434473261227556,12.375,0
160000,563,292,7234.0,7,0.0,7923,1.1677068209041064,27.133561643835616,0
160000,717,319,4170.666666666667,9,0.0,8807,1.0875681842814167,27.608150470219435,0
160000,903,439,4697.428571428572,7,0.0,5909,0.3852962778329728,13.460136674259681,0
160000,969,274,4798.714285714285,7,0.0,6912,1.1569443455491848,25.226277372262775,0
160000,1245,310,3679.0,6,0.0,5285,0.691085002048785,17.048387096774192,0
160000,1266,296,5218.8,5,0.0,2915,0.4180853992519288,9.847972972972974,0
160000,1304,175,4901.4,5,0.0,2604,1.0685005413809399,14.88,0
160000,1616,275,6099.333333333333,6,0.0,6357,1.056322882584876,23.116363636363637,0
160000,1733,376,5091.0,6,0.0,4477,0.3979433654968737,11.90691489361702,0
160000,2010,126,4603.2,5,0.0,1319,1.0440314210342498,10.468253968253968,0
160000,2147,301,5111.0,7,0.0,7985,1.107520550056379,26.528239202657808,0
160000,2175,257,5479.166666666667,6,0.0,5833,1.1097766778233895,22.69649805447471,0
160000,2198,216,5111.5,6,0.0,4301,1.1584353569178412,19.912037037037038,0
160000,2270,253,4492.666666666667,6,0.0013315579227696406,5257,1.0320644021885386,20.778656126482215,1
160000,2281,333,4205.833333333333,6,0.0,4442,0.5033846302968144,13.33933933933934,0
160000,2439,217,3894.1666666666665,6,0.0,3856,1.0290285435870155,17.76958525345622,0
160000,2576,380,4825.5,6,0.0,4821,0.4195462100541937,12.686842105263159,0
160000,2602,395,5133.0,6,0.0,5379,0.43322869754614957,13.617721518987342,0
160000,2744,255,4918.857142857143,7,0.0,5294,1.0230890585531327,20.76078431372549,0
160000,2750,254,7039.6,5,0.0,5457,1.0629097346791185,21.484251968503937,0
160000,2797,377,5046.5,6,0.0,4790,0.4235090322367739,12.705570291777189,0
160000,2804,151,5730.2,5,0.0,2052,1.130923753373318,13.589403973509933,0
160000,2873,369,5430.222222222223,9,0.0003459609064175748,11562,1.067063087398159,31.333333333333332,1
160000,2907,254,4053.0,6,0.0,5506,1.0724539122490793,21.677165354330707,0
160000,2953,197,7416.8,5,0.0,4252,1.376799398393548,21.583756345177665,0
160000,3129,424,4443.333333333333,6,0.0,5568,0.38920407385163686,13.132075471698114,0
160000,3137,324,4646.75,8,0.0009789525208027412,8172,0.9782462721054638,25.22222222222222,1
160000,3309,243,5513.833333333333,6,0.0,5316,1.1313117273100874,21.876543209876544,0
160000,3311,63,4283.8,5,0.0,345,1.0923149060100565,5.476190476190476,0
160000,3350,330,5181.833333333333,6,0.0,3752,0.43295704816414704,11.36969696969697,0
160000,3469,195,4421.166666666667,6,0.0,3471,1.1470840868491963,17.8,0
160000,3532,120,4838.666666666667,6,0.0,1156,1.0088003076527225,9.633333333333333,0
160000,3614,218,5423.5,6,0.0,4000,1.0576862734078927,18.34862385321101,0
160000,3619,75,5779.25,4,0.0,593,1.324774715433776,7.906666666666666,0
160000,3635,89,6031.5,4,0.0,870,1.3802225015140108,9.775280898876405,0
160000,3663,184,5155.8,5,0.0,2883,1.070086439071287,15.668478260869565,0
160000,3792,209,5091.6,5,0.0,3565,1.0255971987864392,17.057416267942585,0
160000,3992,404,4390.285714285715,7,0.0,5785,0.44540029166299755,14.319306930693068,0
160000,4042,249,7069.8,5,0.0,5703,1.155884769821299,22.903614457831324,0
160000,4329,313,4762.375,8,0.0,8989,1.1530086604178322,28.71884984025559,0
160000,4352,543,4886.857142857143,7,0.0,6289,0.2680351800199588,11.58195211786372,0
160000,4405,184,6055.8,5,0.0031779661016949155,2832,1.0511567101803279,15.391304347826088,1
160000,4490,191,6125.4,5,0.0,2476,0.8528914679190075,12.963350785340314,0
160000,4501,202,4193.833333333333,6,0.0,3278,1.0095226662550085,16.22772277227723,0
160000,4596,231,4055.0,6,0.0,4097,0.9648323758368383,17.735930735930737,0
160000,4773,265,3235.4285714285716,7,0.0,6206,1.110528957390004,23.418867924528303,0
160000,4809,449,3784.125,8,0.0,10439,0.6506929174125892,23.249443207126948,0
160000,4858,242,5376.142857142857,7,0.0,4668,1.0016361250568373,19.289256198347108,0
160000,4904,102,5885.0,4,0.0,807,0.9747271324286672,7.911764705882353,0
176000,0,68,7034.75,4,0.0,348,0.9457389649214948,5.117647058823529,0
176000,45,203,4820.6,5,0.0,3757,1.1456685286744985,18.507389162561577,0
176000,162,344,5472.833333333333,6,0.0,4535,0.48158202690744023,13.18313953488372,0
176000,277,270,5287.714285714285,7,0.0,6219,1.072020011669406,23.033333333333335,0
176000,308,265,3949.0,7,0.0,5525,0.9886678197840432,20.849056603773583,0
176000,336,144,7535.75,4,0.0,2113,1.2805141352305618,14.67361111111111,0
176000,370,223,5108.0,5,0.0,3912,0.9885507821064787,17.542600896860986,0
176000,552,123,6243.2,5,0.0,1379,1.145417745865642,11.211382113821138,0
176000,563,297,7490.142857142857,7,0.0,8104,1.154506540815186,27.286195286195287,0
176000,717,333,5004.777777777777,9,0.0,9769,1.1070608854951776,29.336336336336338,0
176000,903,442,4760.285714285715,7,0.0,6081,0.3911472927761416,13.7579185520362,0
176000,969,275,4779.142857142857,7,0.0,7021,1.1666576936650017,25.53090909090909,0
176000,1245,325,4435.833333333333,6,0.0,5400,0.6424464030062915,16.615384615384617,0
176000,1266,283,5321.8,5,0.0,2713,0.42568347059841466,9.586572438162545,0
176000,1304,168,4957.4,5,0.0,2397,1.067233218630206,14.267857142857142,0
176000,1616,272,6136.833333333333,6,0.0,6285,1.067523238960416,23.106617647058822,0
176000,1733,363,6281.0,5,0.0,4268,0.40702494351543195,11.757575757575758,0
176000,2010,99,4797.8,5,0.0,812,1.041107329747949,8.202020202020202,0
176000,2147,311,6385.714285714285,7,0.0,8334,1.0827858758704867,26.79742765273312,0
176000,2175,261,5538.333333333333,6,0.0,5903,1.0889341867641724,22.61685823754789,0
176000,2198,217,5231.833333333333,6,0.0,4335,1.1568565187888258,19.976958525345623,0
176000,2270,249,4526.666666666667,6,0.0011511895625479663,5212,1.0563688269873068,20.931726907630523,1
176000,2281,322,5013.6,5,0.0,4254,0.5155794586771721,13.211180124223603,0
176000,2439,207,4585.6,5,0.0,3682,1.0798239539328915,17.78743961352657,0
176000,2576,380,5926.8,5,0.0,4712,0.41006051478435196,12.4,0
176000,2602,408,6000.333333333333,6,0.0,5698,0.43014213139548835,13.965686274509803,0
176000,2744,259,4928.428571428572,7,0.0,5465,1.0237655283533769,21.1003861003861,0
176000,2750,252,7198.0,5,0.0,5345,1.0576853573593754,21.21031746031746,0
176000,2797,378,5095.166666666667,6,0.0,4767,0.419248402330913,12.61111111111111,0
176000,2804,140,6010.2,5,0.0,1774,1.1373847688710803,12.67142857142857,0
176000,2873,370,5435.333333333333,9,0.0003355423202751447,11921,1.0942564214300634,32.21891891891892,1
176000,2907,258,4057.5,6,0.0,5622,1.0613565229542585,21.790697674418606,0
176000,2953,188,9532.0,4,0.0,4006,1.4243119251109904,21.30851063829787,0
176000,3129,437,4773.714285714285,7,0.0,5959,0.3921212473802885,13.636155606407323,0
176000,3137,324,4655.25,8,0.001555023923444976,8360,1.0007512034754866,25.80246913580247,1
176000,3309,261,6486.5,6,0.0,5706,1.0525933372313008,21.862068965517242,0
176000,3350,323,5997.833333333333,6,0.0,3798,0.4574670091090314,11.758513931888546,0
176000,3469,193,4481.333333333333,6,0.0,3433,1.158161301487155,17.787564766839377,0
176000,3532,77,5443.75,4,0.0,450,0.9537640034511093,5.8441558441558445,0
176000,3614,217,5457.0,6,0.0,3985,1.063454031689382,18.36405529953917,0
176000,3663,177,5230.2,5,0.0,2681,1.0753755184364946,15.146892655367232,0
176000,3792,208,5086.6,5,0.0,3514,1.0206690629358852,16.89423076923077,0
176000,3992,411,4349.142857142857,7,0.0,5987,0.44538488919772184,14.5669099756691,0
176000,4042,243,7196.6,5,0.0,5490,1.1683411179331038,22.59259259259259,0
176000,4329,325,5491.285714285715,7,0.0,9320,1.108814902966414,28.676923076923078,0
176000,4352,550,4879.0,7,0.0,6436,0.2673625166083161,11.701818181818181,0
176000,4405,177,6157.4,5,0.0026455026455026454,2646,1.0613366735482896,14.94915254237288,1
176000,4490,170,6257.6,5,0.0,2230,0.9696542031149119,13.117647058823529,0
176000,4501,199,4163.5,6,0.0,3251,1.0316222031585482,16.33668341708543,0
176000,4596,252,5563.5,6,0.0,4636,0.9173862145403301,18.396825396825395,0
176000,4773,286,3628.4444444444443,9,0.0,6858,1.0535988272443053,23.97902097902098,0
176000,4809,468,4303.25,8,0.0,10863,0.6232581086263774,23.21153846153846,0
176000,4858,245,5437.285714285715,7,0.0,4873,1.0201736610374386,19.889795918367348,0
180000,0,70,7056.0,4,0.0,383,0.9822285602652169,5.4714285714285715,0
180000,45,204,4831.2,5,0.0,3748,1.1317463730925168,18.372549019607842,0
180000,162,347,5501.5,6,0.0,4612,0.4813269877951358,13.291066282420749,0
180000,277,271,5301.428571428572,7,0.0,6264,1.0718228990393084,23.11439114391144,0
180000,308,273,4801.571428571428,7,0.0,5785,0.9754116384772077,21.19047619047619,0
180000,336,139,7684.0,4,0.0,1958,1.2734824109991854,14.086330935251798,0
180000,370,222,5127.4,5,0.0,3864,0.9852377253040305,17.405405405405407,0
180000,552,120,6310.6,5,0.0,1293,1.128355361414334,10.775,0
180000,563,299,7513.714285714285,7,0.0,8150,1.1455791378958542,27.25752508361204,0
180000,717,335,5013.888888888889,9,0.0,9907,1.1093342274578422,29.573134328358208,0
180000,903,443,4782.142857142857,7,0.0,6119,0.3918166298389484,13.812641083521445,0
180000,969,276,4771.714285714285,7,0.0,7040,1.1613533018941475,25.507246376811594,0
180000,1245,326,4423.5,6,0.0,5397,0.6381563307397385,16.55521472392638,0
180000,1266,281,5358.8,5,0.0,2655,0.42253408620868027,9.448398576512455,0
180000,1304,168,4969.4,5,0.0,2353,1.0476427882506778,14.005952380952381,0
180000,1616,271,6144.5,6,0.0,6270,1.0728495493257446,23.136531365313655,0
180000,1733,358,6367.8,5,0.0,4215,0.4132771459967222,11.773743016759777,0
180000,2010,87,4861.2,5,0.0,638,1.0592343046586277,7.333333333333333,0
180000,2147,313,6387.714285714285,7,0.0,8399,1.0773300410334157,26.833865814696484,0
180000,2175,262,5537.5,6,0.0,5919,1.083566628786084,22.591603053435115,0
180000,2198,217,5226.333333333333,6,0.0,4355,1.1621938037659367,20.069124423963135,0
180000,2270,249,4539.0,6,0.0009604302727621974,5206,1.0551527462194779,20.907630522088354,1
180000,2281,318,5028.2,5,0.0,4169,0.5180688965157964,13.11006289308176,0
180000,2439,204,4676.6,5,0.0,3601,1.0873582415971592,17.651960784313726,0
180000,2576,372,6080.6,5,0.0,4591,0.416899406654837,12.341397849462366,0
180000,2602,409,6000.833333333333,6,0.0,5723,0.42991935142650717,13.992665036674817,0
180000,2744,260,4927.714285714285,7,0.0,5502,1.0227835964527243,21.161538461538463,0
180000,2750,251,7231.0,5,0.0,5315,1.0601460264967064,21.175298804780876,0
180000,2797,379,5097.833333333333,6,0.0,4762,0.4166015055978333,12.564643799472295,0
180000,2804,138,6045.6,5,0.0,1702,1.1230814317180904,12.333333333333334,0
180000,2873,371,5431.333333333333,9,0.0005830418124271198,12006,1.0961257590107323,32.3611859838275,1
180000,2907,258,4062.8333333333335,6,0.0,5655,1.0675864705276294,21.91860465116279,0
180000,2953,185,9615.5,4,0.0,3907,1.4345306059985765,21.11891891891892,0
180000,3129,446,5549.571428571428,7,0.0,6311,0.3986927393835626,14.150224215246636,0
180000,3137,324,4659.625,8,0.0009520409377603237,8403,1.0058986079909704,25.935185185185187,1
180000,3309,261,6494.166666666667,6,0.0,5752,1.061079017832885,22.038314176245212,0
180000,3350,322,5997.166666666667,6,0.0,3811,0.46188841490801674,11.835403726708075,0
180000,3469,183,5420.2,5,0.0,3312,1.2427907514335328,18.098360655737704,0
180000,3614,217,5466.5,6,0.0,3978,1.061585981947393,18.331797235023043,0
180000,3663,175,5244.0,5,0.0,2623,1.0762968202927057,14.98857142857143,0
180000,3792,209,5042.8,5,0.0,3521,1.0129390566415293,16.84688995215311,0
180000,3992,415,4332.714285714285,7,0.0,6045,0.4410724944915151,14.566265060240964,0
180000,4042,243,7223.2,5,0.0,5446,1.158977363982456,22.411522633744855,0
180000,4329,325,5516.857142857143,7,0.0,9314,1.1081010736297403,28.658461538461538,0
180000,4352,552,4875.714285714285,7,0.0,6458,0.26633592413467344,11.69927536231884,0
180000,4405,175,6181.0,5,0.0038328861632809506,2609,1.0705521937261413,14.90857142857143,1
180000,4490,166,6281.8,5,0.0,2173,0.9909538156845146,13.090361445783133,0
180000,4501,198,4137.333333333333,6,0.0,3231,1.0356581842412633,16.318181818181817,0
180000,4596,249,5593.0,6,0.0,4645,0.9414491944274826,18.65461847389558,0
180000,4773,291,4051.0,8,0.0,7175,1.0647454465349613,24.656357388316152,0
180000,4809,473,4302.875,8,0.0,10939,0.6144198032015296,23.126849894291755,0
180000,4858,246,5433.285714285715,7,0.0,4935,1.0247709528366469,20.0609756097561,0
182000,0,71,7063.5,4,0.0,401,0.9996259901523562,5.647887323943662,0
182000,45,203,4836.2,5,0.0,3747,1.142619104855828,18.458128078817733,0
182000,162,348,5499.166666666667,6,0.0,4650,0.48250778964171415,13.362068965517242,0
182000,277,271,5299.857142857143,7,0.0,6287,1.0757583918039804,23.199261992619927,0
182000,308,273,4810.857142857143,7,0.0,5844,0.985359656916301,21.406593406593405,0
182000,336,136,7732.75,4,0.0,1881,1.277970540960727,13.830882352941176,0
182000,370,220,5138.6,5,0.0,3839,0.996741669184398,17.45,0
182000,552,118,6331.8,5,0.0,1249,1.1272189670593658,10.584745762711865,0
182000,563,299,7526.142857142857,7,0.0,8171,1.1485309369014753,27.327759197324415,0
182000,717,334,5006.111111111111,9,0.0,9980,1.1242100714556327,29.880239520958085,0
182000,903,444,4778.142857142857,7,0.0,6150,0.39202976259185995,13.85135135135135,0
182000,969,276,4766.142857142857,7,0.0,7056,1.163992741216634,25.565217391304348,0
182000,1245,327,4418.666666666667,6,0.0,5388,0.6332015156801918,16.477064220183486,0
182000,1266,278,5366.4,5,0.0,2627,0.42714993535429774,9.449640287769784,0
182000,1304,167,4976.2,5,0.0,2323,1.0467094172310358,13.910179640718562,0
182000,1616,271,6147.0,6,0.0,6268,1.0725073325635992,23.129151291512915,0
182000,1733,358,6395.2,5,0.0,4192,0.4110220156626951,11.70949720670391,0
182000,2010,80,4878.4,5,0.0,530,1.040652566501619,6.625,0
182000,2147,313,6392.142857142857,7,0.0,8423,1.0804084933473581,26.910543130990416,0
182000,2175,263,5540.333333333333,6,0.0,5924,1.076250625561505,22.524714828897338,0
182000,2198,216,5225.666666666667,6,0.0,4360,1.174326472020876,20.185185185185187,0
182000,2270,249,4544.833333333333,6,0.0017314351673720662,5198,1.0535313051957063,20.87550200803213,1
182000,2281,316,5029.6,5,0.0,4146,0.5217530500634227,13.120253164556962,0
182000,2439,202,4690.2,5,0.0,3564,1.097601825055781,17.643564356435643,0
182000,2576,369,6121.2,5,0.0,4549,0.4198296129194107,12.327913279132792,0
182000,2602,409,6006.833333333333,6,0.0,5728,0.430294958058891,14.004889975550123,0
182000,2744,260,4929.857142857143,7,0.0,5524,1.0268732436940837,21.246153846153845,0
182000,2750,251,7246.4,5,0.0,5304,1.0579519331210783,21.131474103585656,0
182000,2797,380,5100.0,6,0.0,4766,0.4147598500556497,12.542105263157895,0
182000,2804,136,6064.4,5,0.0,1660,1.1278208920759205,12.205882352941176,0
182000,2873,371,5429.666666666667,9,0.00024914874179885393,12041,1.0993211947566408,32.455525606469,1
182000,2907,259,4054.1666666666665,6,0.0,5674,1.0629177690534422,21.907335907335906,0
182000,2953,184,9653.75,4,0.0,3865,1.4345765130109347,21.005434782608695,0
182000,3129,449,5561.142857142857,7,0.0,6378,0.39755909830994296,14.20489977728285,0
182000,3137,324,4658.0,8,0.0010671093194213896,8434,1.0096095275253891,26.030864197530864,1
182000,3309,261,6501.166666666667,6,0.0,5768,1.064030558911697,22.09961685823755,0
182000,3350,323,5998.166666666667,6,0.0,3825,0.4607191442448776,11.842105263157896,0
182000,3469,180,5451.6,5,0.0,3263,1.2655576331683327,18.127777777777776,0
182000,3614,218,5472.5,6,0.0,3976,1.0513401557674453,18.238532110091743,0
182000,3663,174,5245.4,5,0.0,2603,1.0804023883332317,14.959770114942529,0
182000,3792,210,5018.2,5,0.0,3529,1.0055946008633452,16.804761904761904,0
182000,3992,416,4326.142857142857,7,0.0,6068,0.44062463530840573,14.586538461538462,0
182000,4042,242,7236.4,5,0.0,5420,1.1629965290934143,22.39669421487603,0
182000,4329,325,5528.0,7,0.0,9322,1.1090528460786386,28.68307692307692,0
182000,4352,554,4872.142857142857,7,0.0,6470,0.2649077202716829,11.678700361010831,0
182000,4405,174,6192.8,5,0.0038744672607516468,2581,1.0712710581206575,14.833333333333334,1
182000,4490,162,6295.0,5,0.0,2143,1.02612910480764,13.228395061728396,0
182000,4501,197,4129.833333333333,6,0.0,3212,1.0400469585230658,16.304568527918782,0
182000,4596,249,5604.666666666667,6,0.0,4656,0.9436786758351688,18.698795180722893,0
182000,4773,292,4041.75,8,0.0,7261,1.0701400008310888,24.866438356164384,0
182000,4809,473,4304.75,8,0.0,10968,0.6160486700351381,23.18816067653277,0
182000,4858,247,5431.571428571428,7,0.0,4958,1.0212274501465812,20.072874493927124,0
192000,0,76,7113.5,4,0.0,492,1.0704041451289323,6.473684210526316,0
192000,45,203,4851.6,5,0.0,3738,1.1398746234190247,18.413793103448278,0
192000,162,359,6088.166666666667,6,0.0,4935,0.4811806160866421,13.746518105849582,0
192000,277,274,5306.285714285715,7,0.0,6403,1.0717469103807047,23.368613138686133,0
192000,308,281,4831.428571428572,7,0.0,6122,0.9742951697813712,21.7864768683274,0
192000,336,123,7953.0,4,0.0,1490,1.2376159835676626,12.113821138211382,0
192000,370,217,5178.4,5,0.0,3731,0.9956705124800711,17.193548387096776,0
192000,552,104,6439.8,5,0.0,985,1.144404128619063,9.471153846153847,0
192000,563,302,7583.285714285715,7,0.0,8292,1.1424975344750916,27.456953642384107,0
192000,717,341,4976.111111111111,9,0.0,10293,1.1123541484300872,30.18475073313783,0
192000,903,446,4768.428571428572,7,0.0,6245,0.3945232383854141,14.002242152466367,0
192000,969,277,4743.142857142857,7,0.0,7094,1.1618271206227628,25.6101083032491,0
192000,1245,320,5320.4,5,0.0,5224,0.6410812508731673,16.325,0
192000,1266,271,5410.4,5,0.0,2493,0.4265731940142075,9.199261992619926,0
192000,1304,161,5023.4,5,0.0,2188,1.0607314109879198,13.590062111801242,0
192000,1616,270,6164.666666666667,6,0.0,6220,1.0721923898671337,23.037037037037038,0
192000,1733,351,6553.0,5,0.0,4079,0.41605365001883965,11.621082621082621,0
192000,2147,318,6394.571428571428,7,0.0,8587,1.067080262504472,27.00314465408805,0
192000,2175,268,5531.666666666667,6,0.0,5980,1.046264427960958,22.313432835820894,0
192000,2198,217,5226.333333333333,6,0.0,4405,1.1755370162087144,20.29953917050691,0
192000,2270,247,4582.166666666667,6,0.0005806077027288562,5167,1.0642763684766812,20.91902834008097,1
192000,2281,307,5040.6,5,0.0,3996,0.5327931009875887,13.01628664495114,0
192000,2439,190,5978.25,4,0.0,3290,1.1452454105607113,17.31578947368421,0
192000,2576,362,6301.4,5,0.0,4382,0.4202087545566519,12.104972375690608,0
192000,2602,408,6020.833333333333,6,0.0,5756,0.4345205525293841,14.107843137254902,0
192000,2744,262,4928.285714285715,7,0.0,5619,1.0286468807482692,21.446564885496183,0
192000,2750,250,7316.4,5,0.0,5258,1.0571836270448083,21.032,0
192000,2797,381,5107.166666666667,6,0.0,4763,0.4123257847231194,12.501312335958005,0
192000,2804,128,6140.6,5,0.0,1458,1.1182719943686323,11.390625,0
192000,2873,370,5433.555555555556,9,0.000655361677725895,12207,1.120509029141581,32.99189189189189,1
192000,2907,262,4018.0,6,0.0,5771,1.056472886420762,22.02671755725191,0
192000,2953,179,9844.75,4,0.0,3650,1.431517516382478,20.391061452513966,0
192000,3129,455,5602.285714285715,7,0.0,6687,0.4058993855728525,14.696703296703296,0
192000,3137,325,4653.625,8,0.0009324009324009324,8580,1.0207759514433297,26.4,1
192000,3309,262,6528.0,6,0.0,5834,1.068006033508703,22.267175572519083,0
192000,3350,323,5977.5,6,0.0,3848,0.46348948158282066,11.913312693498453,0
192000,3469,173,5600.6,5,0.0,3055,1.2827111573011885,17.658959537572255,0
192000,3614,215,5498.333333333333,6,0.0,3949,1.0735445658432532,18.367441860465117,0
192000,3663,170,5275.2,5,0.0,2492,1.083577701418099,14.658823529411764,0
192000,3792,217,6142.333333333333,6,0.0,3759,1.0031427114480267,17.322580645161292,0
192000,3992,420,4297.571428571428,7,0.0,6175,0.43989420943122387,14.702380952380953,0
192000,4042,238,7293.4,5,0.0,5323,1.180898078882739,22.365546218487395,0
192000,4329,325,5588.0,7,0.0,9373,1.1151203954403648,28.84,0
192000,4352,560,4857.0,7,0.0,6557,0.2627477427243402,11.708928571428572,0
192000,4405,170,6236.0,5,0.0024,2500,1.0870562815189595,14.705882352941176,1
192000,4490,154,6365.6,5,0.0,1958,1.0374832881984846,12.714285714285714,0
192000,4501,194,4085.6666666666665,6,0.0,3178,1.0611097303760615,16.38144329896907,0
192000,4596,250,5664.166666666667,6,0.0,4687,0.9423772651120231,18.748,0
192000,4773,302,4468.375,8,0.0,7629,1.051147333636092,25.26158940397351,0
192000,4809,484,4320.875,8,0.0,11151,0.5981814712140527,23.039256198347108,0
192000,4858,247,5428.0,7,0.0,5096,1.0496520947855945,20.63157894736842,0
196000,0,77,7134.0,4,0.0,529,1.1212025729458597,6.87012987012987,0
196000,45,203,4858.2,5,0.0,3741,1.1407894505646257,18.428571428571427,0
196000,162,357,6117.166666666667,6,0.0,4951,0.4881646847891491,13.868347338935575,0
196000,277,275,5289.857142857143,7,0.0,6463,1.0739365723054988,23.50181818181818,0
196000,308,281,4829.857142857143,7,0.0,6216,0.9892549453382886,22.12099644128114,0
196000,336,115,8041.75,4,0.0,1316,1.2504607734212985,11.443478260869565,0
196000,370,215,5196.4,5,0.0,3678,0.9998726039937921,17.106976744186046,0
196000,552,97,6485.4,5,0.0,855,1.1419116670503873,8.814432989690722,0
196000,563,302,7609.285714285715,7,0.0,8330,1.1477332925925607,27.582781456953644,0
196000,717,343,4962.111111111111,9,0.0,10409,1.1118101447939601,30.346938775510203,0
196000,903,448,4765.714285714285,7,0.0,6280,0.39319997338456436,14.017857142857142,0
196000,969,278,4731.428571428572,7,0.0,7118,1.1573860829280136,25.60431654676259,0
196000,1245,318,5342.8,5,0.0,5158,0.6409689057875936,16.22012578616352,0
196000,1266,270,5423.8,5,0.0,2451,0.4224989626309236,9.077777777777778,0
196000,1304,159,5040.4,5,0.0,2129,1.0582573093616028,13.38993710691824,0
196000,1616,269,6172.333333333333,6,0.0,6202,1.077052978127107,23.055762081784387,0
196000,1733,349,6595.0,5,0.0,4045,0.41732801155230953,11.59025787965616,0
196000,2147,319,6393.857142857143,7,0.0,8659,1.0692918028491865,27.144200626959247,0
196000,2175,269,5534.666666666667,6,0.0,5989,1.0400629290556667,22.263940520446095,0
196000,2198,217,5223.0,6,0.0,4430,1.1822086224301032,20.4147465437788,0
196000,2270,246,4594.666666666667,6,0.0005809450038729666,5164,1.0723236475072835,20.991869918699187,1
196000,2281,302,5038.8,5,0.0,3963,0.5460344584086816,13.12251655629139,0
196000,2439,183,6060.0,4,0.0,3126,1.172996343291432,17.081967213114755,0
196000,2576,358,6371.2,5,0.0,4309,0.42249376562274643,12.03631284916201,0
196000,2602,410,6030.166666666667,6,0.0,5761,0.43066544383892436,14.051219512195122,0
196000,2744,264,4927.857142857143,7,0.0,5668,1.0219551859818037,21.46969696969697,0
196000,2750,250,7349.0,5,0.0,5242,1.0539666361675326,20.968,0
196000,2797,381,5111.0,6,0.0,4757,0.4118063736989039,12.485564304461942,0
196000,2804,123,6176.8,5,0.0,1362,1.1312972950464137,11.073170731707316,0
196000,2873,372,5436.777777777777,9,0.0005704506560182544,12271,1.1143046436640176,32.986559139784944,1
196000,2907,263,3995.5,6,0.0,5819,1.0571746100848072,22.125475285171103,0
196000,2953,177,9917.25,4,0.0,3571,1.4323632884508475,20.175141242937855,0
196000,3129,458,5608.142857142857,7,0.0,6819,0.4085070899645087,14.888646288209607,0
196000,3137,325,4650.75,8,0.0009267840593141798,8632,1.026962472361168,26.56,1
196000,3309,263,6536.0,6,0.0,5863,1.0651683689512328,22.29277566539924,0
196000,3350,323,5967.833333333333,6,0.0,3857,0.4645735266281027,11.941176470588236,0
196000,3469,170,5659.0,5,0.0,2980,1.2957710875705999,17.529411764705884,0
196000,3614,216,5510.166666666667,6,0.0,3945,1.062549984431733,18.26388888888889,0
196000,3663,168,5285.4,5,0.0,2448,1.0899403083882957,14.571428571428571,0
196000,3792,217,6139.333333333333,6,0.0,3814,1.0178202451350822,17.57603686635945,0
196000,3992,422,4288.285714285715,7,0.0,6219,0.43883930533175186,14.736966824644549,0
196000,4042,238,7310.2,5,0.0,5297,1.175130025144067,22.256302521008404,0
196000,4329,325,5606.571428571428,7,0.0,9391,1.1172618834503858,28.895384615384614,0
196000,4352,560,4856.428571428572,7,0.0,6588,0.26398995410522397,11.764285714285714,0
196000,4405,170,6256.8,5,0.0032401782098015392,2469,1.0735767836281245,14.523529411764706,1
196000,4490,150,6398.4,5,0.0,1871,1.044963529754045,12.473333333333333,0
196000,4501,195,4068.8333333333335,6,0.0,3161,1.0446363579747362,16.21025641025641,0
196000,4596,249,5670.666666666667,6,0.0,4701,0.952799281593885,18.879518072289155,0
196000,4773,303,4466.375,8,0.0,7747,1.0603717843505593,25.567656765676567,0
196000,4809,492,4312.875,8,0.0,11238,0.5834030378915013,22.841463414634145,0
196000,4858,249,5427.142857142857,7,0.0,5142,1.0421812180293037,20.650602409638555,0
200000,0,79,7157.0,4,0.0,562,1.1315975461095744,7.113924050632911,0
200000,45,203,4865.8,5,0.0,3744,1.1417042777102269,18.44334975369458,0
200000,162,359,6138.5,6,0.0,4976,0.4851782665951633,13.860724233983287,0
200000,277,277,5271.857142857143,7,0.0,6525,1.0686385624560935,23.555956678700362,0
200000,308,285,4831.857142857143,7,0.0,6317,0.9773070258037168,22.164912280701753,0
200000,336,107,8134.5,4,0.0,1127,1.236990102400453,10.532710280373832,0
200000,370,214,5209.4,5,0.0,3637,0.9979886873182005,16.99532710280374,0
200000,552,89,6536.8,5,0.0,706,1.1200426276653928,7.932584269662922,0
200000,563,303,7637.0,7,0.0,8365,1.1449606268352175,27.607260726072607,0
200000,717,345,4948.555555555556,9,0.0,10518,1.110464911756604,30.48695652173913,0
200000,903,449,4762.571428571428,7,0.0,6324,0.39419312287740343,14.084632516703786,0
200000,969,278,4723.285714285715,7,0.0,7125,1.1585242822228288,25.6294964028777,0
200000,1245,316,5357.2,5,0.0,5115,0.6436967802880865,16.186708860759495,0
200000,1266,265,5439.0,5,0.0,2390,0.4276771202323734,9.018867924528301,0
200000,1304,156,5059.4,5,0.0,2057,1.0621722696308686,13.185897435897436,0
200000,1616,270,6179.333333333333,6,0.0,6183,1.065814396551204,22.9,0
200000,1733,345,6633.6,5,0.0,4002,0.4225214467436707,11.6,0
200000,2147,320,6391.571428571428,7,0.0,8741,1.0726820853526713,27.315625,0
200000,2175,269,5535.5,6,0.0,6000,1.0419732132800132,22.304832713754646,0
200000,2198,219,5217.833333333333,6,0.0,4455,1.1672646751938056,20.34246575342466,0
200000,2270,247,4606.0,6,0.0009674922600619195,5168,1.0644823441624711,20.923076923076923,1
200000,2281,299,5036.2,5,0.0,3927,0.551986414051168,13.133779264214047,0
200000,2439,179,6135.25,4,0.0,2986,1.1710989873748163,16.681564245810055,0
200000,2576,356,6435.6,5,0.0,4254,0.42180075585061794,11.94943820224719,0
200000,2602,410,6036.0,6,0.0,5770,0.4313382417897229,14.073170731707316,0
200000,2744,265,4933.0,7,0.0,5709,1.0215935897098827,21.543396226415094,0
200000,2750,249,7383.2,5,0.0,5227,1.059409028906879,20.991967871485944,0
200000,2797,382,5113.5,6,0.0,4765,0.41034206831927206,12.473821989528796,0
200000,2804,119,6211.2,5,0.0,1255,1.1136780680051381,10.546218487394958,0
200000,2873,373,5441.333333333333,9,0.0006482456851146585,12341,1.1146603494009626,33.0857908847185,1
200000,2907,265,3966.5,6,0.0,5884,1.0529088600197847,22.20377358490566,0
200000,2953,175,9991.25,4,0.0,3495,1.4341049892958468,19.97142857142857,0
200000,3129,461,5615.285714285715,7,0.0,6955,0.41124927712022835,15.086767895878525,0
200000,3137,325,4648.875,8,0.0008066374740723669,8678,1.0324351639423328,26.701538461538462,1
200000,3309,264,6540.833333333333,6,0.0,5890,1.06198236510812,22.310606060606062,0
200000,3350,323,5959.0,6,0.0,3864,0.4654166727744332,11.962848297213622,0
200000,3469,167,5722.8,5,0.0,2907,1.3098511734354805,17.407185628742514,0
200000,3614,216,5521.5,6,0.0,3942,1.0617419616298838,18.25,0
200000,3663,168,5293.4,5,0.0,2408,1.0721308262250882,14.333333333333334,0
200000,3792,217,6145.333333333333,6,0.0,3839,1.0244918513564711,17.691244239631338,0
200000,3992,423,4278.142857142857,7,0.0,6266,0.4400677266936862,14.81323877068558,0
200000,4042,237,7323.0,5,0.0,5280,1.1812643423207894,22.27848101265823,0
200000,4329,325,5624.0,7,0.0,9410,1.1195223430165189,28.953846153846154,0
200000,4352,563,4851.857142857143,7,0.0,6624,0.262611293058675,11.765541740674955,0
200000,4405,169,6275.8,5,0.004916018025399427,2441,1.0739998833952151,14.44378698224852,1
200000,4490,147,6432.0,5,0.0,1788,1.0397829912755887,12.16326530612245,0
200000,4501,194,4057.5,6,0.0,3134,1.0464184691625478,16.15463917525773,0
200000,4596,248,5683.833333333333,6,0.0,4697,0.9596813666695667,18.93951612903226,0
200000,4773,305,4464.875,8,0.0,7860,1.0617755767682138,25.770491803278688,0
200000,4809,495,4306.625,8,0.0,11318,0.5804558008909994,22.864646464646466,0
200000,4858,249,5423.285714285715,7,0.0,5193,1.0525179045558488,20.85542168674699,0
208000,0,82,7207.75,4,0.0,635,1.1867408298807367,7.7439024390243905,0
208000,45,203,4877.0,5,0.0,3747,1.142619104855828,18.458128078817733,0
208000,162,361,6183.666666666667,6,0.0,5001,0.48222787917841503,13.853185595567867,0
208000,277,281,5225.142857142857,7,0.0,6680,1.063098943832009,23.772241992882563,0
208000,308,294,4831.0,7,0.00046026388462718626,6518,0.947609834610499,22.170068027210885,1
208000,336,83,8338.75,4,0.0,636,1.1601410525087,7.662650602409639,0
208000,370,210,5236.6,5,0.0,3558,1.0138582005870733,16.942857142857143,0
208000,552,56,6668.0,5,0.0,279,1.1179902427953472,4.982142857142857,0
208000,563,306,7703.0,7,0.0,8451,1.1341620537181145,27.61764705882353,0
208000,717,351,4925.777777777777,9,0.0,10742,1.0956725443742035,30.603988603988604,0
208000,903,453,4756.142857142857,7,0.0,6386,0.39105907997844963,14.097130242825607,0
208000,969,278,4700.285714285715,7,0.0,7139,1.1608006808124596,25.679856115107913,0
208000,1245,314,5385.8,5,0.0,5039,0.6422364145173828,16.047770700636942,0
208000,1266,260,5471.2,5,0.0,2285,0.4247656339321111,8.788461538461538,0
208000,1304,151,5117.6,5,0.0,1926,1.0614810667626755,12.754966887417218,0
208000,1616,268,6189.666666666667,6,0.0,6133,1.0730334007833704,22.884328358208954,0
208000,1733,341,6708.0,5,0.0,3912,0.4227659019390363,11.472140762463344,0
208000,2147,325,6364.714285714285,7,0.0,8965,1.066580000546556,27.584615384615386,0
208000,2175,272,5535.166666666667,6,0.0,6022,1.022852019891746,22.139705882352942,0
208000,2198,219,5216.333333333333,6,0.0,4504,1.1801032765595736,20.5662100456621,0
208000,2270,246,4643.666666666667,6,0.0009710623422023694,5149,1.0692088421795125,20.93089430894309,1
208000,2281,294,5031.0,5,0.0,3845,0.5589996646329194,13.078231292517007,0
208000,2439,169,6286.25,4,0.0,2711,1.19279544608129,16.041420118343197,0
208000,2576,353,6571.6,5,0.0,4181,0.42163885063386836,11.844192634560907,0
208000,2602,410,6048.5,6,0.0,5789,0.4327585930191865,14.11951219512195,0
208000,2744,266,4942.571428571428,7,0.0,5788,1.027957390410861,21.7593984962406,0
208000,2750,248,7459.6,5,0.0,5185,1.059388521648223,20.907258064516128,0
208000,2797,381,5111.166666666667,6,0.0,4772,0.41310490125944277,12.5249343832021,0
208000,2804,109,6279.8,5,0.0,1036,1.0957629792505768,9.504587155963304,0
208000,2873,374,5466.888888888889,9,0.0006416940723510066,12467,1.1200273274129644,33.33422459893048,1
208000,2907,273,3904.6666666666665,6,0.0,6038,1.0180700904278963,22.117216117216117,0
208000,2953,172,10156.25,4,0.0,3349,1.4225518924921874,19.47093023255814,0
208000,3129,469,5615.714285714285,7,0.0004131093362709997,7262,0.4148780165641923,15.484008528784647,1
208000,3137,329,4634.75,8,0.0009054895302773062,8835,1.0257100763838405,26.854103343465045,1
208000,3309,265,6554.833333333333,6,0.0,5948,1.0643613017331202,22.445283018867926,0
208000,3350,322,5950.0,6,0.0,3871,0.4691603395720107,12.021739130434783,0
208000,3469,164,5858.4,5,0.0,2782,1.2998082632788228,16.963414634146343,0
208000,3614,216,5539.166666666667,6,0.0,3945,1.062549984431733,18.26388888888889,0
208000,3663,165,5319.2,5,0.0,2312,1.0671606560293263,14.012121212121212,0
208000,3792,218,6160.333333333333,6,0.0,3882,1.0264845283423598,17.807339449541285,0
208000,3992,427,4256.142857142857,7,0.0,6360,0.43834012750206675,14.894613583138174,0
208000,4042,239,7342.4,5,0.0,5269,1.1591569959744836,22.04602510460251,0
208000,4329,326,5665.714285714285,7,0.0,9466,1.119286238054913,29.03680981595092,0
208000,4352,567,4843.0,7,0.0,6694,0.2616552507007092,11.80599647266314,0
208000,4405,166,6304.6,5,0.003781512605042017,2380,1.0853520852872272,14.337349397590362,1
208000,4490,140,6499.2,5,0.0,1598,1.0245438898849977,11.414285714285715,0
208000,4501,192,4036.0,6,0.0,3088,1.05265170510908,16.083333333333332,0
208000,4596,247,5713.166666666667,6,0.0,4709,0.9699395043848833,19.06477732793522,0
208000,4773,307,4469.0,8,0.00024798512089274643,8065,1.0753194092755014,26.270358306188925,1
208000,4809,501,4289.125,8,0.0,11495,0.5754974291419503,22.944111776447105,0
208000,4858,251,5426.285714285715,7,0.0,5315,1.0601460264967064,21.175298804780876,0
218000,0,137,7001.1,10,0.0,836,0.559725389397638,6.102189781021898,0
218000,45,205,4881.2,5,0.0,3778,1.129702514718595,18.429268292682927,0
218000,162,363,6251.166666666667,6,0.0,5021,0.47883604531185187,13.831955922865014,0
218000,277,288,5396.875,8,0.00129366106080207,6957,1.0540152435872006,24.15625,1
218000,308,286,5033.571428571428,7,0.001081081081081081,6475,0.9947582978137761,22.63986013986014,1
218000,370,207,5277.0,5,0.0,3467,1.0167706812290427,16.7487922705314,0
218000,563,306,7765.571428571428,7,0.0,8557,1.1483877285133008,27.964052287581698,0
218000,717,355,5546.875,8,0.0,10863,1.083185748730678,30.6,0
218000,903,447,5597.166666666667,6,0.0,6283,0.3951499010055537,14.05592841163311,0
218000,969,276,4677.714285714285,7,0.0,7157,1.1806542019398314,25.931159420289855,0
218000,1245,313,5412.6,5,0.0,4974,0.6380092420645564,15.891373801916933,0
218000,1266,250,5520.0,5,0.0,2134,0.4290661582566796,8.536,0
218000,1304,145,5170.6,5,0.0,1740,1.0399754991193797,12.0,0
218000,1616,268,6201.0,6,0.0,6100,1.0672597007628501,22.761194029850746,0
218000,1733,336,6800.8,5,0.0,3815,0.4246448403289775,11.354166666666666,0
218000,2147,333,7396.428571428572,7,0.0,9437,1.0694373606733536,28.33933933933934,0
218000,2175,279,5537.833333333333,6,0.0,6056,0.9776588229924994,21.706093189964157,0
218000,2198,222,5168.666666666667,6,0.0,4608,1.1749418835923844,20.756756756756758,0
218000,2270,245,4684.333333333333,6,0.0007762468464971861,5153,1.0787922994717671,21.03265306122449,1
218000,2281,287,5011.6,5,0.0,3762,0.5739378437424177,13.10801393728223,0
218000,2439,158,6414.0,4,0.0,2389,1.2025740825870879,15.120253164556962,0
218000,2576,348,6745.0,5,0.0,4085,0.4238804990723446,11.738505747126437,0
218000,2602,410,6071.166666666667,6,0.0,5793,0.4330576143306525,14.129268292682926,0
218000,2744,269,4951.285714285715,7,0.0,5905,1.0254753040697462,21.95167286245353,0
218000,2750,245,7602.0,5,0.0,5124,1.0727210833482115,20.914285714285715,0
218000,2797,383,5073.5,6,0.0,4800,0.4112004236781492,12.532637075718016,0
218000,2804,88,6355.2,5,0.0,666,1.0807338364105383,7.568181818181818,0
218000,2873,375,5506.666666666667,9,0.0008704597610192293,12637,1.12925315878156,33.69866666666667,1
218000,2907,281,4360.285714285715,7,0.000949667616334283,6318,1.005487893283029,22.483985765124554,1
218000,2953,166,10373.5,4,0.0,3155,1.4387755584374797,19.00602409638554,0
218000,3129,479,6113.25,8,0.0010245901639344263,7808,0.42764031605910197,16.30062630480167,1
218000,3137,329,5331.0,7,0.0011259993244004053,8881,1.0310505023616172,26.99392097264438,1
218000,3309,270,6526.666666666667,6,0.0,6059,1.0444395000329523,22.44074074074074,0
218000,3350,319,5941.166666666667,6,0.0,3874,0.47839663289499346,12.144200626959247,0
218000,3469,159,5980.4,5,0.0,2615,1.2998322517522738,16.446540880503143,0
218000,3614,215,5574.5,6,0.0,3931,1.0686512252038054,18.28372093023256,0
218000,3663,159,5355.8,5,0.0,2172,1.0796312240175674,13.660377358490566,0
218000,3792,217,6195.333333333333,6,0.0,3912,1.0439729415229264,18.027649769585253,0
218000,3992,433,4225.857142857143,7,0.0,6484,0.4345873467963714,14.97459584295612,0
218000,4042,236,7573.6,5,0.0001934610176049526,5169,1.1662519697217495,21.902542372881356,1
218000,4329,327,5732.285714285715,7,0.0,9519,1.1186795151744144,29.110091743119266,0
218000,4352,571,4840.285714285715,7,0.0,6780,0.2613168060622903,11.873905429071804,0
218000,4405,163,6376.6,5,0.0047805302042590175,2301,1.088306627409404,14.116564417177914,1
218000,4490,127,6604.0,5,0.0,1306,1.0175261964382838,10.283464566929133,0
218000,4501,189,3988.0,6,0.0,3018,1.0617089811073595,15.968253968253968,0
218000,4596,248,5759.5,6,0.0,4737,0.9678540842907681,19.100806451612904,0
218000,4773,312,4052.777777777778,9,0.0003609239653512993,8312,1.0730160312556853,26.641025641025642,1
218000,4809,506,4261.875,8,0.0,11757,0.5770392417981096,23.23517786561265,0
218000,4858,254,5415.285714285715,7,0.0,5464,1.0642731886176844,21.511811023622048,0
222000,0,166,7023.2,10,0.0,983,0.44827777304090094,5.921686746987952,0
222000,45,204,4878.6,5,0.0,3800,1.1474482971589017,18.627450980392158,0
222000,162,362,6276.833333333333,6,0.0,5027,0.4820605680411431,13.886740331491712,0
222000,277,288,5411.0,8,0.0007187005893344833,6957,1.0540152435872006,24.15625,1
222000,308,291,5051.285714285715,7,0.0010688654756451366,6549,0.9718491887606219,22.50515463917526,1
222000,370,207,5295.0,5,0.0,3429,1.0056263818674323,16.565217391304348,0
222000,563,308,7771.0,7,0.0,8596,1.1386882463424632,27.90909090909091,0
222000,717,355,5547.25,8,0.0,10901,1.086974854728263,30.707042253521127,0
222000,903,447,5611.5,6,0.0,6275,0.3946467656867499,14.038031319910514,0
222000,969,277,4668.142857142857,7,0.0,7174,1.1749292026145617,25.898916967509024,0
222000,1245,312,5418.4,5,0.0,4951,0.6391364738627164,15.868589743589743,0
222000,1266,248,5541.8,5,0.0,2070,0.4229381368971691,8.346774193548388,0
222000,1304,141,5173.8,5,0.0,1655,1.0460914122410558,11.73758865248227,0
222000,1616,267,6203.166666666667,6,0.0,6086,1.072801295557378,22.794007490636705,0
222000,1733,335,6834.2,5,0.0,3789,0.4242724727806363,11.31044776119403,0
222000,2147,335,7414.714285714285,7,0.0,9481,1.0616329676519431,28.301492537313433,0
222000,2175,281,5542.833333333333,6,0.0,6069,0.9658604027120453,21.597864768683273,0
222000,2198,222,5140.833333333333,6,0.0,4667,1.1899856273276166,21.02252252252252,0
222000,2270,245,4715.666666666667,6,0.00038804811796662784,5154,1.0790016517518897,21.036734693877552,1
222000,2281,286,5000.0,5,0.0,3732,0.5733494930410831,13.048951048951048,0
222000,2439,153,6456.0,4,0.0,2263,1.2148189457172374,14.790849673202615,0
222000,2576,347,6787.0,5,0.0,4053,0.4229874851547453,11.680115273775217,0
222000,2602,410,6085.0,6,0.0,5793,0.4330576143306525,14.129268292682926,0
222000,2744,271,4936.714285714285,7,0.0,5953,1.0186081925257031,21.96678966789668,0
222000,2750,245,7623.4,5,0.0,5108,1.0693714468662499,20.848979591836734,0
222000,2797,384,5062.666666666667,6,0.0,4807,0.4096580915203487,12.518229166666666,0
222000,2804,73,6394.2,5,0.0,467,1.10123758245557,6.397260273972603,0
222000,2873,377,5513.777777777777,9,0.00031560675398453525,12674,1.120574838114587,33.61803713527851,1
222000,2907,279,4366.285714285715,7,0.0009492168960607499,6321,1.020439468318294,22.655913978494624,1
222000,2953,165,10413.0,4,0.0,3090,1.4262657556793332,18.727272727272727,0
222000,3129,481,6146.875,8,0.000885851683118198,7902,0.42919705825383786,16.428274428274428,1
222000,3137,325,5349.285714285715,7,0.001124353496739375,8894,1.0581330200625845,27.366153846153846,1
222000,3309,272,6504.5,6,0.0,6122,1.0398372742904798,22.50735294117647,0
222000,3350,319,5935.666666666667,6,0.0,3875,0.4785201219587248,12.147335423197493,0
222000,3469,156,6007.0,5,0.0,2538,1.3105460477992923,16.26923076923077,0
222000,3614,215,5594.166666666667,6,0.0,3923,1.0664764071418287,18.246511627906976,0
222000,3663,157,5373.4,5,0.0,2123,1.0823321357574152,13.522292993630574,0
222000,3792,218,6188.5,6,0.0,3923,1.0373258126447906,17.995412844036696,0
222000,3992,436,4209.0,7,0.0,6549,0.43292421278426807,15.020642201834862,0
222000,4042,235,7620.8,5,0.00039100684261974585,5115,1.1639110129913475,21.76595744680851,1
222000,4329,327,5745.285714285715,7,0.0,9538,1.1209124084182756,29.168195718654435,0
222000,4352,572,4844.571428571428,7,0.0,6805,0.2613641010279053,11.896853146853147,0
222000,4405,162,6414.2,5,0.004403346543372964,2271,1.0874191306664258,14.018518518518519,1
222000,4490,121,6647.8,5,0.0,1163,0.9982029249709526,9.611570247933884,0
222000,4501,189,3953.1666666666665,6,0.0,2988,1.0511552138995326,15.80952380952381,0
222000,4596,247,5783.166666666667,6,0.0,4729,0.9740590181006823,19.14574898785425,0
222000,4773,312,4062.1111111111113,9,0.0007147111375818939,8395,1.0837307004802068,26.90705128205128,1
222000,4809,507,4248.25,8,0.0,11874,0.5804849840882509,23.420118343195266,0
222000,4858,255,5408.285714285715,7,0.0,5543,1.0712094166150388,21.737254901960785,0
228000,0,196,7057.9,10,0.0,1220,0.3990777839837097,6.224489795918367,0
228000,45,207,4872.0,5,0.0,3854,1.1302665720959708,18.618357487922705,0
228000,162,364,6326.666666666667,6,0.0,5038,0.4778210297302674,13.840659340659341,0
228000,277,286,5297.571428571428,7,0.001148105625717566,6968,1.0704981960102538,24.363636363636363,1
228000,308,292,5084.857142857143,7,0.0010570824524312897,6622,0.9759629645370431,22.67808219178082,1
228000,370,202,5327.4,5,0.0,3346,1.0304645641516956,16.564356435643564,0
228000,563,310,7785.714285714285,7,0.0,8655,1.1317579361839607,27.919354838709676,0
228000,717,352,6349.571428571428,7,0.0,10863,1.101727821408378,30.860795454545453,0
228000,903,447,5635.166666666667,6,0.0,6260,0.39370338696399265,14.004474272930649,0
228000,969,279,4655.142857142857,7,0.0,7194,1.1613734432972327,25.78494623655914,0
228000,1245,311,5435.8,5,0.0,4924,0.6397453387072566,15.832797427652734,0
228000,1266,241,5595.2,5,0.0,1972,0.42666074708624663,8.182572614107883,0
228000,1304,136,5180.0,5,0.0,1522,1.0340622877949102,11.191176470588236,0
228000,1616,267,6206.666666666667,6,0.0,6085,1.0726250219301094,22.790262172284645,0
228000,1733,331,6895.0,5,0.0,3735,0.42839508807542387,11.283987915407854,0
228000,2147,335,7424.428571428572,7,0.0,9570,1.0715987238085747,28.567164179104477,0
228000,2175,283,5549.666666666667,6,0.0,6084,0.9546104810618337,21.498233215547703,0
228000,2198,233,6116.833333333333,6,0.0,4878,1.1291192664599468,20.935622317596568,0
228000,2270,246,4759.0,6,0.000774593338497289,5164,1.0723236475072835,20.991869918699187,1
228000,2281,281,6231.25,4,0.0,3641,0.5794525830078361,12.957295373665481,0
228000,2439,145,6516.0,4,0.0,2059,1.2306376739579328,14.2,0
228000,2576,341,6856.2,5,0.0,3978,0.42989845549935746,11.665689149560118,0
228000,2602,410,6124.333333333333,6,0.0,5801,0.43365565695358455,14.148780487804878,0
228000,2744,273,4916.857142857143,7,0.0,6015,1.01419204934147,22.032967032967033,0
228000,2750,245,7664.2,5,0.0,5093,1.066231162664411,20.787755102040816,0
228000,2797,385,5042.833333333333,6,0.0,4814,0.40812621445454583,12.503896103896103,0
228000,2873,378,5528.777777777777,9,0.000549278091650973,12744,1.1208100774711884,33.714285714285715,1
228000,2907,278,3946.1666666666665,6,0.0011037527593818985,6342,1.0312085611027622,22.81294964028777,1
228000,2953,161,10458.0,4,0.0,2965,1.4374171085828071,18.41614906832298,0
228000,3129,483,6185.875,8,0.0008716224629560453,8031,0.4325987183447077,16.627329192546583,1
228000,3137,325,5379.571428571428,7,0.0014554411106135244,8932,1.0626539391948508,27.483076923076922,1
228000,3309,282,7153.857142857143,7,0.0,6370,1.0065864495431307,22.588652482269502,0
228000,3350,318,5930.166666666667,6,0.0,3888,0.48314988478134235,12.226415094339623,0
228000,3469,153,6039.8,5,0.0,2437,1.308225263240348,15.928104575163399,0
228000,3614,214,5633.5,6,0.0,3907,1.0720763820050065,18.257009345794394,0
228000,3663,154,5400.8,5,0.0,2038,1.0798727994629784,13.233766233766234,0
228000,3792,216,6182.5,6,0.0,3937,1.0603952569601351,18.22685185185185,0
228000,3992,442,5083.142857142857,7,0.0,6670,0.4290334554870686,15.09049773755656,0
228000,4042,232,7703.8,5,0.00039832702648874725,5021,1.1722604573182485,21.642241379310345,1
228000,4329,327,5791.857142857143,7,0.0,9569,1.1245555500266804,29.262996941896024,0
228000,4352,575,4872.714285714285,7,0.0,6848,0.26027827891760036,11.909565217391304,0
228000,4405,160,6481.4,5,0.004508566275924256,2218,1.0887582040097126,13.8625,1
228000,4490,109,6722.2,5,0.0,920,0.9730713715352612,8.440366972477063,0
228000,4501,187,3902.1666666666665,6,0.0,2944,1.0579483281956419,15.743315508021391,0
228000,4596,246,5820.0,6,0.0,4747,0.9857320593952508,19.296747967479675,0
228000,4773,314,4065.777777777778,9,0.0011713716762328688,8537,1.0880675274330018,27.187898089171973,1
228000,4809,512,4223.0,8,0.0,12080,0.5790777474268295,23.59375,0
228000,4858,256,5404.142857142857,7,0.0,5644,1.0822234458533198,22.046875,0
232000,0,208,7077.1,10,0.0,1398,0.406060145129302,6.721153846153846,0
232000,45,208,4848.6,5,0.0,3909,1.1353999336984562,18.79326923076923,0
232000,162,363,6368.5,6,0.0,5037,0.48036191201668943,13.87603305785124,0
232000,277,286,5313.0,7,0.0011462960309499928,6979,1.0721881328868486,24.402097902097903,1
232000,308,290,5109.285714285715,7,0.0021008403361344537,6664,0.9957466560533832,22.979310344827585,1
232000,370,202,5346.0,5,0.0,3312,1.019993615203352,16.396039603960396,0
232000,563,310,7789.142857142857,7,0.0,8698,1.1373807659073474,28.058064516129033,0
232000,717,349,6378.714285714285,7,0.0,10820,1.1163137416553743,31.002865329512893,0
232000,903,444,5646.666666666667,6,0.0,6261,0.39910542172156677,14.10135135135135,0
232000,969,279,4646.857142857143,7,0.0,7207,1.1634721164641584,25.831541218637994,0
232000,1245,310,5444.8,5,0.0,4907,0.6416564058757592,15.829032258064515,0
232000,1266,238,5611.2,5,0.0,1900,0.42151161936449455,7.983193277310924,0
232000,1304,132,5175.6,5,0.0,1423,1.0262824485900541,10.780303030303031,0
232000,1616,267,6208.5,6,0.0,6086,1.072801295557378,22.794007490636705,0
232000,1733,330,6938.6,5,0.0,3699,0.4268411836778198,11.209090909090909,0
232000,2147,336,7433.857142857143,7,0.0,9606,1.069236785373567,28.589285714285715,0
232000,2175,285,5536.833333333333,6,0.0,6093,0.9426518455314304,21.378947368421052,0
232000,2198,236,6116.833333333333,6,0.0,4925,1.111199642267289,20.86864406779661,0
232000,2270,245,4787.0,6,0.0011630160883892228,5159,1.0800484131525026,21.057142857142857,1
232000,2281,272,6270.5,4,0.0,3508,0.5958427243075797,12.897058823529411,0
232000,2439,141,6556.0,4,0.0,1924,1.2161207716929252,13.645390070921986,0
232000,2576,342,6876.6,5,0.0,3946,0.42395009100459363,11.538011695906432,0
232000,2602,410,6127.166666666667,6,0.0,5812,0.43447796556011603,14.175609756097561,0
232000,2744,276,4894.857142857143,7,0.0,6082,1.0033168724602564,22.036231884057973,0
232000,2750,245,7697.0,5,0.0,5068,1.060997355661346,20.685714285714287,0
232000,2797,385,5030.666666666667,6,0.0,4819,0.4085501095671908,12.516883116883117,0
232000,2873,379,5533.777777777777,9,0.0008590394377196407,12805,1.1202398738303772,33.78627968337731,1
232000,2907,277,3944.1666666666665,6,0.0012560841576385617,6369,1.0430895025720857,22.9927797833935,1
232000,2953,159,10482.25,4,0.0,2891,1.4370229597766058,18.18238993710692,0
232000,3129,486,6210.0,8,0.0007398273736128237,8110,0.4314775257940561,16.68724279835391,1
232000,3137,325,5405.428571428572,7,0.000897162722888864,8917,1.060869365853167,27.436923076923076,1
232000,3309,283,7150.142857142857,7,0.0,6475,1.0159603656928622,22.879858657243815,0
232000,3350,318,5929.666666666667,6,0.0,3894,0.48389548645538766,12.245283018867925,0
232000,3469,151,6062.0,5,0.0,2357,1.2990191455657458,15.609271523178808,0
232000,3614,213,5656.666666666667,6,0.0,3906,1.0818894756262412,18.338028169014084,0
232000,3663,150,5426.8,5,0.0,1970,1.1002555604572253,13.133333333333333,0
232000,3792,219,6176.833333333333,6,0.0,3953,1.0357345142628762,18.050228310502284,0
232000,3992,443,5096.285714285715,7,0.0,6702,0.429147745249327,15.128668171557562,0
232000,4042,231,7759.4,5,0.001006441223832528,4968,1.1699505109000277,21.506493506493506,1
232000,4329,328,5816.857142857143,7,0.0,9586,1.1196946452004668,29.225609756097562,0
232000,4352,577,4871.428571428572,7,0.0,6858,0.25885449952775275,11.885615251299827,0
232000,4405,158,6531.0,5,0.004143646408839779,2172,1.0933406895685036,13.746835443037975,1
232000,4490,97,6787.6,5,0.0,695,0.9282205948538235,7.164948453608248,0
232000,4501,186,3866.5,6,0.0,2906,1.0555518847649368,15.623655913978494,0
232000,4596,247,5856.0,6,0.0,4754,0.979208410245431,19.246963562753038,0
232000,4773,316,4070.1111111111113,9,0.0009272137227630969,8628,1.0857899941985552,27.303797468354432,1
232000,4809,514,4193.5,8,0.0,12270,0.5836173425721322,23.8715953307393,0
232000,4858,258,5400.714285714285,7,0.0,5716,1.0791024342238602,22.155038759689923,0
234000,0,217,7090.2,10,0.0,1467,0.3914898530710974,6.76036866359447,0
234000,45,213,6083.833333333333,6,0.0,3997,1.107094785990293,18.76525821596244,0
234000,162,365,6402.333333333333,6,0.0,5045,0.4758666898062828,13.821917808219178,0
234000,277,286,5319.857142857143,7,0.0008599684678228465,6977,1.0718808716365587,24.395104895104897,1
234000,308,292,5118.142857142857,7,0.0016435081428357986,6693,0.986427079680826,22.921232876712327,1
234000,370,202,5354.6,5,0.0,3295,1.0147581407291801,16.31188118811881,0
234000,563,310,7788.285714285715,7,0.0,8717,1.1398652720641926,28.11935483870968,0
234000,717,349,6387.0,7,0.0,10815,1.115797885027992,30.988538681948423,0
234000,903,445,5653.166666666667,6,0.0,6259,0.39718678790695144,14.065168539325843,0
234000,969,279,4644.142857142857,7,0.0,7211,1.1641178620539818,25.845878136200717,0
234000,1245,310,5451.2,5,0.0,4896,0.6402180075744278,15.793548387096774,0
234000,1266,235,5610.0,5,0.0,1855,0.42210262543478977,7.8936170212765955,0
234000,1304,129,5176.2,5,0.0,1378,1.0405900310430225,10.682170542635658,0
234000,1616,267,6209.666666666667,6,0.0,6082,1.0720962010483033,22.779026217228463,0
234000,1733,328,6969.2,5,0.0,3673,0.429025498833853,11.198170731707316,0
234000,2147,336,7439.571428571428,7,0.0,9624,1.0712403521169278,28.642857142857142,0
234000,2175,287,5531.833333333333,6,0.0,6104,0.9312377985655816,21.26829268292683,0
234000,2198,236,6105.333333333333,6,0.0,4946,1.1159377524170582,20.95762711864407,0
234000,2270,245,4801.0,6,0.001549186676994578,5164,1.0810951745531157,21.077551020408162,1
234000,2281,267,6284.75,4,0.0,3458,0.6095542030952043,12.95131086142322,0
234000,2439,137,6580.75,4,0.0,1853,1.2406353427677312,13.525547445255475,0
234000,2576,340,6891.0,5,0.0,3919,0.42601735672728025,11.526470588235295,0
234000,2602,409,6127.833333333333,6,0.0,5812,0.43660514948293894,14.210268948655257,0
234000,2744,278,4878.285714285715,7,0.0,6125,0.9959243829634844,22.032374100719423,0
234000,2750,244,7712.0,5,0.0,5055,1.0669679430191081,20.7172131147541,0
234000,2797,384,5024.833333333333,6,0.0,4810,0.4099137549849963,12.526041666666666,0
234000,2873,377,5537.111111111111,9,0.0013258462018405864,12822,1.1336602946429883,34.0106100795756,1
234000,2907,276,3946.3333333333335,6,0.001098556183301946,6372,1.0511567101803276,23.08695652173913,1
234000,2953,159,10494.5,4,0.0,2854,1.4186314518168222,17.949685534591193,0
234000,3129,487,6223.5,8,0.00159567939118694,8147,0.4316678039507026,16.72895277207392,1
234000,3137,324,5414.142857142857,7,0.0012322168701691498,8927,1.0686251188308218,27.55246913580247,1
234000,3309,284,7152.571428571428,7,0.0,6502,1.013024966953027,22.8943661971831,0
234000,3350,318,5928.5,6,0.0,3893,0.4837712195097134,12.242138364779874,0
234000,3469,151,6073.0,5,0.0,2319,1.2780761130958695,15.357615894039736,0
234000,3614,213,5680.666666666667,6,0.0,3907,1.082166457058813,18.342723004694836,0
234000,3663,151,5452.6,5,0.0,1941,1.0697480532639425,12.85430463576159,0
234000,3792,218,6177.0,6,0.0,3961,1.0473738322421657,18.1697247706422,0
234000,3992,443,5104.857142857143,7,0.0,6721,0.43036436822153484,15.17155756207675,0
234000,4042,230,7782.0,5,0.0006061830672863204,4949,1.1756326686288006,21.517391304347825,1
234000,4329,328,5822.571428571428,7,0.0,9599,1.1212131127977552,29.265243902439025,0
234000,4352,574,5604.333333333333,6,0.0,6820,0.2601180285967098,11.881533101045296,0
234000,4405,158,6549.2,5,0.0041685965724872626,2159,1.086796753581215,13.664556962025317,1
234000,4490,77,6841.5,4,0.0,496,1.051259879359445,6.441558441558442,0
234000,4501,185,3846.5,6,0.0,2894,1.0625880659738625,15.643243243243242,0
234000,4596,247,5885.0,6,0.0,4758,0.980032312988591,19.263157894736842,0
234000,4773,318,4068.1111111111113,9,0.0005752416014726184,8692,1.0801282918002644,27.333333333333332,1
234000,4809,519,4143.0,9,0.0,12434,0.580077487902636,23.95761078998073,0
234000,4858,258,5413.857142857143,7,0.0,5747,1.0849548092170267,22.275193798449614,0
250000,0,265,7180.0,10,0.0,2105,0.37667796572767615,7.943396226415095,0
250000,45,221,7433.0,5,0.0,4141,1.0654438016023695,18.737556561085974,0
250000,162,366,6598.166666666667,6,0.0,5046,0.47336368747989177,13.78688524590164,0
250000,277,284,5367.142857142857,7,0.0011394388263780088,7021,1.093886233924516,24.721830985915492,1
250000,308,292,5204.142857142857,7,0.0017429193899782135,6885,1.0147244051400697,23.578767123287673,1
250000,370,195,5447.0,5,0.0,3119,1.0307563430949707,15.994871794871795,0
250000,563,315,7776.857142857143,7,0.0,8923,1.1300551775452445,28.326984126984126,0
250000,717,346,6450.0,7,0.0,10815,1.1352308646654954,31.25722543352601,0
250000,903,445,5644.666666666667,6,0.0,6306,0.400169337680338,14.170786516853932,0
250000,969,279,4601.714285714285,7,0.0,7262,1.172351118324229,26.02867383512545,0
250000,1245,309,5485.4,5,0.0,4856,0.6391040699545265,15.715210355987056,0
250000,1266,214,5643.4,5,0.0,1539,0.42229985971479533,7.191588785046729,0
250000,1304,103,5225.2,5,0.0,833,0.9866892941616732,8.087378640776699,0
250000,1616,266,6216.333333333333,6,0.0,6058,1.0759097911383892,22.774436090225564,0
250000,1733,322,7136.0,5,0.0,3548,0.4300131451308432,11.01863354037267,0
250000,2147,338,7487.857142857143,7,0.0,9784,1.076199801222735,28.94674556213018,0
250000,2175,297,5502.833333333333,6,0.0,6142,0.874997430119308,20.68013468013468,0
250000,2198,238,6071.333333333333,6,0.0,5042,1.1185587288609375,21.18487394957983,0
250000,2270,244,4940.333333333333,6,0.001557935735150925,5135,1.0838536869244548,21.045081967213115,1
250000,2281,241,6385.75,4,0.0,3083,0.6670360462813886,12.792531120331951,0
250000,2439,111,6768.0,4,0.0,1225,1.2493956661464156,11.036036036036036,0
250000,2576,335,6980.0,5,0.0,3771,0.4222569265916546,11.256716417910448,0
250000,2602,409,6122.333333333333,6,0.0,5843,0.43893391060371856,14.28606356968215,0
250000,2744,281,6697.571428571428,7,0.0,6410,1.0201293757429908,22.81138790035587,0
250000,2750,241,7830.8,5,0.0,4967,1.074657165708614,20.609958506224068,0
250000,2797,363,6078.4,5,0.0,4532,0.4322017441452525,12.484848484848484,0
250000,2873,381,5564.666666666667,9,0.0006929473360024638,12988,1.1243517304186175,34.08923884514436,1
250000,2907,277,3922.5,6,0.0015248551387618177,6558,1.0740431712777105,23.67509025270758,1
250000,2953,149,10627.5,4,0.0,2536,1.4354450645473116,17.02013422818792,0
250000,3129,494,6349.125,8,0.0015489098057905398,8393,0.4321884827087665,16.989878542510123,1
250000,3137,322,5501.142857142857,7,0.0007809885083119491,8963,1.0863043460562984,27.835403726708076,1
250000,3309,284,7174.142857142857,7,0.0,6701,1.0440295760615554,23.595070422535212,0
250000,3350,319,5919.333333333333,6,0.0,3890,0.480372457914694,12.19435736677116,0
250000,3469,142,6175.0,5,0.0,2016,1.2563877781466024,14.19718309859155,0
250000,3614,214,5762.5,6,0.0,3914,1.0739971740894794,18.289719626168225,0
250000,3663,144,5501.0,5,0.0,1704,1.0326531407633117,11.833333333333334,0
250000,3792,222,6152.5,6,0.0,4055,1.033938658413003,18.265765765765767,0
250000,3992,449,5109.714285714285,7,0.0,6857,0.4274165470541359,15.271714922048998,0
250000,4042,223,8000.0,5,0.0010590976488032196,4721,1.1929826795308502,21.170403587443946,1
250000,4329,328,5898.428571428572,7,0.0,9656,1.1278710091858657,29.4390243902439,0
250000,4352,576,5727.666666666667,6,0.0,6745,0.25547408430342344,11.710069444444445,0
250000,4405,151,6709.6,5,0.005432098765432099,2025,1.1160431776710373,13.410596026490067,1
250000,4501,179,3658.1666666666665,6,0.0,2733,1.07187325267762,15.268156424581006,0
250000,4596,247,6053.0,6,0.0,4780,0.9845637780759698,19.352226720647774,0
250000,4773,327,4063.0,9,0.0006585446163977609,9111,1.0707310707799234,27.862385321100916,1
250000,4809,545,4786.0,9,0.0,13239,0.5601083429458836,24.291743119266055,0
250000,4858,266,5396.142857142857,7,0.0,6168,1.0954459543977526,23.18796992481203,0
254000,0,274,7209.0,10,0.0,2244,0.3756051955168361,8.18978102189781,0
254000,45,221,7473.0,5,0.0,4129,1.0623563044714281,18.683257918552037,0
254000,162,367,6639.0,6,0.0,5040,0.47022776838769487,13.732970027247957,0
254000,277,284,5377.142857142857,7,0.0012805919180421173,7028,1.0949768483152682,24.746478873239436,1
254000,308,293,5223.0,7,0.002591792656587473,6945,1.0165924345854285,23.703071672354948,1
254000,370,194,5479.2,5,0.0,3082,1.029056069546577,15.88659793814433,0
254000,563,317,7772.0,7,0.0,8984,1.1234689727174398,28.34069400630915,0
254000,717,348,6463.285714285715,7,0.0,10823,1.1230498510305962,31.100574712643677,0
254000,903,444,5637.0,6,0.0,6329,0.40344005974697267,14.254504504504505,0
254000,969,280,4593.857142857143,7,0.0,7268,1.1649538472597254,25.957142857142856,0
254000,1245,308,5496.8,5,0.0,4840,0.641141357875468,15.714285714285714,0
254000,1266,207,5665.4,5,0.0,1445,0.4237766467770311,6.980676328502415,0
254000,1304,90,5249.2,5,0.0,621,0.9634217471008699,6.9,0
254000,1616,266,6217.333333333333,6,0.0,6057,1.0757321896542131,22.770676691729324,0
254000,1733,321,7164.8,5,0.0,3528,0.4302574269218967,10.990654205607477,0
254000,2147,339,7497.285714285715,7,0.0,9817,1.0734683854227165,28.958702064896755,0
254000,2175,299,5498.5,6,0.0,6149,0.8643148612173751,20.565217391304348,0
254000,2198,239,6068.5,6,0.0,5059,1.112957912817406,21.167364016736403,0
254000,2270,245,4977.333333333333,6,0.0013629283489096573,5136,1.0752333107096828,20.963265306122448,1
254000,2281,234,6409.25,4,0.0,3002,0.6889517967767229,12.82905982905983,0
254000,2439,103,6825.0,4,0.0,1035,1.2259584867434954,10.048543689320388,0
254000,2576,336,7001.4,5,0.0,3748,0.4171871196731344,11.154761904761905,0
254000,2602,410,6118.666666666667,6,0.0,5853,0.4375429340026427,14.27560975609756,0
254000,2744,281,6711.0,7,0.0,6447,1.0260177980366711,22.94306049822064,0
254000,2750,241,7852.4,5,0.0,4954,1.071844493440804,20.556016597510375,0
254000,2797,360,6089.0,5,0.0,4489,0.4352657229001414,12.469444444444445,0
254000,2873,383,5570.333333333333,9,0.0005372630286284442,13029,1.1161521500213762,34.01827676240209,1
254000,2907,278,3899.5,6,0.0012037315678603672,6646,1.0806389304776027,23.906474820143885,1
254000,2953,147,10663.25,4,0.0,2451,1.4253401071680472,16.6734693877551,0
254000,3129,497,6383.25,8,0.0013020833333333333,8448,0.4297847404349894,16.997987927565394,1
254000,3137,321,5522.285714285715,7,0.0013383894713361588,8966,1.0934490050401717,27.931464174454828,1
254000,3309,284,7184.142857142857,7,0.0,6736,1.0494826480153168,23.718309859154928,0
254000,3350,317,5917.333333333333,6,0.0,3888,0.4862029570264254,12.264984227129338,0
254000,3469,138,6212.2,5,0.0,1928,1.2722097534385888,13.971014492753623,0
254000,3614,213,5772.5,6,0.0,3912,1.083551364221673,18.366197183098592,0
254000,3663,141,5492.4,5,0.0,1629,1.029657347758719,11.553191489361701,0
254000,3792,223,6140.666666666667,6,0.0,4095,1.0347943386313985,18.36322869955157,0
254000,3992,449,5106.714285714285,7,0.0,6899,0.430034527946111,15.365256124721604,0
254000,4042,223,8050.2,5,0.0012853470437017994,4668,1.1795897369307369,20.932735426008968,1
254000,4329,329,5917.714285714285,7,0.0,9669,1.1225343212852692,29.38905775075988,0
254000,4352,579,5734.5,6,0.0,6760,0.2533958118281117,11.675302245250432,0
254000,4405,150,6746.8,5,0.0035140562248995983,1992,1.1125426783912653,13.28,1
254000,4501,179,3607.0,6,0.0,2693,1.0561853894843873,15.044692737430168,0
254000,4596,247,6084.833333333333,6,0.0,4792,0.9870354863054493,19.40080971659919,0
254000,4773,330,4058.6666666666665,9,0.0012998266897746968,9232,1.0653143573164727,27.975757575757576,1
254000,4809,547,4791.777777777777,9,0.0,13347,0.5605558274980094,24.40036563071298,0
254000,4858,269,5367.571428571428,7,0.0,6312,1.096155820370574,23.46468401486989,0
256000,0,277,7228.2,10,0.0,2312,0.3786501695629867,8.346570397111913,0
256000,45,221,7490.8,5,0.0,4126,1.061584430188693,18.669683257918553,0
256000,162,367,6660.166666666667,6,0.0,5040,0.47022776838769487,13.732970027247957,0
256000,277,284,5378.0,7,0.0014208581983518045,7038,1.0965348688734857,24.781690140845072,1
256000,308,294,5238.285714285715,7,0.002007744156030403,6973,1.0137593397881266,23.717687074829932,1
256000,370,192,5501.4,5,0.0,3056,1.0417433972841155,15.916666666666666,0
256000,563,318,7770.571428571428,7,0.0,9003,1.1187753119049448,28.31132075471698,0
256000,717,345,6469.285714285715,7,0.0,10824,1.1427716490638409,31.37391304347826,0
256000,903,444,5635.833333333333,6,0.0,6330,0.40350380442381684,14.256756756756756,0
256000,969,279,4589.857142857143,7,0.0,7269,1.1734811731064199,26.053763440860216,0
256000,1245,308,5504.0,5,0.0,4838,0.6408764234300649,15.707792207792208,0
256000,1266,202,5675.8,5,0.0,1397,0.43023281414223513,6.915841584158416,0
256000,1304,80,5271.0,5,0.0,474,0.9306968236259762,5.925,0
256000,1616,266,6219.0,6,0.0,6054,1.075199385201685,22.7593984962406,0
256000,1733,321,7179.0,5,0.0,3518,0.42903787639207275,10.959501557632398,0
256000,2147,340,7502.285714285715,7,0.0,9841,1.0697720866428082,28.944117647058825,0
256000,2175,300,5495.666666666667,6,0.0,6150,0.85870199198121,20.5,0
256000,2198,238,6063.333333333333,6,0.0,5070,1.124770479041046,21.30252100840336,0
256000,2270,245,4997.0,6,0.0011677695601401323,5138,1.075652015269928,20.97142857142857,1
256000,2281,231,6419.0,4,0.0,2967,0.6987204440097387,12.844155844155845,0
256000,2439,98,6856.0,4,0.0,933,1.2207854834649217,9.520408163265307,0
256000,2576,335,7014.0,5,0.0,3725,0.4171060863309237,11.119402985074627,0
256000,2602,410,6118.0,6,0.0,5859,0.4379914659698417,14.290243902439025,0
256000,2744,281,6717.571428571428,7,0.0,6470,1.0296781686516614,23.02491103202847,0
256000,2750,241,7866.8,5,0.0,4947,1.070329977604291,20.526970954356848,0
256000,2797,360,6091.6,5,0.0,4473,0.4337143191205909,12.425,0
256000,2873,384,5571.444444444444,9,0.00038299502106472615,13055,1.1125621769915024,33.997395833333336,1
256000,2907,280,3878.1666666666665,6,0.0014874312063067083,6723,1.0775983372491929,24.010714285714286,1
256000,2953,146,10680.75,4,0.0,2410,1.4207615490995311,16.506849315068493,0
256000,3129,499,6398.375,8,0.0010613207547169811,8480,0.4279614250937377,16.993987975951903,1
256000,3137,323,5535.285714285715,7,0.0018975332068311196,8959,1.0791066178535578,27.736842105263158,1
256000,3309,284,7186.714285714285,7,0.0,6756,1.0525986891317516,23.788732394366196,0
256000,3350,318,5915.833333333333,6,0.0,3893,0.4837712195097134,12.242138364779874,0
256000,3469,137,6234.8,5,0.0,1883,1.2607211821001822,13.744525547445255,0
256000,3614,213,5776.333333333333,6,0.0,3914,1.084105327086817,18.375586854460092,0
256000,3663,142,5482.8,5,0.0,1598,0.9958867408126342,11.253521126760564,0
256000,3792,223,6136.833333333333,6,0.0,4114,1.039595582205024,18.44843049327354,0
256000,3992,450,5107.142857142857,7,0.0,6911,0.4288700608189444,15.357777777777779,0
256000,4042,222,8073.4,5,0.0010780508840017248,4638,1.1825912448136888,20.89189189189189,1
256000,4329,329,5928.714285714285,7,0.0,9673,1.122998706152902,29.401215805471125,0
256000,4352,581,5735.666666666667,6,0.0,6767,0.2519148537519693,11.647160068846816,0
256000,4405,150,6765.6,5,0.0055583628094997475,1979,1.105282108702969,13.193333333333333,1
256000,4501,178,3580.1666666666665,6,0.0,2668,1.058170584494075,14.98876404494382,0
256000,4596,246,6104.333333333333,6,0.0,4800,0.9967377048867081,19.51219512195122,0
256000,4773,331,4054.6666666666665,9,0.0005376922249704269,9299,1.0665718672057205,28.093655589123866,1
256000,4809,547,4799.888888888889,9,0.0,13392,0.5624457662286163,24.482632541133455,0
256000,4858,271,5345.285714285715,7,0.0,6407,1.0962913975327027,23.642066420664207,0
258000,0,282,7244.8,10,0.0,2407,0.38035378085562255,8.535460992907801,0
258000,45,221,7511.0,5,0.0,4123,1.0608125559059574,18.65610859728507,0
258000,162,369,6681.333333333333,6,0.0,5051,0.46615945809099657,13.688346883468835,0
258000,277,285,5384.571428571428,7,0.0009937535491198182,7044,1.0897816510624316,24.71578947368421,1
258000,308,293,5266.857142857143,7,0.001713796058269066,7002,1.024935957806648,23.897610921501705,1
258000,370,192,5539.6,5,0.0,3028,1.0321986279372715,15.770833333333334,0
258000,563,318,7771.714285714285,7,0.0,9032,1.122379053329497,28.40251572327044,0
258000,717,345,6476.428571428572,7,0.0,10835,1.1439330023657353,31.405797101449274,0
258000,903,444,5630.666666666667,6,0.0,6339,0.40407750651541474,14.277027027027026,0
258000,969,279,4584.285714285715,7,0.0,7276,1.1746112278886105,26.078853046594983,0
258000,1245,307,5514.4,5,0.0,4831,0.6441249927104707,15.73615635179153,0
258000,1266,200,5683.8,5,0.0,1352,0.42474332676534005,6.76,0
258000,1304,50,4417.5,4,0.0,236,1.186265385995506,4.72,0
258000,1616,266,6217.833333333333,6,0.0,6055,1.0753769866858611,22.763157894736842,0
258000,1733,318,7201.0,5,0.0,3489,0.4335673734573311,10.971698113207546,0
258000,2147,339,7505.571428571428,7,0.0,9862,1.0783890411570571,29.091445427728612,0
258000,2175,299,5492.833333333333,6,0.0,6149,0.8643148612173751,20.565217391304348,0
258000,2198,238,6062.833333333333,6,0.0,5077,1.126323416586073,21.331932773109244,0
258000,2270,244,5019.0,6,0.0019451468585878235,5141,1.085120117717356,21.06967213114754,1
258000,2281,226,6431.5,4,0.0,2916,0.7174316060668678,12.902654867256636,0
258000,2439,91,6887.0,4,0.0,816,1.238275379944099,8.967032967032967,0
258000,2576,335,7028.6,5,0.0,3710,0.41542646450677234,11.074626865671641,0
258000,2602,411,6117.833333333333,6,0.0,5868,0.4365322414919378,14.277372262773723,0
258000,2744,281,6725.857142857143,7,0.0,6483,1.0317470737818735,23.0711743772242,0
258000,2750,240,7877.2,5,0.0,4939,1.0775226469499992,20.579166666666666,0
258000,2797,355,6098.4,5,0.0,4444,0.44312597508599216,12.518309859154929,0
258000,2873,382,5566.0,9,0.0009180628873077806,13071,1.1256203934944817,34.217277486910994,1
258000,2907,284,4225.571428571428,7,0.0013087101933982842,6877,1.0714507378861837,24.214788732394368,1
258000,2953,143,10700.0,4,0.0,2365,1.4533457138715558,16.53846153846154,0
258000,3129,500,6421.5,8,0.001528153285529564,8507,0.4276084592654139,17.014,1
258000,3137,316,6448.5,6,0.0014666064981949459,8864,1.1154893959870185,28.050632911392405,1
258000,3309,284,7192.428571428572,7,0.0,6782,1.0566495425831173,23.880281690140844,0
258000,3350,318,5917.0,6,0.0,3892,0.48364695256403917,12.238993710691824,0
258000,3469,136,6273.6,5,0.0,1845,1.2535117746265503,13.566176470588236,0
258000,3614,213,5779.333333333333,6,0.0,3915,1.084382308519389,18.380281690140844,0
258000,3663,141,5472.8,5,0.0,1568,0.9911005041655441,11.120567375886525,0
258000,3792,224,6134.333333333333,6,0.0,4130,1.0343413312600322,18.4375,0
258000,3992,451,5104.714285714285,7,0.0,6927,0.4279588067200554,15.35920177383592,0
258000,4042,222,8083.6,5,0.0008671146759158899,4613,1.1762167771292684,20.77927927927928,1
258000,4329,330,5939.857142857143,7,0.0,9692,1.118395445311011,29.36969696969697,0
258000,4352,581,5737.833333333333,6,0.0,6771,0.25206376160109123,11.654044750430293,0
258000,4405,148,6790.0,5,0.004598875830352581,1957,1.1227349932569806,13.222972972972974,1
258000,4501,177,3551.5,6,0.0,2643,1.0601333439864438,14.932203389830509,0
258000,4596,246,6140.5,6,0.0,4807,0.9981912807063346,19.540650406504064,0
258000,4773,332,4051.5555555555557,9,0.0010670081092616305,9372,1.0684789646336021,28.228915662650603,1
258000,4809,551,4813.111111111111,9,0.0,13459,0.5570824275896986,24.42649727767695,0
258000,4858,274,5497.5,8,0.0,6582,1.1017082873849442,24.021897810218977,0
262000,0,292,7284.0,10,0.0,2546,0.3752343261418471,8.719178082191782,0
262000,45,222,7547.8,5,0.0,4119,1.0502572956851195,18.554054054054053,0
262000,162,368,6726.833333333333,6,0.0,5049,0.46851079005124247,13.720108695652174,0
262000,277,287,5393.428571428572,7,0.0015574118646467508,7063,1.0775446545328806,24.609756097560975,1
262000,308,296,5301.428571428572,7,0.0019734987313222443,7094,1.0174606594487763,23.966216216216218,1
262000,370,191,5582.2,5,0.0,2987,1.028912283794053,15.638743455497382,0
262000,563,320,7765.142857142857,7,0.0,9097,1.1163698581916541,28.428125,0
262000,717,347,6488.571428571428,7,0.0,10859,1.1332891935098395,31.29394812680115,0
262000,903,445,5609.833333333333,6,0.0,6368,0.4041037650409757,14.310112359550562,0
262000,969,279,4575.714285714285,7,0.0,7284,1.1759027190682572,26.107526881720432,0
262000,1245,307,5532.0,5,0.0,4824,0.6431916714624946,15.713355048859935,0
262000,1266,193,5703.0,5,0.0,1248,0.42102688734517024,6.466321243523316,0
262000,1616,265,6213.0,6,0.0,6058,1.0840451859279157,22.860377358490567,0
262000,1733,319,7227.4,5,0.0,3460,0.427272160510242,10.846394984326018,0
262000,2147,341,7513.714285714285,7,0.0,9901,1.069991103041513,29.035190615835777,0
262000,2175,301,5487.666666666667,6,0.0,6160,0.8543928100622786,20.46511627906977,0
262000,2198,239,6056.0,6,0.00019619383951343929,5097,1.1213177469124962,21.326359832635983,1
262000,2270,243,5049.333333333333,6,0.0013618677042801556,5140,1.0938567115074962,21.152263374485596,1
262000,2281,218,6450.75,4,0.0,2839,0.7506928325512517,13.022935779816514,0
262000,2439,75,6962.25,4,0.0,568,1.2689241793699575,7.573333333333333,0
262000,2576,334,7053.6,5,0.0,3679,0.4144257367620513,11.01497005988024,0
262000,2602,411,6114.333333333333,6,0.0,5870,0.436681025486993,14.282238442822385,0
262000,2744,281,6740.142857142857,7,0.0,6526,1.0385903753664207,23.224199288256226,0
262000,2750,240,7896.8,5,0.0,4912,1.0716321607245183,20.466666666666665,0
262000,2797,354,6094.8,5,0.0,4412,0.44242416890542846,12.463276836158192,0
262000,2873,383,5561.555555555556,9,0.0005347185088992437,13091,1.121463488827219,34.180156657963444,1
262000,2907,295,4422.571428571428,7,0.0014033118158854898,7126,1.0289911749258658,24.15593220338983,1
262000,2953,141,10737.0,4,0.0,2278,1.4398768804139728,16.156028368794328,0
262000,3129,500,6461.5,8,0.001518336837187573,8562,0.4303730608005729,17.124,1
262000,3137,313,6538.0,6,0.0015936254980079682,8785,1.126841815749322,28.06709265175719,1
262000,3309,284,7204.857142857143,7,0.00014692918013517486,6806,1.0603887919228394,23.964788732394368,1
262000,3350,317,5915.666666666667,6,0.0,3892,0.48670316582995055,12.277602523659306,0
262000,3469,131,6333.0,5,0.0,1743,1.2763349443988135,13.305343511450381,0
262000,3614,212,5790.333333333333,6,0.0,3908,1.0926792533133598,18.433962264150942,0
262000,3663,141,6877.0,5,0.0,1504,0.9506474223628689,10.666666666666666,0
262000,3792,226,6118.5,6,0.0,4190,1.030877376344368,18.539823008849556,0
262000,3992,452,5100.857142857143,7,0.0,6967,0.42852760626439207,15.413716814159292,0
262000,4042,220,8116.4,5,0.0013175230566534915,4554,1.1823812350783403,20.7,1
262000,4329,329,5963.142857142857,7,0.0,9705,1.1267137850939641,29.498480243161094,0
262000,4352,583,5742.0,6,0.0,6777,0.2505591344630515,11.624356775300171,0
262000,4405,148,6823.8,5,0.004160166406656267,1923,1.1032291221426538,12.993243243243244,1
262000,4501,170,4230.6,5,0.0,2515,1.0935786192080732,14.794117647058824,0
262000,4596,247,6180.666666666667,6,0.0,4824,0.9936267082507277,19.530364372469634,0
262000,4773,336,4044.0,9,0.0011576510208377185,9502,1.057660621967482,28.279761904761905,1
262000,4809,552,4826.888888888889,9,0.0,13561,0.5592724476912831,24.567028985507246,0
262000,4858,279,6275.285714285715,7,0.0,6771,1.093085847173417,24.268817204301076,0
268000,0,318,7102.846153846154,13,0.0,2787,0.3463319775940332,8.764150943396226,0
268000,45,221,7609.6,5,0.0,4099,1.0546375616440746,18.547511312217196,0
268000,162,369,6811.166666666667,6,0.0,5047,0.46579029597807553,13.677506775067751,0
268000,277,288,6311.0,6,0.001274426508071368,7062,1.0699231924986072,24.520833333333332,1
268000,308,305,5924.428571428572,7,0.0015033483668170015,7317,0.9884239052433869,23.990163934426228,1
268000,370,188,5621.4,5,0.0,2923,1.0392570536943146,15.547872340425531,0
268000,563,320,7755.714285714285,7,0.0,9173,1.1256964613819989,28.665625,0
268000,717,347,6506.0,7,0.0,10887,1.1362113868442418,31.37463976945245,0
268000,903,448,5578.666666666667,6,0.0,6418,0.40184035496530796,14.325892857142858,0
268000,969,280,4561.142857142857,7,0.0,7306,1.1710446901595422,26.09285714285714,0
268000,1245,307,5580.4,5,0.0,4800,0.6399917128980045,15.635179153094462,0
268000,1266,178,5749.0,5,0.0,1067,0.4231889106653591,5.99438202247191,0
268000,1616,265,6211.5,6,0.0,6058,1.0840451859279157,22.860377358490567,0
268000,1733,316,7270.2,5,0.0,3418,0.4301379462413841,10.816455696202532,0
268000,2147,343,7527.285714285715,7,0.0,9957,1.0635309455003805,29.02915451895044,0
268000,2175,305,5479.833333333333,6,0.0,6168,0.8332101472654381,20.222950819672132,0
268000,2198,241,5587.571428571428,7,0.0003891050583657588,5140,1.1120873428110079,21.327800829875518,1
268000,2270,244,5078.833333333333,6,0.0011643702697457792,5153,1.087652979303158,21.118852459016395,1
268000,2281,201,6485.25,4,0.0,2697,0.8388777888400457,13.417910447761194,0
268000,2576,336,7083.6,5,0.0,3655,0.40683535816577004,10.87797619047619,0
268000,2602,411,6108.0,6,0.0,5879,0.4373505534647414,14.304136253041362,0
268000,2744,281,6764.571428571428,7,0.0,6581,1.0473434355327025,23.419928825622776,0
268000,2750,238,7930.0,5,0.0,4893,1.0855033439739323,20.558823529411764,0
268000,2797,352,6073.2,5,0.0,4378,0.4440177116934438,12.4375,0
268000,2873,386,5557.777777777777,9,0.0005322384428223844,13152,1.109243914736314,34.07253886010363,1
268000,2907,299,4426.142857142857,7,0.001234906695938529,7288,1.0244148168079736,24.37458193979933,1
268000,2953,137,10792.25,4,0.0,2145,1.4361375122702555,15.656934306569344,0
268000,3129,502,6542.25,8,0.0012768427161926872,8615,0.42959350979629,17.161354581673308,1
268000,3137,310,6627.0,6,0.0017255262855170826,8693,1.1367269484976512,28.04193548387097,1
268000,3309,283,6665.125,8,0.000729181857955374,6857,1.0758981046418465,24.229681978798588,1
268000,3350,318,5910.333333333333,6,0.0,3899,0.4845168211837587,12.261006289308176,0
268000,3469,128,6394.2,5,0.0,1608,1.2333205534600555,12.5625,0
268000,3614,212,5806.0,6,0.0,3902,1.091001649546758,18.40566037735849,0
268000,3663,132,6924.0,5,0.0,1329,0.9584886677274644,10.068181818181818,0
268000,3792,237,7276.0,6,0.0,4402,0.9848344005485067,18.573839662447256,0
268000,3992,454,4809.125,8,0.0004263180332528066,7037,0.42902807163561046,15.5,1
268000,4042,217,8173.4,5,0.0008956560680698612,4466,1.1918157353889032,20.580645161290324,1
268000,4329,329,6010.285714285715,7,0.0,9721,1.1285713245644953,29.54711246200608,0
268000,4352,589,5744.333333333333,6,0.0,6823,0.2471466031222458,11.584040747028862,0
268000,4405,145,6891.2,5,0.005411255411255411,1848,1.1045257025129964,12.744827586206897,1
268000,4501,165,4204.2,5,0.0,2333,1.076853724271807,14.139393939393939,0
268000,4596,245,6215.0,6,0.0,4833,1.0117995698325344,19.726530612244897,0
268000,4773,347,4538.5,8,0.0009269749716757647,9709,1.0132705387040273,27.979827089337174,1
268000,4809,555,4824.888888888889,9,0.0,13705,0.5591173095358898,24.693693693693692,0
268000,4858,282,6274.857142857143,7,0.0,6916,1.092865288075399,24.52482269503546,0
272000,0,341,7110.2307692307695,13,0.0,2969,0.32085684122111424,8.70674486803519,0
272000,45,221,7653.0,5,0.0,4084,1.0507781902303979,18.479638009049772,0
272000,162,372,6829.333333333333,6,0.0,5065,0.45994238612649735,13.615591397849462,0
272000,277,282,6368.666666666667,6,0.001578871824314626,6967,1.1009243004657758,24.70567375886525,1
272000,308,307,5947.857142857143,7,0.0012147388311513024,7409,0.9878538751794408,24.133550488599347,1
272000,370,188,5648.6,5,0.0,2865,1.018635463165998,15.23936170212766,0
272000,563,322,7733.142857142857,7,0.0,9222,1.1176948208558726,28.63975155279503,0
272000,717,348,6515.285714285715,7,0.0,10911,1.1321811812431706,31.353448275862068,0
272000,903,449,5560.833333333333,6,0.0,6456,0.4024210628236111,14.378619153674833,0
272000,969,280,4550.857142857143,7,0.0,7330,1.174891538306795,26.178571428571427,0
272000,1245,306,5597.8,5,0.0,4792,0.6431078643257845,15.660130718954248,0
272000,1266,166,5747.4,5,0.0,932,0.42502022835617465,5.614457831325301,0
272000,1616,265,6210.333333333333,6,0.0,6062,1.0847609635349988,22.87547169811321,0
272000,1733,314,7271.8,5,0.0,3385,0.4314289071524788,10.780254777070065,0
272000,2147,342,7533.428571428572,7,0.0,10006,1.0750239763284248,29.257309941520468,0
272000,2175,308,5476.333333333333,6,0.0,6172,0.8175876985139231,20.038961038961038,0
272000,2198,239,5610.285714285715,7,0.0011648223645894002,5151,1.1331975111528876,21.552301255230127,1
272000,2270,244,5109.333333333333,6,0.0013565891472868217,5160,1.089130481894876,21.147540983606557,1
272000,2281,193,6507.75,4,0.0,2588,0.8730910131805294,13.409326424870466,0
272000,2576,337,7071.2,5,0.0,3644,0.40320734107656864,10.813056379821958,0
272000,2602,411,6102.333333333333,6,0.0,5894,0.43846643342765534,14.340632603406325,0
272000,2744,282,6781.0,7,0.0,6625,1.0468815114950143,23.49290780141844,0
272000,2750,238,7955.0,5,0.0,4871,1.080622683118133,20.46638655462185,0
272000,2797,348,6064.8,5,0.0,4338,0.4501330734334959,12.46551724137931,0
272000,2873,387,5560.333333333333,9,0.0008349146110056926,13175,1.1054486098203373,34.04392764857881,1
272000,2907,300,4429.428571428572,7,0.001492334825668159,7371,1.0291857533160162,24.57,1
272000,2953,133,10828.5,4,0.0,2040,1.449228110876404,15.338345864661655,0
272000,3129,506,6575.75,8,0.0010397412199630314,8656,0.4248406631797599,17.106719367588934,1
272000,3137,309,6686.0,6,0.0013864818024263432,8655,1.1390950834959692,28.009708737864077,1
272000,3309,282,6694.0,8,0.0011614401858304297,6888,1.0884407322532315,24.425531914893618,1
272000,3350,316,5908.0,6,0.0,3896,0.49029181935530497,12.329113924050633,0
272000,3469,124,6425.4,5,0.0,1505,1.229994001990801,12.137096774193548,0
272000,3614,213,5815.166666666667,6,0.0,3907,1.082166457058813,18.342723004694836,0
272000,3663,125,6955.8,5,0.0,1203,0.9675100063407414,9.624,0
272000,3792,237,7279.833333333333,6,0.0,4461,0.9980341346767126,18.82278481012658,0
272000,3992,456,4826.25,8,0.000847816871555744,7077,0.42769027411232236,15.519736842105264,1
272000,4042,216,8197.6,5,0.001813647698934482,4411,1.1880628596523128,20.421296296296298,1
272000,4329,329,6017.142857142857,7,0.0,9740,1.1307771526857506,29.6048632218845,0
272000,4352,593,5739.0,6,0.0,6851,0.24482425679861078,11.553119730185497,0
272000,4405,143,6939.2,5,0.005534034311012728,1807,1.1104421585479498,12.636363636363637,1
272000,4501,162,4174.6,5,0.0,2235,1.0701813108936424,13.796296296296296,0
272000,4596,245,6242.166666666667,6,0.0,4827,1.0105434561517987,19.70204081632653,0
272000,4773,345,4565.125,8,0.001442406758705955,9706,1.024735922562236,28.133333333333333,1
272000,4809,559,4823.111111111111,9,0.0,13805,0.555165742337065,24.695885509838998,0
272000,4858,283,6269.428571428572,7,0.0,7030,1.1030426827522506,24.840989399293285,0
276000,0,362,7112.0,13,0.0,3143,0.30139573609574555,8.682320441988951,0
276000,45,221,7692.6,5,0.0,4071,1.047433401671878,18.420814479638008,0
276000,162,372,6842.5,6,0.0,5064,0.45985157815292843,13.612903225806452,0
276000,277,281,6413.166666666667,6,0.0013013302486986698,6916,1.1006575292727807,24.612099644128115,1
276000,308,306,5962.857142857143,7,0.0018744142455482662,7469,1.0023732551438407,24.408496732026144,1
276000,370,185,5676.6,5,0.0,2810,1.0317458415295626,15.18918918918919,0
276000,563,322,7719.428571428572,7,0.0,9279,1.1246031492866668,28.816770186335404,0
276000,717,352,6521.0,7,0.00027324892977502506,10979,1.113492566624559,31.19034090909091,1
276000,903,450,5541.166666666667,6,0.0,6492,0.40286853347367774,14.426666666666666,0
276000,969,280,4540.714285714285,7,0.0,7346,1.177456103738297,26.235714285714284,0
276000,1245,306,5608.6,5,0.0,4782,0.6417658195337858,15.627450980392156,0
276000,1266,153,5753.0,5,0.0,784,0.4208652467707972,5.124183006535947,0
276000,1616,265,6210.666666666667,6,0.0,6068,1.0858346299456243,22.89811320754717,0
276000,1733,314,7267.0,5,0.0,3342,0.42594842177358466,10.643312101910828,0
276000,2147,344,7544.428571428572,7,0.0,10045,1.0667015347927755,29.200581395348838,0
276000,2175,313,5472.833333333333,6,0.0,6179,0.7925732019937463,19.74121405750799,0
276000,2198,236,5639.0,7,0.0011673151750972762,5140,1.1597088652292111,21.779661016949152,1
276000,2270,244,5136.166666666667,6,0.0015473887814313346,5170,1.0912411998830442,21.188524590163933,1
276000,2281,187,6516.5,4,0.0,2505,0.9001904083322293,13.39572192513369,0
276000,2576,347,7054.4,5,0.0005398110661268556,3705,0.38666879657002995,10.677233429394812,1
276000,2602,411,6093.833333333333,6,0.0,5901,0.43898717741034854,14.357664233576642,0
276000,2744,282,6802.285714285715,7,0.0,6661,1.0525702261235157,23.620567375886523,0
276000,2750,238,7978.8,5,0.0,4860,1.0781823526902334,20.42016806722689,0
276000,2797,348,6054.8,5,0.0,4334,0.449718012969288,12.454022988505747,0
276000,2873,388,5564.666666666667,9,0.0005297010972379871,13215,1.1030966871396832,34.05927835051546,1
276000,2907,303,4425.857142857143,7,0.001209514850154549,7441,1.0184879885571851,24.557755775577558,1
276000,2953,130,10879.5,4,0.0,1937,1.4402994011842436,14.9,0
276000,3129,504,6616.625,8,0.001846082842967578,8667,0.4287632830792192,17.196428571428573,1
276000,3137,308,6740.833333333333,6,0.0033576473312492763,8637,1.1441194024732266,28.042207792207794,1
276000,3309,282,6727.5,8,0.0011638056444573757,6874,1.0862284543421477,24.375886524822697,1
276000,3350,316,5907.833333333333,6,0.0,3898,0.49054350920096995,12.335443037974683,0
276000,3469,119,6442.2,5,0.0,1398,1.2405752502559229,11.747899159663865,0
276000,3614,213,5825.166666666667,6,0.0,3905,1.0816124941936691,18.333333333333332,0
276000,3663,118,6989.6,5,0.0,1070,0.9656719733815222,9.067796610169491,0
276000,3792,236,7282.333333333333,6,0.0,4473,1.0092174619008292,18.953389830508474,0
276000,3992,458,4836.625,8,0.000984251968503937,7112,0.42605989497398233,15.528384279475983,1
276000,4042,215,8238.0,5,0.0011483693155718878,4354,1.183644730230824,20.251162790697673,1
276000,4329,329,6017.571428571428,7,0.0,9761,1.1332151732408227,29.66869300911854,0
276000,4352,594,5726.333333333333,6,0.0,6876,0.24489100982987472,11.575757575757576,0
276000,4405,141,6988.4,5,0.006822057987492893,1759,1.111827670170403,12.47517730496454,1
276000,4501,160,4147.0,5,0.0,2142,1.0514517912483339,13.3875,0
276000,4596,246,6264.166666666667,6,0.0,4847,1.0064974282470571,19.703252032520325,0
276000,4773,345,4580.875,8,0.0013399299113584827,9702,1.024313612270638,28.121739130434783,1
276000,4809,561,4820.777777777777,9,0.0,13909,0.5553669722551775,24.793226381461675,0
276000,4858,283,6269.142857142857,7,0.0,7122,1.117477949724257,25.166077738515902,0
284000,0,411,7167.0,15,0.0,3612,0.2687038950696795,8.788321167883211,0
284000,45,219,7778.2,5,0.0,4037,1.0577435451756214,18.4337899543379,0
284000,162,374,6881.333333333333,6,0.0,5086,0.45692299568639905,13.598930481283423,0
284000,277,279,6516.333333333333,6,0.0019014187509141436,6837,1.1037406494055018,24.50537634408602,1
284000,308,309,6032.714285714285,7,0.001855041738439115,7547,0.9932698550137585,24.423948220064727,1
284000,370,181,5733.2,5,0.0,2716,1.0417955065046707,15.005524861878452,0
284000,563,323,7693.428571428572,7,0.0,9392,1.1312612294765727,29.077399380804952,0
284000,717,355,6164.75,8,0.0002699784017278618,11112,1.1080143643464322,31.301408450704226,1
284000,903,449,5510.666666666667,6,0.0,6550,0.40828035339136504,14.587973273942094,0
284000,969,281,4521.428571428572,7,0.0,7354,1.170363717506077,26.17081850533808,0
284000,1245,306,5629.8,5,0.0,4780,0.641497410575386,15.620915032679738,0
284000,1266,101,5795.0,5,0.0,362,0.44593923756475057,3.5841584158415842,0
284000,1616,266,6206.333333333333,6,0.0,6086,1.080882632695318,22.8796992481203,0
284000,1733,313,7267.4,5,0.0,3254,0.4173868262320198,10.396166134185304,0
284000,2147,345,7564.142857142857,7,0.0,10136,1.0701342789090071,29.379710144927536,0
284000,2175,321,5456.5,6,0.0,6192,0.7551456880670024,19.289719626168225,0
284000,2198,237,5508.166666666667,6,0.0015600624024961,5128,1.1472582476176154,21.637130801687764,1
284000,2270,245,5210.333333333333,6,0.0009632055480639568,5191,1.0867476861164258,21.187755102040818,1
284000,2281,176,6532.25,4,0.0,2314,0.9387455320773219,13.147727272727273,0
284000,2576,349,6456.333333333333,6,0.0007972362476747276,3763,0.38823369776794575,10.782234957020057,1
284000,2602,411,6064.333333333333,6,0.0,5909,0.4395823133905693,14.37712895377129,0
284000,2744,283,6837.714285714285,7,0.0,6733,1.056441875244794,23.791519434628974,0
284000,2750,238,8028.2,5,0.0,4831,1.0717487542894069,20.298319327731093,0
284000,2797,344,6003.8,5,0.0,4352,0.4621488381700507,12.651162790697674,0
284000,2873,389,5584.333333333333,9,0.000827876872130654,13287,1.1034117297201995,34.15681233933162,1
284000,2907,307,4413.285714285715,7,0.0015779092702169625,7605,1.0139868701227759,24.77198697068404,1
284000,2953,122,10981.75,4,0.0,1719,1.4513296886645672,14.09016393442623,0
284000,3129,504,6267.428571428572,7,0.0010324652976941608,8717,0.4312368222685536,17.29563492063492,1
284000,3137,306,6883.333333333333,6,0.0011690437222352116,8554,1.1479851150757012,27.954248366013072,1
284000,3309,279,7044.285714285715,7,0.0011677127426653043,6851,1.1060007589698833,24.555555555555557,1
284000,3350,315,5907.0,6,0.0,3881,0.49151004640290197,12.320634920634921,0
284000,3469,110,6478.6,5,0.0,1152,1.1964015659290717,10.472727272727273,0
284000,3614,212,5842.666666666667,6,0.0,3899,1.090162847663457,18.391509433962263,0
284000,3663,98,7068.2,5,0.0,703,0.9198415807886816,7.173469387755102,0
284000,3792,236,7308.5,6,0.0,4499,1.015083693514829,19.0635593220339,0
284000,3992,460,4882.0,8,0.0015326738191444892,7177,0.42622326039345837,15.602173913043478,1
284000,4042,212,8336.4,5,0.0011753643629525152,4254,1.189421070520735,20.066037735849058,1
284000,4329,332,6021.285714285715,7,0.0,9794,1.1165901600108301,29.5,0
284000,4352,612,5669.5,6,0.0,7023,0.23562951435517449,11.47549019607843,0
284000,4405,137,7106.0,5,0.005373134328358209,1675,1.1214593627285212,12.226277372262773,1
284000,4501,155,4072.4,5,0.0,1974,1.0325084533920919,12.735483870967743,0
284000,4596,246,6312.166666666667,6,0.0,4889,1.015218883164816,19.8739837398374,0
284000,4773,354,4017.5714285714284,7,0.001325583766697257,9807,0.9834210844187526,27.703389830508474,1
284000,4809,566,4825.333333333333,9,0.0,14059,0.5514821151071796,24.83922261484099,0
284000,4858,288,6245.285714285715,7,0.0,7351,1.1137079280738122,25.524305555555557,0
290000,0,432,7190.666666666667,15,0.0,3953,0.26617617797583276,9.150462962962964,0
290000,45,219,7842.0,5,0.0,4014,1.0517172629018936,18.328767123287673,0
290000,162,374,6897.833333333333,6,0.0,5090,0.457282353134835,13.609625668449198,0
290000,277,277,6588.666666666667,6,0.0013266509433962263,6784,1.1110565529045424,24.490974729241877,1
290000,308,310,6104.857142857143,7,0.0023778071334214002,7570,0.9898795582799056,24.419354838709676,1
290000,370,179,5821.8,5,0.0,2632,1.0322613981147075,14.703910614525139,0
290000,563,327,7675.285714285715,7,0.0,9485,1.1146838114748736,29.00611620795107,0
290000,717,356,6205.5,8,0.0003573662110247476,11193,1.1098297743855117,31.441011235955056,1
290000,903,450,5527.166666666667,6,0.0,6628,0.41130817003443254,14.72888888888889,0
290000,969,280,4504.428571428572,7,0.0,7385,1.1837072319775828,26.375,0
290000,1245,305,5642.0,5,0.0,4774,0.6449003312330093,15.652459016393443,0
290000,1616,267,6204.0,6,0.0,6104,1.075974220848215,22.861423220973784,0
290000,1733,303,9109.25,4,0.0,3061,0.41897483308339517,10.102310231023102,0
290000,2147,347,7581.714285714285,7,0.0,10216,1.0661831108662418,29.44092219020173,0
290000,2175,333,5448.666666666667,6,0.0,6208,0.7035145846201313,18.64264264264264,0
290000,2198,240,7221.166666666667,6,0.0015530964861192001,5151,1.123773872127849,21.4625,1
290000,2270,245,5299.666666666667,6,0.002301937464032227,5213,1.091353436279123,21.277551020408165,1
290000,2281,168,6554.0,4,0.0,2153,0.9585953774346407,12.81547619047619,0
290000,2576,334,7825.4,5,0.0005439216752787598,3677,0.4142004441625612,11.008982035928144,1
290000,2602,410,6050.166666666667,6,0.0005068423720223011,5919,0.4424767856418319,14.43658536585366,1
290000,2744,284,6886.285714285715,7,0.0,6787,1.057428552862226,23.89788732394366,0
290000,2750,238,8071.0,5,0.0,4802,1.0653151558885805,20.176470588235293,0
290000,2797,353,6204.333333333333,6,0.0,4570,0.46086810509370446,12.946175637393768,0
290000,2873,391,5596.777777777777,9,0.0005991163034524077,13353,1.097577506776761,34.150895140664964,1
290000,2907,308,5097.5,6,0.001035866891104493,7723,1.0230443609240163,25.074675324675326,1
290000,2953,116,11061.75,4,0.0,1534,1.4325811922136573,13.224137931034482,0
290000,3129,505,6309.571428571428,7,0.002279202279202279,8775,0.4323885977492471,17.376237623762375,1
290000,3137,305,7026.166666666667,6,0.0019967112990368803,8514,1.150121788880989,27.914754098360657,1
290000,3309,279,7109.571428571428,7,0.002188822413541515,6853,1.106323631764795,24.56272401433692,1
290000,3350,314,5907.0,6,0.0,3874,0.49375349669385604,12.337579617834395,0
290000,3469,100,6516.2,5,0.0,930,1.168672467135403,9.3,0
290000,3614,212,5858.5,6,0.0,3895,1.0890444451523893,18.37264150943396,0
290000,3663,34,4729.333333333333,3,0.0,114,1.2392441609316138,3.3529411764705883,0
290000,3792,236,7350.166666666667,6,0.0,4514,1.0184680579075212,19.127118644067796,0
290000,3992,462,4930.0,8,0.001105583195135434,7236,0.4260145882081622,15.662337662337663,1
290000,4042,211,8417.8,5,0.0011956001912960307,4182,1.180399404983043,19.819905213270143,1
290000,4329,332,6029.0,7,0.0002035002035002035,9828,1.1204664174582843,29.602409638554217,1
290000,4352,628,7266.0,6,0.0,7213,0.2298298897556004,11.485668789808917,0
290000,4405,133,7201.6,5,0.005060088551549652,1581,1.1231517859292133,11.887218045112782,1
290000,4501,155,4616.333333333333,6,0.0,1885,0.985956653821729,12.161290322580646,0
290000,4596,247,6363.666666666667,6,0.0,4904,1.010104763113924,19.85425101214575,0
290000,4773,400,5028.625,8,0.0011934361014420687,10055,0.7897178532961342,25.1375,1
290000,4809,563,5421.5,8,0.0,14079,0.5581679340237146,25.007104795737124,0
290000,4858,296,5514.888888888889,9,0.0,7733,1.1091095685815318,26.125,0
294000,0,447,7279.470588235294,17,0.0,4170,0.2622592849264936,9.328859060402685,0
294000,45,218,7862.4,5,0.0,3999,1.0574218518395406,18.344036697247706,0
294000,162,377,6894.333333333333,6,0.0,5108,0.4516250807234741,13.549071618037136,0
294000,277,277,6633.0,6,0.0016245753950671984,6771,1.108927464580875,24.444043321299638,1
294000,308,310,6126.571428571428,7,0.0025006580679126085,7598,0.9935409357742039,24.509677419354837,1
294000,370,176,5866.8,5,0.0,2565,1.0405714303277143,14.573863636363637,0
294000,563,328,7663.857142857143,7,0.0,9539,1.1142048008102705,29.08231707317073,0
294000,717,358,6221.625,8,0.000177999288002848,11236,1.101680192744762,31.385474860335197,1
294000,903,454,5823.285714285715,7,0.0,6727,0.41012815658558366,14.817180616740089,0
294000,969,280,4494.142857142857,7,0.0,7409,1.1875540801248357,26.460714285714285,0
294000,1245,305,5653.0,5,0.0,4768,0.6440898155255527,15.6327868852459,0
294000,1616,267,6201.5,6,0.0,6124,1.0794996933935892,22.93632958801498,0
294000,1733,296,9140.5,4,0.0,2950,0.42310529255340984,9.966216216216216,0
294000,2147,348,7596.142857142857,7,0.0,10257,1.0643187953451747,29.474137931034484,0
294000,2175,335,5444.666666666667,6,0.0,6211,0.6954754099869442,18.540298507462687,0
294000,2198,243,7272.333333333333,6,0.0019440124416796269,5144,1.0947079618666462,21.16872427983539,1
294000,2270,246,5347.333333333333,6,0.0019135093761959434,5226,1.0851981761954033,21.24390243902439,1
294000,2281,164,6567.5,4,0.0,2049,0.9573354174904055,12.49390243902439,0
294000,2576,326,7898.8,5,0.0008368200836820083,3585,0.4239003975730893,10.996932515337424,1
294000,2602,409,5775.857142857143,7,0.0013506668917778154,5923,0.44494361672185956,14.48166259168704,1
294000,2744,285,6908.0,7,0.0,6831,1.0568282876785164,23.96842105263158,0
294000,2750,236,8096.4,5,0.0,4782,1.0789353683902894,20.26271186440678,0
294000,2797,356,7459.0,5,0.0,4617,0.457793627118548,12.969101123595506,0
294000,2873,391,5605.666666666667,9,0.0009715267917196024,13381,1.0998790248019052,34.22250639386189,1
294000,2907,306,5338.428571428572,7,0.0017997171872991388,7779,1.0439766436958007,25.42156862745098,1
294000,2953,111,11103.25,4,0.0,1408,1.4360400799462474,12.684684684684685,0
294000,3129,506,6327.571428571428,7,0.0007947320617620345,8808,0.43230089663670573,17.40711462450593,1
294000,3137,307,7098.166666666667,6,0.00258762644083745,8502,1.1335853214705904,27.693811074918568,1
294000,3309,278,7149.714285714285,7,0.0017487612940833576,6862,1.1157605087176212,24.68345323741007,1
294000,3350,314,5907.833333333333,6,0.0,3873,0.49362604354550976,12.334394904458598,0
294000,3469,86,7728.0,4,0.0,720,1.223335159861899,8.372093023255815,0
294000,3614,212,5870.166666666667,6,0.0,3889,1.0873668413857873,18.34433962264151,0
294000,3792,236,7373.0,6,0.0,4502,1.0157605663933675,19.076271186440678,0
294000,3992,463,4944.625,8,0.0008248556502612042,7274,0.4264039103081538,15.710583153347732,1
294000,4042,208,8472.6,5,0.001452081316553727,4132,1.2001720455466924,19.865384615384617,1
294000,4329,332,5801.0,8,0.0006087044739778837,9857,1.123772637045819,29.68975903614458,1
294000,4352,627,7264.666666666667,6,0.0,7233,0.2312028841771019,11.535885167464114,0
294000,4405,132,7262.0,5,0.006506180871828237,1537,1.1085004381468118,11.643939393939394,1
294000,4501,145,6756.0,4,0.0,1751,1.0465500568724333,12.075862068965517,0
294000,4596,248,6383.333333333333,6,0.0,4925,1.0062658571104144,19.858870967741936,0
294000,4773,409,5036.25,8,0.001085240726124704,10136,0.7614297651684565,24.78239608801956,1
294000,4809,564,5445.5,8,0.0,14085,0.5564273996002745,24.97340425531915,0
294000,4858,298,6181.25,8,0.0,7901,1.1180452932756613,26.513422818791945,0
300000,0,483,7306.882352941177,17,0.0,4530,0.2440134720584642,9.378881987577639,0
300000,45,218,7896.0,5,0.0,3977,1.0516045773357974,18.243119266055047,0
300000,162,376,6896.166666666667,6,0.0,5111,0.4542971947854638,13.59308510638298,0
300000,277,277,6699.5,6,0.0011841326228537595,6756,1.1064708242074126,24.3898916967509,1
300000,308,315,6171.714285714285,7,0.0018408941485864563,7605,0.9631367953862586,24.142857142857142,1
300000,370,174,5905.2,5,0.0,2481,1.029765011699865,14.258620689655173,0
300000,563,331,7644.0,7,0.0,9633,1.1048808255503502,29.102719033232628,0
300000,717,359,6261.0,8,8.833922261484099e-05,11320,1.1037415550356207,31.532033426183844,1
300000,903,465,5772.857142857143,7,0.0,7044,0.409376874124389,15.148387096774194,0
300000,969,281,4477.428571428572,7,0.0,7437,1.1835728810297383,26.466192170818506,0
300000,1245,305,5660.8,5,0.0,4760,0.6430091279156104,15.60655737704918,0
300000,1616,268,6197.0,6,0.0,6144,1.0749579674568772,22.925373134328357,0
300000,1733,289,9178.75,4,0.0,2811,0.4229363608788644,9.726643598615917,0
300000,2147,351,7652.142857142857,7,0.0,10347,1.0553829656153306,29.478632478632477,0
300000,2175,344,5433.5,6,0.0,6227,0.6612593785121567,18.101744186046513,0
300000,2198,242,7355.166666666667,6,0.0013650546021840874,5128,1.1003406275260201,21.1900826446281,1
300000,2270,246,5394.833333333333,6,0.0020944402132520943,5252,1.090597172096873,21.349593495934958,1
300000,2281,157,6592.25,4,0.0,1867,0.9518201118507272,11.89171974522293,0
300000,2576,314,8027.2,5,0.0008660508083140878,3464,0.4414977058718424,11.031847133757962,1
300000,2602,409,5810.285714285715,7,0.0013479359730412806,5935,0.4458450726395806,14.511002444987776,1
300000,2744,285,6963.142857142857,7,0.0,6888,1.0656467933728035,24.16842105263158,0
300000,2750,236,8140.0,5,0.0,4759,1.0737460096548281,20.165254237288135,0
300000,2797,352,7488.2,5,0.0,4610,0.46754720212580536,13.096590909090908,0
300000,2873,395,5618.666666666667,9,0.0006696926854676687,13439,1.0823871474851654,34.02278481012658,1
300000,2907,313,5312.714285714285,7,0.0014796547472256474,8110,1.0402603444196927,25.910543130990416,1
300000,2953,101,11184.75,4,0.0,1187,1.462237223727511,11.752475247524753,0
300000,3129,512,6352.0,7,0.0011200716845878136,8928,0.4279806398200939,17.4375,1
300000,3137,305,7234.0,6,0.0018890200708382527,8470,1.1441780070263068,27.770491803278688,1
300000,3309,277,7213.714285714285,7,0.0018920098966671518,6871,1.1253050670706235,24.80505415162455,1
300000,3350,312,5907.833333333333,6,0.0,3865,0.4989421271418701,12.387820512820513,0
300000,3469,38,7921.75,4,0.0,154,1.3401807995923218,4.052631578947368,0
300000,3614,212,5888.5,6,0.0,3882,1.0854096369914183,18.31132075471698,0
300000,3792,236,7389.5,6,0.0,4494,1.0139555720505984,19.04237288135593,0
300000,3992,463,4966.625,8,0.0010905125408942203,7336,0.4300383676135024,15.844492440604752,1
300000,4042,208,8565.6,5,0.0012315270935960591,4060,1.1792590766988313,19.51923076923077,1
300000,4329,331,5855.5,8,0.0007088607594936709,9875,1.1326376157281957,29.83383685800604,1
300000,4352,624,7267.5,6,0.0,7251,0.23401224863555628,11.620192307692308,0
300000,4405,127,7360.4,5,0.004867872044506259,1438,1.1203695792329649,11.32283464566929,1
300000,4501,122,6944.25,4,0.0,1373,1.1592063191020654,11.254098360655737,0
300000,4596,248,6392.166666666667,6,0.0,4959,1.0132126670884354,19.995967741935484,0
300000,4773,419,5049.25,8,0.0016617790811339198,10230,0.7322467483375826,24.41527446300716,1
300000,4809,567,5452.5,8,0.0,14123,0.5520402010227242,24.908289241622576,0
300000,4858,303,6172.25,8,0.0,8013,1.0967805741578718,26.445544554455445,0
