timestamp,grain_id,perimeter,avg_area_of_neighbors,number_of_neighbors,vulnerable,area,circularity,area_perimeter_ratio,is_vulnerable
0,10,56,376.4,5,0.0,273,1.0939474418750172,4.875,0
0,27,97,329.14285714285717,7,0.0,364,0.48614718924718237,3.752577319587629,0
0,38,27,305.0,5,0.0,82,1.413501221368247,3.037037037037037,0
0,45,90,304.0,8,0.0,715,1.1092537023786184,7.944444444444445,0
0,51,75,444.2857142857143,7,0.0,538,1.201903536093375,7.173333333333333,0
0,57,62,422.0,6,0.0,317,1.0363005943683292,5.112903225806452,0
0,62,46,530.75,4,0.0,177,1.0511567101803279,3.847826086956522,0
0,64,69,529.0,5,0.0,490,1.2933252680184824,7.101449275362318,0
0,67,30,406.8,5,0.0,97,1.3543754995475996,3.2333333333333334,0
0,74,37,508.6,5,0.0,144,1.3218096190414323,3.891891891891892,0
0,98,27,271.8,5,0.0,67,1.1549339247764945,2.4814814814814814,0
0,133,67,347.2857142857143,7,0.0,442,1.2373214104581765,6.597014925373134,0
0,134,65,598.6,5,0.0,375,1.1153583385525891,5.769230769230769,0
0,138,69,378.8333333333333,6,0.0,448,1.1824688164740411,6.492753623188406,0
0,140,57,406.4,5,0.0,322,1.2454205410352888,5.649122807017544,0
0,149,55,280.1666666666667,6,0.0,283,1.1756307054094697,5.1454545454545455,0
0,162,69,263.8333333333333,6,0.0,465,1.2273392849563147,6.739130434782608,0
0,165,78,452.2857142857143,7,0.0,510,1.0533939864107789,6.538461538461538,0
0,181,41,350.2,5,0.0,176,1.3156937704504545,4.2926829268292686,0
0,183,53,363.0,5,0.0,269,1.2034011019090842,5.0754716981132075,0
0,192,66,423.0,5,0.0,329,0.9491129320762552,4.984848484848484,0
0,193,14,327.0,4,0.0,22,1.4105109873260293,1.5714285714285714,0
0,196,58,255.5,6,0.0,329,1.2289940345196695,5.672413793103448,0
0,200,30,379.2,5,0.0,96,1.340412865531645,3.2,0
0,224,76,369.2857142857143,7,0.0,491,1.068228526947776,6.4605263157894735,0
0,225,7,294.4,5,0.0,8,2.0516523452014974,1.1428571428571428,0
0,241,38,376.4,5,0.0,136,1.1835362905490634,3.5789473684210527,0
0,248,18,468.75,4,0.0,35,1.3574783071067007,1.9444444444444444,0
0,262,60,277.2857142857143,7,0.0,316,1.1030480872604163,5.266666666666667,0
0,268,71,400.0,5,0.0,228,0.5683658996377486,3.211267605633803,0
0,271,32,506.0,3,0.0,93,1.141281706186917,2.90625,0
0,274,46,430.8,5,0.0,213,1.2649512953017503,4.630434782608695,0
0,276,38,337.4,5,0.0,138,1.2009412359983143,3.6315789473684212,0
0,277,88,325.25,8,0.0,742,1.2040608207456749,8.431818181818182,0
0,284,56,247.66666666666666,6,0.0,278,1.1139831093086257,4.964285714285714,0
0,288,97,472.0,5,0.0,322,0.43005328279558436,3.3195876288659796,0
0,308,92,332.625,8,0.0,802,1.190717064356812,8.717391304347826,0
0,319,76,382.57142857142856,7,0.0,502,1.092160326940496,6.605263157894737,0
0,336,82,349.42857142857144,7,0.0,673,1.2577583913539148,8.207317073170731,0
0,349,76,400.42857142857144,7,0.0,548,1.1922387632736888,7.2105263157894735,0
0,351,55,361.6,5,0.0,289,1.200555738032992,5.254545454545455,0
0,358,69,379.6666666666667,6,0.0,451,1.1903871344415011,6.536231884057971,0
0,359,41,410.8,5,0.0,184,1.3754980327436572,4.487804878048781,0
0,370,83,394.57142857142856,7,0.0,647,1.1802063851778755,7.795180722891566,0
0,374,74,306.0,7,0.0,522,1.197889967256298,7.054054054054054,0
0,383,50,291.8,5,0.0,251,1.261663609681661,5.02,0
0,390,41,474.75,4,0.0,147,1.0989033196375957,3.5853658536585367,0
0,392,68,263.85714285714283,7,0.0,455,1.2365265202278166,6.6911764705882355,0
0,395,71,249.125,8,0.0,433,1.079396642733093,6.098591549295775,0
0,397,47,447.8,5,0.0,208,1.1832526427282517,4.425531914893617,0
0,400,34,477.4,5,0.0,105,1.1414090955949077,3.088235294117647,0
0,411,57,423.0,5,0.0,285,1.1023132117858923,5.0,0
0,426,48,358.8,5,0.0,198,1.0799224746714915,4.125,0
0,430,92,410.6666666666667,6,0.0,512,0.7601585248761692,5.565217391304348,0
0,432,71,350.2857142857143,7,0.0,519,1.2937802715438227,7.309859154929577,0
0,457,46,313.3333333333333,6,0.0,196,1.163992741216634,4.260869565217392,0
0,458,65,413.0,5,0.0,386,1.1480755164834653,5.938461538461539,0
0,465,37,325.0,5,0.0,139,1.2759134517136048,3.7567567567567566,0
0,467,22,431.4,5,0.0,54,1.4020330850731308,2.4545454545454546,0
0,485,78,312.0,8,0.0,512,1.0575249432202327,6.564102564102564,0
0,487,62,313.5,6,0.0,310,1.0134169850289656,5.0,0
0,490,38,510.0,5,0.0,139,1.2096437087229397,3.6578947368421053,0
0,491,78,435.2857142857143,7,0.0,504,1.0410011159824166,6.461538461538462,0
0,500,64,367.85714285714283,7,0.0,403,1.2363885150358267,6.296875,0
0,504,91,360.375,8,0.0,725,1.1001833951709212,7.967032967032967,0
0,513,48,379.3333333333333,6,0.0,222,1.210822168571066,4.625,0
0,520,60,451.6,5,0.0,306,1.0681415022205296,5.1,0
0,521,44,259.1666666666667,6,0.0,176,1.1423973285781064,4.0,0
0,525,53,365.8333333333333,6,0.0,257,1.1497177813778239,4.849056603773585,0
0,533,71,428.2,5,0.0,428,1.0669324782673528,6.028169014084507,0
0,534,69,489.3333333333333,6,0.0,427,1.1270405907018204,6.188405797101449,0
0,547,80,447.57142857142856,7,0.0,615,1.2075496762235767,7.6875,0
0,550,85,464.3333333333333,6,0.0,649,1.1287992427292877,7.635294117647059,0
0,552,94,277.3333333333333,9,0.0,850,1.208851858556507,9.042553191489361,0
0,554,93,383.2857142857143,7,0.0,396,0.575359320532574,4.258064516129032,0
0,563,100,425.22222222222223,9,0.0,856,1.0756813245891452,8.56,0
0,573,42,353.6,5,0.0,170,1.2110447870981063,4.0476190476190474,0
0,580,87,554.3333333333334,6,0.0,673,1.1173427696477372,7.735632183908046,0
0,582,91,433.7142857142857,7,0.0,714,1.0834909574510867,7.846153846153846,0
0,588,51,334.3333333333333,6,0.0,233,1.1257071715285225,4.568627450980392,0
0,618,54,307.8333333333333,6,0.0,288,1.241123023640412,5.333333333333333,0
0,626,35,371.5,4,0.0,134,1.3746070712850034,3.8285714285714287,0
0,632,59,279.8333333333333,6,0.0,306,1.1046565377747506,5.186440677966102,0
0,634,46,321.8333333333333,6,0.0,199,1.1818089566434193,4.326086956521739,0
0,660,73,308.6666666666667,6,0.0,251,0.5918857241891823,3.4383561643835616,0
0,662,69,322.0,7,0.0,400,1.0557757289946794,5.797101449275362,0
0,666,44,409.0,5,0.0,180,1.168360904227609,4.090909090909091,0
0,674,39,342.0,5,0.0,147,1.2145013019794861,3.769230769230769,0
0,678,137,369.42857142857144,7,0.0,688,0.46063524869087913,5.021897810218978,0
0,687,15,349.5,4,0.0,24,1.340412865531645,1.6,0
0,689,73,432.6666666666667,6,0.0,440,1.0375686001722717,6.027397260273973,0
0,692,51,480.0,5,0.0,266,1.28514209281797,5.215686274509804,0
0,697,70,415.1666666666667,6,0.0,446,1.1437961824498348,6.371428571428571,0
0,713,56,302.3333333333333,6,0.0,288,1.1540544441758425,5.142857142857143,0
0,717,109,335.5,10,0.0,979,1.035474861666327,8.98165137614679,0
0,724,54,333.6666666666667,6,0.0,279,1.2023379291516492,5.166666666666667,0
0,728,50,363.4,5,0.0,225,1.1309733552923256,4.5,0
0,731,50,344.3333333333333,6,0.0,249,1.2516105131901736,4.98,0
0,732,54,340.0,6,0.0,262,1.1290771951173193,4.851851851851852,0
0,753,46,500.0,5,0.0,231,1.3718485878624618,5.021739130434782,0
0,754,45,289.6,5,0.0,196,1.2163005631676038,4.355555555555555,0
0,773,115,398.0,6,0.0,408,0.3876808476868463,3.5478260869565217,0
0,775,80,251.71428571428572,7,0.0,611,1.1996956945896022,7.6375,0
0,777,65,401.5,6,0.0,372,1.1064354718441685,5.723076923076923,0
0,779,118,611.4,5,0.0,534,0.4819334895193765,4.52542372881356,0
0,782,29,338.75,4,0.0,78,1.1654897834958566,2.689655172413793,0
0,792,39,425.3333333333333,6,0.0,158,1.305382351787475,4.051282051282051,0
0,806,76,349.42857142857144,7,0.0,495,1.0769309996724015,6.5131578947368425,0
0,808,43,464.5,4,0.0,201,1.3660575951791205,4.674418604651163,0
0,818,24,336.6,5,0.0,57,1.2435470920459597,2.375,0
0,819,68,464.6666666666667,6,0.0,433,1.1767384247442738,6.367647058823529,0
0,840,93,428.6666666666667,6,0.0,353,0.5128834347171682,3.795698924731183,0
0,846,33,386.2,5,0.0,105,1.2116335303101131,3.1818181818181817,0
0,849,79,508.8,5,0.0,532,1.0711919831499888,6.734177215189874,0
0,869,42,470.6,5,0.0,172,1.2252923728286722,4.095238095238095,0
0,877,98,425.125,8,0.0,864,1.1305023126620497,8.816326530612244,0
0,879,81,361.14285714285717,7,0.0,523,1.00170886012953,6.45679012345679,0
0,886,62,512.0,6,0.0,358,1.1703331633560312,5.774193548387097,0
0,893,43,397.25,4,0.0,168,1.1417794825377723,3.9069767441860463,0
0,897,66,449.85714285714283,7,0.0,421,1.2145183720489465,6.378787878787879,0
0,899,67,306.125,8,0.0,385,1.0777573371637963,5.746268656716418,0
0,903,140,331.3333333333333,9,0.0,674,0.4321292752080654,4.814285714285714,0
0,908,42,541.4,5,0.0,180,1.282282715750936,4.285714285714286,0
0,930,71,306.6666666666667,6,0.0,489,1.2189952847493821,6.887323943661972,0
0,943,77,300.42857142857144,7,0.0,549,1.1635920842103533,7.12987012987013,0
0,944,43,529.1666666666666,6,0.0,197,1.3388723694044113,4.5813953488372094,0
0,948,78,316.3333333333333,6,0.0,501,1.0348046807682356,6.423076923076923,0
0,953,47,461.6,5,0.0,205,1.166186498842748,4.361702127659575,0
0,954,67,393.2857142857143,7,0.0,462,1.2933088045965555,6.895522388059701,0
0,959,68,454.6666666666667,6,0.0,435,1.1821737061518685,6.397058823529412,0
0,962,53,266.3333333333333,6,0.0,279,1.248137202351801,5.264150943396227,0
0,969,101,328.8,10,0.0,900,1.1086887121775566,8.910891089108912,0
0,973,74,359.5,8,0.0,573,1.3149251939422582,7.743243243243243,0
0,987,56,437.1666666666667,6,0.0,316,1.2662541818040494,5.642857142857143,0
0,1004,59,406.8,5,0.0,329,1.1876862775421337,5.576271186440678,0
0,1007,46,334.3333333333333,6,0.0,195,1.158054002741039,4.239130434782608,0
0,1031,59,409.4,5,0.0,265,0.9566470016676761,4.491525423728813,0
0,1032,62,333.0,6,0.0,344,1.1245659446773038,5.548387096774194,0
0,1043,47,256.6666666666667,6,0.0,226,1.2856495060412734,4.808510638297872,0
0,1049,34,493.0,4,0.0,103,1.1196679699645282,3.0294117647058822,0
0,1066,46,249.83333333333334,6,0.0,220,1.306522464630916,4.782608695652174,0
0,1075,36,339.0,5,0.0,131,1.2702118445069843,3.638888888888889,0
0,1076,38,410.8333333333333,6,0.0,137,1.1922387632736888,3.6052631578947367,0
0,1078,30,394.0,4,0.0,64,0.8936085770210968,2.1333333333333333,0
0,1079,44,302.6666666666667,6,0.0,189,1.2267789494389896,4.295454545454546,0
0,1099,40,295.4,5,0.0,179,1.4058627124814325,4.475,0
0,1103,65,345.5,6,0.0,382,1.1361783608722376,5.876923076923077,0
0,1105,72,500.6666666666667,6,0.0,461,1.1174955349574804,6.402777777777778,0
0,1111,84,550.1666666666666,6,0.0,392,0.6981317007977318,4.666666666666667,0
0,1112,66,419.5,6,0.0,325,0.9375735651209207,4.924242424242424,0
0,1114,53,388.2857142857143,7,0.0,274,1.2257691521304426,5.169811320754717,0
0,1121,64,316.5,6,0.0,359,1.1013982057018903,5.609375,0
0,1123,39,503.6,5,0.0,146,1.206239388360578,3.7435897435897436,0
0,1129,63,299.5,6,0.0,376,1.1904649410428443,5.968253968253968,0
0,1133,60,292.85714285714283,7,0.0,323,1.127482696788337,5.383333333333334,0
0,1138,67,411.57142857142856,7,0.0,344,0.9629831791801192,5.134328358208955,0
0,1143,32,563.4,5,0.0,108,1.325359400733194,3.375,0
0,1148,51,396.8,5,0.0,239,1.1546953390356947,4.686274509803922,0
0,1183,32,390.6,5,0.0,93,1.141281706186917,2.90625,0
0,1189,37,257.8,5,0.0,129,1.1841211170579498,3.4864864864864864,0
0,1196,65,423.5,6,0.0,428,1.2729956504013553,6.584615384615384,0
0,1201,57,251.42857142857142,7,0.0,276,1.0675033208873905,4.842105263157895,0
0,1219,81,312.0,6,0.0,568,1.0878979589934477,7.012345679012346,0
0,1240,102,460.3333333333333,6,0.0,365,0.4408617141715781,3.5784313725490198,0
0,1242,60,515.0,5,0.0,311,1.085594794740473,5.183333333333334,0
0,1243,65,448.2,5,0.0,373,1.1094097607469755,5.7384615384615385,0
0,1245,78,341.75,8,0.0,560,1.1566679066471295,7.17948717948718,0
0,1248,77,355.0,6,0.0,584,1.2377737289232176,7.584415584415584,0
0,1266,82,276.5,8,0.0,573,1.070870071687657,6.987804878048781,0
0,1268,87,366.75,8,0.0,695,1.1538680904980347,7.988505747126437,0
0,1274,55,257.1666666666667,6,0.0,268,1.1133181238506638,4.872727272727273,0
0,1277,82,428.57142857142856,7,0.0,578,1.0802144876709698,7.048780487804878,0
0,1280,49,495.4,5,0.0,231,1.2090094177080255,4.714285714285714,0
0,1294,42,397.3333333333333,6,0.0,171,1.2181685799633892,4.071428571428571,0
0,1304,74,233.375,8,0.0,480,1.10150801586786,6.486486486486487,0
0,1310,49,267.8333333333333,6,0.0,215,1.1252685056589846,4.387755102040816,0
0,1311,48,304.4,5,0.0,235,1.2817261694333357,4.895833333333333,0
0,1315,48,358.6666666666667,6,0.0,245,1.3362677085581585,5.104166666666667,0
0,1328,67,307.1666666666667,6,0.0,411,1.1505409495436891,6.134328358208955,0
0,1332,17,553.75,4,0.0,30,1.3044675378227513,1.7647058823529411,0
0,1333,57,534.4285714285714,7,0.0,324,1.253156072346067,5.684210526315789,0
0,1339,78,394.0,7,0.0,571,1.1793881690991268,7.32051282051282,0
0,1346,61,470.3333333333333,6,0.0,341,1.1516077343446594,5.590163934426229,0
0,1364,67,536.5714285714286,7,0.0,382,1.0693592280430395,5.701492537313433,0
0,1367,40,442.75,4,0.0,130,1.0210176124166828,3.25,0
0,1371,80,294.2857142857143,7,0.0,574,1.1270463644753383,7.175,0
0,1375,74,578.3333333333334,6,0.0,463,1.0624962736392067,6.256756756756757,0
0,1380,95,439.5,6,0.0,322,0.44835139477270397,3.389473684210526,0
0,1389,64,520.8333333333334,6,0.0,380,1.1658253987930873,5.9375,0
0,1393,49,387.4,5,0.0,233,1.2194770317141554,4.755102040816326,0
0,1400,60,362.5,6,0.0,367,1.281071670963838,6.116666666666666,0
0,1407,78,326.5,8,0.0,607,1.2537453916692993,7.782051282051282,0
0,1422,30,292.8,5,0.0,92,1.2845623294678266,3.066666666666667,0
0,1425,45,335.0,5,0.0,194,1.2038893329311997,4.311111111111111,0
0,1429,73,358.42857142857144,7,0.0,468,1.103595692910507,6.410958904109589,0
0,1432,49,325.0,5,0.0,239,1.2508798737325457,4.877551020408164,0
0,1444,49,330.6666666666667,6,0.0,230,1.2037756107049604,4.6938775510204085,0
0,1457,51,297.8,5,0.0,236,1.1402012552821086,4.627450980392157,0
0,1470,63,355.5,6,0.0,363,1.1493052489323206,5.761904761904762,0
0,1486,59,545.8,5,0.0,292,1.0541166961772128,4.9491525423728815,0
0,1488,39,380.6,5,0.0,169,1.3962634015954636,4.333333333333333,0
0,1489,50,467.4,5,0.0,238,1.1963184824869932,4.76,0
0,1492,13,343.6,5,0.0,20,1.4871444514034524,1.5384615384615385,0
0,1511,31,524.4,5,0.0,99,1.2945584711982916,3.193548387096774,0
0,1514,2,363.0,3,0.0,2,6.283185307179586,1.0,0
0,1520,30,283.4,5,0.0,91,1.270599695451872,3.033333333333333,0
0,1524,63,333.5,6,0.0,370,1.1714681600687562,5.873015873015873,0
0,1533,2,510.0,3,0.0,2,6.283185307179586,1.0,0
0,1537,81,361.0,8,0.0,624,1.1951555042463227,7.703703703703703,0
0,1545,68,342.57142857142856,7,0.0,442,1.2011971910784505,6.5,0
0,1575,41,491.0,5,0.0,154,1.151232049144148,3.7560975609756095,0
0,1578,69,364.1666666666667,6,0.0,401,1.058415168317166,5.811594202898551,0
0,1582,70,381.2857142857143,7,0.0,410,1.0514718269157675,5.857142857142857,0
0,1605,41,526.25,4,0.0,181,1.3530714343837063,4.414634146341464,0
0,1616,95,391.5,8,0.0,763,1.062397870222277,8.031578947368422,0
0,1622,93,461.85714285714283,7,0.0,730,1.0606371312847955,7.849462365591398,0
0,1625,14,424.75,4,0.0,23,1.4746251231135763,1.6428571428571428,0
0,1647,58,319.0,6,0.0,330,1.2327295786975405,5.689655172413793,0
0,1650,34,443.4,5,0.0,120,1.3044675378227513,3.5294117647058822,0
0,1665,60,498.0,6,0.0,326,1.1379546723003027,5.433333333333334,0
0,1666,30,661.75,4,0.0,89,1.2426744274199626,2.966666666666667,0
0,1669,30,299.4,5,0.0,100,1.3962634015954636,3.3333333333333335,0
0,1672,37,460.8,5,0.0,126,1.1565834166612534,3.4054054054054053,0
0,1674,50,341.6666666666667,6,0.0,261,1.3119290921390976,5.22,0
0,1686,53,386.4,5,0.0,218,0.975246989651228,4.113207547169812,0
0,1687,46,360.8333333333333,6,0.0,216,1.2827675107285355,4.695652173913044,0
0,1697,69,462.3333333333333,6,0.0,396,1.0452179717047327,5.739130434782608,0
0,1710,54,355.2,5,0.0,265,1.142005559946907,4.907407407407407,0
0,1711,84,294.2857142857143,7,0.0,640,1.1398068584452765,7.619047619047619,0
0,1713,46,304.6666666666667,6,0.0,223,1.324338680057701,4.8478260869565215,0
0,1716,54,467.2,5,0.0,260,1.1204582852309275,4.814814814814815,0
0,1723,48,340.6666666666667,6,0.0,214,1.1671889372712079,4.458333333333333,0
0,1733,125,344.5,8,0.0,711,0.5718201284357998,5.688,0
0,1744,61,414.6666666666667,6,0.0,340,1.1482305855635901,5.573770491803279,0
0,1757,50,602.0,5,0.0,210,1.0555751316061706,4.2,0
0,1758,76,394.42857142857144,7,0.0,496,1.0791066178535578,6.526315789473684,0
0,1761,42,530.5,4,0.0,139,0.9902072082743338,3.3095238095238093,0
0,1788,66,450.3333333333333,6,0.0,379,1.0933550190179353,5.742424242424242,0
0,1796,44,413.6,5,0.0,186,1.2073062677018624,4.2272727272727275,0
0,1799,37,370.2,5,0.0,131,1.202479583989081,3.5405405405405403,0
0,1803,86,391.5,8,0.0,694,1.1791591679779971,8.069767441860465,0
0,1806,87,410.0,8,0.0,714,1.185412685777837,8.206896551724139,0
0,1818,40,595.5,4,0.0,181,1.4215706757493813,4.525,0
0,1819,49,514.2,5,0.0,246,1.287516522754001,5.020408163265306,0
0,1828,61,232.0,6,0.0,303,1.0232760806640229,4.967213114754099,0
0,1829,130,352.1666666666667,6,0.0,477,0.3546839516597234,3.669230769230769,0
0,1839,94,283.9,10,0.0,852,1.2116962158707576,9.063829787234043,0
0,1842,94,357.375,8,0.0,812,1.1548090695857456,8.638297872340425,0
0,1848,34,346.6,5,0.0,123,1.3370792262683202,3.6176470588235294,0
0,1849,40,395.8,5,0.0,182,1.4294246573833558,4.55,0
0,1850,32,340.8,5,0.0,111,1.3621749396424494,3.46875,0
0,1852,73,285.42857142857144,7,0.0,439,1.0352104897173346,6.013698630136986,0
0,1868,60,297.7142857142857,7,0.0,355,1.239183768915974,5.916666666666667,0
0,1869,60,335.0,5,0.0,362,1.2636183784438946,6.033333333333333,0
0,1881,22,452.4,5,0.0,53,1.3760695094236284,2.409090909090909,0
0,1882,72,408.57142857142856,7,0.0,468,1.1344640137963142,6.5,0
0,1904,69,425.14285714285717,7,0.0,420,1.1085645154444135,6.086956521739131,0
0,1907,53,174.57142857142858,7,0.0,274,1.2257691521304426,5.169811320754717,0
0,1922,27,447.6,5,0.0,75,1.2928364829587626,2.7777777777777777,0
0,1927,18,578.0,3,0.0,31,1.2023379291516492,1.7222222222222223,0
0,1952,104,359.6666666666667,9,0.0,980,1.1385949706057683,9.423076923076923,0
0,1955,50,479.8,5,0.0,213,1.0706547763434016,4.26,0
0,1961,67,444.1666666666667,6,0.0,460,1.2877100651827178,6.865671641791045,0
0,1963,60,367.14285714285717,7,0.0,355,1.239183768915974,5.916666666666667,0
0,1972,78,340.2857142857143,7,0.0,567,1.1711262554802186,7.269230769230769,0
0,1977,155,390.0,6,0.0,482,0.25211199317881877,3.109677419354839,0
0,1987,23,413.2,5,0.0,58,1.3777873263380567,2.5217391304347827,0
0,2010,78,368.2857142857143,7,0.0,565,1.1669952986707648,7.243589743589744,0
0,2018,55,482.8,5,0.0,266,1.105009779642823,4.836363636363636,0
0,2033,46,485.0,5,0.0,212,1.2590125568261552,4.608695652173913,0
0,2042,55,326.6666666666667,6,0.0,264,1.0967014354349824,4.8,0
0,2043,35,399.4,5,0.0,119,1.220733145394891,3.4,0
0,2052,46,378.25,4,0.0,96,0.5701188936571269,2.0869565217391304,0
0,2061,53,538.6,5,0.0,255,1.1407705612892804,4.811320754716981,0
0,2076,75,278.85714285714283,7,0.0,533,1.1907334288806113,7.1066666666666665,0
0,2084,85,322.0,9,0.0,656,1.1409742730822998,7.7176470588235295,0
0,2087,62,246.0,6,0.0,376,1.229176730228681,6.064516129032258,0
0,2090,110,363.5,8,0.0,530,0.5504278037694513,4.818181818181818,0
0,2092,39,431.8,5,0.0,160,1.321906179025291,4.102564102564102,0
0,2094,51,321.4,5,0.0,225,1.0870562815189595,4.411764705882353,0
0,2096,44,436.1666666666667,6,0.0,173,1.1229246468409797,3.9318181818181817,0
0,2097,122,382.75,8,0.0,510,0.4305864695863463,4.180327868852459,0
0,2115,62,334.0,6,0.0,295,0.9643806793017575,4.758064516129032,0
0,2119,68,355.875,8,0.0,410,1.1142326885569336,6.029411764705882,0
0,2128,54,477.0,5,0.0,285,1.2281946588108246,5.277777777777778,0
0,2129,16,334.0,5,0.0,21,1.030835089459151,1.3125,0
0,2134,74,538.8333333333334,6,0.0,525,1.2047743923554721,7.094594594594595,0
0,2135,64,342.57142857142856,7,0.0,364,1.1167380135807468,5.6875,0
0,2142,103,445.375,8,0.0,872,1.032884831343312,8.466019417475728,0
0,2144,46,660.0,5,0.0,196,1.163992741216634,4.260869565217392,0
0,2147,102,404.7142857142857,7,0.0,759,0.9167507974143226,7.4411764705882355,0
0,2162,3,397.25,4,0.0,3,4.1887902047863905,1.0,0
0,2169,68,425.0,7,0.0,409,1.1115150478531362,6.014705882352941,0
0,2170,85,433.75,8,0.0,645,1.1218420825275663,7.588235294117647,0
0,2175,104,389.375,8,0.0,931,1.0816652220754799,8.951923076923077,0
0,2178,34,522.8,5,0.0,118,1.2827264121923723,3.4705882352941178,0
0,2182,72,471.3333333333333,6,0.0,484,1.1732491082850771,6.722222222222222,0
0,2185,41,472.2,5,0.0,158,1.1811341802907491,3.8536585365853657,0
0,2198,87,326.5,8,0.0,585,0.9712414862465473,6.724137931034483,0
0,2207,41,372.6,5,0.0,182,1.3605469671703565,4.439024390243903,0
0,2213,5,373.0,4,0.0,5,2.5132741228718345,1.0,0
0,2230,48,224.33333333333334,6,0.0,236,1.287180323345818,4.916666666666667,0
0,2233,52,300.1666666666667,6,0.0,252,1.1711262554802189,4.846153846153846,0
0,2234,76,384.8333333333333,6,0.0,480,1.0442967269550558,6.315789473684211,0
0,2241,87,545.4285714285714,7,0.0,663,1.10074035107942,7.620689655172414,0
0,2252,34,305.8,5,0.0,116,1.260985286561993,3.411764705882353,0
0,2257,58,455.0,6,0.0,308,1.1505476067843714,5.310344827586207,0
0,2266,69,416.0,7,0.0,453,1.1956660130864745,6.565217391304348,0
0,2270,83,224.0,8,0.0,656,1.1966234755435645,7.903614457831325,0
0,2271,10,359.8,5,0.0,13,1.6336281798666925,1.3,0
0,2278,71,312.0,6,0.0,520,1.2962731044369706,7.323943661971831,0
0,2281,118,363.625,8,0.0,812,0.7328277031642954,6.88135593220339,0
0,2290,64,324.6666666666667,6,0.0,393,1.205708899278114,6.140625,0
0,2301,74,497.8333333333333,6,0.0,568,1.3034511521103014,7.675675675675675,0
0,2318,19,667.25,4,0.0,34,1.1835362905490634,1.7894736842105263,0
0,2320,83,346.0,7,0.0,634,1.1564928102052134,7.63855421686747,0
0,2326,85,477.6,5,0.0,272,0.4730868937170512,3.2,0
0,2331,62,476.3333333333333,6,0.0,362,1.1834095115499532,5.838709677419355,0
0,2332,70,424.3333333333333,6,0.0,468,1.200216621942876,6.685714285714286,0
0,2333,51,671.0,4,0.0,272,1.3141302603251424,5.333333333333333,0
0,2335,79,418.14285714285717,7,0.0,566,1.1396516211708527,7.1645569620253164,0
0,2341,43,529.1666666666666,6,0.0,178,1.2097425469745446,4.1395348837209305,0
0,2352,53,310.5,6,0.0,309,1.3823455036799517,5.830188679245283,0
0,2354,59,258.6666666666667,6,0.0,295,1.0649466622338282,5.0,0
0,2357,72,402.14285714285717,7,0.0,443,1.073862303657622,6.152777777777778,0
0,2376,51,401.2,5,0.0,252,1.2175030353012348,4.9411764705882355,0
0,2377,33,310.4,5,0.0,124,1.4308815024614667,3.757575757575758,0
0,2380,75,412.7142857142857,7,0.0,539,1.2041375575359279,7.1866666666666665,0
0,2389,58,307.57142857142856,7,0.0,331,1.236465122875412,5.706896551724138,0
0,2390,20,524.25,4,0.0,36,1.1309733552923256,1.8,0
0,2403,102,241.66666666666666,9,0.0,933,1.1269150118413214,9.147058823529411,0
0,2406,30,224.4,5,0.0,81,1.1309733552923256,2.7,0
0,2408,91,444.8,5,0.0,331,0.5022906259332068,3.6373626373626373,0
0,2419,71,403.5,6,0.0,456,1.1367317992754973,6.422535211267606,0
0,2427,44,397.6,5,0.0,165,1.0709974955419748,3.75,0
0,2430,39,448.0,5,0.0,141,1.1649298202660376,3.6153846153846154,0
0,2436,61,362.6,5,0.0,157,0.5302123586278931,2.5737704918032787,0
0,2438,58,251.66666666666666,6,0.0,343,1.2812916530098681,5.913793103448276,0
0,2439,97,262.7,10,0.0,911,1.2167035423191843,9.391752577319588,0
0,2457,54,388.6,5,0.0,257,1.10752992040134,4.7592592592592595,0
0,2459,25,459.0,4,0.0,67,1.3471149298593033,2.68,0
0,2464,33,480.2,5,0.0,116,1.3385665668187916,3.515151515151515,0
0,2477,47,398.1666666666667,6,0.0,202,1.1491203549572444,4.297872340425532,0
0,2483,81,509.3333333333333,6,0.0,537,1.028523246442749,6.62962962962963,0
0,2495,61,329.57142857142856,7,0.0,341,1.1516077343446594,5.590163934426229,0
0,2505,18,353.0,5,0.0,38,1.4738335905729893,2.111111111111111,0
0,2520,37,457.5,4,0.0,149,1.3677057863692599,4.027027027027027,0
0,2521,81,323.85714285714283,7,0.0,599,1.1472726715441464,7.395061728395062,0
0,2529,72,409.6666666666667,6,0.0,470,1.1393121506074095,6.527777777777778,0
0,2541,66,645.3333333333334,6,0.0,399,1.1510518537946073,6.045454545454546,0
0,2544,42,221.0,6,0.0,148,1.0543213440618806,3.5238095238095237,0
0,2574,54,340.57142857142856,7,0.0,278,1.1980284742084533,5.148148148148148,0
0,2576,132,379.875,8,0.0,847,0.6108652381980154,6.416666666666667,0
0,2578,18,308.4,5,0.0,36,1.3962634015954636,2.0,0
0,2579,58,323.0,6,0.0,305,1.1393409742507574,5.258620689655173,0
0,2582,71,452.0,7,0.0,443,1.104324971664573,6.23943661971831,0
0,2585,68,323.7142857142857,7,0.0,449,1.2202206760050323,6.602941176470588,0
0,2602,125,339.0,8,0.0,646,0.5195440266800656,5.168,0
0,2606,41,329.2,5,0.0,158,1.1811341802907491,3.8536585365853657,0
0,2617,78,400.57142857142856,7,0.0,467,0.964578415007517,5.987179487179487,0
0,2623,72,225.28571428571428,7,0.0,487,1.18052131350172,6.763888888888889,0
0,2645,52,360.5,6,0.0,252,1.1711262554802189,4.846153846153846,0
0,2650,56,423.1666666666667,6,0.0,277,1.1099759758219039,4.946428571428571,0
0,2651,42,357.8333333333333,6,0.0,174,1.239539958559238,4.142857142857143,0
0,2658,78,310.57142857142856,7,0.0,564,1.1649298202660376,7.230769230769231,0
0,2659,18,615.5,4,0.0,32,1.241123023640412,1.7777777777777777,0
0,2668,50,394.6,5,0.0,258,1.2968494474018666,5.16,0
0,2687,55,346.6,5,0.0,265,1.1008556075389027,4.818181818181818,0
0,2689,56,374.0,5,0.0,343,1.3744467859455347,6.125,0
0,2690,55,267.4,5,0.0,272,1.1299348122663455,4.945454545454545,0
0,2710,42,420.4,5,0.0,172,1.2252923728286722,4.095238095238095,0
0,2715,73,393.5,6,0.0,468,1.103595692910507,6.410958904109589,0
0,2719,60,238.14285714285714,7,0.0,354,1.2356931104119855,5.9,0
0,2723,51,367.4,5,0.0,230,1.1112130877749364,4.509803921568627,0
0,2729,88,328.42857142857144,7,0.0,702,1.1391518816219188,7.9772727272727275,0
0,2743,38,295.5,4,0.0,112,0.9746769451580521,2.9473684210526314,0
0,2744,89,308.625,8,0.0,695,1.1025915385657903,7.808988764044944,0
0,2745,62,356.2857142857143,7,0.0,361,1.1801404245014726,5.82258064516129,0
0,2750,85,422.85714285714283,7,0.0,671,1.1670636238387548,7.894117647058824,0
0,2754,85,307.125,8,0.0,665,1.156627883536173,7.823529411764706,0
0,2777,24,367.2,5,0.0,54,1.1780972450961724,2.25,0
0,2783,68,428.0,6,0.0,441,1.1984795503746528,6.485294117647059,0
0,2789,75,365.7142857142857,7,0.0,496,1.10807463550616,6.613333333333333,0
0,2790,72,447.6,5,0.0,197,0.4775414758928929,2.736111111111111,0
0,2792,62,373.8333333333333,6,0.0,346,1.1311041187742648,5.580645161290323,0
0,2793,50,430.14285714285717,7,0.0,258,1.2968494474018666,5.16,0
0,2797,85,348.14285714285717,7,0.0,649,1.1287992427292877,7.635294117647059,0
0,2804,67,275.2857142857143,7,0.0,472,1.321302501665745,7.044776119402985,0
0,2806,82,443.2857142857143,7,0.0,582,1.08769002045762,7.097560975609756,0
0,2807,77,345.7142857142857,7,0.0,516,1.0936493906239388,6.701298701298701,0
0,2809,89,386.0,8,0.0,708,1.1232155529562295,7.955056179775281,0
0,2815,49,491.2,5,0.0,239,1.2508798737325457,4.877551020408164,0
0,2837,104,388.22222222222223,9,0.0,956,1.1107110121419534,9.192307692307692,0
0,2841,8,579.0,4,0.0,10,1.9634954084936207,1.25,0
0,2847,50,630.2,5,0.0,251,1.261663609681661,5.02,0
0,2862,60,369.14285714285717,7,0.0,351,1.2252211349000193,5.85,0
0,2871,65,307.7142857142857,7,0.0,398,1.1837669833171482,6.123076923076923,0
0,2873,103,427.2857142857143,7,0.0,932,1.1039548885458337,9.048543689320388,0
0,2877,41,371.4,5,0.0,158,1.1811341802907491,3.8536585365853657,0
0,2883,60,283.1666666666667,6,0.0,326,1.1379546723003027,5.433333333333334,0
0,2884,51,336.0,6,0.0,260,1.2561539253107976,5.098039215686274,0
0,2886,69,503.1666666666667,6,0.0,441,1.163992741216634,6.391304347826087,0
0,2888,58,410.5,6,0.0,325,1.214051857808184,5.603448275862069,0
0,2889,50,433.1666666666667,6,0.0,243,1.2214512237157116,4.86,0
0,2896,28,497.5,4,0.0,78,1.2502256478571625,2.7857142857142856,0
0,2907,86,245.66666666666666,9,0.0,665,1.1298859462613373,7.732558139534884,0
0,2911,56,182.16666666666666,6,0.0,296,1.1861115120696157,5.285714285714286,0
0,2923,53,335.4,5,0.0,267,1.1944538818205408,5.037735849056604,0
0,2925,38,247.83333333333334,6,0.0,135,1.1748338178244377,3.5526315789473686,0
0,2932,66,480.1666666666667,6,0.0,362,1.044312709457764,5.484848484848484,0
0,2941,28,448.6,5,0.0,89,1.4265395212729164,3.1785714285714284,0
0,2946,56,383.6666666666667,6,0.0,298,1.194125779043059,5.321428571428571,0
0,2953,95,395.77777777777777,9,0.0,875,1.2183461814475651,9.210526315789474,0
0,2960,77,444.8333333333333,6,0.0,520,1.1021272928768375,6.753246753246753,0
0,2961,76,301.7142857142857,7,0.0,521,1.1334970723824669,6.855263157894737,0
0,2970,79,318.57142857142856,7,0.0,578,1.163813846354687,7.3164556962025316,0
0,2971,42,365.6666666666667,6,0.0,177,1.260911337155087,4.214285714285714,0
0,2974,33,550.4,5,0.0,106,1.2231728972654474,3.212121212121212,0
0,2981,61,433.0,5,0.0,360,1.2157735611849778,5.901639344262295,0
0,2984,28,165.4,5,0.0,77,1.2341971139102759,2.75,0
0,2989,54,558.25,4,0.0,286,1.2325041137540205,5.296296296296297,0
0,2992,49,563.25,4,0.0,240,1.2561136807356106,4.8979591836734695,0
0,2998,54,406.5,6,0.0,290,1.2497419335268038,5.37037037037037,0
0,3006,87,283.14285714285717,7,0.0,647,1.074176481370113,7.436781609195402,0
0,3007,51,521.5,6,0.0,244,1.1788521452916718,4.784313725490196,0
0,3020,58,466.6666666666667,6,0.0,295,1.101985532472044,5.086206896551724,0
0,3025,54,385.2,5,0.0,295,1.2712892082427834,5.462962962962963,0
0,3036,45,266.3333333333333,6,0.0,194,1.2038893329311997,4.311111111111111,0
0,3042,69,540.3333333333334,6,0.0,396,1.0452179717047327,5.739130434782608,0
0,3046,36,459.6,5,0.0,139,1.34778203348451,3.861111111111111,0
0,3050,76,329.25,8,0.0,545,1.1857119087302197,7.171052631578948,0
0,3059,53,398.1666666666667,6,0.0,265,1.1855066617319974,5.0,0
0,3066,80,290.0,6,0.0,550,1.0799224746714915,6.875,0
0,3071,101,326.3333333333333,6,0.0,435,0.5358662108858191,4.306930693069307,0
0,3080,78,432.14285714285717,7,0.0,563,1.1628643418613107,7.217948717948718,0
0,3082,53,384.0,6,0.0,274,1.2257691521304426,5.169811320754717,0
0,3083,70,350.42857142857144,7,0.0,418,1.0719883503677825,5.9714285714285715,0
0,3090,49,324.2,5,0.0,200,1.046761400613009,4.081632653061225,0
0,3093,77,415.85714285714283,7,0.0,507,1.0745741105549165,6.584415584415584,0
0,3095,55,252.0,6,0.0,306,1.2711766637996387,5.5636363636363635,0
0,3097,62,396.875,8,0.0,331,1.0820678130470567,5.338709677419355,0
0,3099,61,273.0,7,0.0,349,1.1786249245932146,5.721311475409836,0
0,3100,76,389.42857142857144,7,0.0,558,1.2139949450852525,7.342105263157895,0
0,3110,95,488.3333333333333,6,0.0,363,0.5054396158462471,3.8210526315789473,0
0,3115,51,393.8,5,0.0,279,1.34794978908351,5.470588235294118,0
0,3118,63,406.0,6,0.0,379,1.199963331529888,6.015873015873016,0
0,3119,42,320.4,5,0.0,172,1.2252923728286722,4.095238095238095,0
0,3126,75,347.0,7,0.0,554,1.237647879174219,7.386666666666667,0
0,3128,67,505.5,6,0.0,372,1.0413655309738499,5.552238805970149,0
0,3129,143,355.125,8,0.0,634,0.3896072653676813,4.433566433566433,0
0,3131,66,331.8333333333333,6,0.0,444,1.2808697320421196,6.7272727272727275,0
0,3137,91,334.125,8,0.0,724,1.0986659008327546,7.956043956043956,0
0,3138,58,313.7142857142857,7,0.0,316,1.180431960207342,5.448275862068965,0
0,3141,54,285.8333333333333,6,0.0,275,1.1851001093788658,5.092592592592593,0
0,3150,82,296.375,8,0.0,587,1.097034436440933,7.158536585365853,0
0,3161,20,277.75,4,0.0,48,1.5079644737231006,2.4,0
0,3163,74,396.3333333333333,6,0.0,477,1.094623590768686,6.445945945945946,0
0,3167,45,340.4,5,0.0,128,0.7943187351298637,2.8444444444444446,0
0,3183,86,372.75,8,0.0,697,1.184256397810755,8.104651162790697,0
0,3188,95,449.14285714285717,7,0.0,836,1.1640427516459024,8.8,0
0,3194,56,227.85714285714286,7,0.0,289,1.158061577662564,5.160714285714286,0
0,3203,18,425.5,4,0.0,33,1.279908118129175,1.8333333333333333,0
0,3208,65,290.7142857142857,7,0.0,378,1.12428120526101,5.815384615384615,0
0,3211,69,618.0,6,0.0,458,1.2088632096989078,6.63768115942029,0
0,3214,39,471.5,4,0.0,151,1.2475489564551183,3.871794871794872,0
0,3218,84,401.0,7,0.0,646,1.1504925477432009,7.690476190476191,0
0,3225,51,411.8,5,0.0,239,1.1546953390356947,4.686274509803922,0
0,3230,60,336.0,7,0.0,330,1.1519173063162573,5.5,0
0,3234,59,281.14285714285717,7,0.0,316,1.1407564246301347,5.3559322033898304,0
0,3236,68,385.57142857142856,7,0.0,450,1.2229383167088295,6.617647058823529,0
0,3238,54,411.6666666666667,6,0.0,265,1.142005559946907,4.907407407407407,0
0,3241,45,530.5,6,0.0,193,1.1976837178129978,4.288888888888889,0
0,3245,53,385.0,5,0.0,234,1.0468247503595751,4.415094339622642,0
0,3249,84,371.1666666666667,6,0.0,702,1.2502256478571625,8.357142857142858,0
0,3254,66,455.42857142857144,7,0.0,367,1.0587369181519322,5.5606060606060606,0
0,3256,60,461.14285714285717,7,0.0,332,1.1588986233242349,5.533333333333333,0
0,3259,45,381.6,5,0.0,201,1.2473286387586142,4.466666666666667,0
0,3263,69,312.5,6,0.0,452,1.1930265737639878,6.550724637681159,0
0,3271,76,350.57142857142856,7,0.0,519,1.1291458360201543,6.828947368421052,0
0,3273,26,386.25,4,0.0,61,1.1339476441951324,2.3461538461538463,0
0,3285,20,783.0,4,0.0,47,1.4765485471872029,2.35,0
0,3295,58,286.0,5,0.0,265,0.9899192071359039,4.568965517241379,0
0,3303,63,502.0,5,0.0,352,1.1144778171464924,5.587301587301587,0
0,3309,94,388.0,7,0.0,768,1.0922332086722324,8.170212765957446,0
0,3311,62,283.2857142857143,7,0.0,383,1.2520603395680443,6.17741935483871,0
0,3323,88,400.25,8,0.0,674,1.0937156242352895,7.659090909090909,0
0,3328,45,229.5,6,0.0,205,1.2721510992314224,4.555555555555555,0
0,3350,126,327.14285714285717,7,0.0,542,0.4290106369981526,4.301587301587301,0
0,3358,45,353.1666666666667,6,0.0,183,1.135627566630977,4.066666666666666,0
0,3367,57,489.0,6,0.0,313,1.210610650136787,5.491228070175438,0
0,3368,19,218.2,5,0.0,37,1.287965963244569,1.9473684210526316,0
0,3372,37,441.75,4,0.0,132,1.2116588174546463,3.5675675675675675,0
0,3396,23,396.4,5,0.0,60,1.4252972341428172,2.608695652173913,0
0,3398,23,398.5,4,0.0,46,1.0927278795094932,2.0,0
0,3403,49,201.71428571428572,7,0.0,223,1.167138961683505,4.551020408163265,0
0,3409,68,460.2,5,0.0,407,1.1060797664455415,5.985294117647059,0
0,3422,72,242.83333333333334,6,0.0,360,0.8726646259971648,5.0,0
0,3447,68,433.57142857142856,7,0.0,447,1.2147853945974372,6.573529411764706,0
0,3448,36,360.2,5,0.0,141,1.3671745807288913,3.9166666666666665,0
0,3454,71,269.2857142857143,7,0.0,441,1.0993393058782772,6.211267605633803,0
0,3456,71,313.8333333333333,6,0.0,479,1.194066955817902,6.746478873239437,0
0,3463,66,469.0,6,0.0,415,1.197209321615945,6.287878787878788,0
0,3469,85,323.7142857142857,7,0.0,687,1.1948922646456404,8.08235294117647,0
0,3478,66,360.375,8,0.0,416,1.2000941633547788,6.303030303030303,0
0,3481,51,264.6666666666667,6,0.0,240,1.15952670028689,4.705882352941177,0
0,3487,65,302.0,7,0.0,381,1.1332040719694305,5.861538461538461,0
0,3498,84,361.85714285714283,7,0.0,684,1.2181685799633892,8.142857142857142,0
0,3504,106,381.6666666666667,6,0.0,418,0.46749224962639147,3.943396226415094,0
0,3509,79,345.42857142857144,7,0.0,551,1.1094488396910598,6.974683544303797,0
0,3518,76,437.85714285714283,7,0.0,534,1.1617801087374997,7.026315789473684,0
0,3523,19,551.75,4,0.0,49,1.705684654026591,2.5789473684210527,0
0,3524,78,376.14285714285717,7,0.0,568,1.1731917338849458,7.282051282051282,0
0,3527,34,465.8,5,0.0,105,1.1414090955949077,3.088235294117647,0
0,3530,26,339.5,4,0.0,85,1.5800909796161682,3.269230769230769,0
0,3531,56,411.0,6,0.0,269,1.0779189079281306,4.803571428571429,0
0,3532,72,321.7142857142857,7,0.0,493,1.1950657239350062,6.847222222222222,0
0,3535,7,401.25,4,0.0,9,2.308108888351685,1.2857142857142858,0
0,3545,99,335.1666666666667,6,0.0,394,0.505167842266862,3.9797979797979797,0
0,3547,51,299.3333333333333,6,0.0,240,1.15952670028689,4.705882352941177,0
0,3550,29,424.6,5,0.0,84,1.2551428437647687,2.896551724137931,0
0,3552,25,399.0,5,0.0,68,1.3672211228422781,2.72,0
0,3567,50,306.3333333333333,6,0.0,231,1.1611326447667876,4.62,0
0,3571,33,383.0,4,0.0,131,1.5116570711488078,3.9696969696969697,0
0,3580,58,308.85714285714283,7,0.0,319,1.191638592740956,5.5,0
0,3584,56,325.3333333333333,6,0.0,291,1.1660758446360073,5.196428571428571,0
0,3595,88,419.2857142857143,7,0.0,636,1.0320521320677214,7.2272727272727275,0
0,3596,67,424.5,6,0.0,410,1.14774157983677,6.119402985074627,0
0,3605,70,343.6666666666667,6,0.0,421,1.079682046662288,6.014285714285714,0
0,3614,78,304.625,8,0.0,590,1.2186322587889402,7.564102564102564,0
0,3617,84,351.1666666666667,6,0.0,251,0.4470180022965069,2.988095238095238,0
0,3618,79,399.0,7,0.0,554,1.1154893959870185,7.012658227848101,0
0,3619,74,312.0,6,0.0,495,1.135930141363731,6.6891891891891895,0
0,3631,55,384.0,6,0.0,273,1.134088984370266,4.963636363636364,0
0,3635,69,357.57142857142856,7,0.0,438,1.1560744232491742,6.3478260869565215,0
0,3639,66,298.7142857142857,7,0.0,399,1.1510518537946073,6.045454545454546,0
0,3655,95,415.55555555555554,9,0.0,848,1.1807514992771833,8.926315789473684,0
0,3660,31,446.0,4,0.0,87,1.1376422928712258,2.806451612903226,0
0,3663,81,284.875,8,0.0,625,1.1970708175544098,7.716049382716049,0
0,3676,22,535.75,4,0.0,50,1.2981787824751212,2.272727272727273,0
0,3684,66,395.7142857142857,7,0.0,440,1.269330365086785,6.666666666666667,0
0,3692,97,442.625,8,0.0,708,0.9455829944697943,7.298969072164948,0
0,3694,53,414.8,5,0.0,255,1.1407705612892804,4.811320754716981,0
0,3702,57,407.6666666666667,6,0.0,300,1.1603296966167287,5.2631578947368425,0
0,3713,28,331.0,4,0.0,74,1.1861115120696157,2.642857142857143,0
0,3718,124,304.2857142857143,7,0.0,558,0.4560376432630345,4.5,0
0,3723,51,418.8,5,0.0,271,1.3092988990739467,5.313725490196078,0
0,3725,61,307.1666666666667,6,0.0,359,1.2123964124039082,5.885245901639344,0
0,3726,55,594.6,5,0.0,234,0.9720762723173707,4.254545454545455,0
0,3727,70,352.6666666666667,6,0.0,475,1.2181685799633892,6.785714285714286,0
0,3736,25,467.0,4,0.0,72,1.4476458947741766,2.88,0
0,3742,31,539.5,4,0.0,77,1.0068788109320044,2.4838709677419355,0
0,3744,29,533.0,4,0.0,97,1.449391141014078,3.3448275862068964,0
0,3767,74,283.0,6,0.0,237,0.543869582834756,3.2027027027027026,0
0,3772,14,436.75,4,0.0,24,1.538739258901123,1.7142857142857142,0
0,3774,78,379.0,6,0.0,496,1.0244772887446005,6.358974358974359,0
0,3781,27,548.25,4,0.0,86,1.4824525004593812,3.185185185185185,0
0,3782,57,530.6,5,0.0,327,1.2647593693122343,5.7368421052631575,0
0,3789,59,318.57142857142856,7,0.0,315,1.1371464359445962,5.338983050847458,0
0,3792,89,487.2857142857143,7,0.0,772,1.2247491622630073,8.674157303370787,0
0,3805,70,389.14285714285717,7,0.0,386,0.9899222565597225,5.514285714285714,0
0,3806,102,504.4,5,0.0,422,0.5097086120011122,4.137254901960785,0
0,3809,37,383.6,5,0.0,134,1.2300172843857773,3.6216216216216215,0
0,3817,68,451.5,6,0.0,451,1.225655957412627,6.632352941176471,0
0,3829,55,391.6666666666667,6,0.0,287,1.1922473938251512,5.218181818181818,0
0,3835,60,413.1666666666667,6,0.0,337,1.176351915844178,5.616666666666666,0
0,3839,98,270.57142857142856,7,0.0,361,0.47235108202662024,3.683673469387755,0
0,3847,57,451.5,6,0.0,267,1.0326934299888886,4.684210526315789,0
0,3858,141,354.625,8,0.0,684,0.43234231176609195,4.851063829787234,0
0,3871,74,403.42857142857144,7,0.0,457,1.0487274234408586,6.175675675675675,0
0,3873,29,472.4,5,0.0,84,1.2551428437647687,2.896551724137931,0
0,3879,66,430.4,5,0.0,388,1.1193185946674378,5.878787878787879,0
0,3880,26,275.6,5,0.0,70,1.3012513949780207,2.6923076923076925,0
0,3886,41,315.8,5,0.0,160,1.1960852458640496,3.902439024390244,0
0,3889,48,411.8333333333333,6,0.0,213,1.1617347833587255,4.4375,0
0,3890,117,487.1666666666667,6,0.0,543,0.49846878834078684,4.641025641025641,0
0,3912,67,440.8333333333333,6,0.0,444,1.2429201498720144,6.626865671641791,0
0,3917,55,462.6666666666667,6,0.0,292,1.2130182543447532,5.3090909090909095,0
0,3920,60,350.0,7,0.0,328,1.14493598930828,5.466666666666667,0
0,3936,60,341.2857142857143,7,0.0,316,1.1030480872604163,5.266666666666667,0
0,3951,28,400.2,5,0.0,78,1.2502256478571625,2.7857142857142856,0
0,3963,66,465.3333333333333,6,0.0,423,1.2202880555266138,6.409090909090909,0
0,3964,17,439.5,4,0.0,41,1.7827723016910935,2.411764705882353,0
0,3975,85,307.85714285714283,7,0.0,673,1.1705422039396156,7.91764705882353,0
0,3978,87,401.7142857142857,7,0.0,662,1.0990801092225884,7.609195402298851,0
0,3981,37,304.8,5,0.0,139,1.2759134517136048,3.7567567567567566,0
0,3991,57,486.6,5,0.0,313,1.210610650136787,5.491228070175438,0
0,3992,145,443.55555555555554,9,0.0,776,0.463805165124505,5.3517241379310345,0
0,3995,66,385.6666666666667,6,0.0,380,1.096239860756769,5.757575757575758,0
0,4015,83,414.77777777777777,9,0.0,679,1.2385782620336592,8.180722891566266,0
0,4019,51,331.5,6,0.0,243,1.1740207840404764,4.764705882352941,0
0,4028,74,340.57142857142856,7,0.0,473,1.0854443573031207,6.391891891891892,0
0,4029,68,399.2857142857143,7,0.0,432,1.1740207840404762,6.352941176470588,0
0,4042,91,343.375,8,0.0,663,1.0060987462045805,7.285714285714286,0
0,4056,54,376.6666666666667,6,0.0,269,1.1592433797196904,4.981481481481482,0
0,4061,70,400.6666666666667,6,0.0,434,1.1130213972718124,6.2,0
0,4072,46,420.4,5,0.0,181,1.074911664082708,3.9347826086956523,0
0,4075,30,292.8,5,0.0,82,1.14493598930828,2.7333333333333334,0
0,4090,63,393.8,5,0.0,301,0.953005178866745,4.777777777777778,0
0,4097,33,455.0,5,0.0,114,1.3154878329081228,3.4545454545454546,0
0,4101,55,443.8333333333333,6,0.0,288,1.1964015659290717,5.236363636363636,0
0,4105,65,438.7142857142857,7,0.0,382,1.1361783608722376,5.876923076923077,0
0,4107,65,385.5,6,0.0,400,1.1897155611227619,6.153846153846154,0
0,4108,20,353.0,5,0.0,42,1.3194689145077132,2.1,0
0,4111,69,276.85714285714283,7,0.0,418,1.1032856367994401,6.057971014492754,0
0,4115,46,493.0,5,0.0,217,1.2887062492041306,4.717391304347826,0
0,4117,49,288.3333333333333,6,0.0,239,1.2508798737325457,4.877551020408164,0
0,4131,50,341.2,5,0.0,242,1.216424675469968,4.84,0
0,4132,52,411.8,5,0.0,239,1.1107110121419534,4.596153846153846,0
0,4148,28,379.8,5,0.0,81,1.2983112496978226,2.892857142857143,0
0,4153,22,531.0,4,0.0,46,1.1943244798771113,2.090909090909091,0
0,4157,102,281.57142857142856,7,0.0,377,0.4553557979251642,3.696078431372549,0
0,4158,85,360.42857142857144,7,0.0,643,1.1183635024267056,7.564705882352941,0
0,4173,60,522.6666666666666,6,0.0,362,1.2636183784438946,6.033333333333333,0
0,4186,36,417.4,5,0.0,114,1.105375192929742,3.1666666666666665,0
0,4188,65,342.3333333333333,6,0.0,411,1.2224327390536378,6.323076923076923,0
0,4191,75,392.42857142857144,7,0.0,541,1.2086056004210333,7.213333333333333,0
0,4192,62,490.0,6,0.0,403,1.317442080537655,6.5,0
0,4199,44,223.16666666666666,6,0.0,189,1.2267789494389896,4.295454545454546,0
0,4201,42,447.6,5,0.0,168,1.1967972013675403,4.0,0
0,4204,49,288.8333333333333,6,0.0,243,1.2718151017448058,4.959183673469388,0
0,4205,9,667.6666666666666,3,0.0,12,1.8616845354606182,1.3333333333333333,0
0,4219,25,414.5,4,0.0,64,1.2867963509103792,2.56,0
0,4228,55,380.6,5,0.0,255,1.059313886499699,4.636363636363637,0
0,4237,64,314.0,6,0.0,390,1.1965050145508,6.09375,0
0,4242,68,376.5,6,0.0,419,1.13869145489111,6.161764705882353,0
0,4246,54,288.1666666666667,6,0.0,280,1.206647384094845,5.185185185185185,0
0,4253,71,285.0,7,0.0,488,1.2165024518562342,6.873239436619718,0
0,4256,54,358.2,5,0.0,270,1.1635528346628863,5.0,0
0,4273,48,539.8,5,0.0,221,1.205368014658584,4.604166666666667,0
0,4276,73,397.625,8,0.0,538,1.2686634247560957,7.36986301369863,0
0,4287,46,555.0,4,0.0,211,1.2530738183505603,4.586956521739131,0
0,4300,66,479.8333333333333,6,0.0,384,1.1077792277121035,5.818181818181818,0
0,4302,73,311.0,7,0.0,518,1.2215012156573561,7.095890410958904,0
0,4304,23,552.5,4,0.0,54,1.2827675107285355,2.347826086956522,0
0,4307,71,333.57142857142856,7,0.0,440,1.0968464729851293,6.197183098591549,0
0,4311,30,600.25,4,0.0,83,1.1588986233242349,2.7666666666666666,0
0,4329,97,323.55555555555554,9,0.0,775,1.0350661309521052,7.989690721649485,0
0,4332,68,309.7142857142857,7,0.0,461,1.252832364450601,6.779411764705882,0
0,4335,62,302.625,8,0.0,363,1.1866785985984338,5.854838709677419,0
0,4346,14,384.4,5,0.0,24,1.538739258901123,1.7142857142857142,0
0,4350,67,367.57142857142856,7,0.0,418,1.1701365374921218,6.2388059701492535,0
0,4352,156,467.875,8,0.0,831,0.4291031385820378,5.326923076923077,0
0,4353,68,410.1666666666667,6,0.0,421,1.1441267362987049,6.1911764705882355,0
0,4354,49,477.8,5,0.0,239,1.2508798737325457,4.877551020408164,0
0,4361,30,302.6,5,0.0,96,1.340412865531645,3.2,0
0,4362,79,348.0,7,0.0,603,1.2141518154876751,7.632911392405063,0
0,4370,39,415.0,6,0.0,162,1.3384300062631072,4.153846153846154,0
0,4371,41,358.4,5,0.0,148,1.106378852424246,3.6097560975609757,0
0,4372,69,305.57142857142856,7,0.0,418,1.1032856367994401,6.057971014492754,0
0,4376,48,568.8,5,0.0,193,1.05265170510908,4.020833333333333,0
0,4394,37,352.8,5,0.0,151,1.3860642533003908,4.081081081081081,0
0,4399,76,463.3333333333333,6,0.0,495,1.0769309996724015,6.5131578947368425,0
0,4405,83,311.5,8,0.0,595,1.0853520852872272,7.168674698795181,0
0,4418,48,369.4,5,0.0,209,1.1399181677087966,4.354166666666667,0
0,4435,50,386.0,5,0.0,232,1.1661591930125312,4.64,0
0,4444,42,459.4,5,0.0,160,1.1398068584452765,3.8095238095238093,0
0,4446,29,348.5,4,0.0,80,1.1953741369188273,2.7586206896551726,0
0,4447,21,311.2,5,0.0,46,1.310777887212068,2.1904761904761907,0
0,4448,35,515.8,5,0.0,124,1.2720244540249284,3.5428571428571427,0
0,4450,38,358.6,5,0.0,137,1.1922387632736888,3.6052631578947367,0
0,4454,57,332.6,5,0.0,304,1.175800759238285,5.333333333333333,0
0,4457,79,351.875,8,0.0,591,1.1899895903038409,7.481012658227848,0
0,4458,38,382.4,5,0.0,154,1.3401807995923218,4.052631578947368,0
0,4473,77,478.3333333333333,6,0.0,501,1.0618572571755684,6.5064935064935066,0
0,4477,82,304.85714285714283,7,0.0,604,1.128805450784197,7.365853658536586,0
0,4488,45,344.0,5,0.0,197,1.2225061782858058,4.377777777777778,0
0,4490,93,330.8333333333333,6,0.0,710,1.0315785797427461,7.634408602150538,0
0,4492,78,437.7142857142857,7,0.0,584,1.206239388360578,7.487179487179487,0
0,4501,89,465.85714285714283,7,0.0,657,1.042305958039891,7.382022471910112,0
0,4503,39,448.2,5,0.0,166,1.3714776607387396,4.256410256410256,0
0,4504,49,186.16666666666666,6,0.0,231,1.2090094177080255,4.714285714285714,0
0,4521,53,535.8,5,0.0,304,1.359977453458593,5.735849056603773,0
0,4522,74,407.85714285714283,7,0.0,471,1.080854740570338,6.364864864864865,0
0,4539,83,313.57142857142856,7,0.0,607,1.107241539108146,7.313253012048193,0
0,4544,58,392.5,6,0.0,305,1.1393409742507574,5.258620689655173,0
0,4545,77,434.0,7,0.0,606,1.2844021913141606,7.87012987012987,0
0,4553,48,391.4,5,0.0,206,1.1235557059713495,4.291666666666667,0
0,4561,34,494.6,5,0.0,110,1.1957619096708556,3.235294117647059,0
0,4563,49,382.8333333333333,6,0.0,214,1.1200346986559195,4.36734693877551,0
0,4565,41,251.4,5,0.0,158,1.1811341802907491,3.8536585365853657,0
0,4570,24,401.4,5,0.0,60,1.308996938995747,2.5,0
0,4572,34,441.0,5,0.0,115,1.2501147237468035,3.3823529411764706,0
0,4591,80,319.125,8,0.0,624,1.2252211349000193,7.8,0
0,4593,21,506.0,4,0.0,47,1.3392730586731998,2.238095238095238,0
0,4596,71,267.75,8,0.0,468,1.1666457939932737,6.591549295774648,0
0,4608,39,380.8,5,0.0,157,1.2971204381685668,4.0256410256410255,0
0,4611,67,364.3333333333333,6,0.0,377,1.0553623795084446,5.626865671641791,0
0,4615,63,420.2,5,0.0,383,1.2126278521792802,6.079365079365079,0
0,4622,59,399.5,6,0.0,297,1.072166639604905,5.033898305084746,0
0,4630,56,286.5,6,0.0,299,1.1981329125297808,5.339285714285714,0
0,4640,60,338.6666666666667,6,0.0,333,1.1623892818282233,5.55,0
0,4644,30,583.75,4,0.0,79,1.1030480872604163,2.6333333333333333,0
0,4647,80,395.14285714285717,7,0.0,590,1.1584622910112363,7.375,0
0,4660,28,429.25,4,0.0,76,1.218168579963389,2.7142857142857144,0
0,4663,97,352.0,8,0.0,870,1.161945205068815,8.969072164948454,0
0,4667,56,436.6666666666667,6,0.0,327,1.3103326501579877,5.839285714285714,0
0,4671,43,288.6666666666667,6,0.0,173,1.1757610147561584,4.023255813953488,0
0,4680,60,376.14285714285717,7,0.0,354,1.2356931104119855,5.9,0
0,4681,67,465.2857142857143,7,0.0,424,1.1869327557336353,6.3283582089552235,0
0,4690,67,428.5,6,0.0,371,1.038566161266931,5.537313432835821,0
0,4696,63,258.7142857142857,7,0.0,346,1.0954810361724046,5.492063492063492,0
0,4703,92,409.55555555555554,9,0.0,692,1.0274017562779474,7.521739130434782,0
0,4714,71,347.14285714285717,7,0.0,482,1.201545454497346,6.788732394366197,0
0,4716,42,467.25,4,0.0,149,1.0614451369271636,3.5476190476190474,0
0,4720,39,393.0,5,0.0,146,1.206239388360578,3.7435897435897436,0
0,4731,84,369.2857142857143,7,0.0,632,1.1255592727147106,7.523809523809524,0
0,4734,61,388.6666666666667,6,0.0,310,1.0469161221315086,5.081967213114754,0
0,4740,50,495.6,5,0.0,225,1.1309733552923256,4.5,0
0,4745,55,409.8333333333333,6,0.0,290,1.2047099101369123,5.2727272727272725,0
0,4753,49,260.3333333333333,6,0.0,248,1.297984136760131,5.061224489795919,0
0,4760,37,350.0,5,0.0,130,1.1933003505235151,3.5135135135135136,0
0,4761,66,385.1666666666667,6,0.0,436,1.2577909981314506,6.606060606060606,0
0,4773,96,312.125,8,0.0,836,1.1399181677087966,8.708333333333334,0
0,4776,70,409.0,6,0.0,500,1.2822827157509358,7.142857142857143,0
0,4777,65,231.57142857142858,7,0.0,385,1.1451012275806585,5.923076923076923,0
0,4779,82,374.0,6,0.0,612,1.1437565163574976,7.463414634146342,0
0,4780,56,434.0,5,0.0,291,1.1660758446360073,5.196428571428571,0
0,4781,67,268.42857142857144,7,0.0,407,1.1393434707160133,6.074626865671642,0
0,4784,60,438.0,6,0.0,342,1.1938052083641213,5.7,0
0,4791,65,384.14285714285717,7,0.0,423,1.2581242058873205,6.507692307692308,0
0,4792,69,274.0,7,0.0,422,1.1138433940893868,6.115942028985507,0
0,4794,14,467.0,3,0.0,22,1.4105109873260293,1.5714285714285714,0
0,4795,82,361.42857142857144,7,0.0,569,1.0633945389010067,6.939024390243903,0
0,4796,64,479.0,6,0.0,380,1.1658253987930873,5.9375,0
0,4809,101,344.125,8,0.0,932,1.1481087552772031,9.227722772277227,0
0,4812,64,306.57142857142856,7,0.0,350,1.0737865515199487,5.46875,0
0,4813,66,505.0,6,0.0,413,1.191439638138278,6.257575757575758,0
0,4819,29,304.4,5,0.0,83,1.2402006670532835,2.8620689655172415,0
0,4820,24,466.75,4,0.0,57,1.2435470920459597,2.375,0
0,4825,49,359.2,5,0.0,271,1.418361697830627,5.530612244897959,0
0,4828,59,431.8333333333333,6,0.0,315,1.1371464359445962,5.338983050847458,0
0,4831,38,230.0,5,0.0,146,1.270561017795318,3.8421052631578947,0
0,4838,49,420.4,5,0.0,250,1.3084517507662612,5.1020408163265305,0
0,4839,44,416.6,5,0.0,201,1.3046696763874968,4.568181818181818,0
0,4843,87,283.0,7,0.0,715,1.187072927634669,8.218390804597702,0
0,4849,56,476.8,5,0.0,322,1.2902969827243793,5.75,0
0,4851,70,299.42857142857144,7,0.0,490,1.2566370614359172,7.0,0
0,4858,85,326.875,8,0.0,689,1.198370844746501,8.105882352941176,0
0,4859,63,348.1666666666667,6,0.0,365,1.1556375092570164,5.7936507936507935,0
0,4867,45,368.5,6,0.0,200,1.241123023640412,4.444444444444445,0
0,4875,75,351.5,6,0.0,481,1.0745643138678689,6.413333333333333,0
0,4894,23,530.25,4,0.0,58,1.3777873263380567,2.5217391304347827,0
0,4901,80,365.0,6,0.0,521,1.0229811078251765,6.5125,0
0,4904,81,260.77777777777777,9,0.0,595,1.139611418311798,7.345679012345679,0
0,4916,65,480.0,5,0.0,370,1.1004868940385546,5.6923076923076925,0
0,4918,53,279.3333333333333,6,0.0,252,1.1273497311564655,4.754716981132075,0
0,4920,72,208.75,8,0.0,473,1.1465843558240527,6.569444444444445,0
0,4925,82,316.6666666666667,6,0.0,488,0.912014999971338,5.951219512195122,0
0,4929,14,563.3333333333334,3,0.0,21,1.3463968515384828,1.5,0
0,4940,64,312.85714285714283,7,0.0,355,1.0891263593988052,5.546875,0
0,4943,115,364.25,8,0.0,508,0.48270066329636746,4.417391304347826,0
0,4954,32,447.5,4,0.0,106,1.3008157081270237,3.3125,0
0,4966,42,265.1666666666667,6,0.0,171,1.2181685799633892,4.071428571428571,0
0,4969,43,449.0,5,0.0,154,1.0466311923262912,3.5813953488372094,0
0,4977,86,428.7142857142857,7,0.0,612,1.039834885882614,7.116279069767442,0
0,4979,70,489.8333333333333,6,0.0,444,1.1386670515868311,6.3428571428571425,0
0,4981,61,347.6666666666667,6,0.0,307,1.0367846757883004,5.032786885245901,0
0,4983,59,279.3333333333333,6,0.0,281,1.0144068206362906,4.762711864406779,0
0,4992,63,260.7142857142857,7,0.0,347,1.0986471663347526,5.507936507936508,0
0,4999,36,349.0,5,0.0,144,1.3962634015954636,4.0,0
2000,10,43,440.4,5,0.0,180,1.223335159861899,4.186046511627907,0
2000,27,102,411.6666666666667,6,0.0,384,0.46381068011475607,3.764705882352941,0
2000,45,103,356.0,9,0.0,943,1.1169843990329626,9.155339805825243,0
2000,51,81,448.2857142857143,7,0.0,631,1.2085626974029322,7.790123456790123,0
2000,57,59,563.6,5,0.0,297,1.072166639604905,5.033898305084746,0
2000,64,62,596.0,5,0.0,386,1.2618676007134861,6.225806451612903,0
2000,133,78,467.57142857142856,7,0.0,572,1.181453647503854,7.333333333333333,0
2000,134,58,819.75,4,0.0,278,1.0384812814482312,4.793103448275862,0
2000,138,78,521.3333333333334,6,0.0,517,1.067852335243868,6.628205128205129,0
2000,140,48,526.0,5,0.0,235,1.2817261694333357,4.895833333333333,0
2000,149,61,387.42857142857144,7,0.0,322,1.087441907504341,5.278688524590164,0
2000,162,87,476.25,8,0.0,666,1.1057210766499153,7.655172413793103,0
2000,165,87,455.85714285714283,7,0.0,619,1.0276897093788253,7.114942528735632,0
2000,181,25,539.2,5,0.0,67,1.3471149298593033,2.68,0
2000,183,45,405.6,5,0.0,170,1.0549545700943503,3.7777777777777777,0
2000,192,54,476.8,5,0.0,244,1.0515070061397935,4.518518518518518,0
2000,196,69,374.57142857142856,7,0.0,423,1.1164828334118735,6.130434782608695,0
2000,224,85,347.85714285714283,7,0.0,586,1.0192239695521763,6.894117647058824,0
2000,262,67,441.57142857142856,7,0.0,427,1.1953308648543923,6.373134328358209,0
2000,268,38,423.4,5,0.0,130,1.1313214542013106,3.4210526315789473,0
2000,274,32,567.75,4,0.0,98,1.2026409377023426,3.0625,0
2000,276,2,545.3333333333334,3,0.0,2,6.283185307179586,1.0,0
2000,277,107,374.0,9,0.0,986,1.0822291401657913,9.214953271028037,0
2000,284,72,266.8333333333333,6,0.0,304,0.7369167952864947,4.222222222222222,0
2000,288,82,529.2,5,0.0,225,0.42049871924908,2.7439024390243905,0
2000,308,106,548.2857142857143,7,0.0,966,1.0803768256916126,9.11320754716981,0
2000,319,83,495.0,7,0.0,612,1.1163621448668621,7.373493975903615,0
2000,336,94,547.4285714285714,7,0.0,782,1.1121437098719866,8.319148936170214,0
2000,349,82,411.42857142857144,7,0.0,642,1.199823012257375,7.829268292682927,0
2000,351,48,511.8,5,0.0,203,1.1071932442339028,4.229166666666667,0
2000,358,74,382.6666666666667,6,0.0,461,1.0579066569064242,6.22972972972973,0
2000,359,26,490.4,5,0.0,71,1.3198407006205641,2.730769230769231,0
2000,370,95,445.14285714285717,7,0.0,746,1.0387271444112955,7.852631578947369,0
2000,374,88,395.42857142857144,7,0.0,672,1.090470177279102,7.636363636363637,0
2000,383,38,278.8,5,0.0,147,1.2792634905199436,3.8684210526315788,0
2000,392,80,443.6666666666667,6,0.0,589,1.1564987956027426,7.3625,0
2000,395,85,554.0,8,0.0,647,1.125320662628427,7.6117647058823525,0
2000,397,31,622.0,4,0.0,90,1.1768713374529922,2.903225806451613,0
2000,411,45,471.0,5,0.0,197,1.2225061782858058,4.377777777777778,0
2000,426,31,407.0,5,0.0,91,1.1899476856469144,2.935483870967742,0
2000,430,83,538.2,5,0.0,449,0.8190303971327143,5.409638554216867,0
2000,432,87,479.25,8,0.0,681,1.1306247045023907,7.827586206896552,0
2000,457,41,340.6,5,0.0,162,1.2110363114373504,3.951219512195122,0
2000,458,44,639.25,4,0.0,200,1.2981787824751212,4.545454545454546,0
2000,485,85,363.2857142857143,7,0.0,643,1.1183635024267056,7.564705882352941,0
2000,487,42,570.25,4,0.0,157,1.1184354798494274,3.738095238095238,0
2000,491,84,524.0,7,0.0,602,1.0721308262250882,7.166666666666667,0
2000,500,72,561.0,6,0.0,459,1.1126473981463851,6.375,0
2000,504,104,479.625,8,0.0,933,1.0839888852807977,8.971153846153847,0
2000,513,46,443.4,5,0.0,209,1.24119634139937,4.543478260869565,0
2000,520,57,646.2,5,0.0,252,0.9746769451580523,4.421052631578948,0
2000,521,27,349.8,5,0.0,73,1.2583608434131954,2.7037037037037037,0
2000,525,54,572.0,6,0.0,291,1.2540513884699998,5.388888888888889,0
2000,533,64,463.6,5,0.0,345,1.0584467436410925,5.390625,0
2000,534,67,547.0,6,0.0,425,1.1897321254405542,6.343283582089552,0
2000,547,89,516.4285714285714,7,0.0,715,1.1343207914741584,8.03370786516854,0
2000,550,86,637.8,5,0.0,632,1.0738164181010001,7.348837209302325,0
2000,552,115,428.0,8,0.0,1170,1.1117318426313976,10.173913043478262,0
2000,554,106,448.3333333333333,6,0.0,478,0.5345964002904667,4.509433962264151,0
2000,563,112,516.75,8,0.0,1119,1.1209955929103885,9.991071428571429,0
2000,573,22,404.2,5,0.0,51,1.3241423581246234,2.3181818181818183,0
2000,580,80,767.2,5,0.0,587,1.1525718047857554,7.3375,0
2000,582,98,610.5,6,0.0,818,1.0703135321268018,8.346938775510203,0
2000,588,48,473.8333333333333,6,0.0,222,1.210822168571066,4.625,0
2000,618,56,379.0,6,0.0,307,1.2301899804235543,5.482142857142857,0
2000,632,66,426.3333333333333,6,0.0,360,1.038543025980097,5.454545454545454,0
2000,634,47,315.8333333333333,6,0.0,202,1.1491203549572444,4.297872340425532,0
2000,660,79,415.0,6,0.0,260,0.5235148789830771,3.2911392405063293,0
2000,662,72,455.0,7,0.0,484,1.1732491082850771,6.722222222222222,0
2000,666,27,439.6,5,0.0,75,1.2928364829587626,2.7777777777777777,0
2000,674,15,379.4,5,0.0,27,1.5079644737231006,1.8,0
2000,678,145,446.5,6,0.0,710,0.4243578186061837,4.896551724137931,0
2000,689,72,492.3333333333333,6,0.0,442,1.0714382352520746,6.138888888888889,0
2000,692,42,719.4,5,0.0,171,1.2181685799633892,4.071428571428571,0
2000,697,72,577.3333333333334,6,0.0,445,1.0787104404687176,6.180555555555555,0
2000,713,59,304.85714285714283,7,0.0,324,1.1696363341144418,5.491525423728813,0
2000,717,131,494.9,10,0.0,1358,0.9944135711380314,10.366412213740459,0
2000,724,62,520.1666666666666,6,0.0,326,1.065722377804654,5.258064516129032,0
2000,728,38,406.0,5,0.0,130,1.1313214542013106,3.4210526315789473,0
2000,731,39,490.4,5,0.0,158,1.305382351787475,4.051282051282051,0
2000,732,50,434.2,5,0.0,237,1.1912919342412496,4.74,0
2000,753,36,671.4,5,0.0,131,1.2702118445069843,3.638888888888889,0
2000,754,32,272.8,5,0.0,101,1.239456476611598,3.15625,0
2000,773,111,429.3333333333333,6,0.0,415,0.4232646542455204,3.7387387387387387,0
2000,775,93,524.0,8,0.0,791,1.1492657134880455,8.505376344086022,0
2000,777,64,475.3333333333333,6,0.0,365,1.1198059751565181,5.703125,0
2000,779,102,702.4,5,0.0,450,0.5435281407594797,4.411764705882353,0
2000,792,39,455.3333333333333,6,0.0,146,1.206239388360578,3.7435897435897436,0
2000,806,75,403.0,6,0.0,524,1.1706272358976368,6.986666666666666,0
2000,819,69,484.8333333333333,6,0.0,427,1.1270405907018204,6.188405797101449,0
2000,840,94,528.1666666666666,6,0.0,381,0.5418500683647401,4.053191489361702,0
2000,849,72,593.6,5,0.0,439,1.0641660300354314,6.097222222222222,0
2000,869,23,553.4,5,0.0,57,1.3540323724356764,2.4782608695652173,0
2000,877,102,515.5714285714286,7,0.0,946,1.1426169359077065,9.27450980392157,0
2000,879,86,394.375,8,0.0,616,1.0466311923262912,7.162790697674419,0
2000,886,64,686.6,5,0.0,347,1.064582666792635,5.421875,0
2000,897,73,528.1666666666666,6,0.0,477,1.12481868700494,6.534246575342466,0
2000,899,71,398.8333333333333,6,0.0,460,1.1467031308480895,6.47887323943662,0
2000,903,155,510.5,8,0.0,907,0.4744099124754951,5.851612903225806,0
2000,908,27,628.0,5,0.0,77,1.3273121225043296,2.8518518518518516,0
2000,930,71,433.1666666666667,6,0.0,507,1.2638662768260465,7.140845070422535,0
2000,943,83,479.3333333333333,6,0.0,581,1.0598143891628218,7.0,0
2000,944,33,685.6,5,0.0,109,1.2577909981314506,3.303030303030303,0
2000,948,77,350.5,6,0.0,506,1.072454634991692,6.571428571428571,0
2000,953,32,541.8,5,0.0,102,1.2517283229146832,3.1875,0
2000,954,70,622.2,5,0.0,453,1.161748140470348,6.4714285714285715,0
2000,959,72,502.1666666666667,6,0.0,450,1.0908307824964558,6.25,0
2000,962,53,264.0,6,0.0,268,1.1989274918648125,5.056603773584905,0
2000,969,117,319.44444444444446,9,0.0,1211,1.1116863769441856,10.350427350427351,0
2000,973,83,561.3333333333334,6,0.0,696,1.2695883216132942,8.385542168674698,0
2000,987,54,575.4,5,0.0,278,1.1980284742084533,5.148148148148148,0
2000,1004,51,446.2,5,0.0,245,1.183683506542867,4.803921568627451,0
2000,1007,45,331.3333333333333,6,0.0,203,1.2597398689950183,4.511111111111111,0
2000,1031,44,410.6,5,0.0,161,1.0450339198924725,3.659090909090909,0
2000,1032,61,308.8333333333333,6,0.0,354,1.1955106684985615,5.80327868852459,0
2000,1043,53,210.0,6,0.0,243,1.0870872407580203,4.584905660377358,0
2000,1066,29,388.75,4,0.0,90,1.3447959040336808,3.103448275862069,0
2000,1076,23,481.2,5,0.0,52,1.2352576029237752,2.260869565217391,0
2000,1079,49,413.0,5,0.0,198,1.0362937866068789,4.040816326530612,0
2000,1099,23,300.6,5,0.0,63,1.4965620958499581,2.739130434782609,0
2000,1103,64,583.4,5,0.0,357,1.0952622825503477,5.578125,0
2000,1105,74,505.8333333333333,6,0.0,470,1.0785599322039465,6.351351351351352,0
2000,1111,92,589.0,6,0.0,398,0.5909044783217097,4.326086956521739,0
2000,1112,68,458.5,6,0.0,326,0.885950869437952,4.794117647058823,0
2000,1114,59,503.1666666666667,6,0.0,352,1.2707160173095169,5.966101694915254,0
2000,1121,65,363.6,5,0.0,357,1.061821138302065,5.492307692307692,0
2000,1129,63,298.8333333333333,6,0.0,372,1.1778004203934522,5.904761904761905,0
2000,1133,71,431.0,8,0.0,457,1.1392246321686454,6.436619718309859,0
2000,1138,71,431.42857142857144,7,0.0,451,1.1242676348097573,6.352112676056338,0
2000,1148,40,545.25,4,0.0,135,1.0602875205865552,3.375,0
2000,1196,73,478.6666666666667,6,0.0,448,1.0564334838117675,6.136986301369863,0
2000,1201,70,406.75,8,0.0,395,1.0130033454432394,5.642857142857143,0
2000,1219,87,405.42857142857144,7,0.0,650,1.079157206940608,7.471264367816092,0
2000,1240,91,638.4,5,0.0,296,0.4491783240973693,3.2527472527472527,0
2000,1242,50,699.75,4,0.0,205,1.030442390377452,4.1,0
2000,1243,59,557.6,5,0.0,290,1.0468967188061362,4.915254237288136,0
2000,1245,92,326.0,8,0.0,748,1.1105440949362786,8.130434782608695,0
2000,1248,79,339.6666666666667,6,0.0,573,1.1537462525280893,7.253164556962025,0
2000,1266,98,368.625,8,0.0,771,1.0088162998407875,7.86734693877551,0
2000,1268,105,555.875,8,0.0,928,1.0577407646372166,8.838095238095239,0
2000,1274,57,420.8333333333333,6,0.0,289,1.1177842744074487,5.0701754385964914,0
2000,1277,91,567.4285714285714,7,0.0,684,1.0379661273060832,7.516483516483516,0
2000,1280,31,694.25,4,0.0,102,1.3337875157800578,3.2903225806451615,0
2000,1294,42,412.0,6,0.0,162,1.1540544441758422,3.857142857142857,0
2000,1304,85,399.2857142857143,7,0.0,622,1.0818384113676685,7.317647058823529,0
2000,1310,48,443.8,5,0.0,216,1.1780972450961724,4.5,0
2000,1311,41,406.8,5,0.0,164,1.2259873770106509,4.0,0
2000,1315,40,473.2,5,0.0,182,1.4294246573833558,4.55,0
2000,1328,65,337.8333333333333,6,0.0,400,1.1897155611227619,6.153846153846154,0
2000,1333,63,648.6666666666666,6,0.0,359,1.1366407282829283,5.698412698412699,0
2000,1339,83,473.42857142857144,7,0.0,661,1.205744081302281,7.963855421686747,0
2000,1346,59,628.8,5,0.0,319,1.1515863906867498,5.406779661016949,0
2000,1364,72,558.8571428571429,7,0.0,461,1.1174955349574804,6.402777777777778,0
2000,1371,78,377.0,6,0.0,588,1.2145013019794861,7.538461538461538,0
2000,1375,71,632.5,6,0.0,474,1.1816027913521618,6.676056338028169,0
2000,1380,102,476.3333333333333,6,0.0,328,0.3961716225980208,3.215686274509804,0
2000,1389,67,570.5,6,0.0,389,1.0889548159914721,5.8059701492537314,0
2000,1393,36,426.4,5,0.0,127,1.2314267500182214,3.5277777777777777,0
2000,1400,58,469.8,5,0.0,352,1.3149115506107099,6.068965517241379,0
2000,1407,85,418.85714285714283,7,0.0,704,1.224460195502956,8.282352941176471,0
2000,1425,33,374.6,5,0.0,86,0.9923855581587593,2.606060606060606,0
2000,1429,80,369.57142857142856,7,0.0,570,1.119192382841364,7.125,0
2000,1432,37,504.2,5,0.0,125,1.1474041831956876,3.3783783783783785,0
2000,1444,48,314.8333333333333,6,0.0,217,1.1835513990086546,4.520833333333333,0
2000,1457,39,527.8,5,0.0,133,1.098834511314773,3.41025641025641,0
2000,1470,65,565.3333333333334,6,0.0,372,1.1064354718441685,5.723076923076923,0
2000,1486,48,645.8,5,0.0,207,1.1290098598838318,4.3125,0
2000,1488,19,527.5,4,0.0,41,1.4272055268385762,2.1578947368421053,0
2000,1489,38,522.4,5,0.0,141,1.2270486541721906,3.710526315789474,0
2000,1524,63,406.2,5,0.0,338,1.0701519948736207,5.365079365079365,0
2000,1537,89,552.4285714285714,7,0.0,746,1.1835011334821288,8.382022471910112,0
2000,1545,73,527.0,6,0.0,488,1.1507579020092469,6.684931506849315,0
2000,1575,27,638.8,5,0.0,76,1.310074302731546,2.814814814814815,0
2000,1578,74,478.57142857142856,7,0.0,472,1.0831495489367293,6.378378378378378,0
2000,1582,101,385.57142857142856,7,0.0,516,0.6356481949817991,5.108910891089109,0
2000,1616,104,465.7142857142857,7,0.0,941,1.0932835381020691,9.048076923076923,0
2000,1622,97,485.42857142857144,7,0.0,834,1.113864713824588,8.597938144329897,0
2000,1647,61,346.6666666666667,6,0.0,338,1.1414762880014513,5.540983606557377,0
2000,1665,61,528.8333333333334,6,0.0,328,1.1077048001907575,5.377049180327869,0
2000,1674,26,499.25,4,0.0,84,1.5615016739736252,3.230769230769231,0
2000,1686,36,557.0,5,0.0,116,1.1247677401741234,3.2222222222222223,0
2000,1687,47,363.1666666666667,6,0.0,214,1.2173849304992588,4.553191489361702,0
2000,1697,69,507.1666666666667,6,0.0,403,1.0636940469621394,5.840579710144928,0
2000,1710,42,403.4,5,0.0,167,1.1896734085022573,3.9761904761904763,0
2000,1711,95,478.0,7,0.0,758,1.0554358920425764,7.978947368421053,0
2000,1713,39,483.2,5,0.0,153,1.2640727836929346,3.923076923076923,0
2000,1716,43,511.6,5,0.0,166,1.128186869650418,3.86046511627907,0
2000,1723,47,448.4,5,0.0,186,1.0581009209012249,3.9574468085106385,0
2000,1733,154,448.22222222222223,9,0.0,952,0.5044351840474756,6.181818181818182,0
2000,1744,61,436.3333333333333,6,0.0,342,1.1549848831257288,5.60655737704918,0
2000,1757,35,658.8,5,0.0,112,1.1489253133128385,3.2,0
2000,1758,78,506.3333333333333,6,0.0,540,1.1153583385525891,6.923076923076923,0
2000,1788,70,582.3333333333334,6,0.0,400,1.0258261726007487,5.714285714285714,0
2000,1796,21,615.0,4,0.0,46,1.310777887212068,2.1904761904761907,0
2000,1803,94,494.14285714285717,7,0.0,805,1.1448538189858684,8.563829787234043,0
2000,1806,95,626.5714285714286,7,0.0,839,1.1682199385537224,8.83157894736842,0
2000,1819,38,574.8,5,0.0,145,1.2618585450706925,3.8157894736842106,0
2000,1828,50,530.25,4,0.0,252,1.2666901579274046,5.04,0
2000,1829,126,439.8333333333333,6,0.0,472,0.37360335915706283,3.746031746031746,0
2000,1839,105,442.125,8,0.0,1067,1.21617391796111,10.161904761904761,0
2000,1842,107,542.0,7,0.0,965,1.0591796351521183,9.018691588785046,0
2000,1849,17,582.0,4,0.0,33,1.4349142916050266,1.9411764705882353,0
2000,1852,74,464.85714285714283,7,0.0,507,1.1634678417604274,6.851351351351352,0
2000,1868,71,417.2857142857143,7,0.0,461,1.1491959637412374,6.492957746478873,0
2000,1869,62,435.3333333333333,6,0.0,372,1.2161003820347585,6.0,0
2000,1882,80,682.5,6,0.0,574,1.1270463644753383,7.175,0
2000,1904,75,484.0,6,0.0,497,1.1103086569487126,6.626666666666667,0
2000,1907,64,435.0,6,0.0,362,1.1106020904292042,5.65625,0
2000,1952,111,700.0,7,0.0,1131,1.1535236721727313,10.18918918918919,0
2000,1955,32,543.6,5,0.0,96,1.1780972450961724,3.0,0
2000,1961,69,477.6666666666667,6,0.0,459,1.2115026490213947,6.6521739130434785,0
2000,1963,70,550.5714285714286,7,0.0,468,1.200216621942876,6.685714285714286,0
2000,1972,94,540.5714285714286,7,0.0,711,1.0111690252160899,7.5638297872340425,0
2000,1977,143,494.8,5,0.0,414,0.2544123152400947,2.895104895104895,0
2000,2010,86,421.57142857142856,7,0.0,675,1.1468767123705303,7.848837209302325,0
2000,2018,46,546.8,5,0.0,181,1.074911664082708,3.9347826086956523,0
2000,2033,33,506.8,5,0.0,114,1.3154878329081228,3.4545454545454546,0
2000,2042,50,504.2,5,0.0,207,1.0404954868689393,4.14,0
2000,2061,40,776.25,4,0.0,137,1.0759954838545043,3.425,0
2000,2076,86,314.42857142857144,7,0.0,668,1.1349831760940952,7.767441860465116,0
2000,2084,100,415.25,8,0.0,880,1.1058406140636072,8.8,0
2000,2087,73,362.85714285714283,7,0.0,486,1.1460416810993728,6.657534246575342,0
2000,2090,130,426.7142857142857,7,0.0,673,0.5004241078972618,5.176923076923077,0
2000,2092,18,590.75,4,0.0,32,1.241123023640412,1.7777777777777777,0
2000,2094,36,336.0,5,0.0,123,1.1926416555294586,3.4166666666666665,0
2000,2096,26,753.5,4,0.0,65,1.208304866765305,2.5,0
2000,2097,138,443.42857142857144,7,0.0,655,0.4322081890571969,4.746376811594203,0
2000,2115,56,455.0,5,0.0,253,1.0138047721405838,4.517857142857143,0
2000,2119,83,347.44444444444446,9,0.0,627,1.1437239621430109,7.554216867469879,0
2000,2128,43,574.2,5,0.0,187,1.2709093049676394,4.348837209302325,0
2000,2134,76,599.1666666666666,6,0.0,527,1.1465507814694051,6.934210526315789,0
2000,2135,61,422.1666666666667,6,0.0,371,1.2529221977767409,6.081967213114754,0
2000,2142,112,528.3333333333334,9,0.0,1084,1.085933174901574,9.678571428571429,0
2000,2144,32,708.6,5,0.0,98,1.2026409377023426,3.0625,0
2000,2147,106,481.75,8,0.0,941,1.0524167629149146,8.877358490566039,0
2000,2169,74,554.2857142857143,7,0.0,507,1.1634678417604274,6.851351351351352,0
2000,2170,98,498.625,8,0.0,845,1.1056417293974907,8.622448979591837,0
2000,2175,116,478.375,8,0.0,1117,1.0431507116705703,9.629310344827585,0
2000,2182,74,644.4,5,0.0,487,1.1175716744325999,6.581081081081081,0
2000,2185,9,446.3333333333333,3,0.0,11,1.7065441575055664,1.2222222222222223,0
2000,2198,92,340.375,8,0.0,768,1.1402377873142537,8.347826086956522,0
2000,2207,27,442.8,5,0.0,67,1.1549339247764945,2.4814814814814814,0
2000,2230,45,378.5,6,0.0,195,1.2100949480494017,4.333333333333333,0
2000,2233,45,536.5,4,0.0,173,1.0735714154489564,3.8444444444444446,0
2000,2234,80,376.42857142857144,7,0.0,577,1.1329368507008193,7.2125,0
2000,2241,88,706.8333333333334,6,0.0,723,1.1732290746618907,8.215909090909092,0
2000,2257,60,688.3333333333334,6,0.0,329,1.1484266478122689,5.483333333333333,0
2000,2266,81,507.5,6,0.0,551,1.0553376327559676,6.802469135802469,0
2000,2270,100,420.14285714285717,7,0.0,862,1.0832211469577606,8.62,0
2000,2278,74,404.6666666666667,6,0.0,527,1.209364009088255,7.121621621621622,0
2000,2281,143,321.0,10,0.0,1046,0.6427905356066161,7.314685314685315,0
2000,2290,67,423.6666666666667,6,0.0,378,1.0581617492153637,5.641791044776119,0
2000,2301,85,565.3333333333334,6,0.0,548,0.9531309476358237,6.447058823529412,0
2000,2320,90,448.0,7,0.0,719,1.1154593174968204,7.988888888888889,0
2000,2326,73,512.8,5,0.0,203,0.47869642235220716,2.780821917808219,0
2000,2331,62,569.3333333333334,6,0.0,371,1.212831294986278,5.983870967741935,0
2000,2332,67,449.8333333333333,6,0.0,449,1.2569169984066093,6.701492537313433,0
2000,2333,23,788.0,4,0.0,60,1.4252972341428172,2.608695652173913,0
2000,2335,90,551.4285714285714,7,0.0,662,1.027029302062441,7.355555555555555,0
2000,2341,28,851.75,4,0.0,80,1.282282715750936,2.857142857142857,0
2000,2352,55,312.3333333333333,6,0.0,302,1.254559975383957,5.490909090909091,0
2000,2354,66,513.3333333333334,6,0.0,322,0.9289190399044199,4.878787878787879,0
2000,2357,80,466.0,7,0.0,542,1.0642145114035424,6.775,0
2000,2376,37,613.0,5,0.0,136,1.2483757513169085,3.675675675675676,0
2000,2380,87,496.375,8,0.0,662,1.0990801092225884,7.609195402298851,0
2000,2389,71,288.57142857142856,7,0.0,445,1.1093106374508692,6.267605633802817,0
2000,2403,117,464.3333333333333,9,0.0,1199,1.100670492118975,10.247863247863247,0
2000,2408,80,568.2,5,0.0,254,0.49872783375737967,3.175,0
2000,2419,80,486.57142857142856,7,0.0,551,1.081885970079985,6.8875,0
2000,2436,21,394.2,5,0.0,39,1.1113116869841444,1.8571428571428572,0
2000,2438,64,503.6666666666667,6,0.0,387,1.1873011298234863,6.046875,0
2000,2439,117,311.22222222222223,9,0.0,1237,1.135554127398809,10.572649572649572,0
2000,2457,44,447.2,5,0.0,167,1.083979283366726,3.7954545454545454,0
2000,2477,42,520.8,5,0.0,152,1.0828165155230125,3.619047619047619,0
2000,2483,80,562.6666666666666,6,0.0,543,1.0661780068120361,6.7875,0
2000,2495,72,364.85714285714283,7,0.0,440,1.0665900984409793,6.111111111111111,0
2000,2521,79,405.3333333333333,6,0.0,604,1.2161653342529948,7.6455696202531644,0
2000,2529,72,413.6666666666667,6,0.0,477,1.1562806294462433,6.625,0
2000,2541,65,713.3333333333334,6,0.0,404,1.2016127167339896,6.2153846153846155,0
2000,2544,27,310.25,4,0.0,67,1.1549339247764945,2.4814814814814814,0
2000,2574,54,495.6,5,0.0,272,1.172171744549278,5.037037037037037,0
2000,2576,146,426.25,8,0.0,1046,0.6166458839660206,7.164383561643835,0
2000,2579,63,292.3333333333333,6,0.0,332,1.0511552138995328,5.26984126984127,0
2000,2582,74,606.6666666666666,6,0.0,492,1.1290457162645569,6.648648648648648,0
2000,2585,75,375.14285714285717,7,0.0,541,1.2086056004210333,7.213333333333333,0
2000,2602,146,373.0,8,0.0,836,0.4928450850818291,5.726027397260274,0
2000,2617,106,488.42857142857144,7,0.0,572,0.6397262363308515,5.39622641509434,0
2000,2623,90,252.0,8,0.0,701,1.0875340494649113,7.788888888888889,0
2000,2645,46,484.0,5,0.0,203,1.2055639105457996,4.413043478260869,0
2000,2650,56,540.6,5,0.0,240,0.9617120368132019,4.285714285714286,0
2000,2651,35,429.0,5,0.0,117,1.200216621942876,3.342857142857143,0
2000,2658,92,466.85714285714283,7,0.0,745,1.1060900410795822,8.097826086956522,0
2000,2668,39,430.4,5,0.0,156,1.2888585245496587,4.0,0
2000,2687,43,367.4,5,0.0,164,1.1145942567630633,3.813953488372093,0
2000,2689,49,416.4,5,0.0,255,1.3346207857815864,5.204081632653061,0
2000,2690,56,401.1666666666667,6,0.0,296,1.1861115120696157,5.285714285714286,0
2000,2715,73,567.3333333333334,6,0.0,482,1.136609239279625,6.602739726027397,0
2000,2719,70,289.85714285714283,7,0.0,461,1.1822646639223628,6.585714285714285,0
2000,2723,37,465.0,4,0.0,117,1.0739703154711637,3.1621621621621623,0
2000,2729,101,354.0,7,0.0,807,0.9941242119192092,7.99009900990099,0
2000,2744,104,423.55555555555554,9,0.0,915,1.0630759164329366,8.798076923076923,0
2000,2745,70,494.8333333333333,6,0.0,411,1.0540363923472693,5.871428571428571,0
2000,2750,94,439.57142857142856,7,0.0,766,1.0893888513579817,8.148936170212766,0
2000,2754,103,461.0,8,0.0,852,1.009194812275805,8.271844660194175,0
2000,2783,69,472.6666666666667,6,0.0,441,1.163992741216634,6.391304347826087,0
2000,2789,75,467.1666666666667,6,0.0,515,1.1505210429146622,6.866666666666666,0
2000,2790,32,627.5,4,0.0,80,0.9817477042468103,2.5,0
2000,2792,55,502.0,5,0.0,299,1.2420974590721958,5.4363636363636365,0
2000,2793,55,593.0,6,0.0,275,1.1423973285781066,5.0,0
2000,2797,90,341.42857142857144,7,0.0,735,1.1402817779696286,8.166666666666666,0
2000,2804,69,309.0,6,0.0,512,1.3513929331131898,7.420289855072464,0
2000,2806,89,534.1666666666666,6,0.0,675,1.0708622856574224,7.584269662921348,0
2000,2807,83,525.5,6,0.0,608,1.1090656602598892,7.325301204819277,0
2000,2809,93,522.0,7,0.0,774,1.1245659446773038,8.32258064516129,0
2000,2815,36,591.4,5,0.0,137,1.3283894862401286,3.8055555555555554,0
2000,2837,112,570.4285714285714,7,0.0,1101,1.102963492220141,9.830357142857142,0
2000,2847,38,709.8,5,0.0,141,1.2270486541721906,3.710526315789474,0
2000,2862,70,439.14285714285717,7,0.0,430,1.102763135545805,6.142857142857143,0
2000,2871,75,488.42857142857144,7,0.0,503,1.1237127856040292,6.706666666666667,0
2000,2873,109,385.57142857142856,7,0.0,1036,1.0957629792505768,9.504587155963304,0
2000,2883,60,301.0,6,0.0,323,1.127482696788337,5.383333333333334,0
2000,2884,40,445.8,5,0.0,165,1.2959069696057894,4.125,0
2000,2886,70,718.1666666666666,6,0.0,460,1.1797000984908612,6.571428571428571,0
2000,2888,64,433.57142857142856,7,0.0,364,1.1167380135807468,5.6875,0
2000,2889,55,534.6,5,0.0,248,1.030234681772256,4.509090909090909,0
2000,2907,104,287.6666666666667,9,0.0,970,1.1269766545791786,9.326923076923077,0
2000,2911,59,222.33333333333334,6,0.0,327,1.1804663001710571,5.5423728813559325,0
2000,2923,41,363.8,5,0.0,163,1.2185118442240006,3.975609756097561,0
2000,2932,63,505.3333333333333,6,0.0,366,1.1588036394193644,5.809523809523809,0
2000,2946,55,398.8333333333333,6,0.0,292,1.2130182543447532,5.3090909090909095,0
2000,2953,112,487.3333333333333,9,0.0,1158,1.160065144405925,10.339285714285714,0
2000,2960,76,640.6666666666666,6,0.0,526,1.1443751632882488,6.921052631578948,0
2000,2961,81,502.5,6,0.0,613,1.1740870578573652,7.567901234567901,0
2000,2970,85,304.2857142857143,7,0.0,670,1.1653243337883246,7.882352941176471,0
2000,2971,37,505.4,5,0.0,122,1.1198664827989913,3.2972972972972974,0
2000,2981,52,497.0,5,0.0,262,1.2175995195865768,5.038461538461538,0
2000,2989,25,630.75,4,0.0,69,1.3873273158252526,2.76,0
2000,2992,14,679.25,4,0.0,25,1.60285339468867,1.7857142857142858,0
2000,2998,51,514.2,5,0.0,240,1.15952670028689,4.705882352941177,0
2000,3006,91,323.0,7,0.0,755,1.145708225315925,8.296703296703297,0
2000,3007,47,672.4,5,0.0,206,1.1718752134712491,4.382978723404255,0
2000,3020,52,619.2,5,0.0,228,1.0595904216249596,4.384615384615385,0
2000,3025,44,437.6,5,0.0,194,1.2592334190008674,4.409090909090909,0
2000,3036,45,369.6,5,0.0,200,1.241123023640412,4.444444444444445,0
2000,3042,70,558.3333333333334,6,0.0,384,0.9847931256967188,5.485714285714286,0
2000,3050,94,439.625,8,0.0,745,1.0595230995583504,7.925531914893617,0
2000,3059,49,504.0,5,0.0,242,1.266581294741741,4.938775510204081,0
2000,3066,86,531.2857142857143,7,0.0,677,1.1502748655923687,7.872093023255814,0
2000,3071,105,453.6666666666667,6,0.0,432,0.49239656284835936,4.114285714285714,0
2000,3080,89,460.2857142857143,7,0.0,658,1.0438924206853093,7.393258426966292,0
2000,3082,53,523.0,6,0.0,283,1.2660316425288878,5.339622641509434,0
2000,3083,76,670.1666666666666,6,0.0,543,1.1813606723679069,7.144736842105263,0
2000,3093,78,636.3333333333334,6,0.0,531,1.0967690329100461,6.8076923076923075,0
2000,3095,57,342.5,6,0.0,312,1.2067428844813979,5.473684210526316,0
2000,3097,69,564.5,6,0.0,424,1.1191222727343604,6.144927536231884,0
2000,3099,75,345.5,8,0.0,455,1.0164797563614976,6.066666666666666,0
2000,3100,84,376.14285714285717,7,0.0,657,1.170082978122729,7.821428571428571,0
2000,3110,83,677.6,5,0.0,280,0.5107539224881069,3.3734939759036147,0
2000,3115,40,738.5,4,0.0,165,1.2959069696057894,4.125,0
2000,3118,66,515.0,6,0.0,406,1.1712457459664427,6.151515151515151,0
2000,3119,25,367.8,5,0.0,64,1.2867963509103792,2.56,0
2000,3126,82,611.4,5,0.0,660,1.233462909797301,8.048780487804878,0
2000,3128,64,612.1666666666666,6,0.0,372,1.141281706186917,5.8125,0
2000,3129,163,401.625,8,0.0,839,0.39682279895544975,5.147239263803681,0
2000,3131,72,420.2857142857143,7,0.0,495,1.1999138607461015,6.875,0
2000,3137,111,417.9,10,0.0,996,1.015835170189249,8.972972972972974,0
2000,3138,55,413.0,6,0.0,323,1.3417975895662853,5.872727272727273,0
2000,3141,61,432.8333333333333,6,0.0,335,1.131344841658243,5.491803278688525,0
2000,3150,94,469.2857142857143,7,0.0,807,1.147698176300119,8.585106382978724,0
2000,3163,74,412.5,6,0.0,479,1.099213207501469,6.472972972972973,0
2000,3183,93,450.57142857142856,7,0.0,857,1.2451589335768078,9.21505376344086,0
2000,3188,97,563.3333333333334,6,0.0,897,1.198005573501985,9.24742268041237,0
2000,3194,66,335.5,6,0.0,338,0.9750765077257577,5.121212121212121,0
2000,3208,73,454.6666666666667,6,0.0,438,1.0328523792623978,6.0,0
2000,3211,71,710.1666666666666,6,0.0,462,1.1516887966343856,6.507042253521127,0
2000,3218,86,501.0,6,0.0,664,1.128186869650418,7.72093023255814,0
2000,3225,36,622.25,4,0.0,117,1.1344640137963142,3.25,0
2000,3230,65,498.0,6,0.0,389,1.156998383191886,5.984615384615385,0
2000,3234,72,408.57142857142856,7,0.0,464,1.1247677401741234,6.444444444444445,0
2000,3236,75,455.5,6,0.0,537,1.1996695146508223,7.16,0
2000,3238,58,544.5,6,0.0,278,1.0384812814482312,4.793103448275862,0
2000,3241,46,561.8333333333334,6,0.0,190,1.1283603103630637,4.130434782608695,0
2000,3245,26,569.75,4,0.0,64,1.1897155611227619,2.4615384615384617,0
2000,3249,88,410.0,7,0.0,754,1.2235335024828016,8.568181818181818,0
2000,3254,72,449.42857142857144,7,0.0,472,1.1441602874185048,6.555555555555555,0
2000,3256,58,733.8,5,0.0,331,1.236465122875412,5.706896551724138,0
2000,3259,31,388.8,5,0.0,98,1.2814821230043691,3.161290322580645,0
2000,3263,69,315.1666666666667,6,0.0,457,1.2062237703764214,6.6231884057971016,0
2000,3271,82,438.5,6,0.0,560,1.0465745901310435,6.829268292682927,0
2000,3295,54,467.4,5,0.0,216,0.930842267730309,4.0,0
2000,3303,54,556.4,5,0.0,256,1.1032204654581441,4.7407407407407405,0
2000,3309,93,473.8333333333333,6,0.0,797,1.1579832789506603,8.56989247311828,0
2000,3311,71,271.7142857142857,7,0.0,481,1.199052621604198,6.774647887323944,0
2000,3323,102,426.7142857142857,7,0.0,841,1.0157937030638278,8.245098039215685,0
2000,3328,50,383.4,5,0.0,216,1.0857344210806326,4.32,0
2000,3350,128,385.3333333333333,6,0.0,564,0.4325825821837508,4.40625,0
2000,3358,33,440.4,5,0.0,101,1.1654760624887754,3.0606060606060606,0
2000,3367,52,676.4,5,0.0,282,1.3105460477992923,5.423076923076923,0
2000,3403,60,399.1666666666667,6,0.0,335,1.1693705988362006,5.583333333333333,0
2000,3409,60,517.2,5,0.0,327,1.1414453308042916,5.45,0
2000,3422,98,375.25,8,0.0,475,0.6215145816139741,4.846938775510204,0
2000,3447,76,442.57142857142856,7,0.0,552,1.2009412359983143,7.2631578947368425,0
2000,3448,16,611.0,4,0.0,35,1.718058482431918,2.1875,0
2000,3454,86,427.5,8,0.0,599,1.0177468899406632,6.965116279069767,0
2000,3456,80,430.1666666666667,6,0.0,536,1.0524335389525807,6.7,0
2000,3463,66,504.5,6,0.0,425,1.226057739004281,6.4393939393939394,0
2000,3469,95,370.875,8,0.0,863,1.2016374338162843,9.08421052631579,0
2000,3478,82,537.0,7,0.0,619,1.1568386987341357,7.548780487804878,0
2000,3481,50,429.8,5,0.0,241,1.2113981272242242,4.82,0
2000,3487,64,340.8333333333333,6,0.0,390,1.1965050145508,6.09375,0
2000,3498,90,562.5,6,0.0,732,1.135627566630977,8.133333333333333,0
2000,3504,112,481.0,6,0.0,438,0.43878111679602344,3.9107142857142856,0
2000,3509,79,551.1666666666666,6,0.0,587,1.1819355152425628,7.430379746835443,0
2000,3518,74,547.0,6,0.0,542,1.2437861345841255,7.324324324324325,0
2000,3524,89,511.3333333333333,6,0.0,646,1.0248548689402885,7.258426966292135,0
2000,3531,57,514.8333333333334,6,0.0,270,1.0442967269550558,4.7368421052631575,0
2000,3532,84,480.57142857142856,7,0.0,609,1.0845974637393334,7.25,0
2000,3545,101,472.0,6,0.0,402,0.4952142914393086,3.98019801980198,0
2000,3547,28,496.25,4,0.0,85,1.3624253854853694,3.0357142857142856,0
2000,3567,42,436.5,4,0.0,166,1.1825496156369744,3.9523809523809526,0
2000,3580,74,517.4285714285714,7,0.0,478,1.0969183991350775,6.45945945945946,0
2000,3584,52,458.8,5,0.0,271,1.2594254572822987,5.211538461538462,0
2000,3595,86,527.5,6,0.0,658,1.1179924099849021,7.651162790697675,0
2000,3596,66,555.4,5,0.0,416,1.2000941633547788,6.303030303030303,0
2000,3605,75,438.14285714285717,7,0.0,487,1.0879684425231853,6.493333333333333,0
2000,3614,88,344.2857142857143,7,0.0,697,1.1310382642314494,7.920454545454546,0
2000,3617,79,577.0,5,0.0,231,0.46512283478881095,2.9240506329113924,0
2000,3618,87,384.2857142857143,7,0.0,656,1.0891186580815981,7.540229885057471,0
2000,3619,83,419.7142857142857,7,0.0,574,1.0470455411006192,6.9156626506024095,0
2000,3631,54,435.3333333333333,6,0.0,288,1.241123023640412,5.333333333333333,0
2000,3635,75,347.2857142857143,7,0.0,520,1.1616911501274256,6.933333333333334,0
2000,3639,71,388.1666666666667,6,0.0,437,1.089367974305685,6.154929577464789,0
2000,3655,109,549.375,8,0.0,1065,1.1264358811794057,9.770642201834862,0
2000,3663,96,487.85714285714283,7,0.0,812,1.1071932442339028,8.458333333333334,0
2000,3684,80,595.5,6,0.0,549,1.0779589792629978,6.8625,0
2000,3692,101,539.5714285714286,7,0.0,816,1.0052110990409846,8.07920792079208,0
2000,3694,43,456.0,5,0.0,162,1.1010016438757089,3.7674418604651163,0
2000,3702,55,474.5,6,0.0,302,1.254559975383957,5.490909090909091,0
2000,3718,129,472.5,6,0.0,600,0.4530870962451477,4.651162790697675,0
2000,3723,42,472.0,5,0.0,185,1.3179016800773509,4.404761904761905,0
2000,3725,62,377.8333333333333,6,0.0,364,1.1899476856469144,5.870967741935484,0
2000,3726,41,699.6,5,0.0,143,1.0690011884909945,3.4878048780487805,0
2000,3727,71,611.6,5,0.0,481,1.199052621604198,6.774647887323944,0
2000,3767,64,334.2,5,0.0,192,0.5890486225480862,3.0,0
2000,3774,78,412.3333333333333,6,0.0,512,1.0575249432202327,6.564102564102564,0
2000,3782,50,636.8,5,0.0,243,1.2214512237157116,4.86,0
2000,3789,65,395.1666666666667,6,0.0,364,1.0826411606217132,5.6,0
2000,3792,96,533.7142857142857,7,0.0,861,1.1740066296618106,8.96875,0
2000,3805,75,490.42857142857144,7,0.0,499,1.1147766998338182,6.653333333333333,0
2000,3806,80,582.4,5,0.0,315,0.6185010536754906,3.9375,0
2000,3817,70,492.5,6,0.0,462,1.184829229353865,6.6,0
2000,3829,43,627.75,4,0.0,177,1.2029462405308673,4.116279069767442,0
2000,3835,61,412.8333333333333,6,0.0,343,1.1583620319067984,5.622950819672131,0
2000,3839,109,319.14285714285717,7,0.0,452,0.47807419558036746,4.146788990825688,0
2000,3847,41,607.4,5,0.0,168,1.2558895081572523,4.097560975609756,0
2000,3858,147,483.8333333333333,6,0.0,764,0.44429206114907716,5.197278911564626,0
2000,3871,72,613.4,5,0.0,452,1.0956789193075513,6.277777777777778,0
2000,3879,57,452.8,5,0.0,307,1.1874040562044526,5.385964912280702,0
2000,3886,23,316.8,5,0.0,56,1.3302774185332962,2.4347826086956523,0
2000,3889,33,479.6,5,0.0,109,1.2577909981314506,3.303030303030303,0
2000,3890,114,562.1666666666666,6,0.0,537,0.5192475392359861,4.7105263157894735,0
2000,3912,67,469.8333333333333,6,0.0,444,1.2429201498720144,6.626865671641791,0
2000,3917,53,520.1666666666666,6,0.0,285,1.2749788626174312,5.377358490566038,0
2000,3920,55,529.2,5,0.0,272,1.1299348122663455,4.945454545454545,0
2000,3936,58,369.5,6,0.0,323,1.2065807694524413,5.568965517241379,0
2000,3963,68,466.5,6,0.0,432,1.1740207840404762,6.352941176470588,0
2000,3975,92,479.85714285714283,7,0.0,789,1.171416164311128,8.576086956521738,0
2000,3978,89,513.0,6,0.0,690,1.0946592253386984,7.752808988764045,0
2000,3981,9,326.0,5,0.0,12,1.8616845354606182,1.3333333333333333,0
2000,3991,46,553.8,5,0.0,210,1.2471350798749652,4.565217391304348,0
2000,3992,162,487.875,8,0.0,957,0.4582387089598281,5.907407407407407,0
2000,3995,73,774.2,5,0.0,473,1.1153862451851921,6.47945205479452,0
2000,4015,95,699.5714285714286,7,0.0,884,1.230877742171026,9.305263157894737,0
2000,4019,54,609.6,5,0.0,258,1.1118393753445357,4.777777777777778,0
2000,4028,74,439.42857142857144,7,0.0,494,1.1336353329973394,6.675675675675675,0
2000,4029,79,613.2857142857143,7,0.0,547,1.1013947646297817,6.924050632911392,0
2000,4042,100,325.125,8,0.0,853,1.0719114134048373,8.53,0
2000,4056,58,415.0,6,0.0,272,1.0160680163810034,4.689655172413793,0
2000,4061,72,412.5,6,0.0,444,1.07628637206317,6.166666666666667,0
2000,4090,53,515.4,5,0.0,245,1.0960344608465638,4.622641509433962,0
2000,4101,56,490.3333333333333,6,0.0,294,1.1780972450961724,5.25,0
2000,4105,71,410.7142857142857,7,0.0,485,1.20902395317679,6.830985915492958,0
2000,4107,65,460.0,5,0.0,376,1.1183326274553962,5.7846153846153845,0
2000,4111,74,523.8,5,0.0,456,1.0464326150744672,6.162162162162162,0
2000,4115,32,533.8,5,0.0,107,1.3130875544301088,3.34375,0
2000,4117,35,483.5,4,0.0,125,1.2822827157509358,3.5714285714285716,0
2000,4131,39,383.4,5,0.0,147,1.2145013019794861,3.769230769230769,0
2000,4132,37,638.75,4,0.0,130,1.1933003505235151,3.5135135135135136,0
2000,4157,103,339.8333333333333,6,0.0,413,0.48919889374402287,4.009708737864078,0
2000,4158,96,701.1428571428571,7,0.0,768,1.0471975511965976,8.0,0
2000,4173,63,581.3333333333334,6,0.0,370,1.1714681600687562,5.873015873015873,0
2000,4188,70,415.8,5,0.0,431,1.1053277009773068,6.1571428571428575,0
2000,4191,80,501.0,7,0.0,609,1.195768703772615,7.6125,0
2000,4192,64,662.0,5,0.0,380,1.1658253987930873,5.9375,0
2000,4199,47,361.5,6,0.0,209,1.1889413573567529,4.446808510638298,0
2000,4201,23,527.4,5,0.0,52,1.2352576029237752,2.260869565217391,0
2000,4204,54,578.0,6,0.0,281,1.210956839038041,5.203703703703703,0
2000,4228,43,423.0,5,0.0,168,1.1417794825377723,3.9069767441860463,0
2000,4237,69,323.57142857142856,7,0.0,434,1.145516665959227,6.2898550724637685,0
2000,4242,72,529.0,6,0.0,454,1.1005270561186467,6.305555555555555,0
2000,4246,58,389.3333333333333,6,0.0,289,1.079572267404816,4.982758620689655,0
2000,4253,86,413.2857142857143,7,0.0,675,1.1468767123705303,7.848837209302325,0
2000,4256,42,431.5,4,0.0,163,1.1611782370411252,3.880952380952381,0
2000,4273,23,801.75,4,0.0,52,1.2352576029237752,2.260869565217391,0
2000,4276,75,676.6,5,0.0,599,1.3381788440890925,7.986666666666666,0
2000,4300,64,535.6666666666666,6,0.0,378,1.1596894756415448,5.90625,0
2000,4302,84,512.1428571428571,7,0.0,617,1.0988450494698991,7.345238095238095,0
2000,4307,77,481.5,6,0.0,478,1.0131093192214007,6.207792207792208,0
2000,4329,110,450.3333333333333,9,0.0,1069,1.1102024947727236,9.718181818181819,0
2000,4332,84,547.2857142857143,7,0.0,652,1.1611782370411252,7.761904761904762,0
2000,4335,66,442.8333333333333,6,0.0,426,1.2289425807431147,6.454545454545454,0
2000,4350,76,370.7142857142857,7,0.0,519,1.1291458360201543,6.828947368421052,0
2000,4352,172,455.375,8,0.0,1019,0.4328397666316927,5.924418604651163,0
2000,4353,70,441.6666666666667,6,0.0,439,1.1258442244293219,6.271428571428571,0
2000,4354,38,537.4,5,0.0,130,1.1313214542013106,3.4210526315789473,0
2000,4362,96,439.625,8,0.0,796,1.0853766285839737,8.291666666666666,0
2000,4370,21,558.6,5,0.0,49,1.3962634015954636,2.3333333333333335,0
2000,4371,18,408.8,5,0.0,32,1.241123023640412,1.7777777777777777,0
2000,4372,68,594.4,5,0.0,464,1.260985286561993,6.823529411764706,0
2000,4376,20,682.0,4,0.0,45,1.413716694115407,2.25,0
2000,4399,76,490.0,6,0.0,504,1.0965115633028086,6.631578947368421,0
2000,4405,94,439.42857142857144,7,0.0,768,1.0922332086722324,8.170212765957446,0
2000,4418,20,534.25,4,0.0,36,1.1309733552923256,1.8,0
2000,4435,38,628.0,5,0.0,134,1.1661313450998123,3.526315789473684,0
2000,4444,12,631.25,4,0.0,16,1.3962634015954636,1.3333333333333333,0
2000,4454,53,385.5,6,0.0,229,1.0244567001382165,4.320754716981132,0
2000,4457,93,450.5,6,0.0,730,1.0606371312847955,7.849462365591398,0
2000,4458,13,529.75,4,0.0,21,1.5615016739736252,1.6153846153846154,0
2000,4473,76,524.5,6,0.0,509,1.1073896542085904,6.697368421052632,0
2000,4477,123,453.14285714285717,7,0.0,750,0.6229610655541925,6.097560975609756,0
2000,4488,26,432.5,4,0.0,69,1.2826620893354777,2.6538461538461537,0
2000,4490,100,441.57142857142856,7,0.0,830,1.0430087609918113,8.3,0
2000,4492,83,647.0,6,0.0,609,1.1108897814116325,7.337349397590361,0
2000,4501,95,562.8571428571429,7,0.0,767,1.0679674527660372,8.073684210526316,0
2000,4503,18,613.5,4,0.0,39,1.5126186850617522,2.1666666666666665,0
2000,4504,55,457.6666666666667,6,0.0,270,1.1216264680585046,4.909090909090909,0
2000,4521,44,689.0,5,0.0,211,1.3695786155112528,4.795454545454546,0
2000,4522,81,465.7142857142857,7,0.0,567,1.0859826456853605,7.0,0
2000,4539,88,360.0,7,0.0,710,1.15213366944667,8.068181818181818,0
2000,4544,62,679.3333333333334,6,0.0,339,1.108220509434901,5.467741935483871,0
2000,4545,85,465.14285714285717,7,0.0,701,1.219242325351665,8.24705882352941,0
2000,4553,26,551.25,4,0.0,61,1.1339476441951324,2.3461538461538463,0
2000,4563,47,473.4,5,0.0,202,1.1491203549572444,4.297872340425532,0
2000,4591,93,407.75,8,0.0,856,1.2437060059997054,9.204301075268818,0
2000,4596,88,292.625,8,0.0,668,1.083979283366726,7.590909090909091,0
2000,4611,69,494.1666666666667,6,0.0,398,1.050496850349706,5.768115942028985,0
2000,4615,65,504.0,6,0.0,386,1.1480755164834653,5.938461538461539,0
2000,4622,47,599.8,5,0.0,205,1.166186498842748,4.361702127659575,0
2000,4630,58,282.5,6,0.0,308,1.1505476067843714,5.310344827586207,0
2000,4640,61,338.6666666666667,6,0.0,350,1.1820020733742838,5.737704918032787,0
2000,4647,89,630.0,7,0.0,707,1.121629090310811,7.943820224719101,0
2000,4663,105,407.2857142857143,7,0.0,990,1.1284087898608237,9.428571428571429,0
2000,4667,46,594.0,5,0.0,235,1.395603541764842,5.108695652173913,0
2000,4671,32,571.0,4,0.0,93,1.141281706186917,2.90625,0
2000,4680,69,398.7142857142857,7,0.0,441,1.163992741216634,6.391304347826087,0
2000,4681,78,571.4285714285714,7,0.0,528,1.0905725976958651,6.769230769230769,0
2000,4690,67,574.3333333333334,6,0.0,365,1.0217699430254172,5.447761194029851,0
2000,4696,74,279.6666666666667,6,0.0,437,1.002831256113031,5.905405405405405,0
2000,4703,98,550.25,8,0.0,864,1.1305023126620497,8.816326530612244,0
2000,4714,81,531.8333333333334,6,0.0,564,1.0802367057610993,6.962962962962963,0
2000,4731,88,437.6666666666667,6,0.0,664,1.0774883894543505,7.545454545454546,0
2000,4734,61,517.8,5,0.0,305,1.0300303782261617,5.0,0
2000,4740,36,555.2,5,0.0,117,1.1344640137963142,3.25,0
2000,4745,57,434.5,6,0.0,302,1.168065227927507,5.298245614035087,0
2000,4753,52,410.6666666666667,6,0.0,251,1.166478929069583,4.826923076923077,0
2000,4761,69,467.8333333333333,6,0.0,435,1.148156105281714,6.304347826086956,0
2000,4773,110,367.75,8,0.0,1039,1.0790462039933206,9.445454545454545,0
2000,4776,71,444.3333333333333,6,0.0,498,1.2414307807877143,7.014084507042254,0
2000,4777,79,480.125,8,0.0,572,1.1517327337627699,7.2405063291139244,0
2000,4779,82,578.3333333333334,6,0.0,624,1.1661831147174484,7.609756097560975,0
2000,4780,48,561.6,5,0.0,205,1.1181015520588673,4.270833333333333,0
2000,4781,66,316.6666666666667,6,0.0,418,1.2058638468324459,6.333333333333333,0
2000,4784,60,476.5,6,0.0,349,1.218239817892042,5.816666666666666,0
2000,4791,76,546.5714285714286,7,0.0,535,1.163955726918656,7.0394736842105265,0
2000,4792,79,393.85714285714283,7,0.0,514,1.0349486453742371,6.506329113924051,0
2000,4795,85,433.8333333333333,6,0.0,620,1.078359831266808,7.294117647058823,0
2000,4796,63,518.8333333333334,6,0.0,382,1.2094617220169321,6.063492063492063,0
2000,4809,112,388.125,8,0.0,1141,1.1430348270873578,10.1875,0
2000,4812,56,471.6,5,0.0,298,1.194125779043059,5.321428571428571,0
2000,4813,66,553.6666666666666,6,0.0,418,1.2058638468324459,6.333333333333333,0
2000,4825,53,413.6666666666667,6,0.0,244,1.091560850802292,4.60377358490566,0
2000,4828,58,453.1666666666667,6,0.0,322,1.20284522527457,5.551724137931035,0
2000,4838,40,425.4,5,0.0,159,1.2487830798019428,3.975,0
2000,4839,30,459.8,5,0.0,95,1.3264502315156905,3.1666666666666665,0
2000,4843,106,562.5555555555555,9,0.0,925,1.034522322737828,8.726415094339623,0
2000,4849,47,523.0,5,0.0,217,1.2344510743847625,4.617021276595745,0
2000,4851,74,478.1666666666667,6,0.0,552,1.2667342182480392,7.45945945945946,0
2000,4858,98,561.7142857142857,7,0.0,841,1.1004079223944256,8.581632653061224,0
2000,4859,54,454.2,5,0.0,272,1.172171744549278,5.037037037037037,0
2000,4867,47,499.1666666666667,6,0.0,208,1.1832526427282517,4.425531914893617,0
2000,4875,81,387.42857142857144,7,0.0,573,1.097474525533883,7.074074074074074,0
2000,4901,75,544.8333333333334,6,0.0,535,1.195201471765717,7.133333333333334,0
2000,4904,92,374.42857142857144,7,0.0,782,1.1610233719788365,8.5,0
2000,4916,53,543.6,5,0.0,276,1.234716372218986,5.2075471698113205,0
2000,4918,58,507.8333333333333,6,0.0,276,1.0310101930924886,4.758620689655173,0
2000,4920,92,305.22222222222223,9,0.0,712,1.057095448655923,7.739130434782608,0
2000,4925,75,305.6666666666667,6,0.0,504,1.125946807046582,6.72,0
2000,4940,68,504.5,6,0.0,448,1.2175030353012346,6.588235294117647,0
2000,4943,131,519.4285714285714,7,0.0,654,0.4789002028897441,4.99236641221374,0
2000,4966,37,564.2,5,0.0,132,1.2116588174546463,3.5675675675675675,0
2000,4977,90,604.2857142857143,7,0.0,694,1.0766742230080575,7.711111111111111,0
2000,4979,69,651.4,5,0.0,417,1.1006461974769532,6.043478260869565,0
2000,4981,52,484.2,5,0.0,234,1.0874743800887745,4.5,0
2000,4983,63,363.0,6,0.0,334,1.0574874742242288,5.301587301587301,0
2000,4992,71,319.42857142857144,7,0.0,476,1.1865884571384577,6.704225352112676,0
4000,27,100,695.8,5,0.0,410,0.515221195188726,4.1,0
4000,45,111,514.0,8,0.0,1181,1.2045194136480954,10.63963963963964,0
4000,51,80,687.8,5,0.0,629,1.2350386119424874,7.8625,0
4000,57,50,619.0,5,0.0,212,1.065628228097658,4.24,0
4000,64,43,863.75,4,0.0,201,1.3660575951791205,4.674418604651163,0
4000,133,81,814.4,5,0.0,636,1.2181392639433675,7.851851851851852,0
4000,134,28,934.75,4,0.0,72,1.1540544441758425,2.5714285714285716,0
4000,138,74,539.1666666666666,6,0.0,509,1.1680574584932102,6.878378378378378,0
4000,140,33,552.8,5,0.0,111,1.2808697320421196,3.3636363636363638,0
4000,149,61,454.8333333333333,6,0.0,344,1.1617391806878676,5.639344262295082,0
4000,162,94,445.375,8,0.0,854,1.2145405731850083,9.085106382978724,0
4000,165,97,570.0,7,0.0,722,0.9642809632869935,7.443298969072165,0
4000,192,41,473.8,5,0.0,128,0.9568681966912398,3.1219512195121952,0
4000,196,72,583.6666666666666,6,0.0,509,1.233850818423769,7.069444444444445,0
4000,224,89,536.3333333333334,6,0.0,675,1.0708622856574224,7.584269662921348,0
4000,262,79,537.0,8,0.0,565,1.137638102405533,7.151898734177215,0
4000,277,124,564.1111111111111,9,0.0,1337,1.0926923459546185,10.78225806451613,0
4000,284,70,671.0,5,0.0,318,0.8155318072175953,4.542857142857143,0
4000,308,113,575.4285714285714,7,0.0,1071,1.054004458295769,9.47787610619469,0
4000,319,90,605.3333333333334,6,0.0,694,1.0766742230080575,7.711111111111111,0
4000,336,97,692.0,6,0.0,809,1.080475483793875,8.34020618556701,0
4000,349,91,643.1428571428571,7,0.0,757,1.1487432139922586,8.31868131868132,0
4000,358,71,652.4,5,0.0,426,1.061946812481057,6.0,0
4000,370,97,458.7142857142857,7,0.0,828,1.1058512986172169,8.536082474226804,0
4000,374,100,398.7142857142857,7,0.0,793,0.9965131897186824,7.93,0
4000,392,74,592.2,5,0.0,525,1.2047743923554721,7.094594594594595,0
4000,395,88,804.5,6,0.0,726,1.1780972450961726,8.25,0
4000,411,24,525.6,5,0.0,59,1.287180323345818,2.4583333333333335,0
4000,430,64,578.0,5,0.0,367,1.1259418983080607,5.734375,0
4000,432,99,614.7142857142857,7,0.0,901,1.155218847417367,9.1010101010101,0
4000,485,88,431.1666666666667,6,0.0,669,1.08560200684482,7.6022727272727275,0
4000,491,89,647.5714285714286,7,0.0,702,1.1136967770837192,7.887640449438202,0
4000,500,71,587.8333333333334,6,0.0,457,1.1392246321686454,6.436619718309859,0
4000,504,114,500.375,8,0.0,1113,1.076205793612016,9.763157894736842,0
4000,520,37,733.0,5,0.0,114,1.0464326150744672,3.081081081081081,0
4000,525,56,618.1666666666666,6,0.0,285,1.1420330437156774,5.089285714285714,0
4000,533,57,656.8,5,0.0,268,1.0365611956442777,4.701754385964913,0
4000,534,67,569.6666666666666,6,0.0,436,1.2205251922166627,6.507462686567164,0
4000,547,97,565.2857142857143,7,0.0,842,1.1245492674344162,8.68041237113402,0
4000,550,83,877.8,5,0.0,563,1.0269802084314434,6.783132530120482,0
4000,552,124,760.5714285714286,7,0.0,1376,1.1245659446773038,11.096774193548388,0
4000,554,103,490.0,6,0.0,470,0.5567154480864183,4.563106796116505,0
4000,563,121,606.875,8,0.0,1300,1.1157900279125008,10.743801652892563,0
4000,580,69,1121.25,4,0.0,445,1.1745504985065809,6.449275362318841,0
4000,582,95,699.1666666666666,6,0.0,825,1.1487263996505614,8.68421052631579,0
4000,588,46,689.6666666666666,6,0.0,203,1.2055639105457996,4.413043478260869,0
4000,618,60,487.2,5,0.0,311,1.085594794740473,5.183333333333334,0
4000,632,65,401.6666666666667,6,0.0,381,1.1332040719694305,5.861538461538461,0
4000,634,48,444.7142857142857,7,0.0,217,1.1835513990086546,4.520833333333333,0
4000,660,74,479.6,5,0.0,211,0.48420456530858025,2.8513513513513513,0
4000,662,82,693.4285714285714,7,0.0,653,1.2203807274206633,7.963414634146342,0
4000,678,153,647.6666666666666,6,0.0,738,0.39617162259802086,4.823529411764706,0
4000,689,69,661.8,5,0.0,403,1.0636940469621394,5.840579710144928,0
4000,697,75,580.3333333333334,6,0.0,470,1.0499900779997886,6.266666666666667,0
4000,713,64,401.0,5,0.0,356,1.0921943209745766,5.5625,0
4000,717,142,562.7777777777778,9,0.0,1692,1.0544683138016127,11.915492957746478,0
4000,724,61,525.1666666666666,6,0.0,346,1.1684934782500063,5.672131147540983,0
4000,732,40,644.0,5,0.0,126,0.9896016858807849,3.15,0
4000,773,101,543.6,5,0.0,386,0.4755042698894854,3.8217821782178216,0
4000,775,107,677.125,8,0.0,984,1.080033949212108,9.19626168224299,0
4000,777,52,646.2,5,0.0,253,1.1757735818908546,4.865384615384615,0
4000,779,94,931.6,5,0.0,403,0.5731379988214969,4.287234042553192,0
4000,806,80,722.0,6,0.0,590,1.1584622910112363,7.375,0
4000,819,71,593.0,6,0.0,432,1.0769038098399448,6.084507042253521,0
4000,840,100,656.3333333333334,6,0.0,419,0.5265309287416493,4.19,0
4000,849,66,938.0,5,0.0,361,1.0414278677189304,5.46969696969697,0
4000,877,104,513.7142857142857,7,0.0,1040,1.208304866765305,10.0,0
4000,879,99,702.0,7,0.0,729,0.9346887233820872,7.363636363636363,0
4000,886,53,946.75,4,0.0,233,1.0423511403153034,4.39622641509434,0
4000,897,70,521.1666666666666,6,0.0,478,1.2258622762578948,6.828571428571428,0
4000,899,76,408.3333333333333,6,0.0,491,1.068228526947776,6.4605263157894735,0
4000,903,168,487.25,8,0.0,1068,0.47551317375763874,6.357142857142857,0
4000,930,73,715.8333333333334,6,0.0,544,1.2828120874857178,7.4520547945205475,0
4000,943,81,478.3333333333333,6,0.0,611,1.170256431241191,7.54320987654321,0
4000,948,78,514.0,6,0.0,554,1.1442750362187675,7.102564102564102,0
4000,954,65,695.2,5,0.0,388,1.154024094289079,5.969230769230769,0
4000,959,75,738.2,5,0.0,455,1.0164797563614976,6.066666666666666,0
4000,962,64,518.1428571428571,7,0.0,313,0.9602719732164113,4.890625,0
4000,969,132,454.3333333333333,9,0.0,1499,1.0810944416278925,11.356060606060606,0
4000,973,85,599.5,6,0.0,710,1.234895935805538,8.352941176470589,0
4000,987,42,626.4,5,0.0,159,1.1326830655799935,3.7857142857142856,0
4000,1004,30,651.0,4,0.0,84,1.1728612573401895,2.8,0
4000,1007,33,736.0,4,0.0,125,1.4424208694168013,3.787878787878788,0
4000,1032,66,459.1666666666667,6,0.0,367,1.0587369181519322,5.5606060606060606,0
4000,1043,50,394.1666666666667,6,0.0,238,1.1963184824869932,4.76,0
4000,1079,18,720.5,4,0.0,37,1.4350484960842265,2.0555555555555554,0
4000,1103,53,800.0,4,0.0,242,1.0826136307137486,4.566037735849057,0
4000,1105,69,608.6,5,0.0,409,1.07953068289706,5.927536231884058,0
4000,1111,99,613.0,6,0.0,396,0.5077321460347141,4.0,0
4000,1112,63,580.0,5,0.0,295,0.9340083978926571,4.682539682539683,0
4000,1114,51,715.8,5,0.0,279,1.34794978908351,5.470588235294118,0
4000,1121,65,505.6666666666667,6,0.0,373,1.1094097607469755,5.7384615384615385,0
4000,1129,72,490.3333333333333,6,0.0,445,1.0787104404687176,6.180555555555555,0
4000,1133,84,737.5714285714286,7,0.0,628,1.1184354798494274,7.476190476190476,0
4000,1138,82,531.0,7,0.0,582,1.08769002045762,7.097560975609756,0
4000,1196,72,582.0,5,0.0,425,1.0302290723577638,5.902777777777778,0
4000,1201,74,555.3333333333334,6,0.0,443,1.0166001063113794,5.986486486486487,0
4000,1219,88,598.6666666666666,6,0.0,674,1.0937156242352895,7.659090909090909,0
4000,1240,67,734.4,5,0.0,180,0.5038865472454113,2.6865671641791047,0
4000,1243,43,623.0,5,0.0,159,1.0806127245446773,3.697674418604651,0
4000,1245,107,606.875,8,0.0,1037,1.1382065094847116,9.69158878504673,0
4000,1248,86,788.8,5,0.0,617,1.0483302689372105,7.174418604651163,0
4000,1266,110,631.1428571428571,7,0.0,1035,1.0748920318894002,9.409090909090908,0
4000,1268,114,582.0,8,0.0,1093,1.0568669653350704,9.587719298245615,0
4000,1274,55,436.1666666666667,6,0.0,271,1.125780640162425,4.927272727272728,0
4000,1277,96,707.0,7,0.0,770,1.049924628152839,8.020833333333334,0
4000,1304,91,474.8333333333333,6,0.0,721,1.094113417818254,7.923076923076923,0
4000,1310,33,446.2,5,0.0,110,1.269330365086785,3.3333333333333335,0
4000,1315,1,692.0,3,0.0,1,12.566370614359172,1.0,0
4000,1328,62,521.6,5,0.0,374,1.22263855613172,6.032258064516129,0
4000,1333,55,829.4,5,0.0,269,1.1174722959545842,4.890909090909091,0
4000,1339,94,597.1428571428571,7,0.0,815,1.1590756055571216,8.670212765957446,0
4000,1346,51,703.4,5,0.0,218,1.053236752760592,4.2745098039215685,0
4000,1364,80,551.8571428571429,7,0.0,527,1.0347620802761381,6.5875,0
4000,1371,83,555.1666666666666,6,0.0,620,1.130955114080808,7.469879518072289,0
4000,1375,72,706.3333333333334,6,0.0,480,1.1635528346628863,6.666666666666667,0
4000,1380,86,801.0,4,0.0,241,0.4094774632315523,2.802325581395349,0
4000,1389,63,729.2,5,0.0,349,1.1049794266594486,5.5396825396825395,0
4000,1400,60,872.0,6,0.0,331,1.1554079648202462,5.516666666666667,0
4000,1407,92,455.85714285714283,7,0.0,826,1.2263494952103824,8.978260869565217,0
4000,1429,88,553.6666666666666,6,0.0,692,1.1229246468409797,7.863636363636363,0
4000,1444,35,357.0,5,0.0,130,1.3335740243809733,3.7142857142857144,0
4000,1470,64,730.0,6,0.0,369,1.1320778214596032,5.765625,0
4000,1486,27,764.8,5,0.0,75,1.2928364829587626,2.7777777777777777,0
4000,1524,56,607.8,5,0.0,255,1.0218190391140272,4.553571428571429,0
4000,1537,90,741.1666666666666,6,0.0,803,1.2457772349790637,8.922222222222222,0
4000,1545,74,559.5,6,0.0,498,1.142814566462905,6.72972972972973,0
4000,1578,68,757.4,5,0.0,429,1.165867861929084,6.3088235294117645,0
4000,1582,129,542.4285714285714,7,0.0,634,0.47876203169903947,4.9147286821705425,0
4000,1616,110,745.0,7,0.0,1110,1.1527827588379076,10.090909090909092,0
4000,1622,104,684.2857142857143,7,0.0,1020,1.1850682347121262,9.807692307692308,0
4000,1647,64,407.0,6,0.0,376,1.1535535524900022,5.875,0
4000,1665,53,887.25,4,0.0,235,1.0512983604038468,4.433962264150943,0
4000,1687,39,570.0,5,0.0,166,1.3714776607387396,4.256410256410256,0
4000,1697,62,658.8,5,0.0,346,1.1311041187742648,5.580645161290323,0
4000,1710,17,443.6,5,0.0,33,1.4349142916050266,1.9411764705882353,0
4000,1711,96,581.5,6,0.0,801,1.0921943209745766,8.34375,0
4000,1723,22,552.5,4,0.0,46,1.1943244798771113,2.090909090909091,0
4000,1733,178,441.6666666666667,9,0.0,1238,0.49101018875699587,6.955056179775281,0
4000,1744,62,532.8333333333334,6,0.0,365,1.193216772695395,5.887096774193548,0
4000,1758,73,678.6,5,0.0,523,1.2332917679320412,7.164383561643835,0
4000,1788,69,616.8333333333334,6,0.0,392,1.0346602144147858,5.681159420289855,0
4000,1803,100,526.0,7,0.0,896,1.125946807046582,8.96,0
4000,1806,92,930.4,5,0.0,824,1.2233801259725847,8.956521739130435,0
4000,1828,19,596.5,4,0.0,45,1.566445090432584,2.3684210526315788,0
4000,1829,132,448.6666666666667,6,0.0,473,0.3411325356170735,3.5833333333333335,0
4000,1839,116,607.75,8,0.0,1278,1.1935063648298916,11.017241379310345,0
4000,1842,113,580.1428571428571,7,0.0,1063,1.046131409120824,9.4070796460177,0
4000,1852,79,593.1428571428571,7,0.0,619,1.2463681157327877,7.8354430379746836,0
4000,1868,75,509.1666666666667,6,0.0,535,1.195201471765717,7.133333333333334,0
4000,1869,63,419.3333333333333,6,0.0,376,1.1904649410428443,5.968253968253968,0
4000,1882,80,725.0,6,0.0,570,1.119192382841364,7.125,0
4000,1904,76,585.8333333333334,6,0.0,506,1.1008627996651215,6.657894736842105,0
4000,1907,63,449.3333333333333,6,0.0,381,1.2062955918545841,6.0476190476190474,0
4000,1952,118,831.1428571428571,7,0.0,1240,1.1190964925169042,10.508474576271187,0
4000,1961,62,629.2,5,0.0,408,1.3337875157800578,6.580645161290323,0
4000,1963,72,680.3333333333334,6,0.0,492,1.1926416555294586,6.833333333333333,0
4000,1972,99,628.4285714285714,7,0.0,806,1.0334144184443927,8.141414141414142,0
4000,1977,117,510.0,5,0.0,315,0.2891669766617824,2.6923076923076925,0
4000,2010,97,588.25,8,0.0,839,1.1205425598307306,8.649484536082474,0
4000,2042,30,511.2,5,0.0,84,1.1728612573401895,2.8,0
4000,2076,98,626.0,6,0.0,811,1.0611543698714379,8.275510204081632,0
4000,2084,107,631.4285714285714,7,0.0,1038,1.139304104961553,9.700934579439252,0
4000,2087,84,500.7142857142857,7,0.0,602,1.0721308262250882,7.166666666666667,0
4000,2090,141,582.2857142857143,7,0.0,764,0.48290866401943605,5.418439716312057,0
4000,2097,136,646.4,5,0.0,643,0.4368607431354319,4.727941176470588,0
4000,2115,41,484.2,5,0.0,128,0.9568681966912398,3.1219512195121952,0
4000,2119,102,580.625,8,0.0,877,1.0592759543245862,8.598039215686274,0
4000,2128,20,662.0,5,0.0,43,1.350884841043611,2.15,0
4000,2134,77,659.5,6,0.0,533,1.1296804751987584,6.922077922077922,0
4000,2135,58,544.6,5,0.0,351,1.3111760064328388,6.051724137931035,0
4000,2142,126,873.1428571428571,7,0.0,1331,1.0535298115212937,10.563492063492063,0
4000,2147,113,465.5,8,0.0,1115,1.0973062287579667,9.867256637168142,0
4000,2169,81,730.7142857142857,7,0.0,603,1.1549339247764947,7.444444444444445,0
4000,2170,110,551.4444444444445,9,0.0,1061,1.1018941505648827,9.645454545454545,0
4000,2175,124,450.25,8,0.0,1276,1.0428387684652904,10.290322580645162,0
4000,2182,66,716.0,5,0.0,405,1.1683609042276089,6.136363636363637,0
4000,2198,109,501.375,8,0.0,1016,1.074609253782419,9.321100917431192,0
4000,2230,25,704.2,5,0.0,67,1.3471149298593033,2.68,0
4000,2234,90,512.1428571428571,7,0.0,704,1.0921882608035625,7.822222222222222,0
4000,2241,85,960.6,5,0.0,683,1.187935104443919,8.035294117647059,0
4000,2257,59,740.1666666666666,6,0.0,315,1.1371464359445962,5.338983050847458,0
4000,2266,93,648.2857142857143,7,0.0,673,0.9778202593899552,7.236559139784946,0
4000,2270,111,546.25,8,0.0,1079,1.100488101038353,9.72072072072072,0
4000,2278,81,597.6666666666666,6,0.0,561,1.0744907658368383,6.925925925925926,0
4000,2281,181,453.625,8,0.0,1287,0.4936637764622647,7.110497237569061,0
4000,2290,61,475.0,5,0.0,343,1.1583620319067984,5.622950819672131,0
4000,2301,92,607.0,6,0.0,536,0.7957909557297397,5.826086956521739,0
4000,2320,93,476.57142857142856,7,0.0,818,1.188494758069812,8.795698924731182,0
4000,2326,45,561.4,5,0.0,83,0.5150660548107711,1.8444444444444446,0
4000,2331,61,599.5,6,0.0,367,1.2394136026524634,6.016393442622951,0
4000,2332,71,548.8333333333334,6,0.0,478,1.1915741229247538,6.732394366197183,0
4000,2335,100,909.8571428571429,7,0.0,790,0.9927432785343746,7.9,0
4000,2352,62,428.3333333333333,6,0.0,330,1.078798725998576,5.32258064516129,0
4000,2354,52,689.0,5,0.0,208,0.9666438934122441,4.0,0
4000,2357,87,672.8,5,0.0,640,1.062554788372291,7.35632183908046,0
4000,2380,98,515.375,8,0.0,854,1.117417795154387,8.714285714285714,0
4000,2389,77,549.0,5,0.0,536,1.1360389018884325,6.961038961038961,0
4000,2403,137,679.3333333333334,9,0.0,1569,1.0504893970871938,11.452554744525548,0
4000,2408,54,638.6,5,0.0,131,0.5645385975586596,2.425925925925926,0
4000,2419,85,514.8571428571429,7,0.0,631,1.0974920218215416,7.423529411764706,0
4000,2438,65,705.1666666666666,6,0.0,407,1.2105355834424103,6.2615384615384615,0
4000,2439,130,403.0,9,0.0,1498,1.1138711941011858,11.523076923076923,0
4000,2483,75,745.0,5,0.0,486,1.0857344210806326,6.48,0
4000,2495,78,475.0,7,0.0,532,1.098834511314773,6.82051282051282,0
4000,2521,81,466.5,6,0.0,641,1.2277158304838027,7.91358024691358,0
4000,2529,75,483.5,6,0.0,517,1.1549890857997676,6.8933333333333335,0
4000,2541,65,753.3333333333334,6,0.0,385,1.1451012275806585,5.923076923076923,0
4000,2574,41,535.8,5,0.0,163,1.2185118442240006,3.975609756097561,0
4000,2576,161,656.625,8,0.0,1209,0.5861171279179137,7.509316770186335,0
4000,2579,72,689.8333333333334,6,0.0,414,1.0035643198967394,5.75,0
4000,2582,75,685.0,6,0.0,487,1.0879684425231853,6.493333333333333,0
4000,2585,84,334.0,7,0.0,663,1.1807686674206535,7.892857142857143,0
4000,2602,180,396.5,8,0.0,1086,0.4212061261479649,6.033333333333333,0
4000,2617,109,598.5,6,0.0,593,0.6272079601308803,5.440366972477064,0
4000,2623,103,450.55555555555554,9,0.0,991,1.1738404447949797,9.62135922330097,0
4000,2645,15,724.0,4,0.0,28,1.5638150097869192,1.8666666666666667,0
4000,2650,29,745.0,4,0.0,79,1.180431960207342,2.7241379310344827,0
4000,2658,104,488.0,7,0.0,840,0.9759385462335156,8.076923076923077,0
4000,2687,13,398.0,5,0.0,21,1.5615016739736252,1.6153846153846154,0
4000,2689,38,443.6,5,0.0,149,1.2966684359691945,3.9210526315789473,0
4000,2690,55,415.1666666666667,6,0.0,295,1.2254807706565143,5.363636363636363,0
4000,2715,78,883.1666666666666,6,0.0,522,1.0781797272675029,6.6923076923076925,0
4000,2719,92,528.375,8,0.0,709,1.0526413947992266,7.706521739130435,0
4000,2729,108,520.5714285714286,7,0.0,912,0.9825557270486596,8.444444444444445,0
4000,2744,113,554.4285714285714,7,0.0,1102,1.084512523848681,9.752212389380531,0
4000,2745,62,791.2,5,0.0,328,1.072260551901615,5.290322580645161,0
4000,2750,104,540.8571428571429,7,0.0,883,1.0258973051478502,8.490384615384615,0
4000,2754,110,584.875,8,0.0,1060,1.1008556075389027,9.636363636363637,0
4000,2783,70,493.3333333333333,6,0.0,439,1.1258442244293219,6.271428571428571,0
4000,2789,82,637.0,7,0.0,573,1.070870071687657,6.987804878048781,0
4000,2792,51,756.8,5,0.0,270,1.3044675378227515,5.294117647058823,0
4000,2793,47,766.8,5,0.0,201,1.1434316403287432,4.276595744680851,0
4000,2797,101,299.2857142857143,7,0.0,868,1.06926866907791,8.594059405940595,0
4000,2804,76,454.8333333333333,6,0.0,577,1.2553316905272236,7.592105263157895,0
4000,2806,98,687.7142857142857,7,0.0,782,1.0232092690992163,7.979591836734694,0
4000,2807,83,749.0,6,0.0,617,1.1254827506255782,7.433734939759036,0
4000,2809,96,839.0,6,0.0,807,1.1003755518433,8.40625,0
4000,2837,122,734.4285714285714,7,0.0,1222,1.0317189526166963,10.01639344262295,0
4000,2862,70,527.8333333333334,6,0.0,442,1.1335379207238274,6.314285714285714,0
4000,2871,75,622.0,6,0.0,528,1.1795633216678476,7.04,0
4000,2873,120,569.25,8,0.0,1215,1.0602875205865552,10.125,0
4000,2883,64,292.8333333333333,6,0.0,334,1.0246991663076084,5.21875,0
4000,2886,72,778.0,6,0.0,483,1.1708250398795295,6.708333333333333,0
4000,2888,67,656.5,6,0.0,396,1.1085504039399048,5.91044776119403,0
4000,2889,27,726.5,4,0.0,65,1.1204582852309275,2.4074074074074074,0
4000,2907,124,745.5714285714286,7,0.0,1369,1.1188450423424627,11.040322580645162,0
4000,2911,66,599.3333333333334,6,0.0,414,1.1943244798771113,6.2727272727272725,0
4000,2923,10,454.5,4,0.0,14,1.7592918860102842,1.4,0
4000,2932,69,975.8333333333334,6,0.0,389,1.0267418964473258,5.63768115942029,0
4000,2946,46,512.0,5,0.0,218,1.2946449876797257,4.739130434782608,0
4000,2953,130,580.6666666666666,9,0.0,1456,1.0826411606217132,11.2,0
4000,2960,75,720.1666666666666,6,0.0,523,1.168393214455084,6.973333333333334,0
4000,2961,89,601.5714285714286,7,0.0,697,1.105764463856627,7.831460674157303,0
4000,2970,106,466.25,8,0.0,943,1.0546535679370506,8.89622641509434,0
4000,2981,42,580.4,5,0.0,171,1.2181685799633892,4.071428571428571,0
4000,2998,30,716.25,4,0.0,88,1.228711793404008,2.933333333333333,0
4000,3006,99,377.7142857142857,7,0.0,904,1.1590653030691451,9.131313131313131,0
4000,3007,24,746.8,5,0.0,67,1.4617132485452509,2.7916666666666665,0
4000,3036,26,401.2,5,0.0,70,1.3012513949780207,2.6923076923076925,0
4000,3042,59,723.6,5,0.0,291,1.0505067074916745,4.932203389830509,0
4000,3050,104,429.75,8,0.0,933,1.0839888852807977,8.971153846153847,0
4000,3059,34,535.2,5,0.0,122,1.3262086634531307,3.588235294117647,0
4000,3066,96,741.6666666666666,6,0.0,786,1.071741243802768,8.1875,0
4000,3071,113,655.4285714285714,7,0.0,514,0.5058434094902197,4.548672566371682,0
4000,3080,91,653.3333333333334,6,0.0,696,1.0561760593640845,7.648351648351649,0
4000,3082,54,665.4,5,0.0,269,1.1592433797196904,4.981481481481482,0
4000,3083,76,728.5,6,0.0,530,1.1530776360128743,6.973684210526316,0
4000,3093,76,680.5,6,0.0,561,1.2205217996287216,7.381578947368421,0
4000,3095,65,587.0,7,0.0,398,1.1837669833171482,6.123076923076923,0
4000,3097,67,776.4,5,0.0,429,1.2009296042682303,6.402985074626866,0
4000,3099,87,576.875,8,0.0,702,1.1654897834958566,8.068965517241379,0
4000,3100,96,614.5714285714286,7,0.0,788,1.074468320759009,8.208333333333334,0
4000,3110,66,746.2,5,0.0,182,0.5250411964677156,2.757575757575758,0
4000,3118,67,504.3333333333333,6,0.0,415,1.1617384283713648,6.1940298507462686,0
4000,3126,68,975.0,4,0.0,489,1.328926304156928,7.1911764705882355,0
4000,3128,65,740.5,6,0.0,375,1.1153583385525891,5.769230769230769,0
4000,3129,179,443.625,8,0.0,1031,0.4043546738055712,5.759776536312849,0
4000,3131,82,452.57142857142856,7,0.0,636,1.1886097130773994,7.7560975609756095,0
4000,3137,122,458.8888888888889,9,0.0,1287,1.086597620309074,10.549180327868852,0
4000,3138,51,704.8,5,0.0,257,1.2416598415572115,5.03921568627451,0
4000,3141,54,672.25,4,0.0,269,1.1592433797196904,4.981481481481482,0
4000,3150,103,520.8571428571429,7,0.0,934,1.1063238904525843,9.067961165048544,0
4000,3163,83,700.0,6,0.0,579,1.0561661468593353,6.975903614457831,0
4000,3183,96,547.1666666666666,6,0.0,905,1.2340023226991157,9.427083333333334,0
4000,3188,95,812.6666666666666,6,0.0,958,1.3339150192305913,10.08421052631579,0
4000,3194,49,577.25,4,0.0,197,1.0310599796038138,4.020408163265306,0
4000,3208,73,453.0,6,0.0,450,1.0611497047216414,6.164383561643835,0
4000,3211,69,774.0,6,0.0,459,1.2115026490213947,6.6521739130434785,0
4000,3218,91,662.4285714285714,7,0.0,759,1.1517782026685923,8.340659340659341,0
4000,3230,61,631.6,5,0.0,354,1.1955106684985615,5.80327868852459,0
4000,3234,84,511.2857142857143,7,0.0,582,1.0365118618986733,6.928571428571429,0
4000,3236,79,483.8333333333333,6,0.0,572,1.1517327337627699,7.2405063291139244,0
4000,3238,51,697.6,5,0.0,217,1.0484053915093965,4.254901960784314,0
4000,3241,27,712.6,5,0.0,72,1.241123023640412,2.6666666666666665,0
4000,3249,88,535.0,6,0.0,779,1.2641015894351493,8.852272727272727,0
4000,3254,78,614.1428571428571,7,0.0,577,1.191781039527489,7.397435897435898,0
4000,3256,48,813.6,5,0.0,220,1.1999138607461015,4.583333333333333,0
4000,3263,76,354.14285714285717,7,0.0,540,1.1748338178244377,7.105263157894737,0
4000,3271,85,537.0,6,0.0,580,1.0087882292495944,6.823529411764706,0
4000,3295,17,676.5,4,0.0,23,1.0000917789974428,1.3529411764705883,0
4000,3303,36,746.0,4,0.0,104,1.008412456707835,2.888888888888889,0
4000,3309,92,492.3333333333333,6,0.0,815,1.210017964402496,8.858695652173912,0
4000,3311,82,361.0,7,0.0,612,1.1437565163574976,7.463414634146342,0
4000,3323,103,594.1666666666666,6,0.0,881,1.0435453399236905,8.553398058252426,0
4000,3328,15,581.0,4,0.0,23,1.2845623294678266,1.5333333333333334,0
4000,3350,132,365.0,6,0.0,587,0.42335052517383115,4.446969696969697,0
4000,3367,41,758.2,5,0.0,164,1.2259873770106509,4.0,0
4000,3403,60,539.6666666666666,6,0.0,330,1.1519173063162573,5.5,0
4000,3409,51,579.4,5,0.0,237,1.145032616533304,4.647058823529412,0
4000,3422,125,379.875,8,0.0,679,0.5460842014175923,5.432,0
4000,3447,95,597.0,6,0.0,686,0.9551834062548912,7.221052631578948,0
4000,3454,88,471.57142857142856,7,0.0,727,1.1797199685742663,8.261363636363637,0
4000,3456,83,581.6666666666666,6,0.0,613,1.1181862660186055,7.385542168674699,0
4000,3463,59,619.0,5,0.0,366,1.3212558589070547,6.203389830508475,0
4000,3469,105,504.85714285714283,7,0.0,1002,1.142086472162167,9.542857142857143,0
4000,3478,85,554.0,7,0.0,714,1.2418530960072593,8.4,0
4000,3481,35,617.5,4,0.0,113,1.1591835750388462,3.2285714285714286,0
4000,3487,61,402.4,5,0.0,364,1.2292821563092553,5.967213114754099,0
4000,3498,92,634.1666666666666,6,0.0,731,1.0853044564149994,7.945652173913044,0
4000,3504,118,510.8333333333333,6,0.0,434,0.39168377238091645,3.6779661016949152,0
4000,3509,84,856.3333333333334,6,0.0,648,1.1540544441758422,7.714285714285714,0
4000,3518,75,574.5,6,0.0,530,1.1840313645529532,7.066666666666666,0
4000,3524,91,529.8333333333334,6,0.0,673,1.0212736895862484,7.395604395604396,0
4000,3531,44,826.4,5,0.0,177,1.1488882224904824,4.0227272727272725,0
4000,3532,88,450.42857142857144,7,0.0,716,1.1618700103152335,8.136363636363637,0
4000,3545,101,501.3333333333333,6,0.0,414,0.509996807601676,4.099009900990099,0
4000,3580,76,690.5,6,0.0,518,1.1269702178389978,6.815789473684211,0
4000,3584,33,617.5,4,0.0,119,1.3731846676847947,3.606060606060606,0
4000,3595,88,538.1666666666666,6,0.0,680,1.103451965103853,7.7272727272727275,0
4000,3596,55,809.0,4,0.0,309,1.2836391801113998,5.618181818181818,0
4000,3605,80,426.57142857142856,7,0.0,589,1.1564987956027426,7.3625,0
4000,3614,102,439.0,8,0.0,882,1.0653151558885803,8.647058823529411,0
4000,3617,47,650.6,5,0.0,101,0.5745601774786222,2.148936170212766,0
4000,3618,92,724.8333333333334,6,0.0,802,1.190717064356812,8.717391304347826,0
4000,3619,93,401.0,7,0.0,673,0.9778202593899552,7.236559139784946,0
4000,3631,47,582.0,5,0.0,219,1.2458285036417651,4.659574468085107,0
4000,3635,90,435.75,8,0.0,737,1.1433845855287297,8.188888888888888,0
4000,3639,74,381.0,6,0.0,472,1.0831495489367293,6.378378378378378,0
4000,3655,120,671.1428571428571,7,0.0,1184,1.0332349171806432,9.866666666666667,0
4000,3663,100,553.2857142857143,7,0.0,915,1.1498229112138643,9.15,0
4000,3684,80,640.8333333333334,6,0.0,561,1.1015209241649213,7.0125,0
4000,3692,102,705.6666666666666,6,0.0,857,1.0351191480686093,8.401960784313726,0
4000,3702,58,748.8,5,0.0,317,1.1841675043852133,5.4655172413793105,0
4000,3718,135,503.5,6,0.0,643,0.4433567245559917,4.762962962962963,0
4000,3723,25,446.4,5,0.0,66,1.3270087368763286,2.64,0
4000,3725,62,379.6666666666667,6,0.0,366,1.1964858597438754,5.903225806451613,0
4000,3727,74,767.6666666666666,6,0.0,480,1.10150801586786,6.486486486486487,0
4000,3767,22,567.25,4,0.0,47,1.220288055526614,2.1363636363636362,0
4000,3774,82,524.6666666666666,6,0.0,552,1.031623524557743,6.7317073170731705,0
4000,3782,35,754.6,5,0.0,113,1.1591835750388462,3.2285714285714286,0
4000,3789,65,596.5,6,0.0,377,1.121306916358203,5.8,0
4000,3792,102,530.5714285714286,7,0.0,975,1.177644304978873,9.558823529411764,0
4000,3805,75,587.3333333333334,6,0.0,524,1.1706272358976368,6.986666666666666,0
4000,3806,54,624.0,5,0.0,194,0.8360342589799998,3.5925925925925926,0
4000,3817,79,634.8333333333334,6,0.0,527,1.061124389323391,6.670886075949367,0
4000,3835,48,632.75,4,0.0,237,1.2926344772583003,4.9375,0
4000,3839,115,552.1666666666666,6,0.0,502,0.4769994743597962,4.3652173913043475,0
4000,3847,15,698.6,5,0.0,25,1.3962634015954636,1.6666666666666667,0
4000,3858,147,486.0,6,0.0,781,0.4541781410437556,5.312925170068027,0
4000,3871,66,851.2,5,0.0,371,1.0702762851072665,5.621212121212121,0
4000,3879,53,527.4,5,0.0,263,1.1765594416434542,4.962264150943396,0
4000,3890,103,761.6,5,0.0,469,0.5555309471330429,4.553398058252427,0
4000,3912,68,734.1666666666666,6,0.0,454,1.233808879524019,6.676470588235294,0
4000,3917,55,851.2,5,0.0,316,1.3127183848388426,5.745454545454545,0
4000,3920,48,674.2,5,0.0,190,1.036289243371633,3.9583333333333335,0
4000,3936,47,587.5,4,0.0,230,1.3084043645552783,4.8936170212765955,0
4000,3963,70,469.6666666666667,6,0.0,443,1.1361024861553293,6.328571428571428,0
4000,3975,91,618.3333333333334,6,0.0,809,1.2276529195769315,8.89010989010989,0
4000,3978,90,541.6666666666666,6,0.0,691,1.0720200116694059,7.677777777777778,0
4000,3992,173,534.5714285714286,7,0.0,1077,0.4522029186295843,6.22543352601156,0
4000,3995,66,868.6,5,0.0,398,1.1481670120557739,6.03030303030303,0
4000,4015,101,1033.5,6,0.0,944,1.1628912714395705,9.346534653465346,0
4000,4019,31,1083.5,4,0.0,92,1.2030240338408364,2.967741935483871,0
4000,4028,72,655.4,5,0.0,516,1.2508192972626029,7.166666666666667,0
4000,4029,81,751.6666666666666,6,0.0,568,1.0878979589934477,7.012345679012346,0
4000,4042,118,581.0,9,0.0,1160,1.0468967188061362,9.830508474576272,0
4000,4056,36,674.75,4,0.0,116,1.1247677401741234,3.2222222222222223,0
4000,4061,77,976.75,4,0.0,475,1.0067508925317266,6.1688311688311686,0
4000,4090,32,708.5,4,0.0,102,1.2517283229146832,3.1875,0
4000,4101,56,631.0,5,0.0,278,1.1139831093086257,4.964285714285714,0
4000,4105,74,460.6666666666667,6,0.0,516,1.1841211170579498,6.972972972972973,0
4000,4107,60,676.6,5,0.0,336,1.1728612573401895,5.6,0
4000,4111,66,568.6,5,0.0,381,1.0991247024956026,5.7727272727272725,0
4000,4157,110,513.8333333333334,6,0.0,494,0.5130402548341678,4.490909090909091,0
4000,4158,98,906.8333333333334,6,0.0,843,1.1030248258959583,8.60204081632653,0
4000,4173,62,600.1666666666666,6,0.0,362,1.1834095115499532,5.838709677419355,0
4000,4188,66,546.8333333333334,6,0.0,419,1.2087486885712795,6.348484848484849,0
4000,4191,77,795.6,5,0.0,598,1.2674463868083632,7.766233766233766,0
4000,4192,52,918.0,4,0.0,251,1.166478929069583,4.826923076923077,0
4000,4199,41,529.0,4,0.0,168,1.2558895081572523,4.097560975609756,0
4000,4204,34,970.25,4,0.0,141,1.532749356941733,4.147058823529412,0
4000,4237,74,599.8333333333334,6,0.0,482,1.106097632600643,6.513513513513513,0
4000,4242,72,553.5,6,0.0,452,1.0956789193075513,6.277777777777778,0
4000,4246,51,609.0,5,0.0,230,1.1112130877749364,4.509803921568627,0
4000,4253,101,475.375,8,0.0,832,1.024921120590808,8.237623762376238,0
4000,4276,66,979.5,4,0.0,463,1.335681725079958,7.015151515151516,0
4000,4300,64,576.3333333333334,6,0.0,370,1.1351457830353744,5.78125,0
4000,4302,97,571.0,7,0.0,769,1.027052715744734,7.927835051546392,0
4000,4307,67,607.2,5,0.0,392,1.097352925112229,5.850746268656716,0
4000,4329,124,446.77777777777777,9,0.0,1326,1.0837023565712969,10.693548387096774,0
4000,4332,86,702.8333333333334,6,0.0,684,1.1621684018688039,7.953488372093023,0
4000,4335,67,489.6666666666667,6,0.0,446,1.2485188892858523,6.656716417910448,0
4000,4350,88,737.6666666666666,6,0.0,603,0.9785022572906226,6.8522727272727275,0
4000,4352,188,530.375,8,0.0,1197,0.42558696314474675,6.367021276595745,0
4000,4353,72,460.0,6,0.0,462,1.119919603363028,6.416666666666667,0
4000,4362,100,483.14285714285717,7,0.0,910,1.1435397259066846,9.1,0
4000,4372,65,761.2,5,0.0,407,1.2105355834424103,6.2615384615384615,0
4000,4399,80,813.8333333333334,6,0.0,596,1.170243263462198,7.45,0
4000,4405,110,690.5,8,0.0,1015,1.0541211713697984,9.227272727272727,0
4000,4454,35,616.0,4,0.0,101,1.0360844343267563,2.8857142857142857,0
4000,4457,94,679.3333333333334,6,0.0,737,1.048145670301348,7.840425531914893,0
4000,4473,76,638.8333333333334,6,0.0,515,1.1204433632955288,6.776315789473684,0
4000,4477,146,668.3333333333334,6,0.0,891,0.5252691038372126,6.102739726027397,0
4000,4490,107,435.57142857142856,7,0.0,934,1.0251541753700293,8.728971962616823,0
4000,4492,82,680.6666666666666,6,0.0,618,1.154969815537473,7.536585365853658,0
4000,4501,102,662.5714285714286,7,0.0,884,1.067730836514178,8.666666666666666,0
4000,4504,43,676.8,5,0.0,186,1.264112998523962,4.325581395348837,0
4000,4521,28,785.2,5,0.0,84,1.3463968515384828,3.0,0
4000,4522,82,723.3333333333334,6,0.0,623,1.164314231520786,7.597560975609756,0
4000,4539,108,469.75,8,0.0,982,1.0579711885545875,9.092592592592593,0
4000,4544,62,1145.2,5,0.0,355,1.1605259022105896,5.725806451612903,0
4000,4545,91,506.0,7,0.0,812,1.232205402591432,8.923076923076923,0
4000,4591,103,488.875,8,0.0,1023,1.2117444753029911,9.932038834951456,0
4000,4596,100,504.5,8,0.0,902,1.1334866294151975,9.02,0
4000,4611,75,509.85714285714283,7,0.0,495,1.1058406140636072,6.6,0
4000,4615,62,651.6,5,0.0,332,1.0853369000955373,5.354838709677419,0
4000,4622,27,710.6,5,0.0,80,1.3790255818226802,2.962962962962963,0
4000,4630,62,445.0,5,0.0,315,1.0297624202713682,5.080645161290323,0
4000,4640,68,649.6,5,0.0,410,1.1142326885569336,6.029411764705882,0
4000,4647,93,680.2857142857143,7,0.0,781,1.134736437717021,8.397849462365592,0
4000,4663,112,498.14285714285717,7,0.0,1124,1.1260045097687905,10.035714285714286,0
4000,4667,23,845.75,4,0.0,69,1.6390918192642399,3.0,0
4000,4680,63,601.6,5,0.0,407,1.288614976075632,6.4603174603174605,0
4000,4681,85,658.5714285714286,7,0.0,625,1.0870562815189595,7.352941176470588,0
4000,4690,51,966.5,4,0.0,250,1.207840312798844,4.901960784313726,0
4000,4696,71,528.3333333333334,6,0.0,465,1.1591672953138297,6.549295774647887,0
4000,4703,106,603.375,8,0.0,1041,1.164257014021707,9.820754716981131,0
4000,4714,80,563.0,6,0.0,582,1.1427543277432872,7.275,0
4000,4731,113,698.2857142857143,7,0.0,798,0.785336655200769,7.061946902654867,0
4000,4734,52,602.2,5,0.0,238,1.1060636857313177,4.576923076923077,0
4000,4745,59,526.8333333333334,6,0.0,312,1.1263164698879808,5.288135593220339,0
4000,4753,49,487.2,5,0.0,226,1.1828403826927,4.612244897959184,0
4000,4761,68,476.8333333333333,6,0.0,429,1.165867861929084,6.3088235294117645,0
4000,4773,120,409.5,8,0.0,1272,1.1100294042683936,10.6,0
4000,4776,78,703.5,6,0.0,567,1.1711262554802186,7.269230769230769,0
4000,4777,99,638.5,8,0.0,832,1.06675036742647,8.404040404040405,0
4000,4779,83,577.1666666666666,6,0.0,652,1.1893269909365916,7.855421686746988,0
4000,4780,27,608.8,5,0.0,69,1.1894095643220617,2.5555555555555554,0
4000,4781,76,567.8333333333334,6,0.0,506,1.1008627996651215,6.657894736842105,0
4000,4784,43,816.5,4,0.0,202,1.3728539016227976,4.6976744186046515,0
4000,4791,85,917.1666666666666,6,0.0,632,1.0992313118719719,7.435294117647059,0
4000,4792,91,399.0,8,0.0,730,1.1077708668617554,8.021978021978022,0
4000,4795,85,555.6666666666666,6,0.0,638,1.109667052174554,7.5058823529411764,0
4000,4796,64,559.8333333333334,6,0.0,381,1.1688933603688585,5.953125,0
4000,4809,125,526.0,8,0.0,1384,1.113078843537478,11.072,0
4000,4812,49,760.2,5,0.0,230,1.2037756107049604,4.6938775510204085,0
4000,4813,67,579.3333333333334,6,0.0,415,1.1617384283713648,6.1940298507462686,0
4000,4825,49,404.5,6,0.0,212,1.1095670846497896,4.326530612244898,0
4000,4828,58,589.1666666666666,6,0.0,310,1.158018695140114,5.344827586206897,0
4000,4843,118,720.125,8,0.0,1197,1.0802891141473663,10.14406779661017,0
4000,4851,86,543.7142857142857,7,0.0,637,1.0823118011555966,7.406976744186046,0
4000,4858,108,632.75,8,0.0,1021,1.0999883742507472,9.453703703703704,0
4000,4859,34,654.25,4,0.0,107,1.1631502212252867,3.1470588235294117,0
4000,4867,33,824.5,4,0.0,101,1.1654760624887754,3.0606060606060606,0
4000,4875,94,576.1428571428571,7,0.0,754,1.072322707472478,8.02127659574468,0
4000,4901,75,581.6666666666666,6,0.0,555,1.2398819006167718,7.4,0
4000,4904,99,429.85714285714283,7,0.0,906,1.1616296068369973,9.151515151515152,0
4000,4916,43,554.4,5,0.0,177,1.2029462405308673,4.116279069767442,0
4000,4918,55,627.0,5,0.0,243,1.0094638212526543,4.418181818181818,0
4000,4920,105,495.0,8,0.0,990,1.1284087898608237,9.428571428571429,0
4000,4925,87,651.2857142857143,7,0.0,643,1.0675355139427862,7.390804597701149,0
4000,4940,64,800.0,5,0.0,431,1.3222914391574228,6.734375,0
4000,4943,140,557.5714285714286,7,0.0,751,0.48149715976447643,5.364285714285714,0
4000,4977,96,607.4285714285714,7,0.0,799,1.0894672440183353,8.322916666666666,0
4000,4979,60,710.6,5,0.0,332,1.1588986233242349,5.533333333333333,0
4000,4981,37,524.2,5,0.0,131,1.202479583989081,3.5405405405405403,0
4000,4983,66,579.8333333333334,6,0.0,400,1.1539366955334411,6.0606060606060606,0
4000,4992,82,502.3333333333333,6,0.0,568,1.0615256557043442,6.926829268292683,0
6000,27,88,937.0,5,0.0,329,0.5338760242928936,3.7386363636363638,0
6000,45,129,791.75,8,0.0,1455,1.0987362083944832,11.279069767441861,0
6000,51,77,751.0,5,0.0,580,1.2292958266703187,7.532467532467533,0
6000,133,75,916.4,5,0.0,541,1.2086056004210333,7.213333333333333,0
6000,138,73,529.3333333333334,6,0.0,500,1.1790552274684905,6.8493150684931505,0
6000,149,54,581.0,5,0.0,275,1.1851001093788658,5.092592592592593,0
6000,162,94,588.0,6,0.0,914,1.2998712926125264,9.72340425531915,0
6000,165,97,615.7142857142857,7,0.0,794,1.0604419457754473,8.185567010309278,0
6000,196,74,613.3333333333334,6,0.0,511,1.1726470752259928,6.905405405405405,0
6000,224,90,567.3333333333334,6,0.0,697,1.081328434346709,7.7444444444444445,0
6000,262,95,681.5,8,0.0,788,1.0972077611207787,8.294736842105262,0
6000,277,140,707.1111111111111,9,0.0,1608,1.0309553034637526,11.485714285714286,0
6000,284,35,1019.75,4,0.0,140,1.4361566416410483,4.0,0
6000,308,118,579.7142857142857,7,0.0,1194,1.0775816226332124,10.11864406779661,0
6000,319,85,787.8,5,0.0,673,1.1705422039396156,7.91764705882353,0
6000,336,97,741.6666666666666,6,0.0,842,1.1245492674344162,8.68041237113402,0
6000,349,104,786.0,7,0.0,886,1.0293827999558272,8.51923076923077,0
6000,358,61,707.0,5,0.0,336,1.1347219904393127,5.508196721311475,0
6000,370,102,465.0,7,0.0,923,1.114836608713333,9.049019607843137,0
6000,374,102,634.0,6,0.0,849,1.0254564255662184,8.323529411764707,0
6000,392,68,673.6,5,0.0,441,1.1984795503746528,6.485294117647059,0
6000,395,88,861.0,6,0.0,745,1.2089289911799566,8.465909090909092,0
6000,430,55,596.2,5,0.0,280,1.1631681890977086,5.090909090909091,0
6000,432,103,916.3333333333334,6,0.0,941,1.1146153971262118,9.135922330097088,0
6000,485,86,512.6,5,0.0,648,1.1010016438757089,7.534883720930233,0
6000,491,97,668.8571428571429,7,0.0,790,1.0550996689705332,8.144329896907216,0
6000,500,71,603.1666666666666,6,0.0,457,1.1392246321686454,6.436619718309859,0
6000,504,116,697.6666666666666,6,0.0,1193,1.1141260510501259,10.28448275862069,0
6000,525,38,981.5,4,0.0,140,1.2183461814475651,3.6842105263157894,0
6000,533,42,688.2,5,0.0,159,1.1326830655799935,3.7857142857142856,0
6000,534,71,714.6666666666666,6,0.0,469,1.1691386268864217,6.605633802816901,0
6000,547,103,932.3333333333334,6,0.0,962,1.1394899171470942,9.339805825242719,0
6000,550,79,933.2,5,0.0,507,1.0208540140170006,6.417721518987341,0
6000,552,127,775.2857142857143,7,0.0,1446,1.1266025115235516,11.385826771653543,0
6000,554,101,495.8333333333333,6,0.0,461,0.5678949959042818,4.564356435643564,0
6000,563,129,593.0,8,0.0,1453,1.097225918073666,11.263565891472869,0
6000,580,52,1246.25,4,0.0,262,1.2175995195865768,5.038461538461538,0
6000,582,96,769.8333333333334,6,0.0,828,1.1290098598838318,8.625,0
6000,588,18,909.4,5,0.0,34,1.318693212617938,1.8888888888888888,0
6000,618,48,947.25,4,0.0,207,1.1290098598838318,4.3125,0
6000,632,60,818.4,5,0.0,368,1.2845623294678266,6.133333333333334,0
6000,634,51,492.8333333333333,6,0.0,248,1.198177590296453,4.862745098039215,0
6000,662,81,851.3333333333334,6,0.0,659,1.2621914700293697,8.135802469135802,0
6000,678,169,780.1428571428571,7,0.0,854,0.37574596494039897,5.053254437869822,0
6000,689,62,660.6,5,0.0,334,1.0918750741924985,5.387096774193548,0
6000,697,74,798.5,6,0.0,500,1.1474041831956876,6.756756756756757,0
6000,713,53,756.75,4,0.0,246,1.1005080708908352,4.6415094339622645,0
6000,717,145,666.125,8,0.0,1851,1.1063187637183747,12.76551724137931,0
6000,724,61,957.6,5,0.0,330,1.114459097752896,5.409836065573771,0
6000,773,69,869.8,5,0.0,393,1.0372996537372725,5.695652173913044,0
6000,775,114,760.375,8,0.0,1199,1.1593627552028816,10.517543859649123,0
6000,777,35,684.6,5,0.0,128,1.3130575009289585,3.657142857142857,0
6000,779,79,1055.6,5,0.0,303,0.6100961858918169,3.8354430379746836,0
6000,806,78,915.2,5,0.0,548,1.1318821657904055,7.0256410256410255,0
6000,819,70,769.1666666666666,6,0.0,444,1.1386670515868311,6.3428571428571425,0
6000,840,103,806.2,5,0.0,406,0.4809073870703953,3.941747572815534,0
6000,849,53,1033.0,5,0.0,251,1.1228761211121938,4.735849056603773,0
6000,877,117,566.5,8,0.0,1172,1.0758847512622507,10.017094017094017,0
6000,879,97,877.6666666666666,6,0.0,741,0.9896567781103356,7.639175257731959,0
6000,886,9,1077.75,4,0.0,9,1.3962634015954636,1.0,0
6000,897,71,574.8333333333334,6,0.0,476,1.1865884571384577,6.704225352112676,0
6000,899,68,543.0,5,0.0,419,1.13869145489111,6.161764705882353,0
6000,903,186,439.375,8,0.0,1230,0.4467752299590063,6.612903225806452,0
6000,930,78,913.0,5,0.0,568,1.1731917338849458,7.282051282051282,0
6000,943,87,731.5,6,0.0,688,1.1422463975002128,7.908045977011494,0
6000,948,89,885.1666666666666,6,0.0,643,1.0200954810040335,7.224719101123595,0
6000,954,57,729.6,5,0.0,292,1.129387571373616,5.12280701754386,0
6000,959,64,805.4,5,0.0,373,1.1443496677626883,5.828125,0
6000,962,76,755.2857142857143,7,0.0,490,1.0660529087666195,6.447368421052632,0
6000,969,143,463.8,10,0.0,1816,1.1159728610531692,12.6993006993007,0
6000,973,92,862.6666666666666,6,0.0,768,1.1402377873142537,8.347826086956522,0
6000,1032,52,518.4,5,0.0,273,1.2687201101035703,5.25,0
6000,1043,42,604.25,4,0.0,199,1.4176347801913127,4.738095238095238,0
6000,1105,60,618.2,5,0.0,308,1.075122819228507,5.133333333333334,0
6000,1111,110,942.5,4,0.0,372,0.38633800566459603,3.381818181818182,0
6000,1112,48,614.0,5,0.0,174,0.9490227807719166,3.625,0
6000,1114,40,793.6,5,0.0,169,1.3273228961416876,4.225,0
6000,1121,67,497.6666666666667,6,0.0,385,1.0777573371637963,5.746268656716418,0
6000,1129,77,686.8571428571429,7,0.0,518,1.0978883417503882,6.7272727272727275,0
6000,1133,90,758.4285714285714,7,0.0,753,1.168207046001538,8.366666666666667,0
6000,1138,90,721.5,6,0.0,648,1.0053096491487337,7.2,0
6000,1196,58,803.25,4,0.0,293,1.0945144441163013,5.051724137931035,0
6000,1201,66,930.75,4,0.0,331,0.9548826155539224,5.015151515151516,0
6000,1219,88,622.8333333333334,6,0.0,682,1.1066974120600406,7.75,0
6000,1245,115,622.5,8,0.0,1208,1.1478393725630154,10.504347826086956,0
6000,1248,78,853.6,5,0.0,545,1.1256857305762245,6.987179487179487,0
6000,1266,146,729.875,8,0.0,1256,0.7404466828502121,8.602739726027398,0
6000,1268,120,562.125,8,0.0,1278,1.1152653920243765,10.65,0
6000,1274,52,549.2,5,0.0,235,1.0921217064994104,4.519230769230769,0
6000,1277,96,882.6666666666666,6,0.0,874,1.191732629877378,9.104166666666666,0
6000,1304,96,618.2857142857143,7,0.0,834,1.1371910907525553,8.6875,0
6000,1328,53,565.0,5,0.0,273,1.221295542086171,5.150943396226415,0
6000,1333,16,1167.5,4,0.0,28,1.3744467859455345,1.75,0
6000,1339,103,704.8571428571429,7,0.0,929,1.1004013856857076,9.019417475728156,0
6000,1364,83,793.4,5,0.0,451,0.8226786394362008,5.433734939759036,0
6000,1371,86,692.0,6,0.0,631,1.0721173414900809,7.337209302325581,0
6000,1375,54,1240.5,4,0.0,335,1.4436674059706183,6.203703703703703,0
6000,1389,52,807.6,5,0.0,247,1.1478896234270397,4.75,0
6000,1400,56,964.8333333333334,6,0.0,290,1.1620687111492858,5.178571428571429,0
6000,1407,105,626.75,8,0.0,1025,1.1683020299064082,9.761904761904763,0
6000,1429,85,579.1666666666666,6,0.0,686,1.19315297459521,8.070588235294117,0
6000,1470,61,742.1666666666666,6,0.0,345,1.165116329468937,5.655737704918033,0
6000,1524,30,601.0,4,0.0,87,1.2147491593880533,2.9,0
6000,1537,86,1224.5,4,0.0,739,1.2556176154693657,8.593023255813954,0
6000,1545,76,573.0,6,0.0,520,1.1313214542013106,6.842105263157895,0
6000,1578,60,830.8,5,0.0,337,1.176351915844178,5.616666666666666,0
6000,1582,136,654.0,6,0.0,664,0.4511283568303683,4.882352941176471,0
6000,1616,120,893.0,7,0.0,1237,1.0794861423584927,10.308333333333334,0
6000,1622,112,780.7142857142857,7,0.0,1157,1.1590633610342445,10.330357142857142,0
6000,1647,70,736.1666666666666,6,0.0,445,1.141231617018333,6.357142857142857,0
6000,1665,1,1009.75,4,0.0,1,12.566370614359172,1.0,0
6000,1697,52,704.4,5,0.0,256,1.1897155611227619,4.923076923076923,0
6000,1711,101,559.6666666666666,6,0.0,842,1.0372398840594474,8.336633663366337,0
6000,1733,203,740.1428571428571,7,0.0,1474,0.4494850708720285,7.261083743842365,0
6000,1744,56,705.6,5,0.0,289,1.158061577662564,5.160714285714286,0
6000,1758,75,1026.6,5,0.0,490,1.0946705068508435,6.533333333333333,0
6000,1788,60,779.2,5,0.0,297,1.0367255756846316,4.95,0
6000,1803,104,723.5,6,0.0,925,1.074694232459526,8.89423076923077,0
6000,1806,88,978.6,5,0.0,737,1.1959472033552054,8.375,0
6000,1829,117,691.5,4,0.0,416,0.381884007273973,3.5555555555555554,0
6000,1839,131,738.625,8,0.0,1473,1.0786238514626805,11.244274809160306,0
6000,1842,115,868.1666666666666,6,0.0,1126,1.0699231237632083,9.791304347826086,0
6000,1852,79,825.2,5,0.0,648,1.304760159927054,8.20253164556962,0
6000,1868,73,537.0,6,0.0,531,1.252156651571537,7.273972602739726,0
6000,1869,68,735.1666666666666,6,0.0,413,1.1223856106683259,6.073529411764706,0
6000,1882,79,781.6666666666666,6,0.0,563,1.133611064874894,7.1265822784810124,0
6000,1904,74,586.8333333333334,6,0.0,499,1.1451093748292964,6.743243243243243,0
6000,1907,67,783.6,5,0.0,448,1.2541176286996902,6.686567164179104,0
6000,1952,121,867.7142857142857,7,0.0,1313,1.1269479281916257,10.851239669421487,0
6000,1961,55,657.4,5,0.0,308,1.2794850080074793,5.6,0
6000,1963,70,690.5,6,0.0,486,1.2463787997099098,6.942857142857143,0
6000,1972,104,616.2857142857143,7,0.0,890,1.0340301263664629,8.557692307692308,0
6000,1977,73,618.75,4,0.0,187,0.44096665507321553,2.5616438356164384,0
6000,2010,107,594.625,8,0.0,1012,1.1107666225636723,9.457943925233645,0
6000,2076,98,827.6,5,0.0,775,1.0140501068438523,7.908163265306122,0
6000,2084,115,795.8333333333334,6,0.0,1152,1.0946282758216836,10.017391304347827,0
6000,2087,90,591.1428571428571,7,0.0,708,1.0983938759217649,7.866666666666666,0
6000,2090,154,580.5714285714286,7,0.0,879,0.46575475501862507,5.707792207792208,0
6000,2097,129,683.4,5,0.0,578,0.436473902716159,4.48062015503876,0
6000,2119,110,571.0,8,0.0,1038,1.0780076609673406,9.436363636363636,0
6000,2134,77,700.3333333333334,6,0.0,534,1.1317999507619831,6.935064935064935,0
6000,2135,48,597.2,5,0.0,239,1.3035427850832648,4.979166666666667,0
6000,2142,132,916.2857142857143,7,0.0,1460,1.052967234674265,11.06060606060606,0
6000,2147,126,675.625,8,0.0,1341,1.0614451369271638,10.642857142857142,0
6000,2169,88,750.2857142857143,7,0.0,693,1.1245473703190736,7.875,0
6000,2170,113,701.1428571428571,7,0.0,1177,1.1583223598637908,10.415929203539823,0
6000,2175,132,580.25,8,0.0,1462,1.0544096555436817,11.075757575757576,0
6000,2182,61,748.6,5,0.0,315,1.0638018660368556,5.163934426229508,0
6000,2198,122,612.125,8,0.0,1259,1.0629575788415881,10.319672131147541,0
6000,2234,101,831.8333333333334,6,0.0,810,0.9978198409598009,8.01980198019802,0
6000,2241,82,1019.0,5,0.0,637,1.190478596274062,7.7682926829268295,0
6000,2257,45,994.4,5,0.0,207,1.2845623294678263,4.6,0
6000,2266,102,700.75,8,0.0,821,0.9916368968078508,8.049019607843137,0
6000,2270,118,611.8571428571429,7,0.0,1230,1.110071520803058,10.423728813559322,0
6000,2278,82,651.1666666666666,6,0.0,601,1.1231988011942093,7.329268292682927,0
6000,2281,213,600.2222222222222,9,0.0,1588,0.4398465149243396,7.455399061032864,0
6000,2290,50,787.6,5,0.0,233,1.171185741258275,4.66,0
6000,2301,100,633.6666666666666,6,0.0,544,0.6836105614211391,5.44,0
6000,2320,103,540.8571428571429,7,0.0,946,1.1205379018930888,9.184466019417476,0
6000,2331,59,606.1666666666666,6,0.0,353,1.2743260059950554,5.983050847457627,0
6000,2332,65,884.0,5,0.0,431,1.281918517109776,6.630769230769231,0
6000,2335,101,967.2857142857143,7,0.0,902,1.1111524648712845,8.930693069306932,0
6000,2352,65,527.7142857142857,7,0.0,384,1.1421269386778514,5.907692307692308,0
6000,2357,81,726.0,5,0.0,572,1.095559212225796,7.061728395061729,0
6000,2380,110,778.5,8,0.0,1031,1.07073785978548,9.372727272727273,0
6000,2389,65,751.75,4,0.0,432,1.2848928060125828,6.6461538461538465,0
6000,2403,150,670.3333333333334,9,0.0,1801,1.005868154509372,12.006666666666666,0
6000,2419,94,515.2857142857143,7,0.0,713,1.0140133825303406,7.585106382978723,0
6000,2438,63,780.5,6,0.0,384,1.2157939823416282,6.095238095238095,0
6000,2439,143,479.1111111111111,9,0.0,1876,1.1528442110879655,13.118881118881118,0
6000,2483,67,813.6,5,0.0,384,1.0749579674568772,5.731343283582089,0
6000,2495,78,558.6666666666666,6,0.0,538,1.1112273817431353,6.897435897435898,0
6000,2521,93,532.2857142857143,7,0.0,748,1.0867898276726398,8.043010752688172,0
6000,2529,80,487.6666666666667,6,0.0,561,1.1015209241649213,7.0125,0
6000,2541,63,793.1666666666666,6,0.0,355,1.1239762076335365,5.634920634920635,0
6000,2576,181,667.875,8,0.0,1368,0.5247335246312185,7.558011049723757,0
6000,2579,72,715.3333333333334,6,0.0,404,0.9793236358412627,5.611111111111111,0
6000,2582,66,871.0,5,0.0,395,1.139512486839273,5.984848484848484,0
6000,2585,107,810.125,8,0.0,915,1.0042998613100396,8.551401869158878,0
6000,2602,211,700.5,8,0.0,1351,0.38132941083981137,6.402843601895735,0
6000,2617,107,612.5,6,0.0,579,0.6355077810912709,5.411214953271028,0
6000,2623,120,706.4285714285714,7,0.0,1237,1.0794861423584927,10.308333333333334,0
6000,2658,106,866.0,6,0.0,853,0.9539973419409374,8.047169811320755,0
6000,2690,65,765.8333333333334,6,0.0,350,1.0410011159824166,5.384615384615385,0
6000,2715,78,953.6666666666666,6,0.0,522,1.0781797272675029,6.6923076923076925,0
6000,2719,100,700.0,6,0.0,808,1.0153627456402212,8.08,0
6000,2729,114,570.875,8,0.0,1062,1.026891781505805,9.31578947368421,0
6000,2744,122,602.2857142857143,7,0.0,1218,1.028341803835627,9.98360655737705,0
6000,2745,44,1078.0,4,0.0,172,1.1164337529286041,3.909090909090909,0
6000,2750,110,679.875,8,0.0,1045,1.0852774621492014,9.5,0
6000,2754,122,772.25,8,0.0,1291,1.0899747690901431,10.581967213114755,0
6000,2783,62,630.4,5,0.0,354,1.1572568151621092,5.709677419354839,0
6000,2789,85,747.3333333333334,6,0.0,639,1.1114063422249842,7.517647058823529,0
6000,2792,26,1025.0,4,0.0,78,1.449965840118366,3.0,0
6000,2793,21,1112.0,3,0.0,45,1.282282715750936,2.142857142857143,0
6000,2797,119,576.875,8,0.0,1112,0.9867808857543535,9.344537815126051,0
6000,2804,89,458.875,8,0.0,743,1.1787417455458735,8.348314606741573,0
6000,2806,107,831.75,8,0.0,974,1.0690579944436924,9.102803738317757,0
6000,2807,85,785.0,6,0.0,637,1.1079277621241235,7.4941176470588236,0
6000,2809,95,926.0,6,0.0,803,1.11809369565988,8.452631578947368,0
6000,2837,127,1011.1666666666666,6,0.0,1278,0.9957109334212302,10.062992125984252,0
6000,2862,71,643.0,5,0.0,422,1.0519754809084647,5.943661971830986,0
6000,2871,75,644.1666666666666,6,0.0,521,1.1639251715699785,6.946666666666666,0
6000,2873,124,527.75,8,0.0,1408,1.1507186410651478,11.35483870967742,0
6000,2883,56,342.6,5,0.0,273,1.0939474418750172,4.875,0
6000,2886,70,994.2,5,0.0,427,1.0950694392512994,6.1,0
6000,2888,65,686.6666666666666,6,0.0,385,1.1451012275806585,5.923076923076923,0
6000,2907,131,785.8571428571429,7,0.0,1508,1.1042530672136608,11.511450381679388,0
6000,2911,71,729.5,6,0.0,451,1.1242676348097573,6.352112676056338,0
6000,2932,68,1056.3333333333333,6,0.0,375,1.0191152639240246,5.514705882352941,0
6000,2946,17,702.75,4,0.0,32,1.3914320403442682,1.8823529411764706,0
6000,2953,145,656.6666666666666,9,0.0,1690,1.010091145696409,11.655172413793103,0
6000,2960,76,894.0,5,0.0,515,1.1204433632955288,6.776315789473684,0
6000,2961,93,855.6666666666666,6,0.0,735,1.0679017691703077,7.903225806451613,0
6000,2970,109,503.2857142857143,7,0.0,1082,1.1444165478273398,9.926605504587156,0
6000,3006,114,585.4285714285714,7,0.0,1135,1.097478504716656,9.956140350877194,0
6000,3042,44,790.4,5,0.0,153,0.9931067685934677,3.477272727272727,0
6000,3050,112,806.0,7,0.0,1080,1.0819260414148522,9.642857142857142,0
6000,3066,90,918.2,5,0.0,708,1.0983938759217649,7.866666666666666,0
6000,3071,128,976.8333333333334,6,0.0,622,0.4770680250324344,4.859375,0
6000,3080,91,683.5,6,0.0,720,1.0925959234800875,7.912087912087912,0
6000,3082,22,915.0,4,0.0,55,1.4279966607226333,2.5,0
6000,3083,77,778.5,6,0.0,533,1.1296804751987584,6.922077922077922,0
6000,3093,81,885.5,6,0.0,594,1.137696105003711,7.333333333333333,0
6000,3095,66,964.4,5,0.0,410,1.182785112921777,6.212121212121212,0
6000,3097,63,850.8,5,0.0,353,1.1176439473088404,5.603174603174603,0
6000,3099,101,644.375,8,0.0,913,1.1247031046867881,9.03960396039604,0
6000,3100,103,738.2857142857143,7,0.0,906,1.0731578637580743,8.79611650485437,0
6000,3110,11,911.0,4,0.0,14,1.4539602363721356,1.2727272727272727,0
6000,3118,64,843.6,5,0.0,380,1.1658253987930873,5.9375,0
6000,3126,55,1113.0,4,0.0,312,1.2961016964231609,5.672727272727273,0
6000,3128,61,909.4,5,0.0,340,1.1482305855635901,5.573770491803279,0
6000,3129,193,598.8571428571429,7,0.0,1179,0.3977489584775286,6.108808290155441,0
6000,3131,95,721.4285714285714,7,0.0,777,1.081891409125438,8.178947368421053,0
6000,3137,124,516.0,8,0.0,1450,1.1850440550741934,11.693548387096774,0
6000,3138,35,739.6,5,0.0,123,1.261766192298921,3.5142857142857142,0
6000,3141,15,973.3333333333334,3,0.0,28,1.5638150097869192,1.8666666666666667,0
6000,3150,111,486.0,7,0.0,1045,1.0658109968351055,9.414414414414415,0
6000,3163,81,854.6666666666666,6,0.0,605,1.1587645513926688,7.469135802469136,0
6000,3183,105,810.4,5,0.0,971,1.1067524595503635,9.247619047619047,0
6000,3188,100,935.3333333333334,6,0.0,966,1.213911401347096,9.66,0
6000,3208,75,604.8333333333334,6,0.0,461,1.029883885016814,6.1466666666666665,0
6000,3211,69,834.1666666666666,6,0.0,446,1.1771899378290676,6.463768115942029,0
6000,3218,96,662.1428571428571,7,0.0,858,1.1699160142274492,8.9375,0
6000,3230,59,1000.4,5,0.0,309,1.1154865038313657,5.237288135593221,0
6000,3234,89,748.5,6,0.0,650,1.0312007195219621,7.303370786516854,0
6000,3236,85,520.4285714285714,7,0.0,639,1.1114063422249842,7.517647058823529,0
6000,3238,26,797.8,5,0.0,64,1.1897155611227619,2.4615384615384617,0
6000,3249,91,528.6666666666666,6,0.0,790,1.1988205271517627,8.68131868131868,0
6000,3254,83,612.7142857142857,7,0.0,657,1.198447596695308,7.9156626506024095,0
6000,3256,8,1006.0,4,0.0,10,1.9634954084936207,1.25,0
6000,3263,86,442.625,8,0.0,697,1.184256397810755,8.104651162790697,0
6000,3271,77,673.4,5,0.0,540,1.1445168041413312,7.012987012987013,0
6000,3309,101,601.1428571428571,7,0.0,921,1.1345581154616997,9.118811881188119,0
6000,3311,89,415.42857142857144,7,0.0,721,1.1438395673466688,8.101123595505618,0
6000,3323,109,757.4285714285714,7,0.0,1029,1.0883591753367214,9.440366972477063,0
6000,3350,136,288.0,6,0.0,645,0.4382195634873306,4.742647058823529,0
6000,3403,59,535.5,6,0.0,326,1.1768563114855186,5.52542372881356,0
6000,3409,15,830.75,4,0.0,27,1.5079644737231006,1.8,0
6000,3422,153,706.4285714285714,7,0.0,832,0.44663250677717253,5.437908496732026,0
6000,3447,91,820.8,5,0.0,657,0.9969937801755798,7.21978021978022,0
6000,3454,98,786.0,7,0.0,901,1.1789150274404012,9.193877551020408,0
6000,3456,81,722.8,5,0.0,590,1.130034851771363,7.283950617283951,0
6000,3463,51,659.2,5,0.0,263,1.270648009064384,5.1568627450980395,0
6000,3469,110,591.0,7,0.0,1127,1.1704379902795692,10.245454545454546,0
6000,3478,90,654.1666666666666,6,0.0,759,1.1775154686788412,8.433333333333334,0
6000,3487,64,657.5,6,0.0,339,1.0400389741864646,5.296875,0
6000,3498,93,691.6666666666666,6,0.0,758,1.1013191034436642,8.150537634408602,0
6000,3504,100,670.0,5,0.0,373,0.46872562391559713,3.73,0
6000,3509,82,950.6666666666666,6,0.0,653,1.2203807274206633,7.963414634146342,0
6000,3518,74,582.5,6,0.0,519,1.191005542157124,7.013513513513513,0
6000,3524,96,797.3333333333334,6,0.0,726,0.9899289351155338,7.5625,0
6000,3532,97,760.5714285714286,7,0.0,897,1.198005573501985,9.24742268041237,0
6000,3545,115,607.8571428571429,7,0.0,471,0.44754333152084463,4.095652173913043,0
6000,3580,78,738.6666666666666,6,0.0,529,1.092638076100592,6.782051282051282,0
6000,3595,88,670.6,5,0.0,668,1.083979283366726,7.590909090909091,0
6000,3596,31,889.75,4,0.0,97,1.2684057748104471,3.129032258064516,0
6000,3605,117,534.875,8,0.0,794,0.7288843792681118,6.786324786324786,0
6000,3614,107,480.875,8,0.0,1079,1.1843055195120575,10.08411214953271,0
6000,3618,93,778.6666666666666,6,0.0,822,1.1943064683782219,8.838709677419354,0
6000,3619,104,514.6666666666666,6,0.0,723,0.8400042487224189,6.951923076923077,0
6000,3631,29,643.0,5,0.0,87,1.2999693738992246,3.0,0
6000,3635,107,637.125,8,0.0,981,1.0767411627815833,9.16822429906542,0
6000,3639,84,454.57142857142856,7,0.0,603,1.0739117744414088,7.178571428571429,0
6000,3655,118,840.5,6,0.0,1180,1.0649466622338282,10.0,0
6000,3663,105,571.4285714285714,7,0.0,1005,1.1455058927375028,9.571428571428571,0
6000,3684,82,638.0,6,0.0,567,1.0596567725076815,6.914634146341464,0
6000,3692,99,728.8333333333334,6,0.0,843,1.0808540381496565,8.515151515151516,0
6000,3702,45,855.6,5,0.0,205,1.2721510992314224,4.555555555555555,0
6000,3718,137,826.1666666666666,6,0.0,679,0.4546094968911438,4.956204379562044,0
6000,3725,63,457.1666666666667,6,0.0,370,1.1714681600687562,5.873015873015873,0
6000,3727,74,834.1666666666666,6,0.0,462,1.0602014652728156,6.243243243243243,0
6000,3774,82,848.0,5,0.0,540,1.009196926197792,6.585365853658536,0
6000,3789,62,619.5,6,0.0,369,1.206293120889317,5.951612903225806,0
6000,3792,111,790.2857142857143,7,0.0,1129,1.1514838425137168,10.17117117117117,0
6000,3805,79,740.0,6,0.0,558,1.1235434710482965,7.063291139240507,0
6000,3817,78,838.3333333333334,6,0.0,524,1.082310684076957,6.717948717948718,0
6000,3839,123,577.1666666666666,6,0.0,539,0.4477013524449464,4.382113821138211,0
6000,3858,156,559.2857142857143,7,0.0,883,0.45595435784348903,5.660256410256411,0
6000,3871,54,992.4,5,0.0,255,1.0989110105149482,4.722222222222222,0
6000,3879,25,1040.25,4,0.0,59,1.186265385995506,2.36,0
6000,3890,83,1021.25,4,0.0,371,0.6767489472967416,4.469879518072289,0
6000,3912,59,981.2,5,0.0,380,1.3717957005045922,6.440677966101695,0
6000,3917,42,937.4,5,0.0,188,1.3392730586731998,4.476190476190476,0
6000,3963,75,613.0,6,0.0,459,1.0254158421317086,6.12,0
6000,3975,96,922.4,5,0.0,849,1.1576441679243639,8.84375,0
6000,3978,96,777.0,7,0.0,783,1.0676506283684062,8.15625,0
6000,3992,184,641.1666666666666,6,0.0,1118,0.41496935098220566,6.076086956521739,0
6000,3995,57,969.6,5,0.0,301,1.1641974622721178,5.280701754385965,0
6000,4015,100,1108.8333333333333,6,0.0,944,1.186265385995506,9.44,0
6000,4028,75,931.6,5,0.0,489,1.0924364854082906,6.52,0
6000,4029,87,778.6666666666666,6,0.0,592,0.9828631792443692,6.804597701149425,0
6000,4042,126,636.75,8,0.0,1422,1.1255592727147103,11.285714285714286,0
6000,4061,60,1132.75,4,0.0,301,1.0506882097005863,5.016666666666667,0
6000,4101,42,707.8,5,0.0,157,1.1184354798494274,3.738095238095238,0
6000,4105,85,766.7142857142857,7,0.0,564,0.980959588442709,6.635294117647059,0
6000,4107,50,715.0,5,0.0,238,1.1963184824869932,4.76,0
6000,4111,57,574.4,5,0.0,301,1.1641974622721178,5.280701754385965,0
6000,4157,108,543.1666666666666,6,0.0,479,0.516057229447706,4.435185185185185,0
6000,4158,100,975.3333333333334,6,0.0,867,1.0895043322649403,8.67,0
6000,4173,63,718.8,5,0.0,323,1.0226600424384007,5.126984126984127,0
6000,4188,63,705.4,5,0.0,371,1.1746342902311044,5.888888888888889,0
6000,4191,71,869.2,5,0.0,512,1.2763304412917866,7.211267605633803,0
6000,4192,12,1060.5,4,0.0,15,1.308996938995747,1.25,0
6000,4237,70,641.8333333333334,6,0.0,481,1.2335559725524003,6.871428571428571,0
6000,4242,71,563.5,6,0.0,451,1.1242676348097573,6.352112676056338,0
6000,4246,25,805.0,4,0.0,58,1.1661591930125312,2.32,0
6000,4253,110,629.2857142857143,7,0.0,1021,1.060352429525679,9.281818181818181,0
6000,4276,51,1097.25,4,0.0,284,1.3721065953394869,5.568627450980392,0
6000,4300,62,618.0,6,0.0,350,1.1441804669681868,5.645161290322581,0
6000,4302,103,624.7142857142857,7,0.0,893,1.0577593513641945,8.669902912621358,0
6000,4307,58,608.0,5,0.0,294,1.0982499882941728,5.068965517241379,0
6000,4329,138,608.4285714285714,7,0.0,1531,1.010245400681784,11.094202898550725,0
6000,4332,86,738.8333333333334,6,0.0,693,1.1774600913670776,8.05813953488372,0
6000,4335,59,820.2,5,0.0,366,1.3212558589070547,6.203389830508475,0
6000,4350,85,776.8333333333334,6,0.0,627,1.0905348616198203,7.376470588235295,0
6000,4352,207,638.75,8,0.0,1402,0.4111659922362613,6.7729468599033815,0
6000,4353,75,462.1666666666667,6,0.0,482,1.0767983353104216,6.426666666666667,0
6000,4362,108,567.5714285714286,7,0.0,1022,1.101065737986546,9.462962962962964,0
6000,4372,56,831.0,5,0.0,308,1.2341971139102759,5.5,0
6000,4399,82,847.1666666666666,6,0.0,607,1.1344121003741847,7.402439024390244,0
6000,4405,118,662.875,8,0.0,1186,1.0703616452621358,10.05084745762712,0
6000,4457,90,851.2,5,0.0,690,1.0704686078898555,7.666666666666667,0
6000,4473,77,651.1666666666666,6,0.0,504,1.0682156838652426,6.545454545454546,0
6000,4477,182,808.1428571428571,7,0.0,967,0.366854256251821,5.313186813186813,0
6000,4490,129,679.25,8,0.0,1069,0.8072501764767716,8.286821705426357,0
6000,4492,85,694.1666666666666,6,0.0,636,1.1061884720736932,7.482352941176471,0
6000,4501,106,654.2857142857143,7,0.0,1002,1.1206393160900578,9.452830188679245,0
6000,4522,82,760.3333333333334,6,0.0,632,1.1811341802907491,7.7073170731707314,0
6000,4539,124,721.4,10,0.0,1295,1.0583669319455729,10.443548387096774,0
6000,4544,49,1243.6,5,0.0,241,1.2613474877386759,4.918367346938775,0
6000,4545,99,642.8571428571429,7,0.0,949,1.216762137845817,9.585858585858587,0
6000,4591,121,641.8571428571429,7,0.0,1182,1.0145106253789045,9.768595041322314,0
6000,4596,110,518.25,8,0.0,1075,1.1164337529286041,9.772727272727273,0
6000,4611,86,835.4285714285714,7,0.0,638,1.084010877766516,7.4186046511627906,0
6000,4615,53,712.8,5,0.0,247,1.104981680935107,4.660377358490566,0
6000,4630,53,461.0,5,0.0,235,1.0512983604038468,4.433962264150943,0
6000,4640,60,684.4,5,0.0,319,1.1135200627723822,5.316666666666666,0
6000,4647,96,694.7142857142857,7,0.0,849,1.1576441679243639,8.84375,0
6000,4663,121,657.5,8,0.0,1319,1.1320977283204527,10.900826446280991,0
6000,4680,56,655.6,5,0.0,302,1.2101543129899457,5.392857142857143,0
6000,4681,90,698.1428571428571,7,0.0,691,1.0720200116694059,7.677777777777778,0
6000,4690,12,1075.75,4,0.0,20,1.7453292519943295,1.6666666666666667,0
6000,4696,68,636.6,5,0.0,424,1.1522796584100972,6.235294117647059,0
6000,4703,117,696.1428571428571,7,0.0,1190,1.0924085785000668,10.17094017094017,0
6000,4714,81,695.0,5,0.0,618,1.1836636243978005,7.62962962962963,0
6000,4731,143,1085.3333333333333,6,0.0,931,0.5721204480399232,6.510489510489511,0
6000,4734,39,798.8,5,0.0,136,1.1236202521714975,3.4871794871794872,0
6000,4745,62,720.2,5,0.0,316,1.0330315073198488,5.096774193548387,0
6000,4753,21,612.25,4,0.0,47,1.3392730586731998,2.238095238095238,0
6000,4761,62,604.6,5,0.0,378,1.235714904325642,6.096774193548387,0
6000,4773,134,538.125,8,0.0,1620,1.1337447313021751,12.08955223880597,0
6000,4776,81,766.3333333333334,6,0.0,583,1.1166276586147534,7.197530864197531,0
6000,4777,110,761.0,8,0.0,1038,1.0780076609673406,9.436363636363636,0
6000,4779,94,811.6666666666666,6,0.0,766,1.0893888513579817,8.148936170212766,0
6000,4781,74,581.8333333333334,6,0.0,521,1.1955951588899068,7.04054054054054,0
6000,4791,86,959.0,6,0.0,652,1.1077979503193862,7.5813953488372094,0
6000,4792,100,599.8571428571429,7,0.0,924,1.1611326447667876,9.24,0
6000,4795,85,592.6666666666666,6,0.0,665,1.156627883536173,7.823529411764706,0
6000,4796,56,910.6,5,0.0,274,1.097954575361739,4.892857142857143,0
6000,4809,130,657.2857142857143,7,0.0,1515,1.1265119219381152,11.653846153846153,0
6000,4812,30,1049.5,4,0.0,92,1.2845623294678266,3.066666666666667,0
6000,4813,71,682.8,5,0.0,405,1.0095973217249483,5.704225352112676,0
6000,4825,27,512.2,5,0.0,61,1.0515070061397935,2.259259259259259,0
6000,4828,51,759.2,5,0.0,232,1.1208758102773273,4.549019607843137,0
6000,4843,123,871.125,8,0.0,1354,1.1246523770138357,11.008130081300813,0
6000,4851,93,937.3333333333334,6,0.0,749,1.0882427552497422,8.053763440860216,0
6000,4858,116,703.5,8,0.0,1178,1.1001177603831083,10.155172413793103,0
6000,4875,107,697.4285714285714,7,0.0,845,0.9274681779311295,7.897196261682243,0
6000,4901,77,926.0,5,0.0,582,1.233534777796768,7.558441558441558,0
6000,4904,111,482.6666666666667,9,0.0,1105,1.1270058866055421,9.954954954954955,0
6000,4918,22,996.0,3,0.0,50,1.2981787824751212,2.272727272727273,0
6000,4920,112,767.0,7,0.0,1132,1.134018776742234,10.107142857142858,0
6000,4925,88,646.4285714285714,7,0.0,753,1.2219107790047077,8.556818181818182,0
6000,4940,57,887.8,5,0.0,330,1.2763626662784016,5.7894736842105265,0
6000,4943,144,707.6666666666666,6,0.0,780,0.47269333908179756,5.416666666666667,0
6000,4977,102,691.5714285714286,7,0.0,943,1.13899341496931,9.245098039215685,0
6000,4979,49,756.0,5,0.0,222,1.16190515468044,4.530612244897959,0
6000,4983,75,849.0,7,0.0,494,1.1036065926210543,6.586666666666667,0
6000,4992,82,469.3333333333333,6,0.0,581,1.0858211372609576,7.085365853658536,0
8000,27,66,1315.2,5,0.0,261,0.7529436938355702,3.9545454545454546,0
8000,45,137,809.0,8,0.0,1623,1.0866439078856058,11.846715328467154,0
8000,51,80,824.8333333333334,6,0.0,580,1.1388273369263,7.25,0
8000,133,68,992.2,5,0.0,430,1.1685855026328815,6.323529411764706,0
8000,138,73,636.5,6,0.0,496,1.1696227856487427,6.794520547945205,0
8000,149,40,644.4,5,0.0,156,1.2252211349000193,3.9,0
8000,162,96,582.5,6,0.0,933,1.2721814000864917,9.71875,0
8000,165,102,633.4285714285714,7,0.0,890,1.0749778783909711,8.72549019607843,0
8000,196,74,651.5,6,0.0,512,1.1749418835923844,6.918918918918919,0
8000,224,93,947.0,6,0.0,741,1.0766193346329227,7.967741935483871,0
8000,262,111,696.1111111111111,9,0.0,1005,1.0250144036548143,9.054054054054054,0
8000,277,150,683.8888888888889,9,0.0,1827,1.0203892938859647,12.18,0
8000,308,122,900.8571428571429,7,0.0,1298,1.0958847794570146,10.639344262295081,0
8000,319,81,876.0,5,0.0,595,1.139611418311798,7.345679012345679,0
8000,336,103,742.5714285714286,7,0.0,941,1.1146153971262118,9.135922330097088,0
8000,349,112,918.5714285714286,7,0.0,1041,1.042856489919316,9.294642857142858,0
8000,358,52,762.4,5,0.0,239,1.1107110121419534,4.596153846153846,0
8000,370,110,455.42857142857144,7,0.0,1041,1.081123290045281,9.463636363636363,0
8000,374,107,649.8571428571429,7,0.0,943,1.0350325346616036,8.813084112149532,0
8000,392,62,732.8,5,0.0,357,1.1670640763075506,5.758064516129032,0
8000,395,90,881.1666666666666,6,0.0,767,1.189926698915245,8.522222222222222,0
8000,430,42,574.0,5,0.0,164,1.1683020299064082,3.9047619047619047,0
8000,432,106,1005.8333333333334,6,0.0,975,1.090442448291224,9.19811320754717,0
8000,485,85,511.2,5,0.0,636,1.1061884720736932,7.482352941176471,0
8000,491,94,821.5,6,0.0,785,1.1164102458433625,8.351063829787234,0
8000,500,71,594.3333333333334,6,0.0,453,1.1292533005960534,6.380281690140845,0
8000,504,118,711.6666666666666,6,0.0,1238,1.117291498174135,10.491525423728813,0
8000,534,73,721.1666666666666,6,0.0,472,1.113028134730255,6.465753424657534,0
8000,547,104,993.6666666666666,6,0.0,973,1.1304621493871556,9.35576923076923,0
8000,550,75,958.8,5,0.0,462,1.0321179064593669,6.16,0
8000,552,130,770.5714285714286,7,0.0,1517,1.1279990663895187,11.669230769230769,0
8000,554,91,624.0,5,0.0,402,0.6100327239430489,4.417582417582418,0
8000,563,137,552.125,8,0.0,1628,1.0899915477743478,11.883211678832117,0
8000,580,18,1413.5,4,0.0,36,1.3962634015954636,2.0,0
8000,582,97,813.0,6,0.0,838,1.1192069906295021,8.639175257731958,0
8000,632,51,864.0,5,0.0,271,1.3092988990739467,5.313725490196078,0
8000,634,46,506.6666666666667,6,0.0,201,1.1936864335946096,4.369565217391305,0
8000,662,82,896.5,6,0.0,653,1.2203807274206633,7.963414634146342,0
8000,678,164,927.5,6,0.0,872,0.4074165368724419,5.317073170731708,0
8000,689,38,1163.3333333333333,3,0.0,136,1.1835362905490634,3.5789473684210527,0
8000,697,76,1193.8333333333333,6,0.0,543,1.1813606723679069,7.144736842105263,0
8000,717,156,778.2857142857143,7,0.0,2023,1.0446157031906889,12.967948717948717,0
8000,724,42,1171.5,4,0.0,167,1.1896734085022573,3.9761904761904763,0
8000,773,57,915.4,5,0.0,288,1.1139165087520597,5.052631578947368,0
8000,775,125,744.5,8,0.0,1395,1.121925568449987,11.16,0
8000,779,51,1147.8,5,0.0,163,0.7875118839448462,3.196078431372549,0
8000,806,73,973.6,5,0.0,480,1.1318930183697509,6.575342465753424,0
8000,819,69,770.6666666666666,6,0.0,446,1.1771899378290676,6.463768115942029,0
8000,840,87,1046.5,4,0.0,281,0.466527961769709,3.2298850574712645,0
8000,849,35,1120.8,5,0.0,117,1.200216621942876,3.342857142857143,0
8000,877,120,628.4285714285714,7,0.0,1301,1.1353366784223113,10.841666666666667,0
8000,879,95,909.0,6,0.0,736,1.0248031880518949,7.747368421052632,0
8000,897,70,865.6666666666666,6,0.0,466,1.1950874910798723,6.6571428571428575,0
8000,899,62,554.0,5,0.0,351,1.1474495540166674,5.661290322580645,0
8000,903,191,672.1428571428571,7,0.0,1346,0.46364778506421,7.047120418848167,0
8000,930,72,1013.4,5,0.0,490,1.1877935187183633,6.805555555555555,0
8000,943,94,1130.0,6,0.0,739,1.0509900276155986,7.861702127659575,0
8000,948,91,996.8333333333334,6,0.0,634,0.9620914103977437,6.967032967032967,0
8000,954,29,985.0,4,0.0,82,1.225258490341798,2.8275862068965516,0
8000,959,55,903.2,5,0.0,275,1.1423973285781066,5.0,0
8000,962,79,745.4285714285714,7,0.0,564,1.1356245836402135,7.139240506329114,0
8000,969,159,673.5,10,0.0,2253,1.1198937144160126,14.169811320754716,0
8000,973,93,902.3333333333334,6,0.0,782,1.1361893652941233,8.408602150537634,0
8000,1032,39,565.4,5,0.0,162,1.3384300062631072,4.153846153846154,0
8000,1105,37,804.5,4,0.0,118,1.0831495489367293,3.189189189189189,0
8000,1111,44,1053.5,4,0.0,165,1.0709974955419748,3.75,0
8000,1121,76,609.1428571428571,7,0.0,458,0.9964331269696157,6.026315789473684,0
8000,1129,78,821.3333333333334,6,0.0,560,1.1566679066471295,7.17948717948718,0
8000,1133,93,923.5,6,0.0,783,1.1376422928712258,8.419354838709678,0
8000,1138,88,923.0,5,0.0,579,0.939556893816369,6.579545454545454,0
8000,1196,33,873.5,4,0.0,100,1.1539366955334411,3.0303030303030303,0
8000,1201,43,1011.0,4,0.0,157,1.0670201116573228,3.6511627906976742,0
8000,1219,89,641.1666666666666,6,0.0,711,1.1279749408924846,7.98876404494382,0
8000,1245,126,747.0,8,0.0,1392,1.1018132964971004,11.047619047619047,0
8000,1248,71,898.4,5,0.0,473,1.179109958459014,6.661971830985915,0
8000,1266,171,921.375,8,0.0,1514,0.6506441335843435,8.853801169590643,0
8000,1268,136,923.7142857142857,7,0.0,1487,1.010282931636683,10.933823529411764,0
8000,1274,22,657.75,4,0.0,50,1.2981787824751212,2.272727272727273,0
8000,1277,97,935.8333333333334,6,0.0,887,1.1846498814897,9.144329896907216,0
8000,1304,103,705.1428571428571,7,0.0,956,1.1323829114268422,9.281553398058252,0
8000,1328,40,605.4,5,0.0,146,1.1466813185602744,3.65,0
8000,1339,105,710.0,7,0.0,1022,1.1648826093310725,9.733333333333333,0
8000,1364,80,840.6,5,0.0,328,0.6440264939859075,4.1,0
8000,1371,87,703.8333333333334,6,0.0,658,1.0924391417952617,7.563218390804598,0
8000,1375,30,1409.25,4,0.0,117,1.6336281798666925,3.9,0
8000,1389,34,879.6,5,0.0,115,1.2501147237468035,3.3823529411764706,0
8000,1400,50,1010.6666666666666,6,0.0,232,1.1661591930125312,4.64,0
8000,1407,111,708.2857142857143,7,0.0,1146,1.1688223946153407,10.324324324324325,0
8000,1429,88,578.0,6,0.0,711,1.1537563929247638,8.079545454545455,0
8000,1470,58,729.0,6,0.0,312,1.1654897834958566,5.379310344827586,0
8000,1537,72,1355.5,4,0.0,551,1.3356616914567716,7.652777777777778,0
8000,1545,81,909.0,7,0.0,626,1.1989861308624967,7.728395061728395,0
8000,1578,41,1149.25,4,0.0,177,1.323169303237105,4.317073170731708,0
8000,1582,136,639.1666666666666,6,0.0,679,0.4613195094696085,4.992647058823529,0
8000,1616,130,1085.5714285714287,7,0.0,1329,0.988207487957594,10.223076923076922,0
8000,1622,109,1151.6,5,0.0,1117,1.181435567396616,10.247706422018348,0
8000,1647,69,938.3333333333334,6,0.0,447,1.1798293771515542,6.478260869565218,0
8000,1697,40,926.0,4,0.0,139,1.0917034471224532,3.475,0
8000,1711,109,1039.0,7,0.0,998,1.055570900861077,9.155963302752294,0
8000,1733,200,821.8571428571429,7,0.0,1587,0.49857075412470014,7.935,0
8000,1744,42,768.0,5,0.0,165,1.1754258227716912,3.9285714285714284,0
8000,1758,68,1159.4,5,0.0,397,1.0789033594075674,5.838235294117647,0
8000,1788,44,825.0,5,0.0,157,1.01907034424297,3.5681818181818183,0
8000,1803,102,762.0,6,0.0,946,1.1426169359077065,9.27450980392157,0
8000,1806,82,1030.0,5,0.0,650,1.2147740778306755,7.926829268292683,0
8000,1829,73,774.0,4,0.0,226,0.5329329628157577,3.095890410958904,0
8000,1839,137,1015.1428571428571,7,0.0,1622,1.0859743799078576,11.83941605839416,0
8000,1842,114,929.3333333333334,6,0.0,1140,1.1023132117858923,10.0,0
8000,1852,76,878.6,5,0.0,565,1.229224272353347,7.434210526315789,0
8000,1868,67,691.8,5,0.0,463,1.2961081743034744,6.91044776119403,0
8000,1869,63,771.3333333333334,6,0.0,409,1.294947236400328,6.492063492063492,0
8000,1882,79,815.6666666666666,6,0.0,547,1.1013947646297817,6.924050632911392,0
8000,1904,73,585.0,6,0.0,500,1.1790552274684905,6.8493150684931505,0
8000,1907,61,818.4,5,0.0,372,1.2562993465578103,6.098360655737705,0
8000,1952,123,899.5714285714286,7,0.0,1381,1.1470789753737864,11.227642276422765,0
8000,1961,43,881.0,4,0.0,169,1.1485757889814496,3.9302325581395348,0
8000,1963,72,688.3333333333334,6,0.0,472,1.1441602874185048,6.555555555555555,0
8000,1972,109,601.4285714285714,7,0.0,973,1.0291287440258796,8.926605504587156,0
8000,2010,119,582.5,8,0.0,1216,1.079069745573106,10.218487394957982,0
8000,2076,95,903.2,5,0.0,747,1.0401195400472356,7.863157894736842,0
8000,2084,115,823.6666666666666,6,0.0,1158,1.100329464758255,10.069565217391304,0
8000,2087,99,742.7142857142857,7,0.0,811,1.039825177864023,8.191919191919192,0
8000,2090,177,694.125,8,0.0,1081,0.4335997521185568,6.107344632768362,0
8000,2097,122,680.2,5,0.0,527,0.4449393519058911,4.319672131147541,0
8000,2119,123,616.125,8,0.0,1211,1.005874467181503,9.845528455284553,0
8000,2134,79,717.8333333333334,6,0.0,541,1.0893136520378646,6.848101265822785,0
8000,2135,26,788.0,4,0.0,80,1.4871444514034524,3.076923076923077,0
8000,2142,145,951.25,8,0.0,1653,0.9879767241634108,11.4,0
8000,2147,132,681.625,8,0.0,1503,1.083979283366726,11.386363636363637,0
8000,2169,90,904.6666666666666,6,0.0,728,1.129421951512775,8.088888888888889,0
8000,2170,115,728.5714285714286,7,0.0,1276,1.21245284717749,11.095652173913043,0
8000,2175,141,793.25,8,0.0,1671,1.0562046826917246,11.851063829787234,0
8000,2182,16,1427.6666666666667,3,0.0,32,1.5707963267948966,2.0,0
8000,2198,125,788.5,8,0.0,1445,1.1621379544159363,11.56,0
8000,2234,100,876.3333333333334,6,0.0,828,1.0404954868689393,8.28,0
8000,2241,82,1086.0,5,0.0,604,1.128805450784197,7.365853658536586,0
8000,2266,114,946.8571428571429,7,0.0,970,0.9379331714318557,8.508771929824562,0
8000,2270,124,686.2857142857143,7,0.0,1366,1.1163932270561023,11.016129032258064,0
8000,2278,88,933.8333333333334,6,0.0,645,1.0466566433705664,7.329545454545454,0
8000,2281,233,765.5555555555555,9,0.0,1834,0.4245192158031042,7.871244635193133,0
8000,2290,32,828.8,5,0.0,98,1.2026409377023426,3.0625,0
8000,2301,114,798.5,6,0.0,561,0.5424541331683207,4.921052631578948,0
8000,2320,111,633.75,8,0.0,1085,1.1066075900153967,9.774774774774775,0
8000,2331,52,752.8,5,0.0,272,1.2640727836929346,5.230769230769231,0
8000,2332,53,958.4,5,0.0,309,1.3823455036799517,5.830188679245283,0
8000,2335,99,1247.1666666666667,6,0.0,924,1.1847083407476662,9.333333333333334,0
8000,2352,75,590.4285714285714,7,0.0,487,1.0879684425231853,6.493333333333333,0
8000,2357,77,731.2,5,0.0,511,1.0830520128078152,6.636363636363637,0
8000,2380,116,779.375,8,0.0,1194,1.1150599370945935,10.293103448275861,0
8000,2389,53,805.0,4,0.0,291,1.3018205228830613,5.490566037735849,0
8000,2403,156,834.8571428571429,7,0.0,1922,0.9924623734713318,12.320512820512821,0
8000,2419,97,596.0,6,0.0,730,0.9749655168968219,7.525773195876289,0
8000,2438,60,844.6666666666666,6,0.0,347,1.2112585008840648,5.783333333333333,0
8000,2439,165,766.7,10,0.0,2286,1.0551597143957785,13.854545454545455,0
8000,2483,56,866.8,5,0.0,269,1.0779189079281306,4.803571428571429,0
8000,2495,83,842.8571428571429,7,0.0,595,1.0853520852872272,7.168674698795181,0
8000,2521,95,596.1666666666666,6,0.0,824,1.1473340040146214,8.673684210526316,0
8000,2529,85,582.0,6,0.0,607,1.0557490606112134,7.141176470588236,0
8000,2541,53,980.6,5,0.0,276,1.234716372218986,5.2075471698113205,0
8000,2576,210,651.375,8,0.0,1538,0.4382557370722088,7.3238095238095235,0
8000,2579,63,905.4,5,0.0,325,1.0289923027630967,5.158730158730159,0
8000,2582,56,914.4,5,0.0,287,1.1500473106891207,5.125,0
8000,2585,116,935.1428571428571,7,0.0,1093,1.0207374466033425,9.422413793103448,0
8000,2602,227,782.5,8,0.0,1541,0.3758034721560186,6.788546255506608,0
8000,2617,100,737.8,5,0.0,518,0.6509379978238051,5.18,0
8000,2623,121,865.3333333333334,6,0.0,1279,1.0977657274616066,10.570247933884298,0
8000,2658,102,885.1666666666666,6,0.0,837,1.0109623418126323,8.205882352941176,0
8000,2690,61,787.6666666666666,6,0.0,315,1.0638018660368556,5.163934426229508,0
8000,2715,79,985.6666666666666,6,0.0,527,1.061124389323391,6.670886075949367,0
8000,2719,106,894.0,6,0.0,884,0.9886678197840432,8.339622641509434,0
8000,2729,114,809.8333333333334,6,0.0,1113,1.076205793612016,9.763157894736842,0
8000,2744,130,712.0,7,0.0,1356,1.0082839380515407,10.430769230769231,0
8000,2750,118,658.125,8,0.0,1215,1.096534063232289,10.296610169491526,0
8000,2754,134,964.2857142857143,7,0.0,1442,1.009172779344282,10.761194029850746,0
8000,2783,53,669.0,5,0.0,249,1.1139289010236504,4.69811320754717,0
8000,2789,80,970.4,5,0.0,596,1.170243263462198,7.45,0
8000,2797,139,574.5,8,0.0,1322,0.8598282672834132,9.510791366906474,0
8000,2804,95,496.57142857142856,7,0.0,914,1.272649611249228,9.621052631578948,0
8000,2806,114,833.625,8,0.0,1134,1.0965115633028086,9.947368421052632,0
8000,2807,91,784.8333333333334,6,0.0,667,1.0121687235572476,7.329670329670329,0
8000,2809,93,970.0,6,0.0,783,1.1376422928712258,8.419354838709678,0
8000,2837,124,1064.3333333333333,6,0.0,1292,1.0559151166592124,10.419354838709678,0
8000,2862,61,668.6,5,0.0,327,1.104327651409688,5.360655737704918,0
8000,2871,72,656.1666666666666,6,0.0,500,1.2120342027738398,6.944444444444445,0
8000,2873,134,593.2222222222222,9,0.0,1728,1.2093277133889868,12.895522388059701,0
8000,2883,48,372.75,4,0.0,216,1.1780972450961724,4.5,0
8000,2886,63,1094.4,5,0.0,339,1.0733181250359685,5.380952380952381,0
8000,2888,63,724.5,6,0.0,364,1.1524713790946683,5.777777777777778,0
8000,2907,135,895.8571428571429,7,0.0,1589,1.0956358247581195,11.77037037037037,0
8000,2911,72,768.5,6,0.0,443,1.073862303657622,6.152777777777778,0
8000,2932,58,1002.6,5,0.0,290,1.0833078115826873,5.0,0
8000,2953,154,626.2222222222222,9,0.0,1934,1.0247664348191363,12.558441558441558,0
8000,2960,70,929.0,5,0.0,415,1.064294654073277,5.928571428571429,0
8000,2961,90,931.6666666666666,6,0.0,715,1.1092537023786184,7.944444444444445,0
8000,2970,114,711.0,7,0.0,1223,1.182569349135216,10.728070175438596,0
8000,3006,122,647.8571428571429,7,0.0,1294,1.0925076306759454,10.60655737704918,0
8000,3050,119,848.0,7,0.0,1187,1.0533353519698,9.974789915966387,0
8000,3066,84,952.6,5,0.0,642,1.143368754877918,7.642857142857143,0
8000,3071,126,1027.8333333333333,6,0.0,616,0.48758404500159047,4.888888888888889,0
8000,3080,92,683.0,6,0.0,756,1.1224215718874686,8.217391304347826,0
8000,3083,66,1269.5,4,0.0,415,1.197209321615945,6.287878787878788,0
8000,3093,86,893.6666666666666,6,0.0,600,1.0194459665515825,6.976744186046512,0
8000,3095,58,1036.4,5,0.0,309,1.1542831509622427,5.327586206896552,0
8000,3097,52,1211.8,5,0.0,234,1.0874743800887745,4.5,0
8000,3099,114,801.7142857142857,7,0.0,1107,1.0704041451289323,9.710526315789474,0
8000,3100,107,743.5714285714286,7,0.0,1023,1.1228401728089294,9.560747663551401,0
8000,3118,55,922.2,5,0.0,271,1.125780640162425,4.927272727272728,0
8000,3126,29,1254.25,4,0.0,88,1.3149115506107099,3.0344827586206895,0
8000,3128,46,976.8,5,0.0,182,1.080850402558303,3.9565217391304346,0
8000,3129,201,572.2857142857143,7,0.0,1289,0.40093195024650313,6.412935323383085,0
8000,3131,94,853.6666666666666,6,0.0,794,1.1292098537574902,8.446808510638299,0
8000,3137,135,706.75,8,0.0,1672,1.1528653864037606,12.385185185185184,0
8000,3150,123,654.0,8,0.0,1218,1.0116887704600088,9.902439024390244,0
8000,3163,82,891.8333333333334,6,0.0,593,1.1082477356209086,7.2317073170731705,0
8000,3183,103,852.0,5,0.0,940,1.1134308961728365,9.12621359223301,0
8000,3188,101,950.3333333333334,6,0.0,962,1.1850650456831215,9.524752475247524,0
8000,3208,75,598.3333333333334,6,0.0,474,1.0589261637699996,6.32,0
8000,3211,70,841.8333333333334,6,0.0,411,1.0540363923472693,5.871428571428571,0
8000,3218,102,660.7142857142857,7,0.0,953,1.1510718180972983,9.343137254901961,0
8000,3230,45,1072.4,5,0.0,189,1.1728612573401895,4.2,0
8000,3234,92,965.5,6,0.0,722,1.0719422948449104,7.8478260869565215,0
8000,3236,92,605.4285714285714,7,0.0,735,1.0912431948905945,7.989130434782608,0
8000,3249,86,640.2,5,0.0,760,1.291298224298671,8.837209302325581,0
8000,3254,72,1120.25,4,0.0,551,1.3356616914567716,7.652777777777778,0
8000,3263,96,517.375,8,0.0,907,1.236729399655357,9.447916666666666,0
8000,3271,66,917.75,4,0.0,397,1.1452821703169402,6.015151515151516,0
8000,3309,109,594.8571428571429,7,0.0,1023,1.0820130576962743,9.385321100917432,0
8000,3311,97,378.2857142857143,7,0.0,854,1.1405760978491586,8.804123711340207,0
8000,3323,115,766.0,7,0.0,1146,1.0889270868851124,9.965217391304348,0
8000,3350,162,529.0,8,0.0,860,0.411792361238717,5.308641975308642,0
8000,3403,60,523.8333333333334,6,0.0,317,1.106538745764405,5.283333333333333,0
8000,3422,156,845.8333333333334,6,0.0,891,0.4600853146529431,5.711538461538462,0
8000,3447,85,879.0,5,0.0,578,1.0053096491487339,6.8,0
8000,3454,104,786.5714285714286,7,0.0,991,1.1513751182350167,9.528846153846153,0
8000,3456,77,951.0,5,0.0,557,1.1805478887161511,7.233766233766234,0
8000,3463,37,672.2,5,0.0,137,1.2575549847824739,3.7027027027027026,0
8000,3469,117,848.1428571428571,7,0.0,1209,1.109850396139984,10.333333333333334,0
8000,3478,96,720.6666666666666,6,0.0,795,1.0840130901058531,8.28125,0
8000,3487,50,789.8,5,0.0,240,1.2063715789784806,4.8,0
8000,3498,96,743.1666666666666,6,0.0,796,1.0853766285839737,8.291666666666666,0
8000,3504,71,710.4,5,0.0,276,0.6880218785088538,3.887323943661972,0
8000,3509,81,1017.8333333333334,6,0.0,641,1.2277158304838027,7.91358024691358,0
8000,3518,73,561.0,6,0.0,516,1.2167849947474823,7.068493150684931,0
8000,3524,99,852.7142857142857,7,0.0,797,1.0218750514890582,8.05050505050505,0
8000,3532,105,802.2857142857143,7,0.0,1012,1.1534845407466199,9.638095238095238,0
8000,3545,122,590.4285714285714,7,0.0,522,0.4407179159295544,4.278688524590164,0
8000,3580,80,763.5,6,0.0,545,1.0701049976290233,6.8125,0
8000,3595,90,715.8333333333334,6,0.0,668,1.0363377247397443,7.4222222222222225,0
8000,3605,142,896.75,8,0.0,1008,0.6281938890733012,7.098591549295775,0
8000,3614,120,513.0,7,0.0,1282,1.1187560505283654,10.683333333333334,0
8000,3618,96,905.5,6,0.0,862,1.1753701681399313,8.979166666666666,0
8000,3619,98,497.8333333333333,6,0.0,733,0.9590951333116694,7.479591836734694,0
8000,3635,121,696.75,8,0.0,1210,1.038543025980097,10.0,0
8000,3639,94,557.0,7,0.0,723,1.0282351691015936,7.691489361702128,0
8000,3655,117,871.0,6,0.0,1195,1.0969985305105714,10.213675213675213,0
8000,3663,110,543.5714285714286,7,0.0,1116,1.1590140169937881,10.145454545454545,0
8000,3684,76,763.8,5,0.0,504,1.0965115633028086,6.631578947368421,0
8000,3692,97,735.0,6,0.0,846,1.1298915442393302,8.721649484536082,0
8000,3702,21,912.6,5,0.0,46,1.310777887212068,2.1904761904761907,0
8000,3718,135,872.6666666666666,6,0.0,663,0.4571469803742184,4.911111111111111,0
8000,3725,41,766.25,4,0.0,194,1.4502533606101602,4.7317073170731705,0
8000,3727,71,876.5,6,0.0,424,1.0569611466947608,5.971830985915493,0
8000,3774,77,960.4,5,0.0,491,1.0406625015433217,6.376623376623376,0
8000,3789,63,636.3333333333334,6,0.0,339,1.0733181250359685,5.380952380952381,0
8000,3792,118,790.0,8,0.0,1271,1.1470739048298269,10.771186440677965,0
8000,3805,80,884.0,5,0.0,548,1.0759954838545043,6.85,0
8000,3817,75,887.3333333333334,6,0.0,501,1.1192447427189236,6.68,0
8000,3839,138,712.3333333333334,6,0.0,628,0.4143919736304117,4.550724637681159,0
8000,3858,162,759.0,6,0.0,929,0.44483151580321867,5.734567901234568,0
8000,3871,13,1380.0,4,0.0,21,1.5615016739736252,1.6153846153846154,0
8000,3890,40,1151.5,4,0.0,162,1.2723450247038661,4.05,0
8000,3912,49,1094.0,5,0.0,265,1.386958855812237,5.408163265306122,0
8000,3963,74,635.6666666666666,6,0.0,456,1.0464326150744672,6.162162162162162,0
8000,3975,92,985.6,5,0.0,791,1.1743855335489255,8.597826086956522,0
8000,3978,102,993.7142857142857,7,0.0,896,1.0822249202677643,8.784313725490197,0
8000,3992,194,775.1666666666666,6,0.0,1164,0.3886506375575002,6.0,0
8000,3995,42,1093.2,5,0.0,167,1.1896734085022573,3.9761904761904763,0
8000,4015,101,1156.3333333333333,6,0.0,957,1.178905663948802,9.475247524752476,0
8000,4028,58,1308.25,4,0.0,305,1.1393409742507574,5.258620689655173,0
8000,4029,82,985.2,5,0.0,533,0.9961147438211538,6.5,0
8000,4042,138,862.7142857142857,7,0.0,1597,1.0537961495028145,11.572463768115941,0
8000,4061,33,1296.75,4,0.0,95,1.096239860756769,2.878787878787879,0
8000,4105,101,950.2857142857143,7,0.0,668,0.8228933997051199,6.6138613861386135,0
8000,4111,46,570.4,5,0.0,194,1.152115264265444,4.217391304347826,0
8000,4157,106,581.8333333333334,6,0.0,462,0.51670196011338,4.3584905660377355,0
8000,4158,105,1001.3333333333334,6,0.0,893,1.0178475245916319,8.504761904761905,0
8000,4173,50,722.6,5,0.0,210,1.0555751316061706,4.2,0
8000,4188,59,1072.4,5,0.0,273,0.9855269111519834,4.627118644067797,0
8000,4191,66,936.2,5,0.0,427,1.2318274224819483,6.46969696969697,0
8000,4237,72,772.0,5,0.0,489,1.1853694503128154,6.791666666666667,0
8000,4242,69,575.8333333333334,6,0.0,435,1.148156105281714,6.304347826086956,0
8000,4253,113,636.8571428571429,7,0.0,1118,1.100258622198571,9.893805309734514,0
8000,4276,26,1184.25,4,0.0,78,1.449965840118366,3.0,0
8000,4300,59,652.8333333333334,6,0.0,319,1.1515863906867498,5.406779661016949,0
8000,4302,109,611.4285714285714,7,0.0,982,1.0386479204865506,9.009174311926605,0
8000,4307,44,599.6,5,0.0,174,1.1294155407533553,3.9545454545454546,0
8000,4329,140,598.8571428571429,7,0.0,1618,1.0373667170425072,11.557142857142857,0
8000,4332,90,863.5,6,0.0,710,1.1014966834808657,7.888888888888889,0
8000,4335,50,877.0,5,0.0,245,1.231504320207199,4.9,0
8000,4350,85,831.3333333333334,6,0.0,648,1.1270599526788572,7.623529411764705,0
8000,4352,225,607.125,8,0.0,1617,0.4013791858453093,7.1866666666666665,0
8000,4353,75,615.0,6,0.0,475,1.0611601852125523,6.333333333333333,0
8000,4362,114,575.0,7,0.0,1128,1.090709914819725,9.894736842105264,0
8000,4372,43,855.4,5,0.0,183,1.2437240791929305,4.255813953488372,0
8000,4399,82,852.8333333333334,6,0.0,604,1.128805450784197,7.365853658536586,0
8000,4405,126,614.75,8,0.0,1362,1.0780673202794906,10.80952380952381,0
8000,4457,88,881.0,5,0.0,654,1.0612611546734116,7.431818181818182,0
8000,4473,72,817.6,5,0.0,437,1.0593178932243361,6.069444444444445,0
8000,4477,223,881.2857142857143,7,0.0,1086,0.274428974787228,4.869955156950673,0
8000,4490,149,780.0,7,0.0,1186,0.6713082991140029,7.959731543624161,0
8000,4492,85,975.5,6,0.0,684,1.1896743944943493,8.047058823529412,0
8000,4501,111,793.7142857142857,7,0.0,1102,1.1239461421170203,9.927927927927929,0
8000,4522,82,760.5,6,0.0,655,1.2241184938139884,7.987804878048781,0
8000,4539,136,1073.0,7,0.0,1553,1.05512400324934,11.419117647058824,0
8000,4544,31,1340.0,5,0.0,98,1.2814821230043691,3.161290322580645,0
8000,4545,106,793.1428571428571,7,0.0,1082,1.2101115169754917,10.20754716981132,0
8000,4591,125,766.4285714285714,7,0.0,1289,1.0366753102021742,10.312,0
8000,4596,118,573.4285714285714,7,0.0,1220,1.1010465490892123,10.338983050847459,0
8000,4611,96,923.7142857142857,7,0.0,741,1.0103820122873424,7.71875,0
8000,4615,27,954.5,4,0.0,63,1.0859826456853607,2.3333333333333335,0
8000,4630,38,656.4,5,0.0,123,1.0704041451289323,3.236842105263158,0
8000,4640,48,892.5,4,0.0,197,1.074468320759009,4.104166666666667,0
8000,4647,97,806.1666666666666,6,0.0,914,1.22071024992287,9.422680412371134,0
8000,4663,130,832.25,8,0.0,1512,1.12428120526101,11.63076923076923,0
8000,4680,46,723.8,5,0.0,186,1.1046053564606833,4.043478260869565,0
8000,4681,95,701.8571428571429,7,0.0,755,1.0512587051347562,7.947368421052632,0
8000,4696,64,632.8,5,0.0,373,1.1443496677626883,5.828125,0
8000,4703,117,841.6666666666666,6,0.0,1224,1.1236202521714973,10.461538461538462,0
8000,4714,85,890.1666666666666,6,0.0,597,1.03835616010691,7.023529411764706,0
8000,4731,133,1194.0,6,0.0,922,0.6549942736411983,6.932330827067669,0
8000,4745,52,949.25,4,0.0,216,1.0038225046973304,4.153846153846154,0
8000,4761,53,649.2,5,0.0,271,1.2123483219976274,5.113207547169812,0
8000,4773,147,853.625,8,0.0,1955,1.1368991878880181,13.299319727891156,0
8000,4776,75,981.8,5,0.0,510,1.1393509357018983,6.8,0
8000,4777,122,863.5,8,0.0,1242,1.0486046965220432,10.180327868852459,0
8000,4779,91,1082.0,5,0.0,713,1.0819734631129199,7.835164835164835,0
8000,4781,78,752.0,6,0.0,538,1.1112273817431353,6.897435897435898,0
8000,4791,83,1213.4,5,0.0,591,1.0780556006802542,7.120481927710843,0
8000,4792,106,680.4285714285714,7,0.0,1044,1.1676122215549105,9.849056603773585,0
8000,4795,85,579.1666666666666,6,0.0,690,1.2001101347969314,8.117647058823529,0
8000,4796,36,995.0,5,0.0,113,1.0956789193075513,3.138888888888889,0
8000,4809,134,673.7142857142857,7,0.0,1599,1.1190480403408507,11.932835820895523,0
8000,4813,54,894.25,4,0.0,254,1.0946015555717523,4.703703703703703,0
8000,4828,23,842.0,4,0.0,52,1.2352576029237752,2.260869565217391,0
8000,4843,127,921.875,8,0.0,1499,1.1678956879486886,11.803149606299213,0
8000,4851,96,989.1666666666666,6,0.0,742,1.011745550765463,7.729166666666667,0
8000,4858,121,701.125,8,0.0,1310,1.1243730281272124,10.826446280991735,0
8000,4875,128,840.8333333333334,6,0.0,845,0.6481068828816834,6.6015625,0
8000,4901,69,1004.2,5,0.0,509,1.3434746151457295,7.3768115942028984,0
8000,4904,120,583.8571428571429,7,0.0,1292,1.127482696788337,10.766666666666667,0
8000,4920,116,822.8571428571429,7,0.0,1215,1.134671544028418,10.474137931034482,0
8000,4925,89,757.5,6,0.0,769,1.219989774326752,8.640449438202246,0
8000,4940,46,966.6,5,0.0,211,1.2530738183505603,4.586956521739131,0
8000,4943,146,724.3333333333334,6,0.0,787,0.463958232008851,5.390410958904109,0
8000,4977,110,1073.5714285714287,7,0.0,1088,1.1299348122663455,9.89090909090909,0
8000,4979,19,929.75,4,0.0,38,1.3227758541430708,2.0,0
8000,4983,77,857.2857142857143,7,0.0,546,1.1572336575206794,7.090909090909091,0
8000,4992,89,654.8571428571429,7,0.0,678,1.0756216735936774,7.617977528089888,0
10000,27,34,1438.2,5,0.0,118,1.2827264121923723,3.4705882352941178,0
10000,45,145,904.7142857142857,7,0.0,1791,1.0704575396108098,12.351724137931035,0
10000,51,82,910.0,6,0.0,603,1.1269365675875345,7.353658536585366,0
10000,133,58,1084.0,5,0.0,301,1.124398797539272,5.189655172413793,0
10000,138,75,881.5,6,0.0,502,1.1214787641614765,6.693333333333333,0
10000,162,105,789.1666666666666,6,0.0,1023,1.1660224161895179,9.742857142857142,0
10000,165,113,783.2857142857143,7,0.0,1030,1.0136550812741756,9.11504424778761,0
10000,196,79,833.3333333333334,6,0.0,542,1.091327170803184,6.860759493670886,0
10000,224,92,990.1666666666666,6,0.0,767,1.1387531026953552,8.33695652173913,0
10000,262,116,1048.7142857142858,7,0.0,1142,1.0664978627822663,9.844827586206897,0
10000,277,160,969.625,8,0.0,2037,0.9999100367753764,12.73125,0
10000,308,126,925.8571428571429,7,0.0,1397,1.1057709592000353,11.087301587301587,0
10000,319,76,959.0,5,0.0,524,1.140023926925936,6.894736842105263,0
10000,336,114,927.7142857142857,7,0.0,1068,1.0326934299888886,9.368421052631579,0
10000,349,112,1079.6666666666667,6,0.0,1142,1.144036610459038,10.196428571428571,0
10000,358,27,970.0,4,0.0,72,1.241123023640412,2.6666666666666665,0
10000,370,123,573.4285714285714,7,0.0,1202,0.9983989343948526,9.772357723577235,0
10000,374,111,887.1428571428571,7,0.0,1038,1.0586715930285546,9.35135135135135,0
10000,392,53,787.6,5,0.0,261,1.1676122215549105,4.9245283018867925,0
10000,395,92,909.0,6,0.0,774,1.1491458950276465,8.41304347826087,0
10000,432,111,1258.8,5,0.0,988,1.0076758515531907,8.9009009009009,0
10000,485,84,491.0,5,0.0,617,1.0988450494698991,7.345238095238095,0
10000,491,95,849.1666666666666,6,0.0,788,1.0972077611207787,8.294736842105262,0
10000,500,64,734.0,5,0.0,390,1.1965050145508,6.09375,0
10000,504,126,1144.3333333333333,6,0.0,1387,1.0978556337941656,11.007936507936508,0
10000,534,71,901.6,5,0.0,426,1.061946812481057,6.0,0
10000,547,111,1129.3333333333333,6,0.0,991,1.0107355960417126,8.927927927927929,0
10000,550,71,1618.75,4,0.0,404,1.0071044888318004,5.690140845070423,0
10000,552,134,759.8571428571429,7,0.0,1596,1.1169485130606616,11.91044776119403,0
10000,554,76,648.8,5,0.0,305,0.6635635452526918,4.0131578947368425,0
10000,563,149,864.625,8,0.0,1822,1.0313016197181393,12.228187919463087,0
10000,582,96,830.1666666666666,6,0.0,855,1.1658253987930873,8.90625,0
10000,632,40,1271.0,5,0.0,158,1.2409290981679684,3.95,0
10000,634,16,781.6666666666666,3,0.0,29,1.423534171157875,1.8125,0
10000,662,82,940.8333333333334,6,0.0,640,1.1960852458640496,7.804878048780488,0
10000,678,170,1724.2,5,0.0,939,0.4082983393385212,5.523529411764706,0
10000,697,61,1913.25,4,0.0,396,1.3373509173034757,6.491803278688525,0
10000,717,158,1124.0,7,0.0,2183,1.0988778661731322,13.816455696202532,0
10000,773,41,951.2,5,0.0,154,1.151232049144148,3.7560975609756095,0
10000,775,140,1066.25,8,0.0,1620,1.038648999758258,11.571428571428571,0
10000,806,67,1001.6,5,0.0,404,1.1309453615952563,6.029850746268656,0
10000,819,71,935.4,5,0.0,424,1.0569611466947608,5.971830985915493,0
10000,840,25,1144.25,4,0.0,57,1.1460530000295566,2.28,0
10000,877,131,978.0,8,0.0,1539,1.1269532297359575,11.748091603053435,0
10000,879,93,1129.6,5,0.0,703,1.021408086703029,7.559139784946237,0
10000,897,64,1101.8,5,0.0,416,1.2762720155208536,6.5,0
10000,899,55,572.4,5,0.0,255,1.059313886499699,4.636363636363637,0
10000,903,205,840.7142857142857,7,0.0,1471,0.4398603491665043,7.175609756097561,0
10000,930,66,1089.6,5,0.0,411,1.1856699546606106,6.2272727272727275,0
10000,943,96,1170.0,6,0.0,788,1.074468320759009,8.208333333333334,0
10000,948,88,1050.1666666666667,6,0.0,601,0.9752568103344348,6.829545454545454,0
10000,959,40,950.6,5,0.0,152,1.1938052083641213,3.8,0
10000,962,85,731.4285714285714,7,0.0,645,1.1218420825275663,7.588235294117647,0
10000,969,169,878.4444444444445,9,0.0,2522,1.1096385522010375,14.923076923076923,0
10000,973,95,929.8333333333334,6,0.0,809,1.1264480694755203,8.51578947368421,0
10000,1121,84,887.5,6,0.0,510,0.9082835903235796,6.071428571428571,0
10000,1129,79,841.8333333333334,6,0.0,567,1.1416651399361721,7.177215189873418,0
10000,1133,104,1171.142857142857,7,0.0,878,1.0200881471345555,8.442307692307692,0
10000,1138,72,1248.5,4,0.0,402,0.9744754990301674,5.583333333333333,0
10000,1219,97,935.6666666666666,6,0.0,843,1.1258848366356449,8.690721649484535,0
10000,1245,132,941.5714285714286,7,0.0,1518,1.0947974398873523,11.5,0
10000,1248,63,935.2,5,0.0,392,1.241123023640412,6.222222222222222,0
10000,1266,184,1076.857142857143,7,0.0,1645,0.6105765495221183,8.940217391304348,0
10000,1268,140,1429.0,6,0.0,1559,0.9995393769278547,11.135714285714286,0
10000,1277,98,973.5,6,0.0,911,1.1919995449480638,9.295918367346939,0
10000,1304,107,729.5714285714286,7,0.0,1045,1.1469872732994442,9.766355140186915,0
10000,1339,108,851.5714285714286,7,0.0,1142,1.2303493862824224,10.574074074074074,0
10000,1364,58,1118.75,4,0.0,169,0.6313069660602557,2.913793103448276,0
10000,1371,90,709.0,6,0.0,702,1.0890854532444616,7.8,0
10000,1400,41,1047.6666666666667,6,0.0,156,1.1661831147174484,3.8048780487804876,0
10000,1407,116,952.125,8,0.0,1288,1.20284522527457,11.10344827586207,0
10000,1429,95,972.2857142857143,7,0.0,826,1.1501187952865015,8.694736842105263,0
10000,1470,45,878.4,5,0.0,214,1.3280016352952408,4.7555555555555555,0
10000,1537,59,1473.75,4,0.0,377,1.360965734447977,6.389830508474576,0
10000,1545,81,1372.6,5,0.0,586,1.1223735985390146,7.234567901234568,0
10000,1582,136,604.1666666666666,6,0.0,698,0.4742283028126461,5.132352941176471,0
10000,1616,130,1134.0,7,0.0,1376,1.0231553825655753,10.584615384615384,0
10000,1622,104,1230.6,5,0.0,1042,1.210628529970623,10.01923076923077,0
10000,1647,66,954.0,6,0.0,414,1.1943244798771113,6.2727272727272725,0
10000,1711,114,1193.2857142857142,7,0.0,1162,1.1235859228905325,10.192982456140351,0
10000,1733,205,968.5,6,0.0,1656,0.4951792917877166,8.078048780487805,0
10000,1758,55,1251.0,5,0.0,268,1.1133181238506638,4.872727272727273,0
10000,1803,103,887.0,6,0.0,1006,1.1916079590956101,9.766990291262136,0
10000,1806,77,1085.6,5,0.0,566,1.1996231687851733,7.35064935064935,0
10000,1839,140,1103.2857142857142,7,0.0,1701,1.090581449746171,12.15,0
10000,1842,115,986.1666666666666,6,0.0,1158,1.100329464758255,10.069565217391304,0
10000,1852,70,941.8,5,0.0,480,1.2309914071208985,6.857142857142857,0
10000,1868,61,737.8,5,0.0,381,1.2866936855874347,6.245901639344262,0
10000,1869,56,997.6,5,0.0,328,1.3143397836447093,5.857142857142857,0
10000,1882,76,1041.4,5,0.0,493,1.0725797633100886,6.4868421052631575,0
10000,1904,74,579.6666666666666,6,0.0,503,1.1542886082948618,6.797297297297297,0
10000,1907,54,1103.4,5,0.0,283,1.2195757489244328,5.2407407407407405,0
10000,1952,125,916.7142857142857,7,0.0,1454,1.1693761838898071,11.632,0
10000,1963,70,842.0,5,0.0,409,1.0489072614842656,5.8428571428571425,0
10000,1972,114,618.1428571428571,7,0.0,1084,1.048164492610445,9.508771929824562,0
10000,2010,129,912.25,8,0.0,1406,1.0617340955344627,10.89922480620155,0
10000,2076,93,1420.0,5,0.0,734,1.0664488415932054,7.89247311827957,0
10000,2084,116,845.0,6,0.0,1167,1.0898450138939622,10.060344827586206,0
10000,2087,104,739.2857142857143,7,0.0,894,1.0386774527770988,8.596153846153847,0
10000,2090,195,909.0,6,0.0,1233,0.40747757968454595,6.323076923076923,0
10000,2097,117,913.4,5,0.0,485,0.4452253450189348,4.145299145299146,0
10000,2119,131,780.75,8,0.0,1378,1.0090588372814486,10.51908396946565,0
10000,2134,82,837.7142857142857,7,0.0,580,1.083952254064295,7.073170731707317,0
10000,2142,145,1342.5,6,0.0,1716,1.0256310094763539,11.83448275862069,0
10000,2147,142,657.625,8,0.0,1681,1.0476130233454557,11.838028169014084,0
10000,2169,90,926.8333333333334,6,0.0,739,1.1464873930878308,8.21111111111111,0
10000,2170,117,1115.6666666666667,6,0.0,1349,1.2383690524341093,11.52991452991453,0
10000,2175,154,1154.125,8,0.0,1919,1.0168184014570438,12.46103896103896,0
10000,2198,132,931.125,8,0.0,1706,1.2303850016125315,12.924242424242424,0
10000,2234,100,898.0,6,0.0,846,1.063114953974786,8.46,0
10000,2241,85,1721.0,5,0.0,573,0.9966131988965821,6.741176470588235,0
10000,2266,111,1212.3333333333333,6,0.0,996,1.015835170189249,8.972972972972974,0
10000,2270,129,684.8571428571429,7,0.0,1481,1.1183699825651063,11.48062015503876,0
10000,2278,86,969.1666666666666,6,0.0,650,1.1043997970975477,7.558139534883721,0
10000,2281,248,1053.625,8,0.0,2070,0.4229381368971691,8.346774193548388,0
10000,2301,116,805.1666666666666,6,0.0,572,0.534182817435601,4.931034482758621,0
10000,2320,117,692.7142857142857,7,0.0,1207,1.108014415335782,10.316239316239317,0
10000,2331,35,795.2,5,0.0,121,1.2412496688469061,3.4571428571428573,0
10000,2332,41,1026.0,5,0.0,172,1.2857916393038533,4.195121951219512,0
10000,2335,95,1590.0,5,0.0,883,1.2294853465350857,9.294736842105262,0
10000,2352,73,794.0,5,0.0,534,1.259230982936348,7.315068493150685,0
10000,2357,71,728.4,5,0.0,441,1.0993393058782772,6.211267605633803,0
10000,2380,117,891.5714285714286,7,0.0,1298,1.1915515419269638,11.094017094017094,0
10000,2389,32,844.25,4,0.0,105,1.2885438618239387,3.28125,0
10000,2403,166,1230.125,8,0.0,2044,0.932125908540795,12.313253012048193,0
10000,2419,92,917.4,5,0.0,724,1.074911664082708,7.869565217391305,0
10000,2438,55,896.6666666666666,6,0.0,294,1.221326598552594,5.345454545454546,0
10000,2439,175,947.75,8,0.0,2519,1.0336224515125145,14.394285714285715,0
10000,2483,37,904.5,4,0.0,124,1.1382249497301222,3.3513513513513513,0
10000,2495,84,1009.3333333333334,6,0.0,630,1.121997376282069,7.5,0
10000,2521,95,584.8333333333334,6,0.0,849,1.1821438949131233,8.936842105263159,0
10000,2529,84,1017.4,5,0.0,621,1.1059688423351823,7.392857142857143,0
10000,2541,35,1062.2,5,0.0,123,1.261766192298921,3.5142857142857142,0
10000,2576,249,911.25,8,0.0,1742,0.35306878292630245,6.995983935742972,0
10000,2579,50,956.8,5,0.0,210,1.0555751316061706,4.2,0
10000,2582,41,946.4,5,0.0,152,1.1362809835708472,3.707317073170732,0
10000,2585,121,1328.4285714285713,7,0.0,1284,1.1020572275689624,10.611570247933884,0
10000,2602,239,1066.142857142857,7,0.0,1695,0.3728925997678401,7.092050209205021,0
10000,2617,90,748.2,5,0.0,435,0.6748606441044741,4.833333333333333,0
10000,2623,121,898.6666666666666,6,0.0,1305,1.1200815280198566,10.785123966942148,0
10000,2658,99,885.5,6,0.0,835,1.0705968230782479,8.434343434343434,0
10000,2690,57,803.6666666666666,6,0.0,266,1.0288256643334994,4.666666666666667,0
10000,2715,74,1542.25,4,0.0,443,1.0166001063113794,5.986486486486487,0
10000,2719,106,1128.0,5,0.0,911,1.018864687582877,8.59433962264151,0
10000,2729,119,919.2857142857143,7,0.0,1155,1.0249387797178762,9.705882352941176,0
10000,2744,140,836.6666666666666,9,0.0,1593,1.0213381830956205,11.378571428571428,0
10000,2750,124,633.375,8,0.0,1368,1.1180277705803425,11.03225806451613,0
10000,2754,146,1009.875,8,0.0,1578,0.9302745744726391,10.808219178082192,0
10000,2783,22,891.0,4,0.0,42,1.090470177279102,1.9090909090909092,0
10000,2789,86,1196.3333333333333,6,0.0,628,1.0670201116573228,7.3023255813953485,0
10000,2797,173,605.375,8,0.0,1573,0.6604597873763567,9.092485549132949,0
10000,2804,113,773.4444444444445,9,0.0,1135,1.1169888516953292,10.044247787610619,0
10000,2806,113,1153.1666666666667,6,0.0,1163,1.144544523807637,10.29203539823009,0
10000,2807,85,944.2,5,0.0,627,1.0905348616198203,7.376470588235295,0
10000,2809,91,1028.0,6,0.0,766,1.1624006630357595,8.417582417582418,0
10000,2837,125,1100.5,6,0.0,1318,1.059998494062425,10.544,0
10000,2862,47,698.6,5,0.0,202,1.1491203549572444,4.297872340425532,0
10000,2871,70,661.0,6,0.0,473,1.2130394491003855,6.757142857142857,0
10000,2873,150,824.2222222222222,9,0.0,2045,1.1421434625050892,13.633333333333333,0
10000,2883,48,866.4,5,0.0,180,0.9817477042468103,3.75,0
10000,2886,38,1522.75,4,0.0,139,1.2096437087229397,3.6578947368421053,0
10000,2888,55,914.2,5,0.0,281,1.1673223612016288,5.109090909090909,0
10000,2907,136,900.5714285714286,7,0.0,1655,1.1244238411961738,12.169117647058824,0
10000,2911,74,786.6666666666666,6,0.0,450,1.032663764876119,6.081081081081081,0
10000,2932,30,1366.75,4,0.0,86,1.2007865253720986,2.8666666666666667,0
10000,2953,158,919.25,8,0.0,2145,1.0797494379025967,13.575949367088608,0
10000,2960,60,957.2,5,0.0,314,1.096066770252439,5.233333333333333,0
10000,2961,88,988.0,6,0.0,684,1.1099428590162286,7.7727272727272725,0
10000,2970,116,834.3333333333334,6,0.0,1279,1.1944402508743595,11.025862068965518,0
10000,3006,131,829.0,7,0.0,1449,1.06104953209058,11.061068702290076,0
10000,3050,126,880.4285714285714,7,0.0,1319,1.0440314210342498,10.468253968253968,0
10000,3066,80,970.8,5,0.0,576,1.1309733552923256,7.2,0
10000,3071,124,1084.3333333333333,6,0.0,602,0.4919976007963203,4.854838709677419,0
10000,3080,95,896.3333333333334,6,0.0,815,1.1348024432911608,8.578947368421053,0
10000,3083,45,1382.25,4,0.0,219,1.3590297108862512,4.866666666666666,0
10000,3093,81,1385.5,4,0.0,538,1.0304385597508359,6.6419753086419755,0
10000,3095,43,1110.4,5,0.0,175,1.1893536276435126,4.069767441860465,0
10000,3099,119,948.1428571428571,7,0.0,1238,1.0985923889963036,10.403361344537815,0
10000,3100,115,874.5714285714286,7,0.0,1182,1.12313422050454,10.278260869565218,0
10000,3118,36,1171.3333333333333,3,0.0,113,1.0956789193075513,3.138888888888889,0
10000,3129,210,535.4285714285714,7,0.0,1420,0.4046314347480731,6.761904761904762,0
10000,3131,93,860.3333333333334,6,0.0,795,1.1550774237964552,8.548387096774194,0
10000,3137,140,805.2857142857143,7,0.0,1816,1.1643127059018499,12.971428571428572,0
10000,3150,136,1168.0,7,0.0,1478,1.0041682400531389,10.867647058823529,0
10000,3163,79,907.8333333333334,6,0.0,574,1.155759771293409,7.265822784810126,0
10000,3183,102,879.2,5,0.0,910,1.099134684646948,8.92156862745098,0
10000,3188,102,964.3333333333334,6,0.0,972,1.1740207840404764,9.529411764705882,0
10000,3208,81,928.7142857142857,7,0.0,494,0.9461647741950054,6.098765432098766,0
10000,3211,50,1317.25,4,0.0,232,1.1661591930125312,4.64,0
10000,3218,109,869.2857142857143,7,0.0,1066,1.1274935674528135,9.779816513761467,0
10000,3234,94,1197.0,5,0.0,722,1.0268129904444683,7.680851063829787,0
10000,3236,96,862.8,5,0.0,783,1.0676506283684062,8.15625,0
10000,3249,84,659.2,5,0.0,712,1.26803513002037,8.476190476190476,0
10000,3254,56,1261.0,4,0.0,357,1.430546654759638,6.375,0
10000,3263,115,711.875,8,0.0,1151,1.0936780776655886,10.008695652173913,0
10000,3271,49,1001.0,4,0.0,223,1.167138961683505,4.551020408163265,0
10000,3309,119,876.25,8,0.0,1205,1.0693084238615072,10.126050420168067,0
10000,3311,113,786.375,8,0.0,1147,1.128798425457747,10.150442477876107,0
10000,3323,125,884.875,8,0.0,1324,1.0648239803783388,10.592,0
10000,3350,179,753.75,8,0.0,1157,0.45377144286425397,6.4636871508379885,0
10000,3403,51,648.8,5,0.0,236,1.1402012552821086,4.627450980392157,0
10000,3422,158,861.5,6,0.0,920,0.4631093160234914,5.822784810126582,0
10000,3447,76,1157.75,4,0.0,469,1.0203649269623358,6.171052631578948,0
10000,3454,110,782.2857142857143,7,0.0,1084,1.125780640162425,9.854545454545455,0
10000,3456,70,998.0,5,0.0,480,1.2309914071208985,6.857142857142857,0
10000,3469,121,856.7142857142857,7,0.0,1304,1.1192232279983854,10.776859504132231,0
10000,3478,100,717.5,6,0.0,853,1.0719114134048373,8.53,0
10000,3487,15,1260.6666666666667,3,0.0,27,1.5079644737231006,1.8,0
10000,3498,102,904.5,6,0.0,872,1.053236752760592,8.549019607843137,0
10000,3504,44,935.8,5,0.0,160,1.038543025980097,3.6363636363636362,0
10000,3509,80,1083.1666666666667,6,0.0,632,1.2409290981679684,7.9,0
10000,3518,76,1014.8,5,0.0,544,1.1835362905490634,7.157894736842105,0
10000,3524,108,1150.0,7,0.0,916,0.9868651819918554,8.481481481481481,0
10000,3532,115,1052.142857142857,7,0.0,1137,1.0803753034802555,9.88695652173913,0
10000,3545,126,674.5,6,0.0,546,0.4321767671605007,4.333333333333333,0
10000,3580,81,781.0,6,0.0,543,1.0400151262912714,6.703703703703703,0
10000,3595,89,886.4,5,0.0,641,1.0169225557131965,7.202247191011236,0
10000,3605,163,1076.7142857142858,7,0.0,1167,0.5519573377604409,7.159509202453988,0
10000,3614,128,743.1428571428571,7,0.0,1479,1.1343787926414317,11.5546875,0
10000,3618,97,955.6666666666666,6,0.0,864,1.1539317898614438,8.907216494845361,0
10000,3619,99,466.8333333333333,6,0.0,776,0.9949498619266113,7.838383838383838,0
10000,3635,126,1061.4285714285713,7,0.0,1328,1.0511552138995328,10.53968253968254,0
10000,3639,99,853.2,5,0.0,736,0.9436637865695695,7.434343434343434,0
10000,3655,122,988.3333333333334,6,0.0,1283,1.0832204715280045,10.51639344262295,0
10000,3663,124,866.7142857142857,7,0.0,1295,1.0583669319455729,10.443548387096774,0
10000,3684,74,1007.0,5,0.0,442,1.014305297944988,5.972972972972973,0
10000,3692,98,736.5,6,0.0,872,1.1409699266681796,8.89795918367347,0
10000,3718,134,925.8333333333334,6,0.0,644,0.4506985228139512,4.8059701492537314,0
10000,3727,67,906.6666666666666,6,0.0,389,1.0889548159914721,5.8059701492537314,0
10000,3774,72,1333.0,4,0.0,407,0.9865958410579058,5.652777777777778,0
10000,3789,49,816.6,5,0.0,215,1.1252685056589846,4.387755102040816,0
10000,3792,126,1119.4285714285713,7,0.0,1437,1.1374322608235155,11.404761904761905,0
10000,3805,72,915.4,5,0.0,465,1.127191808579671,6.458333333333333,0
10000,3817,72,926.3333333333334,6,0.0,472,1.1441602874185048,6.555555555555555,0
10000,3839,141,961.8,5,0.0,625,0.39504962697925067,4.432624113475177,0
10000,3858,170,773.4285714285714,7,0.0,1046,0.4548243481875327,6.152941176470589,0
10000,3912,28,1432.75,4,0.0,94,1.5066821910073498,3.357142857142857,0
10000,3963,76,1012.6,5,0.0,467,1.016013690600023,6.144736842105263,0
10000,3975,88,1326.25,4,0.0,711,1.1537563929247638,8.079545454545455,0
10000,3978,105,997.2857142857143,7,0.0,981,1.118150528134816,9.342857142857143,0
10000,3992,209,1143.0,7,0.0,1285,0.3696752876411148,6.148325358851674,0
10000,4015,101,1189.3333333333333,6,0.0,954,1.17521003490821,9.445544554455445,0
10000,4028,32,1449.0,4,0.0,100,1.227184630308513,3.125,0
10000,4029,76,1293.5,4,0.0,455,0.9899062724261467,5.9868421052631575,0
10000,4042,137,905.0,7,0.0,1679,1.1241374746395147,12.255474452554745,0
10000,4105,120,1175.5,6,0.0,713,0.6222098783359785,5.941666666666666,0
10000,4157,104,615.3333333333334,6,0.0,445,0.5170150631832314,4.278846153846154,0
10000,4158,102,1599.25,4,0.0,826,0.9976760983718451,8.098039215686274,0
10000,4188,14,1368.0,3,0.0,20,1.282282715750936,1.4285714285714286,0
10000,4191,58,976.4,5,0.0,326,1.2177874019860553,5.620689655172414,0
10000,4237,64,1155.0,5,0.0,383,1.175029283520401,5.984375,0
10000,4242,72,818.6666666666666,6,0.0,439,1.0641660300354314,6.097222222222222,0
10000,4253,114,748.6666666666666,6,0.0,1190,1.150660282478256,10.43859649122807,0
10000,4300,57,673.1666666666666,6,0.0,285,1.1023132117858923,5.0,0
10000,4302,107,725.0,6,0.0,981,1.0767411627815833,9.16822429906542,0
10000,4329,149,714.5,8,0.0,1803,1.0205471022787076,12.100671140939598,0
10000,4332,88,900.3333333333334,6,0.0,699,1.1342837111876372,7.943181818181818,0
10000,4350,82,1038.8,5,0.0,601,1.1231988011942093,7.329268292682927,0
10000,4352,252,744.375,8,0.0,1891,0.3741970085625031,7.503968253968254,0
10000,4353,72,650.0,6,0.0,475,1.151432492635148,6.597222222222222,0
10000,4362,120,733.0,7,0.0,1232,1.075122819228507,10.266666666666667,0
10000,4399,84,864.0,6,0.0,609,1.0845974637393334,7.25,0
10000,4405,134,875.0,8,0.0,1539,1.0770574947370666,11.485074626865671,0
10000,4457,88,991.8,5,0.0,623,1.0109567268525006,7.079545454545454,0
10000,4473,63,845.8,5,0.0,356,1.1271423377958845,5.650793650793651,0
10000,4477,234,871.2857142857143,7,0.0,1189,0.2728726470244915,5.081196581196581,0
10000,4490,179,831.7142857142857,7,0.0,1319,0.5173072887968462,7.368715083798882,0
10000,4492,81,1274.8,5,0.0,639,1.2238852038676284,7.888888888888889,0
10000,4501,118,907.875,8,0.0,1241,1.1199989896882887,10.516949152542374,0
10000,4522,80,923.8,5,0.0,618,1.2134401624490576,7.725,0
10000,4539,145,1269.7142857142858,7,0.0,1653,0.9879767241634108,11.4,0
10000,4545,113,968.0,7,0.0,1191,1.1721001959199449,10.539823008849558,0
10000,4591,127,909.6666666666666,6,0.0,1322,1.0299920610194573,10.409448818897637,0
10000,4596,122,707.5714285714286,7,0.0,1401,1.1828463605695512,11.48360655737705,0
10000,4611,97,1095.2857142857142,7,0.0,844,1.1272204058368733,8.70103092783505,0
10000,4647,97,825.3333333333334,6,0.0,914,1.22071024992287,9.422680412371134,0
10000,4663,143,823.4444444444445,9,0.0,1696,1.0422301609835765,11.86013986013986,0
10000,4681,99,680.4285714285714,7,0.0,825,1.0577753042389877,8.333333333333334,0
10000,4696,61,961.2,5,0.0,341,1.1516077343446594,5.590163934426229,0
10000,4703,131,1334.142857142857,7,0.0,1369,1.0024684675169109,10.450381679389313,0
10000,4714,84,985.0,6,0.0,573,1.0204833279517864,6.821428571428571,0
10000,4731,127,1288.1666666666667,6,0.0,925,0.7206827960990907,7.283464566929134,0
10000,4761,34,759.25,4,0.0,110,1.1957619096708556,3.235294117647059,0
10000,4773,152,1237.4285714285713,7,0.0,2059,1.1198994587502396,13.546052631578947,0
10000,4776,67,1047.2,5,0.0,427,1.1953308648543923,6.373134328358209,0
10000,4777,127,1245.2857142857142,7,0.0,1366,1.0642731886176844,10.755905511811024,0
10000,4779,85,1184.2,5,0.0,645,1.1218420825275663,7.588235294117647,0
10000,4781,81,764.3333333333334,6,0.0,563,1.0783213924530124,6.950617283950617,0
10000,4791,76,1280.6,5,0.0,535,1.163955726918656,7.0394736842105265,0
10000,4792,112,672.5714285714286,7,0.0,1168,1.170082978122729,10.428571428571429,0
10000,4795,87,546.6666666666666,6,0.0,726,1.2053355880598178,8.344827586206897,0
10000,4809,137,683.4285714285714,7,0.0,1709,1.1442233139719657,12.474452554744525,0
10000,4843,132,961.25,8,0.0,1642,1.1842275337911938,12.43939393939394,0
10000,4851,95,1062.5,6,0.0,732,1.0192336055081346,7.705263157894737,0
10000,4858,128,681.875,8,0.0,1464,1.1228739367322893,11.4375,0
10000,4875,129,873.0,6,0.0,848,0.6403630960264755,6.573643410852713,0
10000,4901,63,1221.6,5,0.0,414,1.310777887212068,6.571428571428571,0
10000,4904,133,924.0,8,0.0,1584,1.1252830037393255,11.909774436090226,0
10000,4920,120,836.4285714285714,7,0.0,1295,1.1301006906663282,10.791666666666666,0
10000,4925,88,915.2,5,0.0,768,1.2462516311761163,8.727272727272727,0
10000,4943,150,719.3333333333334,6,0.0,803,0.44847980459246295,5.3533333333333335,0
10000,4977,116,1116.4285714285713,7,0.0,1189,1.1103905068722544,10.25,0
10000,4983,81,851.1428571428571,7,0.0,602,1.1530186114684076,7.432098765432099,0
10000,4992,94,622.5714285714286,7,0.0,771,1.0964997446436082,8.202127659574469,0
12000,45,153,956.4285714285714,7,0.0,1912,1.0263958569206175,12.49673202614379,0
12000,51,80,1103.4,5,0.0,547,1.0740319884460106,6.8375,0
12000,133,31,1205.5,4,0.0,90,1.1768713374529922,2.903225806451613,0
12000,138,71,1056.8,5,0.0,472,1.1766171255658657,6.647887323943662,0
12000,162,106,800.3333333333334,6,0.0,1053,1.177677844154522,9.933962264150944,0
12000,165,111,1141.5,6,0.0,1096,1.1178266531399768,9.873873873873874,0
12000,196,79,823.1666666666666,6,0.0,552,1.1114623584563794,6.987341772151899,0
12000,224,95,1012.8333333333334,6,0.0,815,1.1348024432911608,8.578947368421053,0
12000,262,115,1194.0,7,0.0,1296,1.2314568102993941,11.269565217391305,0
12000,277,164,997.125,8,0.0,2183,1.0199430045786018,13.310975609756097,0
12000,308,136,1053.0,7,0.0,1513,1.027947596211366,11.125,0
12000,319,69,1021.6,5,0.0,436,1.1507955446042006,6.318840579710145,0
12000,336,121,1082.5714285714287,7,0.0,1182,1.0145106253789045,9.768595041322314,0
12000,349,115,1111.5,6,0.0,1135,1.078474907168065,9.869565217391305,0
12000,370,129,696.1428571428571,7,0.0,1383,1.0443657568450657,10.720930232558139,0
12000,374,108,1080.8333333333333,6,0.0,1088,1.172171744549278,10.074074074074074,0
12000,392,37,845.8,5,0.0,126,1.1565834166612534,3.4054054054054053,0
12000,395,97,937.3333333333334,6,0.0,799,1.0671197917815898,8.237113402061855,0
12000,432,111,1649.4,5,0.0,952,0.9709589176909287,8.576576576576576,0
12000,485,88,736.1428571428571,7,0.0,656,1.0645066016295992,7.454545454545454,0
12000,491,89,1039.8,5,0.0,731,1.1597041938008528,8.213483146067416,0
12000,500,57,1108.2,5,0.0,308,1.1912718218598415,5.4035087719298245,0
12000,504,126,1217.6666666666667,6,0.0,1418,1.1223931425523626,11.253968253968255,0
12000,534,70,1271.0,6,0.0,378,0.9694057331077076,5.4,0
12000,547,113,1423.1666666666667,6,0.0,963,0.9477182944340107,8.52212389380531,0
12000,550,53,1756.75,4,0.0,232,1.0378775302710317,4.377358490566038,0
12000,552,141,925.375,8,0.0,1750,1.106138955541902,12.411347517730496,0
12000,554,32,861.0,4,0.0,100,1.227184630308513,3.125,0
12000,563,155,828.75,8,0.0,2011,1.0518614487190965,12.974193548387097,0
12000,582,104,971.1428571428571,7,0.0,921,1.0700469060488904,8.85576923076923,0
12000,662,75,1173.2,5,0.0,580,1.2957324366805902,7.733333333333333,0
12000,678,160,1834.2,5,0.0,857,0.4206788912697582,5.35625,0
12000,697,41,2056.75,4,0.0,191,1.4278267622502094,4.658536585365853,0
12000,717,159,1171.5714285714287,7,0.0,2265,1.1258585278083748,14.245283018867925,0
12000,775,143,1065.875,8,0.0,1780,1.0938500510322913,12.447552447552448,0
12000,806,60,1021.0,5,0.0,322,1.1239920382843482,5.366666666666666,0
12000,819,62,982.2,5,0.0,327,1.0689914648531347,5.274193548387097,0
12000,877,137,1123.75,8,0.0,1732,1.1596224574601783,12.642335766423358,0
12000,879,83,1463.5,4,0.0,571,1.0415731776453894,6.879518072289157,0
12000,897,55,1178.6,5,0.0,296,1.2296349427604347,5.381818181818182,0
12000,899,29,709.5,4,0.0,73,1.0907788999384298,2.5172413793103448,0
12000,903,207,854.0,7,0.0,1586,0.46512786282932267,7.661835748792271,0
12000,930,58,1132.0,5,0.0,313,1.1692253276737279,5.396551724137931,0
12000,943,103,1425.1666666666667,6,0.0,856,1.0139328160893064,8.310679611650485,0
12000,948,85,1090.3333333333333,6,0.0,552,0.9600881078375451,6.4941176470588236,0
12000,962,90,834.0,7,0.0,744,1.1542444119855833,8.266666666666667,0
12000,969,178,907.1111111111111,9,0.0,2794,1.1081441578247546,15.696629213483146,0
12000,973,99,1080.8333333333333,6,0.0,836,1.0718789749621742,8.444444444444445,0
12000,1121,74,1168.4,5,0.0,394,0.9041544963582019,5.324324324324325,0
12000,1129,75,1067.6,5,0.0,506,1.1304148499316873,6.746666666666667,0
12000,1133,106,1405.8333333333333,6,0.0,905,1.0121542725164694,8.537735849056604,0
12000,1138,52,1341.0,4,0.0,204,0.9480545877697009,3.923076923076923,0
12000,1219,96,949.6666666666666,6,0.0,851,1.1603712448806052,8.864583333333334,0
12000,1245,132,991.8571428571429,7,0.0,1571,1.1330215929268974,11.901515151515152,0
12000,1248,57,966.0,5,0.0,305,1.1796685248936742,5.350877192982456,0
12000,1266,195,1413.5714285714287,7,0.0,1758,0.5809777656816154,9.015384615384615,0
12000,1268,139,1489.5,6,0.0,1589,1.033484959692393,11.431654676258994,0
12000,1277,100,984.3333333333334,6,0.0,937,1.1774689265654543,9.37,0
12000,1304,114,743.1428571428571,7,0.0,1150,1.111982625924365,10.087719298245615,0
12000,1339,113,830.2857142857143,7,0.0,1237,1.2173702286758787,10.946902654867257,0
12000,1371,98,1009.0,6,0.0,783,1.0245177208499825,7.989795918367347,0
12000,1407,122,1088.2857142857142,7,0.0,1375,1.1608948934926002,11.270491803278688,0
12000,1429,102,969.0,7,0.0,981,1.1848913468556659,9.617647058823529,0
12000,1470,21,908.2,5,0.0,50,1.4247585730565955,2.380952380952381,0
12000,1537,42,1572.5,4,0.0,187,1.332149265807917,4.4523809523809526,0
12000,1545,74,1454.4,5,0.0,494,1.1336353329973394,6.675675675675675,0
12000,1582,144,811.0,7,0.0,754,0.45693689444573765,5.236111111111111,0
12000,1616,132,1136.857142857143,7,0.0,1439,1.0378218155453884,10.901515151515152,0
12000,1622,101,1325.6,5,0.0,977,1.203543190886081,9.673267326732674,0
12000,1647,63,956.5,6,0.0,382,1.2094617220169321,6.063492063492063,0
12000,1711,122,1539.857142857143,7,0.0,1290,1.089130481894876,10.573770491803279,0
12000,1733,207,991.1666666666666,6,0.0,1657,0.4859501063733844,8.004830917874395,0
12000,1758,25,1573.0,4,0.0,55,1.1058406140636072,2.2,0
12000,1803,112,914.4285714285714,7,0.0,1125,1.1270062931404712,10.044642857142858,0
12000,1806,71,1148.2,5,0.0,485,1.20902395317679,6.830985915492958,0
12000,1839,145,1146.4285714285713,7,0.0,1794,1.072250600816188,12.372413793103448,0
12000,1842,119,1250.5,6,0.0,1208,1.071970602510125,10.15126050420168,0
12000,1852,63,999.2,5,0.0,388,1.22845850299102,6.158730158730159,0
12000,1868,53,779.6,5,0.0,282,1.261558032484616,5.320754716981132,0
12000,1869,48,1039.4,5,0.0,224,1.2217304763960306,4.666666666666667,0
12000,1882,67,1108.8,5,0.0,380,1.0637604886292016,5.6716417910447765,0
12000,1904,82,951.5714285714286,7,0.0,590,1.1026410860309208,7.195121951219512,0
12000,1907,41,1176.4,5,0.0,162,1.2110363114373504,3.951219512195122,0
12000,1952,127,924.0,7,0.0,1520,1.1842571352114788,11.968503937007874,0
12000,1963,60,859.0,5,0.0,311,1.085594794740473,5.183333333333334,0
12000,1972,123,561.7142857142857,7,0.0,1205,1.0008907786570693,9.796747967479675,0
12000,2010,144,1186.25,8,0.0,1617,0.9799296529426497,11.229166666666666,0
12000,2076,87,1490.4,5,0.0,670,1.1123620440772422,7.7011494252873565,0
12000,2084,117,883.1666666666666,6,0.0,1182,1.0850646552832597,10.102564102564102,0
12000,2087,112,850.6666666666666,6,0.0,998,0.9997798049370579,8.910714285714286,0
12000,2090,198,921.6666666666666,6,0.0,1271,0.407403761117501,6.41919191919192,0
12000,2097,106,955.8,5,0.0,417,0.4663738471153235,3.9339622641509435,0
12000,2119,137,943.125,8,0.0,1560,1.0444636452874585,11.386861313868613,0
12000,2134,85,1004.1666666666666,6,0.0,627,1.0905348616198203,7.376470588235295,0
12000,2142,140,1723.0,5,0.0,1672,1.0719883503677825,11.942857142857143,0
12000,2147,150,722.0,7,0.0,1851,1.0337934225412813,12.34,0
12000,2169,92,932.3333333333334,6,0.0,759,1.126875625744165,8.25,0
12000,2170,116,1161.0,6,0.0,1365,1.2747544506985933,11.767241379310345,0
12000,2175,159,1133.25,8,0.0,2133,1.06024558049239,13.415094339622641,0
12000,2198,140,1151.875,8,0.0,1870,1.1989343392271252,13.357142857142858,0
12000,2234,99,898.3333333333334,6,0.0,872,1.1180364427835117,8.808080808080808,0
12000,2241,77,1822.2,5,0.0,473,1.0025119414052772,6.142857142857143,0
12000,2266,101,1541.8,5,0.0,916,1.1283987337273798,9.069306930693068,0
12000,2270,135,665.5714285714286,7,0.0,1621,1.1177002340672821,12.007407407407408,0
12000,2278,87,973.6666666666666,6,0.0,652,1.0824776906542715,7.494252873563219,0
12000,2281,261,1223.857142857143,7,0.0,2191,0.4041766564798072,8.39463601532567,0
12000,2301,106,991.0,5,0.0,494,0.5524908404675535,4.660377358490566,0
12000,2320,124,758.6666666666666,6,0.0,1327,1.084519628333417,10.701612903225806,0
12000,2335,92,1707.6,5,0.0,816,1.2115026490213947,8.869565217391305,0
12000,2352,66,1013.75,4,0.0,428,1.234712264220782,6.484848484848484,0
12000,2357,68,912.5,4,0.0,372,1.0109623418126323,5.470588235294118,0
12000,2380,123,1229.0,7,0.0,1431,1.1886097130773994,11.634146341463415,0
12000,2403,169,1253.875,8,0.0,2171,0.9552043207091405,12.846153846153847,0
12000,2419,91,1303.4,5,0.0,704,1.0683160140694188,7.736263736263736,0
12000,2438,49,927.3333333333334,6,0.0,226,1.1828403826927,4.612244897959184,0
12000,2439,181,1289.5,6,0.0,2633,1.0099586040599402,14.546961325966851,0
12000,2495,81,1063.6666666666667,6,0.0,606,1.1606798647007557,7.481481481481482,0
12000,2521,98,858.6666666666666,6,0.0,896,1.17237276868657,9.142857142857142,0
12000,2529,76,1087.6,5,0.0,529,1.1509020178317177,6.9605263157894735,0
12000,2576,252,1302.7142857142858,7,0.0,1864,0.36885416391354087,7.396825396825397,0
12000,2579,12,1145.25,4,0.0,16,1.3962634015954636,1.3333333333333333,0
12000,2585,123,1362.857142857143,7,0.0,1356,1.12631360652198,11.024390243902438,0
12000,2602,240,1081.7142857142858,7,0.0,1780,0.3883357585687383,7.416666666666667,0
12000,2617,75,736.0,5,0.0,337,0.752865226140274,4.493333333333333,0
12000,2623,126,1231.5,6,0.0,1362,1.0780673202794906,10.80952380952381,0
12000,2658,99,878.3333333333334,6,0.0,841,1.0782897343818043,8.494949494949495,0
12000,2690,44,955.6,5,0.0,153,0.9931067685934677,3.477272727272727,0
12000,2715,57,1696.0,4,0.0,266,1.0288256643334994,4.666666666666667,0
12000,2719,103,1175.8,5,0.0,863,1.022224322762934,8.37864077669903,0
12000,2729,118,1118.8333333333333,6,0.0,1215,1.096534063232289,10.296610169491526,0
12000,2744,144,933.875,8,0.0,1770,1.0726502694548483,12.291666666666666,0
12000,2750,135,691.75,8,0.0,1541,1.062539210794375,11.414814814814815,0
12000,2754,155,1361.5,6,0.0,1644,0.8599006572323197,10.606451612903227,0
12000,2789,90,1216.3333333333333,6,0.0,658,1.0208236869442389,7.311111111111111,0
12000,2797,195,834.0,8,0.0,1872,0.6186520917838362,9.6,0
12000,2804,120,982.0,7,0.0,1319,1.1510446416902604,10.991666666666667,0
12000,2806,115,1268.1666666666667,6,0.0,1152,1.0946282758216836,10.017391304347827,0
12000,2807,83,952.8,5,0.0,578,1.054342025707592,6.963855421686747,0
12000,2809,90,1054.8333333333333,6,0.0,753,1.168207046001538,8.366666666666667,0
12000,2837,125,1145.5,6,0.0,1328,1.068040971255615,10.624,0
12000,2871,67,791.2,5,0.0,426,1.1925314951474733,6.358208955223881,0
12000,2873,166,1075.3333333333333,9,0.0,2329,1.0620945406025009,14.03012048192771,0
12000,2888,25,1232.5,4,0.0,60,1.2063715789784806,2.4,0
12000,2907,138,909.5714285714286,7,0.0,1730,1.1415575069754973,12.53623188405797,0
12000,2911,68,959.2,5,0.0,384,1.0435740302582013,5.647058823529412,0
12000,2953,163,1132.375,8,0.0,2352,1.1124281563089606,14.429447852760736,0
12000,2960,47,992.8,5,0.0,192,1.0922332086722324,4.085106382978723,0
12000,2961,85,1031.1666666666667,6,0.0,644,1.1201027924771358,7.576470588235294,0
12000,2970,117,841.3333333333334,6,0.0,1318,1.2099113499689815,11.264957264957266,0
12000,3006,133,822.2857142857143,7,0.0,1566,1.1124956968786512,11.774436090225564,0
12000,3050,140,1010.8571428571429,7,0.0,1459,0.9354252411403078,10.42142857142857,0
12000,3066,71,1260.25,4,0.0,466,1.1616601282069776,6.563380281690141,0
12000,3071,119,1137.6666666666667,6,0.0,579,0.513800479183247,4.8655462184873945,0
12000,3080,94,1420.75,4,0.0,748,1.0637896355297263,7.957446808510638,0
12000,3093,65,1487.25,4,0.0,354,1.0528982715936444,5.446153846153846,0
12000,3099,120,1392.1666666666667,6,0.0,1248,1.0890854532444616,10.4,0
12000,3100,117,1056.0,6,0.0,1217,1.117194319356791,10.401709401709402,0
12000,3129,225,597.4285714285714,7,0.0,1585,0.3934359984940106,7.044444444444444,0
12000,3131,100,1165.4285714285713,7,0.0,826,1.0379822127460676,8.26,0
12000,3137,145,795.5714285714286,7,0.0,1922,1.1487545455789931,13.255172413793103,0
12000,3150,137,1202.857142857143,7,0.0,1564,1.047141757198452,11.416058394160585,0
12000,3163,76,924.1666666666666,6,0.0,536,1.1661313450998123,7.052631578947368,0
12000,3183,103,1172.6,5,0.0,879,1.0411763380169397,8.533980582524272,0
12000,3188,103,987.3333333333334,6,0.0,986,1.167917940028103,9.572815533980583,0
12000,3208,76,1353.0,5,0.0,479,1.0421211087738995,6.302631578947368,0
12000,3218,107,1047.1666666666667,6,0.0,1125,1.23479491144677,10.514018691588785,0
12000,3234,91,1239.4,5,0.0,656,0.9954762858374129,7.208791208791209,0
12000,3236,85,926.6,5,0.0,691,1.2018494248473617,8.129411764705882,0
12000,3249,84,900.2,5,0.0,657,1.170082978122729,7.821428571428571,0
12000,3254,37,1373.25,4,0.0,149,1.3677057863692599,4.027027027027027,0
12000,3263,122,809.1428571428571,7,0.0,1260,1.0638018660368556,10.327868852459016,0
12000,3309,127,930.875,8,0.0,1412,1.100112549288558,11.118110236220472,0
12000,3311,120,774.4444444444445,9,0.0,1353,1.1807152389741637,11.275,0
12000,3323,131,1035.857142857143,7,0.0,1442,1.0559236889403838,11.007633587786259,0
12000,3350,199,858.875,8,0.0,1356,0.4302921278015968,6.814070351758794,0
12000,3403,33,652.0,5,0.0,104,1.2000941633547788,3.1515151515151514,0
12000,3422,171,1080.3333333333333,6,0.0,963,0.41385092512663324,5.631578947368421,0
12000,3447,59,1254.25,4,0.0,293,1.0577266848627513,4.966101694915254,0
12000,3454,118,889.6666666666666,6,0.0,1145,1.0333592612353673,9.703389830508474,0
12000,3456,64,1010.0,5,0.0,406,1.2455923997631406,6.34375,0
12000,3469,130,983.7142857142857,7,0.0,1426,1.0603339938506615,10.96923076923077,0
12000,3478,107,875.2857142857143,7,0.0,995,1.0921074994573654,9.299065420560748,0
12000,3498,105,908.3333333333334,6,0.0,902,1.0281057863176395,8.59047619047619,0
12000,3509,78,1124.6666666666667,6,0.0,618,1.2764656541212966,7.923076923076923,0
12000,3518,60,1355.0,4,0.0,383,1.3369222070276563,6.383333333333334,0
12000,3524,113,1178.142857142857,7,0.0,994,0.9782263599869229,8.79646017699115,0
12000,3532,121,1060.7142857142858,7,0.0,1247,1.0703001267745296,10.305785123966942,0
12000,3545,125,696.6666666666666,6,0.0,502,0.40373235509813155,4.016,0
12000,3580,75,965.2,5,0.0,476,1.063394206655105,6.346666666666667,0
12000,3595,88,1105.2,5,0.0,576,0.9346887233820872,6.545454545454546,0
12000,3605,158,1325.8333333333333,6,0.0,1185,0.5965049342259101,7.5,0
12000,3614,131,724.2857142857143,7,0.0,1593,1.166495448323184,12.16030534351145,0
12000,3618,95,965.1666666666666,6,0.0,859,1.196067851272524,9.042105263157895,0
12000,3619,103,453.42857142857144,7,0.0,885,1.0482833437371917,8.592233009708737,0
12000,3635,127,1062.857142857143,7,0.0,1430,1.1141366469423781,11.259842519685039,0
12000,3639,92,960.6,5,0.0,646,0.9591062638086041,7.021739130434782,0
12000,3655,126,989.3333333333334,6,0.0,1340,1.0606536043865766,10.634920634920634,0
12000,3663,115,1028.6666666666667,6,0.0,1311,1.2457097826408223,11.4,0
12000,3684,62,1040.2,5,0.0,334,1.0918750741924985,5.387096774193548,0
12000,3692,101,741.8333333333334,6,0.0,898,1.1062249594838287,8.891089108910892,0
12000,3718,131,937.5,6,0.0,620,0.4540032504459348,4.732824427480916,0
12000,3727,62,936.6666666666666,6,0.0,344,1.1245659446773038,5.548387096774194,0
12000,3774,52,1462.5,4,0.0,222,1.031706463161145,4.269230769230769,0
12000,3789,10,1189.3333333333333,3,0.0,14,1.7592918860102842,1.4,0
12000,3792,131,1154.857142857143,7,0.0,1543,1.1298822829646409,11.778625954198473,0
12000,3805,64,934.8,5,0.0,371,1.1382137446111458,5.796875,0
12000,3817,70,941.0,6,0.0,442,1.1335379207238274,6.314285714285714,0
12000,3839,131,1049.2,5,0.0,548,0.4012802923296327,4.183206106870229,0
12000,3858,184,1177.6666666666667,6,0.0,1161,0.4309297106353674,6.309782608695652,0
12000,3963,66,1090.0,5,0.0,376,1.0847004938014346,5.696969696969697,0
12000,3975,79,1418.25,4,0.0,586,1.1799219964772432,7.417721518987341,0
12000,3978,108,1166.0,6,0.0,1075,1.1581660159838916,9.953703703703704,0
12000,3992,215,1173.7142857142858,7,0.0,1383,0.37597167246422364,6.432558139534883,0
12000,4015,103,1224.5,6,0.0,957,1.1335674123802175,9.29126213592233,0
12000,4029,58,1395.5,4,0.0,270,1.0085969280252605,4.655172413793103,0
12000,4042,145,958.125,8,0.0,1852,1.106916450786834,12.772413793103448,0
12000,4105,115,1243.5,6,0.0,698,0.6632383129544577,6.069565217391304,0
12000,4157,100,722.2,5,0.0,414,0.5202477434344697,4.14,0
12000,4158,92,1724.75,4,0.0,687,1.0199783331834538,7.467391304347826,0
12000,4191,47,993.6,5,0.0,210,1.194630071985254,4.468085106382978,0
12000,4237,54,1205.4,5,0.0,254,1.0946015555717523,4.703703703703703,0
12000,4242,73,988.5,6,0.0,423,0.997480722438343,5.794520547945205,0
12000,4253,122,1180.857142857143,7,0.0,1338,1.1296562672677084,10.967213114754099,0
12000,4300,53,686.0,6,0.0,238,1.0647191905366618,4.490566037735849,0
12000,4302,110,892.8,5,0.0,972,1.0094638212526543,8.836363636363636,0
12000,4329,152,686.875,8,0.0,1986,1.080194426944136,13.06578947368421,0
12000,4332,82,1158.8,5,0.0,637,1.190478596274062,7.7682926829268295,0
12000,4350,75,1509.75,4,0.0,484,1.0812663781955272,6.453333333333333,0
12000,4352,265,1001.0,7,0.0,2080,0.37220435568340443,7.849056603773585,0
12000,4353,71,634.5,6,0.0,473,1.179109958459014,6.661971830985915,0
12000,4362,123,728.7142857142857,7,0.0,1348,1.119668688489402,10.959349593495935,0
12000,4399,84,868.6666666666666,6,0.0,607,1.0810355673066918,7.226190476190476,0
12000,4405,143,850.1111111111111,9,0.0,1759,1.0809450785201127,12.3006993006993,0
12000,4457,84,998.4,5,0.0,539,0.9599310885968813,6.416666666666667,0
12000,4473,46,1109.25,4,0.0,209,1.24119634139937,4.543478260869565,0
12000,4477,251,1138.0,7,0.0,1283,0.2559110728119049,5.111553784860558,0
12000,4490,189,799.0,7,0.0,1439,0.5062290337354175,7.613756613756614,0
12000,4492,77,1351.8,5,0.0,564,1.1953842176587237,7.324675324675325,0
12000,4501,124,887.375,8,0.0,1411,1.1531704563515082,11.379032258064516,0
12000,4522,77,1224.6,5,0.0,547,1.159353133083904,7.103896103896104,0
12000,4539,148,1317.4285714285713,7,0.0,1711,0.9816042787239109,11.56081081081081,0
12000,4545,115,1141.8333333333333,6,0.0,1252,1.1896480914312049,10.88695652173913,0
12000,4591,131,1115.6666666666667,6,0.0,1353,0.990752254602177,10.32824427480916,0
12000,4596,128,692.5,8,0.0,1559,1.1957380241568574,12.1796875,0
12000,4611,103,1129.4285714285713,7,0.0,914,1.0826338713850772,8.87378640776699,0
12000,4647,99,820.5,6,0.0,937,1.2013763152387047,9.464646464646465,0
12000,4663,145,1080.4285714285713,7,0.0,1832,1.0949627094176457,12.63448275862069,0
12000,4681,110,999.0,6,0.0,902,0.9367658094340474,8.2,0
12000,4696,47,1002.4,5,0.0,214,1.2173849304992588,4.553191489361702,0
12000,4703,131,1379.7142857142858,7,0.0,1469,1.075694798233997,11.213740458015268,0
12000,4714,84,1038.0,6,0.0,543,0.9670548814621642,6.464285714285714,0
12000,4731,118,1646.8,5,0.0,848,0.765317601334141,7.186440677966102,0
12000,4773,155,1292.4285714285713,7,0.0,2130,1.114104866122166,13.741935483870968,0
12000,4776,61,1095.2,5,0.0,330,1.114459097752896,5.409836065573771,0
12000,4777,129,1263.857142857143,7,0.0,1450,1.0949604825924404,11.24031007751938,0
12000,4779,80,1248.6,5,0.0,583,1.144717823151781,7.2875,0
12000,4781,82,751.0,6,0.0,581,1.0858211372609576,7.085365853658536,0
12000,4791,72,1373.4,5,0.0,448,1.0859826456853605,6.222222222222222,0
12000,4792,122,992.625,8,0.0,1383,1.167649191054739,11.336065573770492,0
12000,4795,96,656.6666666666666,6,0.0,841,1.1467358600993993,8.760416666666666,0
12000,4809,147,857.0,8,0.0,1890,1.0990994706436594,12.857142857142858,0
12000,4843,135,961.0,8,0.0,1800,1.241123023640412,13.333333333333334,0
12000,4851,95,1110.8333333333333,6,0.0,716,0.9969552753330934,7.536842105263158,0
12000,4858,136,945.7142857142857,7,0.0,1625,1.1040415359176934,11.948529411764707,0
12000,4875,130,1089.4,5,0.0,839,0.6238570973637482,6.453846153846154,0
12000,4901,53,1323.0,5,0.0,281,1.2570844224403444,5.30188679245283,0
12000,4904,140,1045.6666666666667,9,0.0,1837,1.1777766744172347,13.121428571428572,0
12000,4920,125,808.2857142857143,7,0.0,1377,1.1074491095022452,11.016,0
12000,4925,81,969.4,5,0.0,684,1.310074302731546,8.444444444444445,0
12000,4943,155,691.5,6,0.0,843,0.44093446109905443,5.438709677419355,0
12000,4977,122,1149.0,7,0.0,1290,1.089130481894876,10.573770491803279,0
12000,4983,87,842.5714285714286,7,0.0,665,1.1040608347930836,7.64367816091954,0
12000,4992,103,823.4285714285714,7,0.0,896,1.0613128542243206,8.699029126213592,0
14000,45,161,1177.2857142857142,7,0.0,1988,0.9637724154680003,12.347826086956522,0
14000,51,64,1874.6666666666667,3,0.0,370,1.1351457830353744,5.78125,0
14000,138,59,1084.6,5,0.0,330,1.191296266227672,5.593220338983051,0
14000,162,106,782.8333333333334,6,0.0,1073,1.2000458943758803,10.122641509433961,0
14000,165,114,1185.1666666666667,6,0.0,1113,1.076205793612016,9.763157894736842,0
14000,196,78,788.3333333333334,6,0.0,556,1.1484059930282216,7.128205128205129,0
14000,224,100,1114.5,6,0.0,913,1.1473096370909925,9.13,0
14000,262,120,1397.0,7,0.0,1408,1.228711793404008,11.733333333333333,0
14000,277,168,1190.625,8,0.0,2355,1.0485332623588381,14.017857142857142,0
14000,308,138,1030.2857142857142,7,0.0,1598,1.054456009333436,11.579710144927537,0
14000,319,62,1090.4,5,0.0,332,1.0853369000955373,5.354838709677419,0
14000,336,123,1127.142857142857,7,0.0,1268,1.0532195081636215,10.308943089430894,0
14000,349,107,1403.4,5,0.0,1047,1.1491824642531272,9.785046728971963,0
14000,370,134,688.7142857142857,7,0.0,1552,1.086155446284553,11.582089552238806,0
14000,374,114,1474.5,6,0.0,1158,1.1197181572351433,10.157894736842104,0
14000,395,98,1221.3333333333333,6,0.0,817,1.0690050803760354,8.33673469387755,0
14000,432,106,1722.8,5,0.0,892,0.9976150398725865,8.415094339622641,0
14000,485,90,898.6666666666666,6,0.0,727,1.1278705477332245,8.077777777777778,0
14000,491,85,1080.0,5,0.0,663,1.1531493034353122,7.8,0
14000,500,43,1135.4,5,0.0,183,1.2437240791929305,4.255813953488372,0
14000,504,126,1290.8333333333333,6,0.0,1450,1.1477221838511464,11.507936507936508,0
14000,534,63,1483.0,5,0.0,280,0.8865164454574371,4.444444444444445,0
14000,547,109,1445.3333333333333,6,0.0,920,0.9730713715352612,8.440366972477063,0
14000,552,147,937.125,8,0.0,1917,1.1148008916528547,13.040816326530612,0
14000,563,163,771.625,8,0.0,2242,1.0604013292707015,13.754601226993865,0
14000,582,112,989.2857142857143,7,0.0,1006,1.0077940719105012,8.982142857142858,0
14000,662,69,1247.8,5,0.0,473,1.2484547995362085,6.855072463768116,0
14000,678,152,1916.2,5,0.0,783,0.4258772589613587,5.151315789473684,0
14000,717,160,1378.5714285714287,7,0.0,2373,1.1648436510888405,14.83125,0
14000,775,146,1071.625,8,0.0,1948,1.1483997915543098,13.342465753424657,0
14000,806,52,1462.0,5,0.0,225,1.0456484423930523,4.326923076923077,0
14000,819,47,1023.2,5,0.0,200,1.137742925700242,4.25531914893617,0
14000,877,142,1125.875,8,0.0,1873,1.1672690022165608,13.190140845070422,0
14000,879,69,1522.5,4,0.0,419,1.1059250761219268,6.072463768115942,0
14000,897,40,1262.8,5,0.0,148,1.1623892818282235,3.7,0
14000,903,214,829.0,7,0.0,1736,0.4763564369492428,8.11214953271028,0
14000,930,44,1161.4,5,0.0,189,1.2267789494389896,4.295454545454546,0
14000,943,106,1631.6666666666667,6,0.0,886,0.9909046248061789,8.358490566037736,0
14000,948,74,1295.2,5,0.0,444,1.0188949146777708,6.0,0
14000,962,85,1238.0,5,0.0,697,1.2122851651499438,8.2,0
14000,969,191,1298.25,8,0.0,3027,1.0426908212402406,15.848167539267015,0
14000,973,96,1383.0,5,0.0,807,1.1003755518433,8.40625,0
14000,1121,50,1496.0,4,0.0,184,0.9248848772168351,3.68,0
14000,1129,68,1105.0,5,0.0,418,1.1359738141873128,6.147058823529412,0
14000,1133,106,1480.0,6,0.0,883,0.9875494172729751,8.330188679245284,0
14000,1219,91,1184.4,5,0.0,776,1.1775756064174276,8.527472527472527,0
14000,1245,135,1029.0,7,0.0,1636,1.1280429259309523,12.118518518518519,0
14000,1248,26,1308.75,4,0.0,78,1.449965840118366,3.0,0
14000,1266,200,1441.857142857143,7,0.0,1815,0.5701990666265475,9.075,0
14000,1268,143,1856.4,5,0.0,1612,0.9906102709348615,11.272727272727273,0
14000,1277,103,985.0,6,0.0,971,1.1501504257274726,9.427184466019417,0
14000,1304,121,730.0,7,0.0,1274,1.0934742273542508,10.52892561983471,0
14000,1339,120,785.7142857142857,7,0.0,1350,1.1780972450961724,11.25,0
14000,1371,100,1211.1666666666667,6,0.0,848,1.065628228097658,8.48,0
14000,1407,126,1073.7142857142858,7,0.0,1456,1.1524713790946683,11.555555555555555,0
14000,1429,116,1202.5714285714287,7,0.0,1207,1.1272004556726756,10.405172413793103,0
14000,1545,67,1505.8,5,0.0,399,1.1169485130606616,5.955223880597015,0
14000,1582,154,800.5714285714286,7,0.0,830,0.43979117936912265,5.3896103896103895,0
14000,1616,133,1143.857142857143,7,0.0,1492,1.0599256575625464,11.218045112781954,0
14000,1622,97,1403.4,5,0.0,903,1.2060189887093562,9.309278350515465,0
14000,1647,53,1172.4,5,0.0,273,1.221295542086171,5.150943396226415,0
14000,1711,127,1595.857142857143,7,0.0,1388,1.081413752416798,10.929133858267717,0
14000,1733,214,1175.1666666666667,6,0.0,1706,0.46812447087293096,7.97196261682243,0
14000,1803,118,894.1428571428571,7,0.0,1234,1.1136815094885966,10.457627118644067,0
14000,1806,65,1224.6,5,0.0,400,1.1897155611227619,6.153846153846154,0
14000,1839,150,1378.6666666666667,6,0.0,1874,1.0466390458359596,12.493333333333334,0
14000,1842,120,1245.8333333333333,6,0.0,1281,1.117883385902368,10.675,0
14000,1852,55,1053.8,5,0.0,275,1.1423973285781066,5.0,0
14000,1868,41,830.2,5,0.0,158,1.1811341802907491,3.8536585365853657,0
14000,1882,56,1161.4,5,0.0,254,1.0178119056273054,4.535714285714286,0
14000,1904,94,1057.7142857142858,7,0.0,709,1.0083246679018394,7.542553191489362,0
14000,1952,130,930.4285714285714,7,0.0,1586,1.1793055499629377,12.2,0
14000,1963,35,1131.0,4,0.0,117,1.200216621942876,3.342857142857143,0
14000,1972,132,1210.142857142857,7,0.0,1405,1.013300660765303,10.643939393939394,0
14000,2010,148,1345.2857142857142,7,0.0,1714,0.9833253849987044,11.58108108108108,0
14000,2076,81,1546.0,5,0.0,604,1.1568492380845816,7.45679012345679,0
14000,2084,118,899.6666666666666,6,0.0,1203,1.085704097175674,10.194915254237289,0
14000,2087,122,1220.8333333333333,6,0.0,1092,0.9219616172319415,8.950819672131148,0
14000,2090,210,1209.1666666666667,6,0.0,1375,0.39180860759056374,6.5476190476190474,0
14000,2097,91,1009.4,5,0.0,333,0.5053256146095404,3.659340659340659,0
14000,2119,146,1040.5,8,0.0,1735,1.0228304098289156,11.883561643835616,0
14000,2134,87,1007.5,6,0.0,639,1.0608945465154591,7.344827586206897,0
14000,2142,138,1818.0,5,0.0,1634,1.0782109632358163,11.840579710144928,0
14000,2147,163,1092.0,8,0.0,2137,1.0107393580069086,13.110429447852761,0
14000,2169,93,937.1666666666666,6,0.0,768,1.115848379214689,8.258064516129032,0
14000,2170,117,1408.6666666666667,6,0.0,1414,1.2980384285706676,12.085470085470085,0
14000,2175,169,1478.625,8,0.0,2351,1.034401362499857,13.911242603550296,0
14000,2198,143,1312.7142857142858,7,0.0,2007,1.2333466586639377,14.034965034965035,0
14000,2234,103,1063.0,6,0.0,913,1.0814493704317019,8.864077669902912,0
14000,2241,65,1908.0,5,0.0,334,0.9934124935375063,5.138461538461539,0
14000,2266,97,1650.0,5,0.0,829,1.1071868678184456,8.54639175257732,0
14000,2270,145,958.0,8,0.0,1846,1.1033303283760776,12.73103448275862,0
14000,2278,89,1235.5,6,0.0,666,1.0565841218486565,7.48314606741573,0
14000,2281,262,1268.857142857143,7,0.0,2227,0.4076875962673777,8.5,0
14000,2301,89,1188.25,4,0.0,378,0.5996828799681565,4.247191011235955,0
14000,2320,134,1197.857142857143,7,0.0,1458,1.0203702581719576,10.880597014925373,0
14000,2335,88,1824.0,5,0.0,741,1.202438097267581,8.420454545454545,0
14000,2352,48,1081.25,4,0.0,237,1.2926344772583003,4.9375,0
14000,2357,47,976.75,4,0.0,185,1.0524122062727237,3.9361702127659575,0
14000,2380,130,1292.25,8,0.0,1579,1.1741005443830255,12.146153846153846,0
14000,2403,171,1274.125,8,0.0,2300,0.9884290008216577,13.450292397660819,0
14000,2419,87,1361.4,5,0.0,637,1.0575740628017958,7.32183908045977,0
14000,2439,178,1315.0,6,0.0,2642,1.0478585772988553,14.842696629213483,0
14000,2495,79,1111.5,6,0.0,590,1.1879760715385215,7.468354430379747,0
14000,2521,103,857.5,6,0.0,968,1.1465969228673465,9.398058252427184,0
14000,2529,70,1129.2,5,0.0,453,1.161748140470348,6.4714285714285715,0
14000,2576,250,1348.142857142857,7,0.0,1956,0.3932771347469846,7.824,0
14000,2585,124,1387.0,7,0.0,1402,1.1458150104924272,11.306451612903226,0
14000,2602,244,1089.0,7,0.0,1857,0.3919603304028652,7.610655737704918,0
14000,2617,34,1212.3333333333333,3,0.0,108,1.1740207840404762,3.176470588235294,0
14000,2623,125,1289.0,6,0.0,1383,1.1122745958181592,11.064,0
14000,2658,98,857.3333333333334,6,0.0,847,1.1082586328990234,8.642857142857142,0
14000,2715,21,1879.0,4,0.0,41,1.1683020299064082,1.9523809523809523,0
14000,2719,99,1225.2,5,0.0,810,1.0385430259800967,8.181818181818182,0
14000,2729,115,1164.6666666666667,6,0.0,1229,1.167793533841015,10.68695652173913,0
14000,2744,147,919.75,8,0.0,1958,1.1386437902223732,13.319727891156463,0
14000,2750,136,645.5,8,0.0,1760,1.1957619096708556,12.941176470588236,0
14000,2754,157,1393.1666666666667,6,0.0,1650,0.8411907790860739,10.509554140127388,0
14000,2789,83,1489.0,5,0.0,581,1.0598143891628218,7.0,0
14000,2797,207,799.25,8,0.0,2053,0.6020854365627991,9.917874396135266,0
14000,2804,123,1129.1666666666667,6,0.0,1439,1.1952546311099774,11.699186991869919,0
14000,2806,114,1312.6666666666667,6,0.0,1118,1.0810405006812522,9.807017543859649,0
14000,2807,84,970.8,5,0.0,532,0.947464451082636,6.333333333333333,0
14000,2809,88,1062.0,6,0.0,732,1.1878335859647358,8.318181818181818,0
14000,2837,126,1189.8333333333333,6,0.0,1357,1.0741096575765556,10.76984126984127,0
14000,2871,42,1118.25,4,0.0,208,1.4817489159788595,4.9523809523809526,0
14000,2873,178,1214.0,9,0.0,2587,1.0260447159243522,14.53370786516854,0
14000,2907,141,895.0,7,0.0,1808,1.1427995609255763,12.822695035460994,0
14000,2911,53,1281.5,4,0.0,235,1.0512983604038468,4.433962264150943,0
14000,2953,165,1338.4285714285713,7,0.0,2481,1.145166776647387,15.036363636363637,0
14000,2961,73,1199.8,5,0.0,524,1.2356498783869783,7.178082191780822,0
14000,2970,123,971.0,7,0.0,1423,1.1819647950448213,11.56910569105691,0
14000,3006,141,1104.5714285714287,7,0.0,1761,1.1130918289767366,12.48936170212766,0
14000,3050,146,1248.8333333333333,6,0.0,1530,0.9019772490133953,10.479452054794521,0
14000,3066,53,1351.5,4,0.0,282,1.261558032484616,5.320754716981132,0
14000,3071,119,1189.6666666666667,6,0.0,549,0.48717869269706837,4.61344537815126,0
14000,3080,84,1507.0,4,0.0,608,1.0828165155230125,7.238095238095238,0
14000,3093,42,1585.75,4,0.0,152,1.0828165155230125,3.619047619047619,0
14000,3099,119,1400.5,6,0.0,1246,1.1056915320592846,10.470588235294118,0
14000,3100,123,1073.5714285714287,7,0.0,1274,1.058203196688055,10.357723577235772,0
14000,3129,248,969.7777777777778,9,0.0,1895,0.3871824973044133,7.641129032258065,0
14000,3131,104,1210.857142857143,7,0.0,906,1.052619432009006,8.711538461538462,0
14000,3137,150,1080.4285714285713,7,0.0,2029,1.1332073767348783,13.526666666666667,0
14000,3150,142,1233.0,7,0.0,1671,1.0413809411125856,11.767605633802816,0
14000,3163,68,1010.0,5,0.0,434,1.179456065448071,6.382352941176471,0
14000,3183,100,1216.4,5,0.0,823,1.03421230156176,8.23,0
14000,3188,105,1003.6666666666666,6,0.0,1025,1.1683020299064082,9.761904761904763,0
14000,3208,69,1405.2,5,0.0,392,1.0346602144147858,5.681159420289855,0
14000,3218,106,1480.6666666666667,6,0.0,1166,1.3040573279051972,11.0,0
14000,3234,86,1579.0,4,0.0,572,0.9718718214458419,6.651162790697675,0
14000,3236,81,928.8,5,0.0,637,1.2200545772514544,7.864197530864198,0
14000,3249,80,980.6,5,0.0,587,1.1525718047857554,7.3375,0
14000,3263,131,1291.1666666666667,6,0.0,1400,1.0251686300392076,10.687022900763358,0
14000,3309,135,915.375,8,0.0,1569,1.0818455689398925,11.622222222222222,0
14000,3311,125,884.5,8,0.0,1516,1.2192395424875844,12.128,0
14000,3323,137,1050.4285714285713,7,0.0,1525,1.0210301660662655,11.13138686131387,0
14000,3350,212,937.0,8,0.0,1526,0.4266705579724123,7.19811320754717,0
14000,3422,166,1368.2,5,0.0,938,0.4277564100837895,5.650602409638554,0
14000,3447,28,1368.25,4,0.0,62,0.9937691047069753,2.2142857142857144,0
14000,3454,118,1057.6,5,0.0,1183,1.067654153747982,10.025423728813559,0
14000,3456,58,1378.8,5,0.0,367,1.3709447132787802,6.327586206896552,0
14000,3469,135,983.0,7,0.0,1527,1.0528860317216162,11.311111111111112,0
14000,3478,113,950.625,8,0.0,1163,1.144544523807637,10.29203539823009,0
14000,3498,108,1192.1666666666667,6,0.0,922,0.9933293644066492,8.537037037037036,0
14000,3509,77,1160.8333333333333,6,0.0,597,1.2653269112451384,7.753246753246753,0
14000,3518,43,1452.5,4,0.0,192,1.3048908371860255,4.465116279069767,0
14000,3524,117,1221.5714285714287,7,0.0,1052,0.9657259030101432,8.991452991452991,0
14000,3532,133,1469.5714285714287,7,0.0,1406,0.9988307470059922,10.571428571428571,0
14000,3545,122,720.6666666666666,6,0.0,467,0.39428212018985037,3.8278688524590163,0
14000,3580,68,1249.8,5,0.0,373,1.0136799825164298,5.485294117647059,0
14000,3595,71,1491.75,4,0.0,433,1.079396642733093,6.098591549295775,0
14000,3605,154,1394.8333333333333,6,0.0,1177,0.6236556844788643,7.642857142857143,0
14000,3614,137,687.5714285714286,7,0.0,1722,1.1529271776826946,12.569343065693431,0
14000,3618,94,1160.0,5,0.0,861,1.2244958237848853,9.159574468085106,0
14000,3619,117,760.75,8,0.0,1145,1.0510990104055264,9.786324786324787,0
14000,3635,133,1286.142857142857,7,0.0,1539,1.0933147365876401,11.571428571428571,0
14000,3639,87,1257.25,4,0.0,556,0.9230944723984278,6.390804597701149,0
14000,3655,133,1153.0,7,0.0,1468,1.0428759150816478,11.037593984962406,0
14000,3663,118,1020.5,6,0.0,1339,1.2084437124839797,11.347457627118644,0
14000,3684,47,1053.4,5,0.0,193,1.0979219233007336,4.1063829787234045,0
14000,3692,102,718.8333333333334,6,0.0,935,1.129330692466919,9.166666666666666,0
14000,3718,111,1169.4,5,0.0,520,0.5303557113437846,4.684684684684685,0
14000,3727,57,978.1666666666666,6,0.0,272,1.0520322582658341,4.771929824561403,0
14000,3792,137,1183.7142857142858,7,0.0,1659,1.1107469150845473,12.10948905109489,0
14000,3805,53,951.8,5,0.0,260,1.1631386115106388,4.90566037735849,0
14000,3817,67,942.6666666666666,6,0.0,394,1.1029516645260666,5.880597014925373,0
14000,3839,123,1107.4,5,0.0,475,0.39454200818432195,3.861788617886179,0
14000,3858,182,1215.0,6,0.0,1166,0.44234959957561876,6.406593406593407,0
14000,3963,55,1128.4,5,0.0,274,1.1382431564741862,4.9818181818181815,0
14000,3975,70,1514.25,4,0.0,452,1.1591835750388462,6.457142857142857,0
14000,3978,107,1176.0,6,0.0,1066,1.1700367783131171,9.962616822429906,0
14000,3992,217,1184.0,7,0.0,1483,0.39575968105278625,6.8341013824884795,0
14000,4015,103,1266.0,6,0.0,969,1.1477814238207218,9.407766990291263,0
14000,4029,19,1496.25,4,0.0,30,1.0442967269550558,1.5789473684210527,0
14000,4042,155,1216.5,8,0.0,2061,1.078014145106941,13.296774193548387,0
14000,4105,112,1273.5,6,0.0,681,0.6822144761143651,6.080357142857143,0
14000,4157,86,748.2,5,0.0,303,0.5148202131085491,3.5232558139534884,0
14000,4158,82,1865.25,4,0.0,545,1.018541342181105,6.646341463414634,0
14000,4191,16,1082.75,4,0.0,29,1.423534171157875,1.8125,0
14000,4237,29,1454.25,4,0.0,72,1.0758367232269446,2.4827586206896552,0
14000,4242,70,1000.3333333333334,6,0.0,390,1.00018051828573,5.571428571428571,0
14000,4253,128,1205.5714285714287,7,0.0,1415,1.0852914074290911,11.0546875,0
14000,4300,35,902.25,4,0.0,106,1.0873757429567936,3.0285714285714285,0
14000,4302,107,946.6,5,0.0,929,1.0196661979858215,8.682242990654206,0
14000,4329,161,867.25,8,0.0,2228,1.0801232100919038,13.838509316770187,0
14000,4332,77,1245.0,5,0.0,556,1.1784284131529263,7.220779220779221,0
14000,4350,57,1669.75,4,0.0,296,1.1448586339951725,5.192982456140351,0
14000,4352,269,983.25,8,0.0,2228,0.3869193865313116,8.282527881040892,0
14000,4353,68,753.4,5,0.0,435,1.1821737061518685,6.397058823529412,0
14000,4362,134,989.1428571428571,7,0.0,1556,1.0889548159914721,11.611940298507463,0
14000,4399,86,871.3333333333334,6,0.0,613,1.0415339624935334,7.127906976744186,0
14000,4405,152,1023.8888888888889,9,0.0,2020,1.098687181483965,13.289473684210526,0
14000,4457,62,1742.6666666666667,3,0.0,334,1.0918750741924985,5.387096774193548,0
14000,4477,262,1129.142857142857,7,0.0,1367,0.25025098522564226,5.217557251908397,0
14000,4490,198,1035.0,7,0.0,1573,0.5042062283539175,7.944444444444445,0
14000,4492,71,1410.8,5,0.0,485,1.20902395317679,6.830985915492958,0
14000,4501,128,863.0,8,0.0,1591,1.2202817167630275,12.4296875,0
14000,4522,72,1279.2,5,0.0,467,1.1320399453907664,6.486111111111111,0
14000,4539,152,1599.5,6,0.0,1744,0.9485695269841757,11.473684210526315,0
14000,4545,113,1163.1666666666667,6,0.0,1254,1.2341004581726371,11.097345132743364,0
14000,4591,130,1109.6666666666667,6,0.0,1354,1.0067967936001372,10.415384615384616,0
14000,4596,134,809.125,8,0.0,1753,1.2268237740572303,13.082089552238806,0
14000,4611,108,1140.5714285714287,7,0.0,979,1.0547390973471906,9.064814814814815,0
14000,4647,105,874.8571428571429,7,0.0,1007,1.1477855064543934,9.59047619047619,0
14000,4663,146,1090.5714285714287,7,0.0,1926,1.1354301840521563,13.191780821917808,0
14000,4681,106,1233.8,5,0.0,861,0.9629445620294809,8.122641509433961,0
14000,4703,131,1409.7142857142858,7,0.0,1573,1.1518501821797669,12.007633587786259,0
14000,4714,80,1097.1666666666667,6,0.0,485,0.952295273119406,6.0625,0
14000,4731,107,1726.6,5,0.0,769,0.8440509216911698,7.186915887850467,0
14000,4773,156,1312.142857142857,7,0.0,2191,1.1313657961892236,14.044871794871796,0
14000,4776,49,1144.0,5,0.0,200,1.046761400613009,4.081632653061225,0
14000,4777,133,1298.142857142857,7,0.0,1523,1.0819482416003743,11.451127819548873,0
14000,4779,75,1279.4,5,0.0,511,1.141584957144451,6.8133333333333335,0
14000,4781,84,731.1666666666666,6,0.0,606,1.0792546190903711,7.214285714285714,0
14000,4791,63,1441.2,5,0.0,359,1.1366407282829283,5.698412698412699,0
14000,4792,126,1167.5714285714287,7,0.0,1485,1.1754258227716914,11.785714285714286,0
14000,4795,98,622.1666666666666,6,0.0,884,1.156671347677375,9.020408163265307,0
14000,4809,157,846.625,8,0.0,2081,1.060920006835224,13.254777070063694,0
14000,4843,142,1342.7142857142858,7,0.0,1993,1.2420539890110014,14.035211267605634,0
14000,4851,94,1154.0,6,0.0,702,0.9983694173019624,7.468085106382978,0
14000,4858,138,963.5714285714286,7,0.0,1706,1.125720871040577,12.36231884057971,0
14000,4875,120,1192.4,5,0.0,750,0.6544984694978736,6.25,0
14000,4901,28,1676.0,4,0.0,74,1.1861115120696157,2.642857142857143,0
14000,4904,146,1162.875,8,0.0,2127,1.2539252344127396,14.568493150684931,0
14000,4920,137,851.625,8,0.0,1518,1.016343470222027,11.08029197080292,0
14000,4925,78,1006.2,5,0.0,618,1.2764656541212966,7.923076923076923,0
14000,4943,161,868.7142857142857,7,0.0,898,0.4353458898844388,5.577639751552795,0
14000,4977,127,1396.5,6,0.0,1339,1.0432370421369541,10.543307086614174,0
14000,4983,94,827.1428571428571,7,0.0,713,1.0140133825303406,7.585106382978723,0
14000,4992,100,1002.3333333333334,6,0.0,923,1.1598760077053516,9.23,0
16000,45,166,1547.2857142857142,7,0.0,2078,0.9476309383306126,12.518072289156626,0
16000,51,26,2047.3333333333333,3,0.0,72,1.3384300062631072,2.769230769230769,0
16000,138,30,1393.25,4,0.0,79,1.1030480872604163,2.6333333333333333,0
16000,162,109,756.6666666666666,6,0.0,1106,1.1698010183891292,10.146788990825687,0
16000,165,115,1221.3333333333333,6,0.0,1126,1.0699231237632083,9.791304347826086,0
16000,196,78,755.8333333333334,6,0.0,556,1.1484059930282216,7.128205128205129,0
16000,224,103,1414.8333333333333,6,0.0,976,1.1560729304943493,9.475728155339805,0
16000,262,125,1413.142857142857,7,0.0,1467,1.179831404240954,11.736,0
16000,277,173,1218.375,8,0.0,2500,1.0496817981188122,14.45086705202312,0
16000,308,143,998.1428571428571,7,0.0,1685,1.0354704134771973,11.783216783216783,0
16000,319,38,1390.5,4,0.0,138,1.2009412359983143,3.6315789473684212,0
16000,336,128,1282.875,8,0.0,1381,1.0592137340350352,10.7890625,0
16000,349,103,1837.25,4,0.0,963,1.1406744181004695,9.349514563106796,0
16000,370,145,972.75,8,0.0,1847,1.103928015444537,12.73793103448276,0
16000,374,110,1903.4,5,0.0,1102,1.1444744146300667,10.018181818181818,0
16000,395,98,1272.3333333333333,6,0.0,833,1.0899403083882957,8.5,0
16000,432,102,1777.4,5,0.0,831,1.0037152999358392,8.147058823529411,0
16000,485,100,1070.1666666666667,6,0.0,802,1.0078229232716056,8.02,0
16000,491,80,1149.4,5,0.0,589,1.1564987956027426,7.3625,0
16000,504,130,1484.6666666666667,6,0.0,1506,1.1198197719067997,11.584615384615384,0
16000,547,100,1687.6,5,0.0,829,1.0417521239303755,8.29,0
16000,552,155,951.625,8,0.0,2083,1.0895213315175922,13.438709677419356,0
16000,563,175,1165.1,10,0.0,2667,1.094351360930479,15.24,0
16000,582,119,1485.5,6,0.0,1109,0.9841187071057356,9.319327731092438,0
16000,662,51,1682.75,4,0.0,297,1.4349142916050266,5.823529411764706,0
16000,678,144,1991.2,5,0.0,709,0.4296661248833263,4.923611111111111,0
16000,717,165,1411.2857142857142,7,0.0,2449,1.1303963869445588,14.842424242424242,0
16000,775,154,1341.75,8,0.0,2110,1.1180233596010225,13.7012987012987,0
16000,806,8,1946.25,4,0.0,8,1.5707963267948966,1.0,0
16000,877,147,1288.7142857142858,7,0.0,1949,1.133409983219308,13.258503401360544,0
16000,879,53,1569.75,4,0.0,241,1.078140020669477,4.547169811320755,0
16000,903,230,1061.2857142857142,7,0.0,1894,0.44991882691108265,8.234782608695653,0
16000,943,104,1666.1666666666667,6,0.0,894,1.0386774527770988,8.596153846153847,0
16000,948,62,1359.0,5,0.0,321,1.0493769425622514,5.17741935483871,0
16000,962,80,1341.8,5,0.0,600,1.1780972450961724,7.5,0
16000,969,194,1267.0,9,0.0,3200,1.0684553609828185,16.49484536082474,0
16000,973,87,1476.4,5,0.0,694,1.152207848641203,7.977011494252873,0
16000,1129,58,1157.2,5,0.0,313,1.1692253276737279,5.396551724137931,0
16000,1133,100,1853.6,5,0.0,818,1.0279291162545803,8.18,0
16000,1219,86,1239.8,5,0.0,695,1.1808582445889162,8.081395348837209,0
16000,1245,140,1034.142857142857,7,0.0,1724,1.1053277009773068,12.314285714285715,0
16000,1266,204,1460.7142857142858,7,0.0,1855,0.5601359450604638,9.093137254901961,0
16000,1268,140,1963.8,5,0.0,1566,1.0040273664329828,11.185714285714285,0
16000,1277,109,1320.1666666666667,6,0.0,1076,1.1380704301868925,9.871559633027523,0
16000,1304,133,865.0,7,0.0,1435,1.0194325191704117,10.789473684210526,0
16000,1339,132,1360.25,8,0.0,1514,1.0919125981485185,11.469696969696969,0
16000,1371,107,1409.1666666666667,6,0.0,892,0.9790551653426833,8.336448598130842,0
16000,1407,129,1051.857142857143,7,0.0,1533,1.1576375309063525,11.883720930232558,0
16000,1429,118,1707.5,6,0.0,1258,1.135341441601827,10.661016949152541,0
16000,1545,56,1550.8,5,0.0,277,1.1099759758219039,4.946428571428571,0
16000,1582,166,751.1428571428571,7,0.0,911,0.41544359230952266,5.4879518072289155,0
16000,1616,136,1157.0,7,0.0,1548,1.0517269523695933,11.382352941176471,0
16000,1622,93,1489.6,5,0.0,829,1.204476961417939,8.913978494623656,0
16000,1647,16,1820.6666666666667,3,0.0,27,1.325359400733194,1.6875,0
16000,1711,133,1914.0,6,0.0,1478,1.0499799744486888,11.112781954887218,0
16000,1733,219,1220.8333333333333,6,0.0,1727,0.45249519507512964,7.885844748858448,0
16000,1803,125,1144.5714285714287,7,0.0,1383,1.1122745958181592,11.064,0
16000,1806,57,1286.4,5,0.0,307,1.1874040562044526,5.385964912280702,0
16000,1839,150,1446.0,6,0.0,1888,1.054458120884894,12.586666666666666,0
16000,1842,129,1327.5,6,0.0,1431,1.0806127245446773,11.093023255813954,0
16000,1852,36,1094.0,5,0.0,115,1.1150714665519328,3.1944444444444446,0
16000,1904,88,1511.0,5,0.0,657,1.0661293251076933,7.465909090909091,0
16000,1952,136,929.7142857142857,7,0.0,1682,1.1427679159468063,12.367647058823529,0
16000,1972,131,1233.5714285714287,7,0.0,1531,1.1210951232785906,11.687022900763358,0
16000,2010,150,1336.0,7,0.0,1793,1.0014001116242666,11.953333333333333,0
16000,2076,76,1569.6,5,0.0,530,1.1530776360128743,6.973684210526316,0
16000,2084,121,908.8333333333334,6,0.0,1232,1.0574256264524624,10.181818181818182,0
16000,2087,120,1262.6666666666667,6,0.0,1077,0.9398598021989464,8.975,0
16000,2090,207,1491.4,5,0.0,1380,0.4047140294479605,6.666666666666667,0
16000,2097,69,1046.8,5,0.0,209,0.5516428183997201,3.028985507246377,0
16000,2119,152,1168.125,8,0.0,1892,1.0290673996869613,12.447368421052632,0
16000,2134,93,1519.0,4,0.0,625,0.9080797356890372,6.720430107526882,0
16000,2142,141,1992.8333333333333,6,0.0,1670,1.0555726032885577,11.843971631205674,0
16000,2147,172,1310.3333333333333,9,0.0,2381,1.0113753526497158,13.843023255813954,0
16000,2169,101,1164.5,6,0.0,822,1.0126023571221685,8.138613861386139,0
16000,2170,124,1706.6666666666667,6,0.0,1456,1.1899476856469144,11.741935483870968,0
16000,2175,174,1603.75,8,0.0,2544,1.055913820944964,14.620689655172415,0
16000,2198,147,1320.7142857142858,7,0.0,2078,1.2084278835965736,14.136054421768707,0
16000,2234,104,1077.6666666666667,6,0.0,920,1.0688850744462315,8.846153846153847,0
16000,2241,18,2333.6666666666665,3,0.0,35,1.3574783071067007,1.9444444444444444,0
16000,2266,94,1721.4,5,0.0,752,1.0694783501582275,8.0,0
16000,2270,155,1081.375,8,0.0,2053,1.0738297136848858,13.245161290322581,0
16000,2278,89,1259.6666666666667,6,0.0,677,1.074035210948259,7.606741573033708,0
16000,2281,266,1312.2857142857142,7,0.0,2280,0.4049313839213482,8.571428571428571,0
16000,2301,57,1288.5,4,0.0,174,0.6729912240377026,3.0526315789473686,0
16000,2320,138,1534.5714285714287,7,0.0,1615,1.0656736264540045,11.702898550724637,0
16000,2335,84,1898.6,5,0.0,671,1.1950162531512194,7.988095238095238,0
16000,2380,136,1524.4285714285713,7,0.0,1705,1.1583943499936413,12.536764705882353,0
16000,2403,163,1757.1666666666667,6,0.0,2291,1.0835769158604713,14.05521472392638,0
16000,2419,81,1431.6,5,0.0,565,1.0821520190691865,6.9753086419753085,0
16000,2439,182,1363.7142857142858,7,0.0,2708,1.0273436669389155,14.87912087912088,0
16000,2495,72,1414.4,5,0.0,519,1.2580915024792458,7.208333333333333,0
16000,2521,111,1009.0,7,0.0,1151,1.173921968762877,10.36936936936937,0
16000,2529,61,1137.6,5,0.0,340,1.1482305855635901,5.573770491803279,0
16000,2576,247,1352.142857142857,7,0.0,2058,0.4238979613557209,8.331983805668017,0
16000,2585,125,1411.0,7,0.0,1459,1.173397422486402,11.672,0
16000,2602,246,1072.0,7,0.0,1923,0.39931804302023743,7.817073170731708,0
16000,2623,127,1362.8333333333333,6,0.0,1414,1.1016707823612046,11.133858267716535,0
16000,2658,102,1160.1666666666667,6,0.0,900,1.0870562815189595,8.823529411764707,0
16000,2719,97,1303.0,5,0.0,751,1.0030124701226206,7.742268041237113,0
16000,2729,116,1172.1666666666667,6,0.0,1258,1.174828643940535,10.844827586206897,0
16000,2744,156,1136.125,8,0.0,2150,1.1101946425407718,13.782051282051283,0
16000,2750,152,1044.6666666666667,9,0.0,2089,1.1362165951089123,13.743421052631579,0
16000,2754,163,1422.6666666666667,6,0.0,1672,0.7908077709815401,10.257668711656441,0
16000,2789,69,1722.25,4,0.0,428,1.129680030024307,6.202898550724638,0
16000,2797,221,966.6666666666666,9,0.0,2290,0.589197369154655,10.361990950226245,0
16000,2804,128,1128.1666666666667,6,0.0,1501,1.1512525813081738,11.7265625,0
16000,2806,108,1639.0,5,0.0,1048,1.1290771951173193,9.703703703703704,0
16000,2807,72,1709.5,4,0.0,380,0.9211459941081184,5.277777777777778,0
16000,2809,79,1317.8,5,0.0,617,1.2423410782021485,7.810126582278481,0
16000,2837,128,1232.5,6,0.0,1389,1.0653496571865777,10.8515625,0
16000,2873,185,1384.6666666666667,9,0.0,2822,1.0361518735930337,15.254054054054054,0
16000,2907,146,868.7142857142857,7,0.0,1921,1.132482545983485,13.157534246575343,0
16000,2953,171,1504.0,8,0.0,2664,1.1448586339951723,15.578947368421053,0
16000,2961,64,1270.6,5,0.0,407,1.248660361338912,6.359375,0
16000,2970,128,976.1428571428571,7,0.0,1528,1.1719613219446299,11.9375,0
16000,3006,154,1402.125,8,0.0,2034,1.0777533238997536,13.207792207792208,0
16000,3050,136,1627.2,5,0.0,1463,0.9939770874138988,10.757352941176471,0
16000,3066,22,1467.0,4,0.0,53,1.3760695094236284,2.409090909090909,0
16000,3071,103,1514.4,5,0.0,445,0.5271029242520343,4.320388349514563,0
16000,3080,74,1579.25,4,0.0,471,1.080854740570338,6.364864864864865,0
16000,3099,120,1403.6666666666667,6,0.0,1253,1.0934487763744476,10.441666666666666,0
16000,3100,123,1309.1666666666667,6,0.0,1303,1.0822910245561506,10.59349593495935,0
16000,3129,260,1057.875,8,0.0,2126,0.39520863796046746,8.176923076923076,0
16000,3131,104,1467.6666666666667,6,0.0,949,1.1025781909233408,9.125,0
16000,3137,156,1310.2857142857142,7,0.0,2133,1.1014163593206818,13.673076923076923,0
16000,3150,144,1385.4285714285713,7,0.0,1856,1.1247677401741234,12.88888888888889,0
16000,3163,50,1346.5,4,0.0,241,1.2113981272242242,4.82,0
16000,3183,95,1251.8,5,0.0,755,1.0512587051347562,7.947368421052632,0
16000,3188,108,990.3333333333334,6,0.0,1085,1.1689396533418812,10.046296296296296,0
16000,3208,53,1839.75,4,0.0,242,1.0826136307137486,4.566037735849057,0
16000,3218,106,1865.0,5,0.0,1131,1.2649132400178198,10.669811320754716,0
16000,3234,70,1664.5,4,0.0,394,1.0104387800117374,5.628571428571429,0
16000,3236,88,1216.8333333333333,6,0.0,692,1.1229246468409797,7.863636363636363,0
16000,3249,77,1055.4,5,0.0,521,1.1042467684400623,6.766233766233766,0
16000,3263,131,1350.6666666666667,6,0.0,1434,1.050065582483017,10.946564885496183,0
16000,3309,136,1040.7142857142858,7,0.0,1658,1.126462071724022,12.191176470588236,0
16000,3311,128,1038.857142857143,7,0.0,1612,1.2363885150358267,12.59375,0
16000,3323,141,1049.0,7,0.0,1620,1.0239686331302176,11.48936170212766,0
16000,3350,226,915.375,8,0.0,1678,0.4128430161111812,7.424778761061947,0
16000,3422,157,1444.6,5,0.0,873,0.44506639402554093,5.560509554140127,0
16000,3454,119,1571.8,5,0.0,1197,1.0622092807985262,10.058823529411764,0
16000,3456,40,1799.5,4,0.0,193,1.515818455357075,4.825,0
16000,3469,139,964.7142857142857,7,0.0,1621,1.0542977467975891,11.661870503597122,0
16000,3478,116,1098.0,7,0.0,1295,1.209382427585845,11.163793103448276,0
16000,3498,110,1216.0,6,0.0,921,0.9564981269276692,8.372727272727273,0
16000,3509,67,1454.6,5,0.0,489,1.3688917866833672,7.298507462686567,0
16000,3524,115,1476.0,6,0.0,1060,1.0072100454609243,9.217391304347826,0
16000,3532,133,1517.142857142857,7,0.0,1467,1.0421655091449435,11.030075187969924,0
16000,3545,119,731.0,6,0.0,428,0.37980415386948135,3.596638655462185,0
16000,3580,56,1618.5,4,0.0,278,1.1139831093086257,4.964285714285714,0
16000,3595,45,1850.0,3,0.0,196,1.2163005631676038,4.355555555555555,0
16000,3605,151,1469.1666666666667,6,0.0,1182,0.6514385362998352,7.827814569536423,0
16000,3614,151,966.375,8,0.0,1976,1.0890376884335653,13.086092715231787,0
16000,3618,84,1532.25,4,0.0,728,1.296530301481502,8.666666666666666,0
16000,3619,138,825.1428571428571,7,0.0,1320,0.8710149764206104,9.565217391304348,0
16000,3635,132,1395.2857142857142,7,0.0,1634,1.1784578503135266,12.378787878787879,0
16000,3639,71,1373.75,4,0.0,389,0.9697119954345801,5.47887323943662,0
16000,3655,142,1331.5,8,0.0,1663,1.0363952753262897,11.711267605633802,0
16000,3663,126,1380.3333333333333,6,0.0,1427,1.1295169354176455,11.325396825396826,0
16000,3692,104,1037.3333333333333,6,0.0,983,1.142080465413745,9.451923076923077,0
16000,3718,76,1222.8,5,0.0,407,0.8854765997306412,5.355263157894737,0
16000,3727,36,1137.4,5,0.0,124,1.2023379291516492,3.4444444444444446,0
16000,3792,144,1375.0,7,0.0,1803,1.0926488338006166,12.520833333333334,0
16000,3805,35,965.6,5,0.0,114,1.1694418367648536,3.257142857142857,0
16000,3817,49,1429.0,4,0.0,235,1.2299446457202856,4.795918367346939,0
16000,3839,114,1153.0,5,0.0,387,0.37420632715889507,3.3947368421052633,0
16000,3858,180,1242.3333333333333,6,0.0,1196,0.463869730085604,6.644444444444445,0
16000,3963,41,1642.2,5,0.0,153,1.1437565163574976,3.731707317073171,0
16000,3975,56,1589.75,4,0.0,302,1.2101543129899457,5.392857142857143,0
16000,3978,107,1184.3333333333333,6,0.0,1074,1.1788175421278497,10.037383177570094,0
16000,3992,224,1412.142857142857,7,0.0,1607,0.40246646957260823,7.174107142857143,0
16000,4015,104,1301.6666666666667,6,0.0,966,1.122329328168543,9.288461538461538,0
16000,4042,163,1690.7142857142858,7,0.0,2224,1.0518878484826226,13.644171779141104,0
16000,4105,108,1315.6666666666667,6,0.0,667,0.7186016117779122,6.175925925925926,0
16000,4157,72,757.0,5,0.0,195,0.47269333908179756,2.7083333333333335,0
16000,4158,70,2036.0,4,0.0,394,1.0104387800117374,5.628571428571429,0
16000,4242,58,1564.25,4,0.0,271,1.012332472203132,4.672413793103448,0
16000,4253,132,1244.0,7,0.0,1485,1.070997495541975,11.25,0
16000,4302,105,979.6,5,0.0,885,1.0087290697240696,8.428571428571429,0
16000,4329,164,1004.8571428571429,7,0.0,2352,1.0989033196375957,14.341463414634147,0
16000,4332,72,1336.2,5,0.0,467,1.1320399453907664,6.486111111111111,0
16000,4350,11,2141.3333333333335,3,0.0,15,1.5578145389701452,1.3636363636363635,0
16000,4352,278,1215.4444444444443,9,0.0,2538,0.41267854432021606,9.129496402877697,0
16000,4353,61,1113.4,5,0.0,358,1.209019263622839,5.868852459016393,0
16000,4362,144,1079.75,8,0.0,1788,1.0835585772798129,12.416666666666666,0
16000,4399,86,1061.6,5,0.0,588,0.9990570472205508,6.837209302325581,0
16000,4405,162,1150.75,8,0.0,2213,1.0596470876991635,13.660493827160494,0
16000,4457,13,1898.0,3,0.0,20,1.4871444514034524,1.5384615384615385,0
16000,4477,273,1120.0,7,0.0,1473,0.24836324001329765,5.395604395604396,0
16000,4490,215,1326.857142857143,7,0.0,1769,0.48090664395459976,8.227906976744187,0
16000,4492,66,1842.0,4,0.0,394,1.1366276451004393,5.96969696969697,0
16000,4501,136,1104.375,8,0.0,1747,1.1869295773835138,12.845588235294118,0
16000,4522,65,1339.6,5,0.0,372,1.1064354718441685,5.723076923076923,0
16000,4539,153,1671.5,6,0.0,1750,0.9394313543991009,11.437908496732026,0
16000,4545,119,1576.3333333333333,6,0.0,1288,1.1429620331399346,10.823529411764707,0
16000,4591,127,1115.0,6,0.0,1357,1.0572611397907743,10.68503937007874,0
16000,4596,145,1169.0,7,0.0,1974,1.1798342731388827,13.613793103448275,0
16000,4611,113,1325.3333333333333,6,0.0,1008,0.9920041960430767,8.920353982300885,0
16000,4647,120,1395.0,8,0.0,1210,1.0559241974565694,10.083333333333334,0
16000,4663,154,1372.2857142857142,7,0.0,2022,1.0713948972100795,13.12987012987013,0
16000,4681,100,1270.2,5,0.0,806,1.0128494715173493,8.06,0
16000,4703,132,1704.8333333333333,6,0.0,1638,1.1813426920523602,12.409090909090908,0
16000,4714,67,1330.4,5,0.0,343,0.9601838094732004,5.119402985074627,0
16000,4731,96,1835.2,5,0.0,695,0.9476592422937961,7.239583333333333,0
16000,4773,160,1317.5714285714287,7,0.0,2254,1.1064296626861552,14.0875,0
16000,4777,136,1275.7142857142858,7,0.0,1613,1.095888613806301,11.860294117647058,0
16000,4779,69,1633.25,4,0.0,427,1.1270405907018204,6.188405797101449,0
16000,4781,89,892.1666666666666,6,0.0,658,1.0438924206853093,7.393258426966292,0
16000,4791,51,1519.2,5,0.0,244,1.1788521452916718,4.784313725490196,0
16000,4792,131,1378.0,7,0.0,1602,1.1730858180877217,12.229007633587786,0
16000,4795,103,1105.2857142857142,7,0.0,1042,1.234249993417123,10.116504854368932,0
16000,4809,171,935.3333333333334,9,0.0,2345,1.0077678290986034,13.713450292397662,0
16000,4843,145,1369.5714285714287,7,0.0,2079,1.2425914153271211,14.337931034482759,0
16000,4851,94,1380.0,5,0.0,689,0.9798810947593333,7.329787234042553,0
16000,4858,143,967.8571428571429,7,0.0,1801,1.10675502354447,12.594405594405595,0
16000,4875,108,1258.6,5,0.0,662,0.7132147930989173,6.12962962962963,0
16000,4904,154,1273.625,8,0.0,2307,1.2224075310898386,14.980519480519481,0
16000,4920,138,1102.4285714285713,7,0.0,1642,1.0834898418807897,11.898550724637682,0
16000,4925,74,1030.0,5,0.0,558,1.2805030684463876,7.54054054054054,0
16000,4943,172,950.0,6,0.0,1029,0.4370874581589909,5.982558139534884,0
16000,4977,127,1475.1666666666667,6,0.0,1350,1.051807324036511,10.62992125984252,0
16000,4983,99,960.0,6,0.0,713,0.9141742932392705,7.202020202020202,0
16000,4992,102,1303.7142857142858,7,0.0,1011,1.2211265562396312,9.911764705882353,0
18000,45,163,1594.142857142857,7,0.0,2116,1.00080696375415,12.98159509202454,0
18000,162,110,733.5,6,0.0,1157,1.2015942810589721,10.518181818181818,0
18000,165,115,1234.3333333333333,6,0.0,1136,1.0794251053241604,9.878260869565217,0
18000,196,97,729.7142857142857,7,0.0,608,0.812026074346942,6.268041237113402,0
18000,224,105,1432.1666666666667,6,0.0,1013,1.154624347605065,9.647619047619047,0
18000,262,128,1424.857142857143,7,0.0,1526,1.1704273411567443,11.921875,0
18000,277,174,1420.5714285714287,7,0.0,2567,1.0654602116217464,14.75287356321839,0
18000,308,148,957.2857142857143,7,0.0,1799,1.032090062784521,12.155405405405405,0
18000,336,132,1474.2857142857142,7,0.0,1513,1.09119138771381,11.462121212121213,0
18000,349,91,1918.75,4,0.0,810,1.2291704139150983,8.901098901098901,0
18000,370,151,960.875,8,0.0,2048,1.1287192236396468,13.562913907284768,0
18000,374,107,2038.8,5,0.0,1044,1.1458896778226024,9.757009345794392,0
18000,395,103,1277.5,6,0.0,853,1.0103793132291803,8.281553398058252,0
18000,432,96,1843.4,5,0.0,757,1.0321986279372715,7.885416666666667,0
18000,485,106,1014.2857142857143,7,0.0,870,0.9730101846290923,8.20754716981132,0
18000,491,75,1194.6,5,0.0,517,1.1549890857997676,6.8933333333333335,0
18000,504,131,1533.8333333333333,6,0.0,1519,1.1123079635925401,11.595419847328245,0
18000,547,94,1735.8,5,0.0,742,1.0552565635869744,7.8936170212765955,0
18000,552,162,1088.4285714285713,7,0.0,2185,1.0462398945425542,13.487654320987655,0
18000,563,181,1244.2222222222222,9,0.0,2964,1.1369226367009735,16.375690607734807,0
18000,582,116,1988.8333333333333,6,0.0,1121,1.0468862558484417,9.663793103448276,0
18000,662,25,1773.75,4,0.0,69,1.3873273158252526,2.76,0
18000,678,135,2066.2,5,0.0,622,0.4288769559468535,4.607407407407408,0
18000,717,167,1423.4285714285713,7,0.0,2520,1.1354747014301378,15.089820359281438,0
18000,775,159,1309.0,8,0.0,2257,1.1218819855468,14.19496855345912,0
18000,877,143,1536.1666666666667,6,0.0,1915,1.176810588610583,13.391608391608392,0
18000,879,10,1624.75,4,0.0,12,1.5079644737231006,1.2,0
18000,903,252,1276.2857142857142,7,0.0,2130,0.42149107786257617,8.452380952380953,0
18000,943,102,1711.6666666666667,6,0.0,891,1.07618571870377,8.735294117647058,0
18000,948,44,1395.2,5,0.0,173,1.1229246468409797,3.9318181818181817,0
18000,962,72,1399.2,5,0.0,505,1.2241545448015783,7.013888888888889,0
18000,969,198,1436.375,8,0.0,3309,1.060660145977821,16.71212121212121,0
18000,973,79,1573.4,5,0.0,590,1.1879760715385215,7.468354430379747,0
18000,1129,45,1201.2,5,0.0,179,1.110805106158169,3.977777777777778,0
18000,1133,96,1926.0,5,0.0,748,1.0199267816341864,7.791666666666667,0
18000,1219,80,1298.4,5,0.0,610,1.1977321991811087,7.625,0
18000,1245,143,1036.7142857142858,7,0.0,1808,1.1110566810485296,12.643356643356643,0
18000,1266,208,1472.7142857142858,7,0.0,1903,0.5527413849649941,9.149038461538462,0
18000,1268,139,2032.4,5,0.0,1531,0.9957617830642251,11.014388489208633,0
18000,1277,110,1776.6666666666667,6,0.0,1109,1.1517442158119273,10.081818181818182,0
18000,1304,137,1024.7142857142858,7,0.0,1565,1.0478112851762003,11.423357664233576,0
18000,1339,139,1353.875,8,0.0,1682,1.093972122216869,12.100719424460431,0
18000,1371,107,1477.3333333333333,6,0.0,900,0.9878359291574159,8.411214953271028,0
18000,1407,135,1131.5,8,0.0,1661,1.145280745703736,12.303703703703704,0
18000,1429,121,1741.6666666666667,6,0.0,1278,1.0969074274401354,10.561983471074381,0
18000,1545,31,1796.25,4,0.0,89,1.1637949892590702,2.870967741935484,0
18000,1582,191,1265.0,7,0.0,1090,0.3754651454086099,5.706806282722513,0
18000,1616,136,1152.2857142857142,7,0.0,1607,1.091812152750605,11.816176470588236,0
18000,1622,89,1583.4,5,0.0,757,1.2009522225817313,8.50561797752809,0
18000,1711,132,1949.3333333333333,6,0.0,1485,1.070997495541975,11.25,0
18000,1733,220,1257.0,6,0.0,1771,0.4598149247526879,8.05,0
18000,1803,130,1137.7142857142858,7,0.0,1487,1.1056918996184668,11.438461538461539,0
18000,1806,43,1319.4,5,0.0,164,1.1145942567630633,3.813953488372093,0
18000,1839,153,1474.1666666666667,6,0.0,1914,1.0274694927542167,12.509803921568627,0
18000,1842,131,1577.0,6,0.0,1510,1.1057175938280024,11.526717557251908,0
18000,1904,83,1570.6,5,0.0,568,1.0361008141901598,6.843373493975903,0
18000,1952,141,893.5714285714286,7,0.0,1799,1.1371108462970752,12.75886524822695,0
18000,1972,133,1446.1666666666667,6,0.0,1587,1.1274142215494378,11.93233082706767,0
18000,2010,156,1357.75,8,0.0,1924,0.9934951126736953,12.333333333333334,0
18000,2076,72,1582.4,5,0.0,459,1.1126473981463851,6.375,0
18000,2084,125,1152.8333333333333,6,0.0,1278,1.0278285852896654,10.224,0
18000,2087,119,1287.5,6,0.0,1062,0.9424112416107224,8.92436974789916,0
18000,2090,207,1977.8,5,0.0,1369,0.4014880480538101,6.613526570048309,0
18000,2119,157,1172.25,8,0.0,2032,1.0359391897593346,12.94267515923567,0
18000,2134,81,2094.5,4,0.0,479,0.9174350745736997,5.91358024691358,0
18000,2142,140,2497.8,5,0.0,1621,1.0392901411161335,11.57857142857143,0
18000,2147,176,1490.375,8,0.0,2591,1.0511191329353247,14.721590909090908,0
18000,2169,102,1555.0,6,0.0,849,1.0254564255662184,8.323529411764707,0
18000,2170,124,1748.1666666666667,6,0.0,1471,1.2022067620787165,11.862903225806452,0
18000,2175,179,1613.5,8,0.0,2715,1.0648137142406653,15.167597765363128,0
18000,2198,151,1314.4285714285713,7,0.0,2163,1.1920994534826932,14.324503311258278,0
18000,2234,101,1322.4,5,0.0,854,1.052022400221815,8.455445544554456,0
18000,2266,87,1770.4,5,0.0,667,1.107381318506747,7.666666666666667,0
18000,2270,166,1182.0,8,0.0,2245,1.0237879964158927,13.524096385542169,0
18000,2278,90,1276.5,6,0.0,684,1.0611601852125523,7.6,0
18000,2281,271,1309.2857142857142,7,0.0,2342,0.4007358284722319,8.642066420664207,0
18000,2320,137,1818.5,6,0.0,1655,1.1080688031735537,12.08029197080292,0
18000,2335,79,1942.8,5,0.0,591,1.1899895903038409,7.481012658227848,0
18000,2380,133,2222.4,5,0.0,1655,1.175721825245318,12.443609022556391,0
18000,2403,158,1806.3333333333333,6,0.0,2295,1.155256391602079,14.525316455696203,0
18000,2419,77,1490.2,5,0.0,489,1.0364235504168722,6.35064935064935,0
18000,2439,184,1386.4285714285713,7,0.0,2793,1.036681035146065,15.179347826086957,0
18000,2495,63,1518.0,5,0.0,403,1.27595045542624,6.396825396825397,0
18000,2521,121,1300.857142857143,7,0.0,1312,1.1260896281701545,10.84297520661157,0
18000,2529,38,1412.25,4,0.0,151,1.3140733814184453,3.973684210526316,0
18000,2576,247,1346.142857142857,7,0.0,2186,0.45026284913683473,8.850202429149798,0
18000,2585,127,1413.7142857142858,7,0.0,1519,1.1834780186751555,11.960629921259843,0
18000,2602,250,1055.2857142857142,7,0.0,2011,0.4043355408876207,8.044,0
18000,2623,125,1389.8333333333333,6,0.0,1440,1.1581167158193413,11.52,0
18000,2658,108,1532.8333333333333,6,0.0,943,1.0159540028584277,8.731481481481481,0
18000,2719,93,1678.5,4,0.0,681,0.9894436800067749,7.32258064516129,0
18000,2729,117,1151.1666666666667,6,0.0,1303,1.1961414939374682,11.136752136752136,0
18000,2744,162,1126.625,8,0.0,2311,1.1065722637472963,14.265432098765432,0
18000,2750,161,1319.142857142857,7,0.0,2341,1.1349050425606584,14.540372670807454,0
18000,2754,166,1472.5,6,0.0,1690,0.7706911866115184,10.180722891566266,0
18000,2789,51,1802.0,4,0.0,241,1.1643580615380857,4.7254901960784315,0
18000,2797,237,1282.125,8,0.0,2581,0.5774324370321889,10.890295358649789,0
18000,2804,130,1361.1666666666667,6,0.0,1558,1.1584855276432895,11.984615384615385,0
18000,2806,102,1706.6,5,0.0,961,1.1607345405996892,9.42156862745098,0
18000,2807,49,1831.0,4,0.0,169,0.8845133835179926,3.4489795918367347,0
18000,2809,62,1721.25,4,0.0,440,1.438398301331435,7.096774193548387,0
18000,2837,129,1265.6666666666667,6,0.0,1415,1.06853040197814,10.968992248062015,0
18000,2873,189,1549.75,8,0.0,2995,1.053617759581359,15.846560846560847,0
18000,2907,150,1026.7142857142858,7,0.0,2031,1.1343243874561546,13.54,0
18000,2953,173,1924.4285714285713,7,0.0,2750,1.1546499779306933,15.895953757225433,0
18000,2961,54,1341.4,5,0.0,275,1.1851001093788658,5.092592592592593,0
18000,2970,139,1113.0,6,0.0,1657,1.0777121322909347,11.920863309352518,0
18000,3006,159,1651.142857142857,7,0.0,2142,1.0647191905366618,13.471698113207546,0
18000,3050,133,1712.0,5,0.0,1390,0.9874642520187263,10.451127819548873,0
18000,3071,85,1605.0,5,0.0,315,0.5478763658855557,3.7058823529411766,0
18000,3080,60,1646.0,4,0.0,313,1.0925761117484503,5.216666666666667,0
18000,3099,119,1407.5,6,0.0,1255,1.1136780680051381,10.546218487394958,0
18000,3100,123,1366.0,6,0.0,1317,1.0939196311131623,10.707317073170731,0
18000,3129,272,1199.857142857143,7,0.0,2287,0.38845276809904067,8.408088235294118,0
18000,3131,103,1515.8333333333333,6,0.0,929,1.1004013856857076,9.019417475728156,0
18000,3137,158,1344.142857142857,7,0.0,2215,1.1149860162956884,14.018987341772151,0
18000,3150,149,1424.5714285714287,7,0.0,1940,1.0980928332893471,13.020134228187919,0
18000,3183,90,1280.8,5,0.0,695,1.078225626787608,7.722222222222222,0
18000,3188,115,1264.7142857142858,7,0.0,1237,1.1753951190897767,10.756521739130434,0
18000,3218,104,1943.6,5,0.0,1057,1.228056004010507,10.163461538461538,0
18000,3234,50,1749.25,4,0.0,212,1.065628228097658,4.24,0
18000,3236,82,1493.2,5,0.0,609,1.1381498667675098,7.426829268292683,0
18000,3249,71,1080.2,5,0.0,456,1.1367317992754973,6.422535211267606,0
18000,3263,137,1352.857142857143,7,0.0,1561,1.045133173265207,11.394160583941606,0
18000,3309,140,1003.4285714285714,7,0.0,1743,1.1175093867769408,12.45,0
18000,3311,134,1051.4285714285713,7,0.0,1708,1.1953308648543923,12.746268656716419,0
18000,3323,147,1400.5,6,0.0,1698,0.9874449212449384,11.551020408163266,0
18000,3350,238,885.625,8,0.0,1832,0.40642594035565993,7.697478991596639,0
18000,3422,151,1526.2,5,0.0,819,0.45137746296917514,5.423841059602649,0
18000,3454,118,1641.8,5,0.0,1162,1.0487017131489054,9.847457627118644,0
18000,3469,143,940.2857142857143,7,0.0,1713,1.0526770434934356,11.979020979020978,0
18000,3478,122,1107.2857142857142,7,0.0,1399,1.1811577861790166,11.467213114754099,0
18000,3498,106,1476.8,5,0.0,887,0.992023027317247,8.367924528301886,0
18000,3509,61,1944.4,5,0.0,393,1.3272194709602674,6.442622950819672,0
18000,3524,114,1503.6666666666667,6,0.0,1066,1.030759547161194,9.350877192982455,0
18000,3532,134,1556.7142857142858,7,0.0,1528,1.0693592280430395,11.402985074626866,0
18000,3545,109,868.2,5,0.0,356,0.3765363133332098,3.2660550458715596,0
18000,3580,18,1691.25,4,0.0,31,1.2023379291516492,1.7222222222222223,0
18000,3605,138,1853.6,5,0.0,1120,0.7390430102962756,8.115942028985508,0
18000,3614,167,1092.75,8,0.0,2224,1.0021014825319947,13.317365269461078,0
18000,3618,72,1635.0,4,0.0,567,1.3744467859455345,7.875,0
18000,3619,172,790.7142857142857,7,0.0,1427,0.6061455809454618,8.296511627906977,0
18000,3635,132,1403.142857142857,7,0.0,1680,1.2116335303101131,12.727272727272727,0
18000,3639,53,1457.0,4,0.0,218,0.975246989651228,4.113207547169812,0
18000,3655,144,1524.142857142857,7,0.0,1763,1.06840814974514,12.243055555555555,0
18000,3663,129,1761.1666666666667,6,0.0,1517,1.1455552083398153,11.75968992248062,0
18000,3692,108,1207.8,5,0.0,1052,1.1333866500605152,9.74074074074074,0
18000,3718,56,1274.4,5,0.0,279,1.1179902427953472,4.982142857142857,0
18000,3792,146,1409.4285714285713,7,0.0,1886,1.1118490795027867,12.917808219178083,0
18000,3839,105,1194.4,5,0.0,291,0.3316837958075754,2.7714285714285714,0
18000,3858,186,1302.4285714285713,7,0.0,1288,0.46784267982699196,6.924731182795699,0
18000,3975,33,1623.75,4,0.0,107,1.234712264220782,3.242424242424242,0
18000,3978,108,1188.8333333333333,6,0.0,1090,1.174326472020876,10.092592592592593,0
18000,3992,229,1413.0,7,0.0,1683,0.403295164927566,7.349344978165939,0
18000,4015,106,1313.0,6,0.0,965,1.0792584231805449,9.10377358490566,0
18000,4042,161,1722.142857142857,7,0.0,2293,1.1116348836358776,14.24223602484472,0
18000,4105,103,1312.8333333333333,6,0.0,653,0.7734791225541088,6.339805825242719,0
18000,4157,11,869.25,4,0.0,16,1.661668841568155,1.4545454545454546,0
18000,4158,51,2156.25,4,0.0,218,1.053236752760592,4.2745098039215685,0
18000,4242,14,1710.0,4,0.0,25,1.60285339468867,1.7857142857142858,0
18000,4253,136,1278.0,7,0.0,1540,1.0462916709619987,11.323529411764707,0
18000,4302,97,1294.25,4,0.0,780,1.041743976958248,8.041237113402062,0
18000,4329,167,1164.857142857143,7,0.0,2474,1.114747782277048,14.81437125748503,0
18000,4332,64,1412.4,5,0.0,359,1.1013982057018903,5.609375,0
18000,4352,287,1360.75,8,0.0,2730,0.4164939695419459,9.512195121951219,0
18000,4353,48,1159.0,5,0.0,240,1.308996938995747,5.0,0
18000,4362,157,1395.142857142857,7,0.0,1984,1.0114681852768306,12.636942675159236,0
18000,4399,77,1109.2,5,0.0,479,1.0152287947846252,6.220779220779221,0
18000,4405,163,1336.142857142857,7,0.0,2302,1.0887795985642974,14.122699386503067,0
18000,4477,291,1430.2857142857142,7,0.0,1631,0.2420348185781912,5.6048109965635735,0
18000,4490,236,1528.0,8,0.0,1973,0.445156729785454,8.360169491525424,0
18000,4492,46,1956.75,4,0.0,199,1.1818089566434193,4.326086956521739,0
18000,4501,139,1271.7142857142858,7,0.0,1846,1.200637656130999,13.280575539568344,0
18000,4522,56,1365.4,5,0.0,246,0.985754837733532,4.392857142857143,0
18000,4539,153,1725.6666666666667,6,0.0,1744,0.9362104468983039,11.398692810457517,0
18000,4545,115,1651.8333333333333,6,0.0,1287,1.2229050268945372,11.191304347826087,0
18000,4591,130,1108.6666666666667,6,0.0,1357,1.0090275102772424,10.438461538461539,0
18000,4596,149,1219.7142857142858,7,0.0,2085,1.180166782169221,13.993288590604028,0
18000,4611,107,1626.8,5,0.0,932,1.0229589844163463,8.710280373831775,0
18000,4647,125,1412.25,8,0.0,1383,1.1122745958181592,11.064,0
18000,4663,159,1642.857142857143,7,0.0,2104,1.0458306147941814,13.232704402515724,0
18000,4681,96,1311.0,5,0.0,743,1.0131090892435834,7.739583333333333,0
18000,4703,133,1760.6666666666667,6,0.0,1644,1.1679073599415728,12.360902255639099,0
18000,4714,35,1740.75,4,0.0,101,1.0360844343267563,2.8857142857142857,0
18000,4731,85,1919.6,5,0.0,614,1.0679240909642258,7.223529411764706,0
18000,4773,162,1319.5714285714287,7,0.0,2345,1.1228524268660365,14.475308641975309,0
18000,4777,139,1457.1666666666667,6,0.0,1691,1.0998257185902056,12.16546762589928,0
18000,4779,49,1724.75,4,0.0,231,1.2090094177080255,4.714285714285714,0
18000,4781,91,898.5,6,0.0,691,1.0485885876732506,7.593406593406593,0
18000,4791,30,1591.6,5,0.0,90,1.2566370614359172,3.0,0
18000,4792,136,1388.142857142857,7,0.0,1715,1.1651884517531348,12.610294117647058,0
18000,4795,113,1081.142857142857,7,0.0,1189,1.1701319336262084,10.52212389380531,0
18000,4809,176,1022.125,8,0.0,2537,1.029212365981057,14.414772727272727,0
18000,4843,155,1575.2857142857142,7,0.0,2197,1.1491494792818773,14.174193548387096,0
18000,4851,85,1402.6,5,0.0,605,1.0522704805103529,7.117647058823529,0
18000,4858,151,956.0,7,0.0,1935,1.0664412586634358,12.814569536423841,0
18000,4875,90,1334.6,5,0.0,563,0.87344032788694,6.2555555555555555,0
18000,4904,156,1452.2857142857142,7,0.0,2367,1.2222468459972124,15.173076923076923,0
18000,4920,137,1084.4285714285713,7,0.0,1787,1.1964464962363388,13.043795620437956,0
18000,4925,75,1468.4,5,0.0,521,1.1639251715699785,6.946666666666666,0
18000,4943,181,1423.2,5,0.0,1075,0.4123454232299414,5.939226519337017,0
18000,4977,127,1498.6666666666667,6,0.0,1351,1.052586440572834,10.637795275590552,0
18000,4983,81,1536.25,4,0.0,516,0.9883016669729208,6.37037037037037,0
18000,4992,101,1539.8333333333333,6,0.0,1027,1.2651370082292785,10.168316831683168,0
20000,45,164,1622.0,7,0.0,2168,1.0129346925911171,13.21951219512195,0
20000,162,123,1063.142857142857,7,0.0,1346,1.1180074589812576,10.94308943089431,0
20000,165,116,1248.1666666666667,6,0.0,1152,1.0758367232269446,9.931034482758621,0
20000,196,118,951.8571428571429,7,0.0,711,0.6416754888544507,6.02542372881356,0
20000,224,109,1446.6666666666667,6,0.0,1061,1.122205136085774,9.73394495412844,0
20000,262,132,1416.857142857143,7,0.0,1578,1.1380700659698562,11.954545454545455,0
20000,277,178,1519.2857142857142,7,0.0,2643,1.04825519296021,14.848314606741573,0
20000,308,161,1565.75,8,0.0,1983,0.9613484405800024,12.316770186335404,0
20000,336,132,1464.5714285714287,7,0.0,1563,1.1272519094492301,11.840909090909092,0
20000,349,81,1996.5,4,0.0,656,1.2564455301051085,8.098765432098766,0
20000,370,160,1188.25,8,0.0,2311,1.1344094722571894,14.44375,0
20000,374,104,2125.8,5,0.0,982,1.1409186338110862,9.442307692307692,0
20000,395,101,1917.75,4,0.0,825,1.0162979861627603,8.168316831683168,0
20000,432,93,1870.6,5,0.0,682,0.9908966075838773,7.333333333333333,0
20000,485,116,1223.3333333333333,6,0.0,905,0.8451668702433895,7.801724137931035,0
20000,491,69,1223.2,5,0.0,431,1.1375983479917673,6.246376811594203,0
20000,504,131,1549.1666666666667,6,0.0,1526,1.1174338067427363,11.648854961832061,0
20000,547,87,1779.8,5,0.0,665,1.1040608347930836,7.64367816091954,0
20000,552,162,1635.8333333333333,6,0.0,2177,1.0424092679263801,13.438271604938272,0
20000,563,191,1796.3333333333333,9,0.0,3334,1.1484410961397298,17.455497382198953,0
20000,582,115,2015.6666666666667,6,0.0,1127,1.0708733219193034,9.8,0
20000,678,124,2150.4,5,0.0,523,0.4274331315888298,4.217741935483871,0
20000,717,172,1407.2857142857142,7,0.0,2594,1.1018511821811687,15.081395348837209,0
20000,775,163,1927.7142857142858,7,0.0,2376,1.123779464026399,14.576687116564417,0
20000,877,146,1569.3333333333333,6,0.0,1894,1.1165653004126606,12.972602739726028,0
20000,903,261,1530.5714285714287,7,0.0,2273,0.4193033045087183,8.708812260536398,0
20000,943,102,1763.3333333333333,6,0.0,904,1.091887642770155,8.862745098039216,0
20000,962,66,1461.6,5,0.0,416,1.2000941633547788,6.303030303030303,0
20000,969,201,1452.75,8,0.0,3410,1.060650077843736,16.965174129353233,0
20000,973,72,1614.0,5,0.0,483,1.1708250398795295,6.708333333333333,0
20000,1133,88,2489.75,4,0.0,626,1.0158248972867823,7.113636363636363,0
20000,1219,74,1395.4,5,0.0,522,1.197889967256298,7.054054054054054,0
20000,1245,148,1037.142857142857,7,0.0,1923,1.1032291221426538,12.993243243243244,0
20000,1266,209,1462.5714285714287,7,0.0,1936,0.5569582543760299,9.263157894736842,0
20000,1268,138,2096.0,5,0.0,1488,0.9818714279650518,10.782608695652174,0
20000,1277,108,2209.0,5,0.0,1103,1.1883322005862627,10.212962962962964,0
20000,1304,138,1206.6666666666667,6,0.0,1635,1.0788708230664381,11.847826086956522,0
20000,1339,144,1543.142857142857,7,0.0,1835,1.112041381044998,12.743055555555555,0
20000,1371,106,1557.3333333333333,6,0.0,903,1.0099174674943336,8.518867924528301,0
20000,1407,141,1624.2857142857142,7,0.0,1806,1.1415354021192428,12.808510638297872,0
20000,1429,116,2158.4,5,0.0,1208,1.1281343417171432,10.413793103448276,0
20000,1582,197,1243.4285714285713,7,0.0,1163,0.3765798918936256,5.903553299492386,0
20000,1616,139,1117.7142857142858,7,0.0,1684,1.0952729214109438,12.115107913669064,0
20000,1622,85,1648.2,5,0.0,679,1.1809779442421977,7.988235294117647,0
20000,1711,131,1976.8333333333333,6,0.0,1490,1.0910723276845853,11.374045801526718,0
20000,1733,221,1493.0,6,0.0,1849,0.47573184959255765,8.366515837104073,0
20000,1803,134,1419.7142857142858,7,0.0,1570,1.0987526099656884,11.716417910447761,0
20000,1839,155,1493.0,6,0.0,1938,1.013678511992844,12.503225806451614,0
20000,1842,132,1590.8333333333333,6,0.0,1532,1.1048943859732696,11.606060606060606,0
20000,1904,75,1642.4,5,0.0,477,1.065628228097658,6.36,0
20000,1952,153,1556.625,8,0.0,2030,1.089740371102957,13.267973856209151,0
20000,1972,135,1758.3333333333333,6,0.0,1616,1.1142526701127256,11.97037037037037,0
20000,2010,157,1554.142857142857,7,0.0,2043,1.0415471282865751,13.012738853503185,0
20000,2076,54,2034.25,4,0.0,278,1.1980284742084533,5.148148148148148,0
20000,2084,127,1129.6666666666667,6,0.0,1300,1.0128514972203437,10.236220472440944,0
20000,2087,117,1482.4,5,0.0,1030,0.9455301141639235,8.803418803418804,0
20000,2090,200,2039.4,5,0.0,1330,0.4178318229274425,6.65,0
20000,2119,160,1159.125,8,0.0,2199,1.079431600819368,13.74375,0
20000,2134,64,2220.5,4,0.0,290,0.8897088569736719,4.53125,0
20000,2142,136,2618.0,5,0.0,1564,1.062597515184783,11.5,0
20000,2147,179,1497.25,8,0.0,2696,1.0573619792238795,15.061452513966481,0
20000,2169,102,1606.0,6,0.0,861,1.0399505093198045,8.441176470588236,0
20000,2170,127,1786.8333333333333,6,0.0,1479,1.152313357222222,11.645669291338583,0
20000,2175,186,1843.142857142857,7,0.0,2873,1.0435652322538416,15.446236559139784,0
20000,2198,155,1551.857142857143,7,0.0,2247,1.1753021756697215,14.496774193548386,0
20000,2234,94,1379.0,5,0.0,765,1.0879666727008563,8.138297872340425,0
20000,2266,82,1826.8,5,0.0,584,1.0914277868509454,7.121951219512195,0
20000,2270,173,1364.142857142857,7,0.0,2371,0.9955182173358815,13.705202312138729,0
20000,2278,94,1295.6666666666667,6,0.0,694,0.9869919880449599,7.382978723404255,0
20000,2281,280,1470.142857142857,7,0.0,2452,0.39301965237766184,8.757142857142858,0
20000,2320,137,1840.0,6,0.0,1669,1.117442194862031,12.182481751824817,0
20000,2335,74,1982.4,5,0.0,506,1.161173033394036,6.837837837837838,0
20000,2380,132,2290.4,5,0.0,1609,1.1604275894458165,12.18939393939394,0
20000,2403,155,2223.8,5,0.0,2306,1.2061623574073779,14.87741935483871,0
20000,2419,63,1914.25,4,0.0,327,1.0353245630877927,5.190476190476191,0
20000,2439,189,1652.3333333333333,6,0.0,2875,1.0114026907500524,15.211640211640212,0
20000,2495,53,1624.6,5,0.0,264,1.1810330516877257,4.981132075471698,0
20000,2521,125,1308.857142857143,7,0.0,1455,1.170180431609126,11.64,0
20000,2576,250,1582.3333333333333,6,0.0,2213,0.4449500507132296,8.852,0
20000,2585,127,1639.8333333333333,6,0.0,1571,1.223992078563969,12.37007874015748,0
20000,2602,258,1274.4285714285713,7,0.0,2120,0.40022693501654716,8.217054263565892,0
20000,2623,133,1511.4285714285713,7,0.0,1515,1.0762649941067413,11.390977443609023,0
20000,2658,106,1549.8333333333333,6,0.0,953,1.0658375930477297,8.99056603773585,0
20000,2719,81,1739.75,4,0.0,527,1.0093701133618784,6.506172839506172,0
20000,2729,120,1658.8333333333333,6,0.0,1389,1.2121311655100617,11.575,0
20000,2744,173,1252.875,8,0.0,2495,1.0475824345225746,14.421965317919074,0
20000,2750,167,1324.142857142857,7,0.0,2425,1.0926691075270176,14.520958083832335,0
20000,2754,172,1502.3333333333333,6,0.0,1711,0.7267800203207322,9.94767441860465,0
20000,2797,249,1270.125,8,0.0,2746,0.5565596314096593,11.028112449799197,0
20000,2804,129,1358.8333333333333,6,0.0,1584,1.1961499340871902,12.279069767441861,0
20000,2806,98,1755.0,5,0.0,891,1.1658305099327388,9.091836734693878,0
20000,2809,45,1779.5,4,0.0,245,1.5203757039595047,5.444444444444445,0
20000,2837,129,1302.6666666666667,6,0.0,1438,1.0858987406675376,11.147286821705427,0
20000,2873,195,1793.25,8,0.0,3145,1.039348733258635,16.128205128205128,0
20000,2907,155,1284.5714285714287,7,0.0,2134,1.1161970818331934,13.76774193548387,0
20000,2953,174,1975.142857142857,7,0.0,2815,1.1683952067453123,16.17816091954023,0
20000,2961,7,1574.6666666666667,3,0.0,8,2.0516523452014974,1.1428571428571428,0
20000,2970,145,1254.4285714285713,7,0.0,1753,1.0477454310093521,12.089655172413794,0
20000,3006,160,2020.5,6,0.0,2152,1.056360529769568,13.45,0
20000,3050,128,1736.4,5,0.0,1346,1.0323690702470365,10.515625,0
20000,3071,58,1660.0,5,0.0,164,0.612629245170899,2.8275862068965516,0
20000,3080,34,1720.25,4,0.0,112,1.2175030353012346,3.2941176470588234,0
20000,3099,115,1711.8,5,0.0,1199,1.1392875891581586,10.42608695652174,0
20000,3100,124,1431.1666666666667,6,0.0,1330,1.0869714436197775,10.725806451612904,0
20000,3129,284,1269.0,8,0.0,2403,0.3743923401396684,8.461267605633802,0
20000,3131,102,1527.5,6,0.0,910,1.099134684646948,8.92156862745098,0
20000,3137,159,1360.857142857143,7,0.0,2306,1.146238306898946,14.50314465408805,0
20000,3150,151,1677.5714285714287,7,0.0,2007,1.106122793869517,13.291390728476822,0
20000,3183,87,1627.6,5,0.0,646,1.0725162395132812,7.425287356321839,0
20000,3188,120,1237.4285714285713,7,0.0,1326,1.1571532940722404,11.05,0
20000,3218,101,1997.4,5,0.0,990,1.2195575833953123,9.801980198019802,0
20000,3236,75,1526.0,5,0.0,518,1.1572231072423202,6.906666666666666,0
20000,3249,65,1119.4,5,0.0,374,1.1123840496497825,5.753846153846154,0
20000,3263,143,1970.6666666666667,6,0.0,1667,1.0244090084667583,11.657342657342657,0
20000,3309,143,1678.5,6,0.0,1836,1.128263311064768,12.839160839160838,0
20000,3311,145,1364.5,6,0.0,1802,1.0770320973638634,12.427586206896551,0
20000,3323,144,1417.5,6,0.0,1711,1.03689526047302,11.881944444444445,0
20000,3350,256,1113.125,8,0.0,2052,0.393466072092667,8.015625,0
20000,3422,143,1630.8,5,0.0,753,0.46273544293669405,5.265734265734266,0
20000,3454,116,1668.0,5,0.0,1132,1.057159002337588,9.758620689655173,0
20000,3469,148,1076.75,8,0.0,1837,1.0538907422652393,12.412162162162161,0
20000,3478,128,1344.4285714285713,7,0.0,1520,1.1658253987930873,11.875,0
20000,3498,99,1583.2,5,0.0,798,1.0231572033729843,8.06060606060606,0
20000,3509,52,2002.6,5,0.0,268,1.2454834780503914,5.153846153846154,0
20000,3524,113,1859.0,5,0.0,1021,1.0047979009523624,9.035398230088495,0
20000,3532,135,1569.4285714285713,7,0.0,1581,1.0901197224308288,11.71111111111111,0
20000,3545,51,1148.25,4,0.0,125,0.603920156399422,2.450980392156863,0
20000,3605,110,1928.0,5,0.0,1053,1.093585806357042,9.572727272727272,0
20000,3614,167,1227.142857142857,7,0.0,2315,1.043104735639194,13.862275449101796,0
20000,3618,60,1736.75,4,0.0,406,1.4172073526193956,6.766666666666667,0
20000,3619,194,901.2857142857143,7,0.0,1631,0.5445783418009302,8.407216494845361,0
20000,3635,131,1994.1666666666667,6,0.0,1686,1.2345959358900744,12.870229007633588,0
20000,3655,150,1797.2857142857142,7,0.0,1895,1.0583676584093615,12.633333333333333,0
20000,3663,131,1809.1666666666667,6,0.0,1535,1.124024176507274,11.717557251908397,0
20000,3692,110,1600.2,5,0.0,1057,1.0977399784609625,9.60909090909091,0
20000,3792,150,1432.857142857143,7,0.0,1974,1.1024895818997782,13.16,0
20000,3839,22,1622.0,4,0.0,40,1.038543025980097,1.8181818181818181,0
20000,3858,186,1945.6666666666667,6,0.0,1363,0.4950850718976631,7.327956989247312,0
20000,3978,102,1464.0,5,0.0,1029,1.2428676818700104,10.088235294117647,0
20000,3992,232,1402.4285714285713,7,0.0,1757,0.41020944503249607,7.573275862068965,0
20000,4015,102,1616.6,5,0.0,905,1.0930954830829538,8.872549019607844,0
20000,4042,163,1734.857142857143,7,0.0,2355,1.1138470697736402,14.447852760736197,0
20000,4105,92,1564.0,5,0.0,612,0.908626986766046,6.6521739130434785,0
20000,4253,143,1405.5714285714287,7,0.0,1598,0.9820069559267425,11.174825174825175,0
20000,4302,89,1306.0,4,0.0,659,1.0454788833307278,7.404494382022472,0
20000,4329,173,1422.857142857143,7,0.0,2638,1.1076242333749706,15.248554913294798,0
20000,4332,51,1497.0,5,0.0,233,1.1257071715285225,4.568627450980392,0
20000,4352,290,1357.25,8,0.0,2849,0.42570261451021746,9.824137931034484,0
20000,4353,21,1529.5,4,0.0,52,1.4817489159788595,2.4761904761904763,0
20000,4362,156,1670.1666666666667,6,0.0,2015,1.040484746381235,12.916666666666666,0
20000,4399,60,1445.75,4,0.0,314,1.096066770252439,5.233333333333333,0
20000,4405,170,1619.2857142857142,7,0.0,2425,1.0544445930733908,14.264705882352942,0
20000,4477,302,1432.0,7,0.0,1699,0.23409350109420896,5.625827814569536,0
20000,4490,254,1525.0,8,0.0,2134,0.4156586721285026,8.401574803149606,0
20000,4501,145,1278.7142857142858,7,0.0,1915,1.1445707360997772,13.206896551724139,0
20000,4539,154,1780.1666666666667,6,0.0,1736,0.9198523944395144,11.272727272727273,0
20000,4545,114,1689.3333333333333,6,0.0,1293,1.2502552481045253,11.342105263157896,0
20000,4591,128,1317.4,5,0.0,1341,1.0285341182773224,10.4765625,0
20000,4596,153,1492.6666666666667,6,0.0,2168,1.163821243621286,14.169934640522875,0
20000,4611,101,1651.8,5,0.0,840,1.0347761313657196,8.316831683168317,0
20000,4647,126,1646.5714285714287,7,0.0,1495,1.1833411481775613,11.865079365079366,0
20000,4663,162,1684.0,7,0.0,2166,1.0371421563291408,13.37037037037037,0
20000,4681,93,1356.6,5,0.0,687,0.9981612454693898,7.387096774193548,0
20000,4703,132,1798.8333333333333,6,0.0,1661,1.1979305320506535,12.583333333333334,0
20000,4731,75,1971.2,5,0.0,525,1.1728612573401893,7.0,0
20000,4773,165,1584.2857142857142,7,0.0,2424,1.1188570199892243,14.690909090909091,0
20000,4777,140,1824.0,6,0.0,1718,1.101480852830054,12.271428571428572,0
20000,4781,105,1268.142857142857,7,0.0,807,0.9198241347653381,7.685714285714286,0
20000,4792,142,1625.857142857143,7,0.0,1802,1.1230212183631834,12.690140845070422,0
20000,4795,121,1657.5,6,0.0,1286,1.1037738276119047,10.62809917355372,0
20000,4809,180,1001.875,8,0.0,2709,1.0506882097005863,15.05,0
20000,4843,158,1583.0,7,0.0,2282,1.1487124556147905,14.443037974683545,0
20000,4851,82,1956.2,5,0.0,545,1.018541342181105,6.646341463414634,0
20000,4858,165,1117.0,8,0.0,2164,0.9988476036537466,13.115151515151515,0
20000,4875,72,1457.0,4,0.0,446,1.0811345088742652,6.194444444444445,0
20000,4904,158,1446.4285714285713,7,0.0,2421,1.218682232709644,15.322784810126583,0
20000,4920,143,1670.3333333333333,6,0.0,1958,1.2032350561355205,13.692307692307692,0
20000,4925,68,1526.8,5,0.0,425,1.1549972991138944,6.25,0
20000,4943,181,1428.8,5,0.0,1025,0.3931665663355255,5.662983425414365,0
20000,4977,129,1838.4,5,0.0,1334,1.007363643985045,10.34108527131783,0
20000,4983,64,1637.5,4,0.0,343,1.05231082048955,5.359375,0
20000,4992,104,1548.3333333333333,6,0.0,1056,1.2268941724078481,10.153846153846153,0
22000,45,165,1645.4285714285713,7,0.0,2228,1.0283883830594027,13.503030303030304,0
22000,162,130,1162.857142857143,7,0.0,1483,1.1027176107156598,11.407692307692308,0
22000,165,118,1236.5,6,0.0,1170,1.0559216905199822,9.915254237288135,0
22000,196,109,1342.6,5,0.0,636,0.6726884698874197,5.834862385321101,0
22000,224,110,1804.3333333333333,6,0.0,1084,1.125780640162425,9.854545454545455,0
22000,262,136,1404.5714285714287,7,0.0,1634,1.1101562275012373,12.014705882352942,0
22000,277,180,1513.142857142857,7,0.0,2698,1.0464218493068225,14.988888888888889,0
22000,308,164,1546.375,8,0.0,2155,1.0068608222019637,13.140243902439025,0
22000,336,135,1449.7142857142858,7,0.0,1621,1.1177002340672821,12.007407407407408,0
22000,349,70,2067.0,4,0.0,505,1.2951055429084453,7.214285714285714,0
22000,370,166,1328.125,8,0.0,2458,1.1209224477462203,14.80722891566265,0
22000,374,100,2190.0,5,0.0,923,1.1598760077053516,9.23,0
22000,395,90,1979.75,4,0.0,680,1.0549545700943503,7.555555555555555,0
22000,432,87,1901.6,5,0.0,590,0.9795426955307058,6.781609195402299,0
22000,485,139,1449.8333333333333,6,0.0,935,0.6081236232299481,6.726618705035971,0
22000,491,59,1230.6,5,0.0,327,1.1804663001710571,5.5423728813559325,0
22000,504,132,1526.6666666666667,6,0.0,1532,1.1048943859732696,11.606060606060606,0
22000,547,83,2262.4,5,0.0,586,1.0689349949215379,7.0602409638554215,0
22000,552,159,1692.3333333333333,6,0.0,2172,1.0796312240175674,13.660377358490566,0
22000,563,199,1777.5555555555557,9,0.0,3539,1.1230116816296838,17.78391959798995,0
22000,582,113,2040.6666666666667,6,0.0,1136,1.1179729828421976,10.053097345132743,0
22000,678,112,2196.6,5,0.0,410,0.41073118238897166,3.6607142857142856,0
22000,717,175,1382.142857142857,7,0.0,2686,1.1021476398422445,15.348571428571429,0
22000,775,165,1933.0,7,0.0,2439,1.125780640162425,14.781818181818181,0
22000,877,147,1588.1666666666667,6,0.0,1876,1.090957993083336,12.761904761904763,0
22000,903,266,1567.2857142857142,7,0.0,2346,0.4166530818769662,8.819548872180452,0
22000,943,100,1786.1666666666667,6,0.0,895,1.124690169985146,8.95,0
22000,962,57,1510.8,5,0.0,306,1.1835362905490634,5.368421052631579,0
22000,969,205,1448.625,8,0.0,3532,1.0561432720979558,17.229268292682928,0
22000,973,63,1676.8,5,0.0,368,1.1651358997440602,5.841269841269841,0
22000,1133,75,2584.0,4,0.0,460,1.0276498635742612,6.133333333333334,0
22000,1219,67,1454.6,5,0.0,425,1.1897321254405542,6.343283582089552,0
22000,1245,155,1276.142857142857,7,0.0,2054,1.0743527676126428,13.251612903225807,0
22000,1266,213,1451.7142857142858,7,0.0,1977,0.5475922921948486,9.28169014084507,0
22000,1268,138,2139.4,5,0.0,1456,0.9607559133851583,10.55072463768116,0
22000,1277,100,2264.8,5,0.0,1023,1.2855397138489435,10.23,0
22000,1304,136,1216.6666666666667,6,0.0,1683,1.1434473261227556,12.375,0
22000,1339,146,1548.7142857142858,7,0.0,1919,1.1313034907560167,13.143835616438356,0
22000,1371,106,1606.0,6,0.0,904,1.0110358700054016,8.528301886792454,0
22000,1407,142,1649.857142857143,7,0.0,1853,1.1548048377508207,13.049295774647888,0
22000,1429,110,2206.8,5,0.0,1133,1.1766692484354497,10.3,0
22000,1582,203,1204.857142857143,7,0.0,1276,0.389106479262353,6.285714285714286,0
22000,1616,140,1076.7142857142858,7,0.0,1758,1.1271265071450727,12.557142857142857,0
22000,1622,80,1730.2,5,0.0,601,1.1800607405046661,7.5125,0
22000,1711,132,1980.5,6,0.0,1496,1.0789308103237674,11.333333333333334,0
22000,1733,222,1531.1666666666667,6,0.0,1881,0.4796149485757975,8.472972972972974,0
22000,1803,137,1418.5714285714287,7,0.0,1644,1.1007039954183218,12.0,0
22000,1839,161,1497.0,6,0.0,2001,0.970074750176795,12.428571428571429,0
22000,1842,132,1585.5,6,0.0,1545,1.114270121624479,11.704545454545455,0
22000,1904,67,2044.5,4,0.0,360,1.0077730944908225,5.373134328358209,0
22000,1952,161,1545.125,8,0.0,2205,1.068972925607113,13.695652173913043,0
22000,1972,134,1750.5,6,0.0,1618,1.1323450464487157,12.074626865671641,0
22000,2010,156,1818.1666666666667,6,0.0,2077,1.0724996616545035,13.314102564102564,0
22000,2076,19,2108.25,4,0.0,41,1.4272055268385762,2.1578947368421053,0
22000,2084,132,1346.2,5,0.0,1335,0.9628159303357148,10.113636363636363,0
22000,2087,108,1557.2,5,0.0,943,1.0159540028584277,8.731481481481481,0
22000,2090,196,2119.6,5,0.0,1291,0.4223028025598108,6.586734693877551,0
22000,2119,169,1214.125,8,0.0,2364,1.0401211488514086,13.988165680473372,0
22000,2142,135,2685.4,5,0.0,1516,1.0453013910215914,11.22962962962963,0
22000,2147,182,1493.0,8,0.0,2785,1.0565554329486262,15.302197802197803,0
22000,2169,103,1635.1666666666667,6,0.0,864,1.0234088237163093,8.388349514563107,0
22000,2170,128,1831.0,6,0.0,1481,1.1359127734293173,11.5703125,0
22000,2175,187,1865.142857142857,7,0.0,2951,1.060463830334694,15.780748663101605,0
22000,2198,160,1545.857142857143,7,0.0,2354,1.1555170478984957,14.7125,0
22000,2234,88,1393.2,5,0.0,679,1.1018292416257591,7.715909090909091,0
22000,2266,75,1881.0,5,0.0,489,1.0924364854082906,6.52,0
22000,2270,176,1414.375,8,0.0,2501,1.0146078546782118,14.210227272727273,0
22000,2278,86,1567.8,5,0.0,622,1.0568256519918071,7.232558139534884,0
22000,2281,290,1454.0,7,0.0,2540,0.3795312884717277,8.758620689655173,0
22000,2320,138,1842.8333333333333,6,0.0,1681,1.109224375275035,12.181159420289855,0
22000,2335,65,2014.8,5,0.0,403,1.1986384278311826,6.2,0
22000,2380,129,2349.0,5,0.0,1556,1.17500586959575,12.062015503875969,0
22000,2403,155,2284.6,5,0.0,2249,1.1763482835252352,14.509677419354839,0
22000,2419,36,2005.75,4,0.0,112,1.0859826456853605,3.111111111111111,0
22000,2439,185,1698.1666666666667,6,0.0,2868,1.0530416631696744,15.502702702702702,0
22000,2495,26,1964.6666666666667,3,0.0,65,1.208304866765305,2.5,0
22000,2521,133,1460.3333333333333,9,0.0,1643,1.1671969540048686,12.353383458646617,0
22000,2576,251,1600.0,6,0.0,2258,0.4503875311062207,8.99601593625498,0
22000,2585,124,1652.6666666666667,6,0.0,1548,1.2651366877619667,12.483870967741936,0
22000,2602,269,1235.4285714285713,7,0.0,2215,0.3846617779025382,8.234200743494425,0
22000,2623,136,1553.142857142857,7,0.0,1573,1.0687122067683272,11.566176470588236,0
22000,2658,104,1572.5,6,0.0,962,1.1176820017579072,9.25,0
22000,2719,69,1794.75,4,0.0,375,0.989789745932512,5.434782608695652,0
22000,2729,124,1661.3333333333333,6,0.0,1442,1.1785058809772324,11.629032258064516,0
22000,2744,179,1217.0,8,0.0,2645,1.0373599536525082,14.776536312849162,0
22000,2750,174,1319.2857142857142,7,0.0,2538,1.0534234581597166,14.586206896551724,0
22000,2754,177,1507.0,6,0.0,1728,0.6931178276233729,9.76271186440678,0
22000,2797,269,1599.625,8,0.0,2985,0.5183816736068065,11.096654275092936,0
22000,2804,131,1352.0,6,0.0,1611,1.1796761878522597,12.297709923664122,0
22000,2806,94,1801.4,5,0.0,821,1.1676086774998733,8.73404255319149,0
22000,2837,131,1316.3333333333333,6,0.0,1462,1.0705689550838011,11.16030534351145,0
22000,2873,198,1813.25,8,0.0,3261,1.0452743233707087,16.46969696969697,0
22000,2907,157,1295.857142857143,7,0.0,2212,1.1277054565687243,14.089171974522293,0
22000,2953,176,1991.5714285714287,7,0.0,2882,1.1691722659666561,16.375,0
22000,2970,148,1505.2857142857142,7,0.0,1831,1.0504485297156523,12.371621621621621,0
22000,3006,158,2057.5,6,0.0,2150,1.0822663363592462,13.60759493670886,0
22000,3050,126,1764.6,5,0.0,1308,1.0353245630877927,10.380952380952381,0
22000,3099,112,1730.0,5,0.0,1142,1.144036610459038,10.196428571428571,0
22000,3100,127,1441.6666666666667,6,0.0,1344,1.0471326248185708,10.582677165354331,0
22000,3129,292,1267.5,8,0.0,2600,0.3831929489272594,8.904109589041095,0
22000,3131,101,1533.6666666666667,6,0.0,896,1.1037612067901008,8.871287128712872,0
22000,3137,163,1388.25,8,0.0,2420,1.1445901948417025,14.846625766871165,0
22000,3150,152,1703.7142857142858,7,0.0,2053,1.116636031478505,13.506578947368421,0
22000,3183,73,1723.0,4,0.0,485,1.1436835706444357,6.6438356164383565,0
22000,3188,126,1403.0,6,0.0,1413,1.1184354798494276,11.214285714285714,0
22000,3218,99,2053.6,5,0.0,927,1.188554796399444,9.363636363636363,0
22000,3236,66,1539.0,5,0.0,406,1.1712457459664427,6.151515151515151,0
22000,3249,56,1314.75,4,0.0,265,1.061890373981244,4.732142857142857,0
22000,3263,142,2025.0,6,0.0,1674,1.0432505657824467,11.788732394366198,0
22000,3309,146,1706.5,6,0.0,1837,1.0829622264298087,12.582191780821917,0
22000,3311,180,1732.3333333333333,6,0.0,1816,0.7043373159159338,10.088888888888889,0
22000,3323,150,1748.0,6,0.0,1751,0.9779428864774627,11.673333333333334,0
22000,3350,253,1437.7142857142858,7,0.0,2125,0.41718410778973647,8.399209486166008,0
22000,3422,132,1657.0,5,0.0,686,0.4947503582099629,5.196969696969697,0
22000,3454,110,2119.5,4,0.0,1057,1.0977399784609625,9.60909090909091,0
22000,3469,155,1036.0,8,0.0,2042,1.0680761204795601,13.174193548387096,0
22000,3478,138,1468.375,8,0.0,1685,1.111863814597522,12.210144927536232,0
22000,3498,94,1640.4,5,0.0,736,1.0467234916442225,7.829787234042553,0
22000,3509,33,2069.8,5,0.0,95,1.096239860756769,2.878787878787879,0
22000,3524,108,1901.2,5,0.0,943,1.0159540028584277,8.731481481481481,0
22000,3532,135,1582.7142857142858,7,0.0,1629,1.1232163363945729,12.066666666666666,0
22000,3605,105,2002.2,5,0.0,987,1.1249893692854878,9.4,0
22000,3614,168,1203.7142857142858,7,0.0,2406,1.0712403521169278,14.321428571428571,0
22000,3618,45,1836.25,4,0.0,223,1.3838521713590595,4.955555555555556,0
22000,3619,202,1031.3333333333333,6,0.0,1674,0.5155402511625639,8.287128712871286,0
22000,3635,132,2027.3333333333333,6,0.0,1674,1.2073062677018627,12.681818181818182,0
22000,3655,154,1804.857142857143,7,0.0,1974,1.0459611904513832,12.818181818181818,0
22000,3663,131,1866.6666666666667,6,0.0,1544,1.1306145462718118,11.786259541984732,0
22000,3692,108,1632.4,5,0.0,1050,1.1312319225889174,9.722222222222221,0
22000,3792,151,1691.3333333333333,6,0.0,2029,1.1182477074047086,13.437086092715232,0
22000,3858,185,1999.5,6,0.0,1406,0.5162400901034038,7.6,0
22000,3978,98,1526.0,5,0.0,950,1.2430291632279482,9.693877551020408,0
22000,3992,237,1379.4285714285713,7,0.0,1840,0.4116527253542146,7.763713080168777,0
22000,4015,96,1666.0,5,0.0,826,1.1262827829275908,8.604166666666666,0
22000,4042,165,1726.857142857143,7,0.0,2433,1.1230111920931447,14.745454545454546,0
22000,4105,78,1583.8,5,0.0,512,1.0575249432202327,6.564102564102564,0
22000,4253,138,1564.8333333333333,6,0.0,1579,1.0419186725516243,11.442028985507246,0
22000,4302,79,1327.5,4,0.0,535,1.0772325394459474,6.772151898734177,0
22000,4329,178,1401.142857142857,7,0.0,2740,1.086726912111606,15.393258426966293,0
22000,4332,10,1388.75,4,0.0,12,1.5079644737231006,1.2,0
22000,4352,297,1352.5,8,0.0,2968,0.4228251990547226,9.993265993265993,0
22000,4362,156,1706.1666666666667,6,0.0,2045,1.0559758344166874,13.10897435897436,0
22000,4399,31,1509.5,4,0.0,90,1.1768713374529922,2.903225806451613,0
22000,4405,172,1660.142857142857,7,0.0,2502,1.0627724201300246,14.546511627906977,0
22000,4477,305,1432.0,7,0.0,1770,0.23910213369971228,5.80327868852459,0
22000,4490,274,1890.5714285714287,7,0.0,2268,0.3796223633833263,8.277372262773723,0
22000,4501,157,1527.0,7,0.0,2034,1.0369588149461055,12.955414012738853,0
22000,4539,155,1802.3333333333333,6,0.0,1729,0.9043602410916549,11.154838709677419,0
22000,4545,114,2086.2,5,0.0,1283,1.2405858339660525,11.25438596491228,0
22000,4591,129,1455.1666666666667,6,0.0,1367,1.032283434278528,10.5968992248062,0
22000,4596,152,1561.8333333333333,6,0.0,2186,1.1889753360019544,14.381578947368421,0
22000,4611,96,1674.8,5,0.0,759,1.0349257048935128,7.90625,0
22000,4647,130,1660.2857142857142,7,0.0,1583,1.1770748332858325,12.176923076923076,0
22000,4663,168,2011.0,6,0.0,2235,0.995104815869216,13.303571428571429,0
22000,4681,87,1397.0,5,0.0,620,1.029349951235657,7.126436781609195,0
22000,4703,135,1839.8333333333333,6,0.0,1671,1.1521758736128493,12.377777777777778,0
22000,4731,66,2022.8,5,0.0,419,1.2087486885712795,6.348484848484849,0
22000,4773,167,1579.142857142857,7,0.0,2502,1.127364167848494,14.982035928143713,0
22000,4777,145,1830.3333333333333,6,0.0,1759,1.0513315534201086,12.13103448275862,0
22000,4781,105,1800.6,5,0.0,777,0.8856299290119797,7.4,0
22000,4792,145,1903.1666666666667,6,0.0,1846,1.1033303283760776,12.73103448275862,0
22000,4795,122,1671.1666666666667,6,0.0,1336,1.1279676928771738,10.950819672131148,0
22000,4809,192,1522.0,7,0.0,2962,1.009700243048282,15.427083333333334,0
22000,4843,162,1607.4285714285713,7,0.0,2352,1.126204225155189,14.518518518518519,0
22000,4851,74,1968.6,5,0.0,456,1.0464326150744672,6.162162162162162,0
22000,4858,167,1460.7142857142858,7,0.0,2267,1.0214766460881437,13.574850299401197,0
22000,4875,52,1554.75,4,0.0,239,1.1107110121419534,4.596153846153846,0
22000,4904,161,1431.7142857142858,7,0.0,2473,1.1988979796038053,15.360248447204969,0
22000,4920,145,1707.0,6,0.0,1979,1.1828227084811795,13.648275862068965,0
22000,4925,58,1587.4,5,0.0,301,1.124398797539272,5.189655172413793,0
22000,4943,195,1879.6,5,0.0,1014,0.33510321638291124,5.2,0
22000,4977,123,1901.0,5,0.0,1251,1.0390990573443932,10.170731707317072,0
22000,4983,40,1737.75,4,0.0,137,1.0759954838545043,3.425,0
22000,4992,106,1661.4285714285713,7,0.0,1104,1.234716372218986,10.415094339622641,0
24000,45,168,1653.7142857142858,7,0.0,2295,1.0218190391140272,13.660714285714286,0
24000,162,134,1135.7142857142858,7,0.0,1583,1.107850561513175,11.813432835820896,0
24000,165,121,1211.1666666666667,6,0.0,1200,1.0299600257653854,9.917355371900827,0
24000,196,93,1366.2,5,0.0,520,0.7555223400932789,5.591397849462366,0
24000,224,110,1811.1666666666667,6,0.0,1096,1.1382431564741862,9.963636363636363,0
24000,262,136,1652.5,6,0.0,1603,1.0890945120468076,11.786764705882353,0
24000,277,182,1502.7142857142858,7,0.0,2746,1.0417598631515,15.087912087912088,0
24000,308,168,1536.125,8,0.0,2326,1.035621387790513,13.845238095238095,0
24000,336,138,1432.857142857143,7,0.0,1685,1.111863814597522,12.210144927536232,0
24000,349,59,2142.25,4,0.0,341,1.2310061417685945,5.779661016949152,0
24000,370,172,1493.4285714285713,7,0.0,2684,1.1400804059268528,15.604651162790697,0
24000,374,97,2237.6,5,0.0,866,1.156602928263901,8.927835051546392,0
24000,395,81,2045.5,4,0.0,535,1.024692619826575,6.604938271604938,0
24000,432,80,1936.0,5,0.0,482,0.9464047868939253,6.025,0
24000,485,142,1455.0,6,0.0,932,0.5808300641034888,6.563380281690141,0
24000,491,47,1240.6,5,0.0,203,1.1548090695857456,4.319148936170213,0
24000,504,132,1509.0,6,0.0,1539,1.1099428590162286,11.659090909090908,0
24000,547,76,2314.0,5,0.0,486,1.057350436041994,6.394736842105263,0
24000,552,158,1736.6666666666667,6,0.0,2187,1.1008913849384518,13.841772151898734,0
24000,563,201,1760.3333333333333,9,0.0,3729,1.1598721819000855,18.55223880597015,0
24000,582,115,2071.6666666666665,6,0.0,1153,1.0955784739777787,10.02608695652174,0
24000,678,79,2398.5,4,0.0,217,0.4369335720743375,2.7468354430379747,0
24000,717,178,1708.0,7,0.0,2762,1.0954524566614074,15.51685393258427,0
24000,775,166,1932.5714285714287,7,0.0,2513,1.1460041135826897,15.13855421686747,0
24000,877,151,1610.1666666666667,6,0.0,1859,1.0245551937236832,12.311258278145695,0
24000,903,274,1583.7142857142858,7,0.0,2408,0.40305584260451927,8.788321167883211,0
24000,943,100,1812.1666666666667,6,0.0,904,1.1359999035380692,9.04,0
24000,962,42,1529.8,5,0.0,166,1.1825496156369744,3.9523809523809526,0
24000,969,209,1436.125,8,0.0,3657,1.0520642232712505,17.497607655502392,0
24000,973,50,1753.8,5,0.0,231,1.1611326447667876,4.62,0
24000,1133,58,2679.25,4,0.0,285,1.0646300906933306,4.913793103448276,0
24000,1219,58,1493.2,5,0.0,311,1.1617542393179854,5.362068965517241,0
24000,1245,163,1483.857142857143,7,0.0,2188,1.034860886906465,13.423312883435583,0
24000,1266,218,1436.0,7,0.0,2020,0.5341315680709857,9.26605504587156,0
24000,1268,138,2196.6,5,0.0,1428,0.9422798381277514,10.347826086956522,0
24000,1277,95,2317.2,5,0.0,945,1.3158138759633704,9.947368421052632,0
24000,1304,138,1581.6666666666667,6,0.0,1738,1.1468363856204706,12.594202898550725,0
24000,1339,153,1698.2857142857142,7,0.0,2015,1.0816881023509648,13.169934640522875,0
24000,1371,107,1625.1666666666667,6,0.0,896,0.9834455472500496,8.373831775700934,0
24000,1407,142,1665.5714285714287,7,0.0,1909,1.1897044982548928,13.443661971830986,0
24000,1429,107,2238.8,5,0.0,1070,1.1744271602204834,10.0,0
24000,1582,211,1466.857142857143,7,0.0,1469,0.4146357546437327,6.962085308056872,0
24000,1616,143,1030.142857142857,7,0.0,1867,1.1473135085827462,13.055944055944057,0
24000,1622,75,1800.0,5,0.0,509,1.1371169142593456,6.786666666666667,0
24000,1711,134,1979.1666666666667,6,0.0,1518,1.0623608037757422,11.328358208955224,0
24000,1733,222,1564.1666666666667,6,0.0,1905,0.4857344375528412,8.58108108108108,0
24000,1803,140,1408.7142857142858,7,0.0,1723,1.1046865596194313,12.307142857142857,0
24000,1839,162,1936.0,6,0.0,2063,0.987822838645899,12.734567901234568,0
24000,1842,132,1583.3333333333333,6,0.0,1560,1.1250882781451048,11.818181818181818,0
24000,1904,37,2163.0,4,0.0,118,1.0831495489367293,3.189189189189189,0
24000,1952,162,1775.142857142857,7,0.0,2290,1.0965168688798395,14.135802469135802,0
24000,1972,132,1732.8333333333333,6,0.0,1619,1.1676396937929006,12.265151515151516,0
24000,2010,156,1837.0,6,0.0,2090,1.0792124664698666,13.397435897435898,0
24000,2084,129,1345.8,5,0.0,1322,0.9983019020601422,10.248062015503876,0
24000,2087,103,1642.0,5,0.0,870,1.0305158294365615,8.446601941747574,0
24000,2090,190,2182.4,5,0.0,1241,0.4319907460504081,6.531578947368421,0
24000,2119,180,1353.2857142857142,7,0.0,2512,0.9742815735577235,13.955555555555556,0
24000,2142,133,2748.6,5,0.0,1467,1.0421655091449435,11.030075187969924,0
24000,2147,183,1491.375,8,0.0,2883,1.0818133262025589,15.754098360655737,0
24000,2169,94,2016.8,5,0.0,795,1.1306320324146153,8.457446808510639,0
24000,2170,127,1859.6666666666667,6,0.0,1487,1.1585462895128087,11.708661417322835,0
24000,2175,189,1931.125,8,0.0,3077,1.0824647232827518,16.280423280423282,0
24000,2198,166,1938.7142857142858,7,0.0,2437,1.1113458116995683,14.680722891566266,0
24000,2234,85,1386.0,5,0.0,608,1.0574883506616437,7.152941176470589,0
24000,2266,65,1920.4,5,0.0,381,1.1332040719694305,5.861538461538461,0
24000,2270,176,1673.4285714285713,7,0.0,2598,1.053958899021989,14.761363636363637,0
24000,2278,80,1587.6,5,0.0,544,1.0681415022205298,6.8,0
24000,2281,301,1437.5714285714287,7,0.0,2619,0.363255644407972,8.700996677740864,0
24000,2320,139,1847.6666666666667,6,0.0,1698,1.1043785157694672,12.215827338129497,0
24000,2335,55,2058.0,5,0.0,281,1.1673223612016288,5.109090909090909,0
24000,2380,129,2409.0,5,0.0,1520,1.147820643821041,11.782945736434108,0
24000,2403,152,2346.8,5,0.0,2185,1.188431431456665,14.375,0
24000,2439,185,1738.8333333333333,6,0.0,2875,1.0556118485400328,15.54054054054054,0
24000,2521,136,1879.0,7,0.0,1801,1.223617726884779,13.242647058823529,0
24000,2576,251,1596.1666666666667,6,0.0,2307,0.4601612197794735,9.191235059760956,0
24000,2585,125,1659.0,6,0.0,1546,1.2433669740671538,12.368,0
24000,2602,279,1419.375,8,0.0,2352,0.37969840681610945,8.43010752688172,0
24000,2623,137,1564.142857142857,7,0.0,1626,1.088652491818851,11.86861313868613,0
24000,2658,104,1593.3333333333333,6,0.0,993,1.1536987814403346,9.548076923076923,0
24000,2719,47,1853.5,4,0.0,178,1.0125912038732154,3.7872340425531914,0
24000,2729,127,1661.3333333333333,6,0.0,1505,1.1725703871666286,11.850393700787402,0
24000,2744,177,1615.8333333333333,6,0.0,2667,1.0697599804812128,15.067796610169491,0
24000,2750,179,1483.0,8,0.0,2696,1.0573619792238795,15.061452513966481,0
24000,2754,177,1510.1666666666667,6,0.0,1748,0.7011400247023472,9.875706214689265,0
24000,2797,272,1830.4285714285713,7,0.0,3056,0.5190693744253032,11.235294117647058,0
24000,2804,133,1333.0,6,0.0,1648,1.170748983688389,12.390977443609023,0
24000,2806,90,1849.0,5,0.0,743,1.1526930082060327,8.255555555555556,0
24000,2837,132,1326.8333333333333,6,0.0,1481,1.0681126538031414,11.219696969696969,0
24000,2873,200,1829.5,8,0.0,3360,1.0555751316061706,16.8,0
24000,2907,163,1542.857142857143,7,0.0,2330,1.1020227909013087,14.294478527607362,0
24000,2953,177,2006.5714285714287,7,0.0,2951,1.1836751790026467,16.672316384180792,0
24000,2970,146,1790.6666666666667,6,0.0,1887,1.1124386071165209,12.924657534246576,0
24000,3006,159,2094.6666666666665,6,0.0,2151,1.0691928005809335,13.528301886792454,0
24000,3050,124,1805.6,5,0.0,1261,1.0305796920334884,10.169354838709678,0
24000,3099,110,1747.2,5,0.0,1093,1.135127527396246,9.936363636363636,0
24000,3100,132,1735.6,5,0.0,1356,0.9779613494645911,10.272727272727273,0
24000,3129,298,1461.0,7,0.0,2778,0.39310591377291315,9.322147651006711,0
24000,3131,100,1551.0,6,0.0,885,1.1121237993707869,8.85,0
24000,3137,170,1593.5714285714287,7,0.0,2529,1.0996661343845795,14.876470588235295,0
24000,3150,153,1730.857142857143,7,0.0,2101,1.1278544431957205,13.732026143790849,0
24000,3183,56,1804.5,4,0.0,298,1.194125779043059,5.321428571428571,0
24000,3188,122,1694.0,5,0.0,1373,1.1592063191020654,11.254098360655737,0
24000,3218,94,2112.4,5,0.0,859,1.2216514664706348,9.138297872340425,0
24000,3236,56,1557.6,5,0.0,289,1.158061577662564,5.160714285714286,0
24000,3263,142,2057.8333333333335,6,0.0,1681,1.0476130233454557,11.838028169014084,0
24000,3309,148,1735.5,6,0.0,1841,1.0561855506316307,12.43918918918919,0
24000,3311,189,1784.5,6,0.0,1817,0.6392065005540332,9.613756613756614,0
24000,3323,149,1759.1666666666667,6,0.0,1765,0.9990380673998441,11.845637583892618,0
24000,3350,254,1473.0,7,0.0,2179,0.42442373316214016,8.578740157480315,0
24000,3422,126,1684.8,5,0.0,626,0.49549937040746045,4.968253968253968,0
24000,3454,103,2187.5,4,0.0,931,1.1027703875924584,9.03883495145631,0
24000,3469,164,1154.5,8,0.0,2303,1.076009500478479,14.042682926829269,0
24000,3478,142,1853.2857142857142,7,0.0,1825,1.1373550074987844,12.852112676056338,0
24000,3498,90,1681.0,5,0.0,663,1.0285807058419913,7.366666666666666,0
24000,3524,103,1934.8,5,0.0,878,1.0399918370635644,8.524271844660195,0
24000,3532,138,1594.142857142857,7,0.0,1683,1.1105440949362786,12.195652173913043,0
24000,3605,104,2318.2,5,0.0,933,1.0839888852807977,8.971153846153847,0
24000,3614,164,1394.5,6,0.0,2453,1.1460926203533257,14.957317073170731,0
24000,3619,200,1015.0,6,0.0,1710,0.5372123437638546,8.55,0
24000,3635,133,2071.3333333333335,6,0.0,1667,1.1842466964857674,12.533834586466165,0
24000,3655,157,1804.2857142857142,7,0.0,2050,1.0451158164402736,13.05732484076433,0
24000,3663,132,1865.5,6,0.0,1557,1.1229246468409797,11.795454545454545,0
24000,3692,109,2057.4,5,0.0,1055,1.1158590184453268,9.678899082568808,0
24000,3792,151,1727.3333333333333,6,0.0,2043,1.1259635614725578,13.52980132450331,0
24000,3858,188,2159.3333333333335,6,0.0,1456,0.5176730311936101,7.74468085106383,0
24000,3978,95,1602.0,5,0.0,866,1.2058146207241045,9.115789473684211,0
24000,3992,241,1353.5714285714287,7,0.0,1933,0.41822273028281676,8.020746887966805,0
24000,4015,93,1701.6,5,0.0,749,1.0882427552497422,8.053763440860216,0
24000,4042,168,1709.2857142857142,7,0.0,2507,1.1162092945790265,14.922619047619047,0
24000,4105,69,1600.8,5,0.0,414,1.0927278795094932,6.0,0
24000,4253,137,1583.3333333333333,6,0.0,1548,1.036429309554478,11.299270072992702,0
24000,4302,69,1363.0,4,0.0,407,1.0742518042520866,5.898550724637682,0
24000,4329,181,1381.7142857142858,7,0.0,2847,1.0920441115680402,15.7292817679558,0
24000,4352,300,1341.125,8,0.0,3091,0.43158501743315786,10.303333333333333,0
24000,4362,157,1755.5,6,0.0,2067,1.053782630527827,13.165605095541402,0
24000,4405,175,1692.142857142857,7,0.0,2589,1.0623455843453353,14.794285714285714,0
24000,4477,314,1428.0,7,0.0,1827,0.2328569020288268,5.818471337579618,0
24000,4490,272,1915.142857142857,7,0.0,2349,0.39898362582625563,8.636029411764707,0
24000,4501,162,1520.4285714285713,7,0.0,2128,1.0189466799023137,13.135802469135802,0
24000,4539,149,2145.2,5,0.0,1685,0.9537558887074999,11.308724832214764,0
24000,4545,110,2154.2,5,0.0,1194,1.2400203730202357,10.854545454545455,0
24000,4591,129,1428.5,6,0.0,1419,1.0715509826197744,11.0,0
24000,4596,153,1630.0,6,0.0,2204,1.1831466886260675,14.405228758169935,0
24000,4611,94,2246.0,5,0.0,676,0.9613927722167045,7.191489361702128,0
24000,4647,139,1973.857142857143,7,0.0,1692,1.100476118187243,12.172661870503598,0
24000,4663,164,2061.6666666666665,6,0.0,2211,1.0330251869552398,13.481707317073171,0
24000,4681,82,1453.8,5,0.0,542,1.0129346925911171,6.609756097560975,0
24000,4703,135,1879.1666666666667,6,0.0,1678,1.1570024631492286,12.42962962962963,0
24000,4731,57,2072.8,5,0.0,307,1.1874040562044526,5.385964912280702,0
24000,4773,168,1576.5714285714287,7,0.0,2577,1.1473758883646397,15.339285714285714,0
24000,4777,143,2235.4,5,0.0,1714,1.0532915659940154,11.986013986013987,0
24000,4781,94,1864.4,5,0.0,673,0.9571262362453286,7.159574468085107,0
24000,4792,140,1952.1666666666667,6,0.0,1809,1.1598247163967217,12.92142857142857,0
24000,4795,125,1689.5,6,0.0,1390,1.117904329853392,11.12,0
24000,4809,196,1453.0,8,0.0,3113,1.0183025750338428,15.88265306122449,0
24000,4843,165,1610.0,7,0.0,2430,1.1216264680585046,14.727272727272727,0
24000,4851,65,1985.8,5,0.0,346,1.029103960371189,5.323076923076923,0
24000,4858,167,1464.0,7,0.0,2348,1.0579740472055412,14.059880239520957,0
24000,4904,162,1413.7142857142858,7,0.0,2532,1.2123933240191063,15.62962962962963,0
24000,4920,146,1756.6666666666667,6,0.0,1993,1.1749285341723508,13.650684931506849,0
24000,4925,26,2077.0,4,0.0,74,1.3756086175481934,2.8461538461538463,0
24000,4943,194,2105.5,6,0.0,1015,0.33890068481173774,5.231958762886598,0
24000,4977,120,1942.8,5,0.0,1177,1.027126264798663,9.808333333333334,0
24000,4992,110,2245.1666666666665,6,0.0,1215,1.2618297765658177,11.045454545454545,0
26000,45,169,1653.857142857143,7,0.0,2368,1.0418810831134246,14.011834319526628,0
26000,162,141,1253.25,8,0.0,1741,1.1004502409134007,12.347517730496454,0
26000,165,125,1185.3333333333333,6,0.0,1218,0.9795737221305262,9.744,0
26000,196,68,1701.0,4,0.0,375,1.0191152639240246,5.514705882352941,0
26000,224,104,2199.8,5,0.0,1034,1.2013338771493514,9.942307692307692,0
26000,262,137,1665.5,6,0.0,1574,1.0538370369759358,11.489051094890511,0
26000,277,183,1490.7142857142858,7,0.0,2809,1.0540456584470996,15.349726775956285,0
26000,308,172,1518.375,8,0.0,2503,1.0631971892827545,14.55232558139535,0
26000,336,143,1409.857142857143,7,0.0,1778,1.0926210060311314,12.433566433566433,0
26000,349,37,2213.25,4,0.0,137,1.2575549847824739,3.7027027027027026,0
26000,370,177,2038.0,7,0.0,2814,1.1287231290116733,15.898305084745763,0
26000,374,95,2266.8,5,0.0,809,1.1264480694755203,8.51578947368421,0
26000,395,66,2112.0,4,0.0,377,1.087585335540268,5.712121212121212,0
26000,432,69,1981.4,5,0.0,342,0.9026882482904509,4.956521739130435,0
26000,485,143,1461.8333333333333,6,0.0,933,0.5733494930410831,6.524475524475524,0
26000,504,133,1497.3333333333333,6,0.0,1541,1.0947355484610484,11.586466165413533,0
26000,547,65,2355.6,5,0.0,356,1.0588468493992582,5.476923076923077,0
26000,552,156,1762.8333333333333,6,0.0,2211,1.1416931882128587,14.173076923076923,0
26000,563,207,1749.7777777777778,9,0.0,3930,1.1525551708191917,18.985507246376812,0
26000,582,114,2108.5,6,0.0,1164,1.125519805718227,10.210526315789474,0
26000,717,181,1696.142857142857,7,0.0,2842,1.0901262258785986,15.701657458563536,0
26000,775,170,1932.7142857142858,7,0.0,2613,1.1361912254436164,15.370588235294118,0
26000,877,167,1641.1666666666667,6,0.0,1852,0.8344837885113553,11.089820359281438,0
26000,903,269,1874.3333333333333,6,0.0,2402,0.4171366097164319,8.929368029739777,0
26000,943,99,1843.0,6,0.0,902,1.1565009993012931,9.11111111111111,0
26000,969,217,1761.125,8,0.0,3835,1.0234243943610488,17.672811059907833,0
26000,973,20,1869.0,4,0.0,40,1.2566370614359172,2.0,0
26000,1133,25,2786.75,4,0.0,59,1.186265385995506,2.36,0
26000,1219,36,1801.5,4,0.0,134,1.2993006653735564,3.7222222222222223,0
26000,1245,168,1491.875,8,0.0,2318,1.0320594913578713,13.797619047619047,0
26000,1266,222,1410.857142857143,7,0.0,2078,0.5298457539290309,9.36036036036036,0
26000,1268,138,2807.25,4,0.0,1369,0.9033481081210727,9.920289855072463,0
26000,1277,91,2373.4,5,0.0,859,1.303527636485271,9.43956043956044,0
26000,1304,140,1576.5,6,0.0,1774,1.1373847688710803,12.67142857142857,0
26000,1339,155,1695.7142857142858,7,0.0,2091,1.0937057629396474,13.490322580645161,0
26000,1371,104,1989.0,5,0.0,838,0.9736148830281977,8.057692307692308,0
26000,1407,143,1694.142857142857,7,0.0,1976,1.2142964611459595,13.818181818181818,0
26000,1429,104,2284.4,5,0.0,1007,1.1699644238775597,9.682692307692308,0
26000,1582,216,2054.5,6,0.0,1577,0.42475065283874347,7.300925925925926,0
26000,1616,152,1325.0,7,0.0,2048,1.1139165087520597,13.473684210526315,0
26000,1622,66,1829.8,5,0.0,399,1.1510518537946073,6.045454545454546,0
26000,1711,136,1970.3333333333333,6,0.0,1537,1.0442534404341506,11.301470588235293,0
26000,1733,222,1612.8333333333333,6,0.0,1930,0.49210890523726164,8.693693693693694,0
26000,1803,148,1682.2857142857142,7,0.0,1843,1.0573329548148263,12.452702702702704,0
26000,1839,161,1944.0,6,0.0,2099,1.0175846579815555,13.037267080745341,0
26000,1842,133,1576.6666666666667,6,0.0,1589,1.128835033422846,11.947368421052632,0
26000,1952,162,1792.4285714285713,7,0.0,2363,1.1314713367524283,14.58641975308642,0
26000,1972,133,1716.5,6,0.0,1624,1.1536992412074902,12.210526315789474,0
26000,2010,157,1839.5,6,0.0,2123,1.0823321357574152,13.522292993630574,0
26000,2084,122,1690.0,4,0.0,1294,1.0925076306759454,10.60655737704918,0
26000,2087,96,1681.0,5,0.0,811,1.1058297057557822,8.447916666666666,0
26000,2090,183,2236.6,5,0.0,1200,0.4502865041425843,6.557377049180328,0
26000,2119,181,1336.857142857143,7,0.0,2566,0.984258935821423,14.176795580110497,0
26000,2142,130,2819.4,5,0.0,1413,1.0506675549165392,10.86923076923077,0
26000,2147,186,1493.5,8,0.0,2969,1.0784354941043006,15.96236559139785,0
26000,2169,91,2060.0,5,0.0,719,1.0910784291419207,7.9010989010989015,0
26000,2170,127,1900.6666666666667,6,0.0,1496,1.1655583383397188,11.779527559055119,0
26000,2175,206,2143.0,8,0.0,3238,0.9588535217573523,15.718446601941748,0
26000,2198,168,1958.0,7,0.0,2498,1.112202161092305,14.869047619047619,0
26000,2234,80,2045.6,5,0.0,522,1.02494460323367,6.525,0
26000,2266,54,1962.2,5,0.0,248,1.0687448259125771,4.592592592592593,0
26000,2270,177,1704.0,7,0.0,2627,1.0537155863232643,14.841807909604519,0
26000,2278,73,1588.4,5,0.0,469,1.1059538033654441,6.424657534246576,0
26000,2281,305,1665.5,6,0.0,2681,0.3621654352818806,8.79016393442623,0
26000,2320,139,1848.8333333333333,6,0.0,1710,1.1121833109339156,12.302158273381295,0
26000,2335,35,2310.5,4,0.0,104,1.0668592195047788,2.9714285714285715,0
26000,2380,126,2466.4,5,0.0,1479,1.1706766275281695,11.738095238095237,0
26000,2403,151,2416.8,5,0.0,2141,1.1799745399475017,14.178807947019868,0
26000,2439,185,1777.0,6,0.0,2890,1.061119388619372,15.621621621621621,0
26000,2521,139,1902.857142857143,7,0.0,1862,1.2110440496835972,13.39568345323741,0
26000,2576,256,1585.8333333333333,6,0.0,2372,0.4548253036080926,9.265625,0
26000,2585,126,2199.3333333333335,6,0.0,1563,1.237165360937477,12.404761904761905,0
26000,2602,294,1589.2857142857142,7,0.0,2483,0.3609872996836252,8.445578231292517,0
26000,2623,142,1821.6666666666667,6,0.0,1675,1.0438737740057338,11.795774647887324,0
26000,2658,102,1952.6,5,0.0,978,1.1812678259172693,9.588235294117647,0
26000,2729,131,1654.1666666666667,6,0.0,1587,1.1621018684801587,12.114503816793894,0
26000,2744,177,1617.0,6,0.0,2665,1.0689577607733154,15.056497175141242,0
26000,2750,182,1467.25,8,0.0,2799,1.06186666313221,15.37912087912088,0
26000,2754,178,1514.8333333333333,6,0.0,1766,0.700423257952225,9.92134831460674,0
26000,2797,273,1846.4285714285713,7,0.0,3116,0.5253902619697458,11.413919413919414,0
26000,2804,135,1310.1666666666667,6,0.0,1691,1.1659661294310761,12.525925925925925,0
26000,2806,82,2382.0,4,0.0,629,1.1755275307007613,7.670731707317073,0
26000,2837,132,1339.3333333333333,6,0.0,1504,1.0847004938014346,11.393939393939394,0
26000,2873,203,1843.25,8,0.0,3449,1.051746275059448,16.99014778325123,0
26000,2907,167,1548.857142857143,7,0.0,2426,1.0931196927259978,14.52694610778443,0
26000,2953,178,2012.0,7,0.0,3040,1.2057116105179866,17.078651685393258,0
26000,2970,145,1810.8333333333333,6,0.0,1917,1.145766110236696,13.220689655172414,0
26000,3006,160,2141.6666666666665,6,0.0,2156,1.0583240251780617,13.475,0
26000,3050,121,1830.8,5,0.0,1216,1.0436928261089238,10.049586776859504,0
26000,3099,108,1766.0,5,0.0,1050,1.1312319225889174,9.722222222222221,0
26000,3100,129,1773.0,5,0.0,1310,0.9892401601352392,10.155038759689923,0
26000,3129,306,1321.75,8,0.0,2904,0.389729807596427,9.490196078431373,0
26000,3131,99,1553.3333333333333,6,0.0,867,1.1116256833638816,8.757575757575758,0
26000,3137,174,1586.0,7,0.0,2634,1.0932692627236775,15.137931034482758,0
26000,3150,152,2084.5,6,0.0,2108,1.1465507814694051,13.868421052631579,0
26000,3183,24,1958.3333333333333,3,0.0,52,1.1344640137963142,2.1666666666666665,0
26000,3188,120,1717.2,5,0.0,1309,1.1423179954302884,10.908333333333333,0
26000,3218,92,2176.8,5,0.0,795,1.1803242720245204,8.641304347826088,0
26000,3236,37,1583.8,5,0.0,132,1.2116588174546463,3.5675675675675675,0
26000,3263,141,2067.6666666666665,6,0.0,1685,1.0650537943360598,11.950354609929079,0
26000,3309,149,1760.6666666666667,6,0.0,1880,1.0641311992700888,12.61744966442953,0
26000,3311,196,1817.6666666666667,6,0.0,1812,0.5927286430971164,9.244897959183673,0
26000,3323,149,1762.6666666666667,6,0.0,1770,1.0018682035681157,11.879194630872483,0
26000,3350,257,1471.5714285714287,7,0.0,2240,0.42617859734688707,8.715953307392995,0
26000,3422,113,1701.6,5,0.0,544,0.5353673438962636,4.814159292035399,0
26000,3454,97,2253.0,4,0.0,816,1.0898244682024747,8.412371134020619,0
26000,3469,168,1305.5714285714287,7,0.0,2413,1.074357011495489,14.363095238095237,0
26000,3478,150,1863.0,7,0.0,1922,1.0734473031465925,12.813333333333333,0
26000,3498,86,1708.0,5,0.0,581,0.9871635109441157,6.755813953488372,0
26000,3524,103,1964.6,5,0.0,800,0.9476007627002864,7.766990291262136,0
26000,3532,139,1599.857142857143,7,0.0,1739,1.1310448992479996,12.510791366906474,0
26000,3605,100,2350.2,5,0.0,856,1.0756813245891452,8.56,0
26000,3614,167,1722.5,6,0.0,2545,1.1467393314046432,15.239520958083832,0
26000,3619,202,1549.3333333333333,6,0.0,1779,0.5478770052677426,8.806930693069306,0
26000,3635,133,2120.8333333333335,6,0.0,1664,1.1821154786756551,12.511278195488721,0
26000,3655,160,1806.857142857143,7,0.0,2110,1.0357438279803848,13.1875,0
26000,3663,133,1870.5,6,0.0,1551,1.1018396078280897,11.661654135338345,0
26000,3692,108,2098.4,5,0.0,1031,1.1107620116087369,9.546296296296296,0
26000,3792,151,1733.0,6,0.0,2089,1.1513156534097764,13.834437086092715,0
26000,3858,186,2155.0,6,0.0,1454,0.5281391742767441,7.817204301075269,0
26000,3978,91,1637.6,5,0.0,784,1.1897155611227619,8.615384615384615,0
26000,3992,250,1558.875,8,0.0,2103,0.4228332384319574,8.412,0
26000,4015,88,1742.2,5,0.0,667,1.0823565598886322,7.579545454545454,0
26000,4042,173,1693.4285714285713,7,0.0,2591,1.087890215570337,14.976878612716764,0
26000,4105,59,2025.0,4,0.0,287,1.036066752749521,4.864406779661017,0
26000,4253,135,1603.5,6,0.0,1519,1.0473699293943255,11.251851851851852,0
26000,4302,60,1681.2,5,0.0,284,0.9913470151327792,4.733333333333333,0
26000,4329,185,1347.7142857142858,7,0.0,2976,1.0926959517409174,16.086486486486486,0
26000,4352,305,1333.75,8,0.0,3214,0.43416624729427983,10.537704918032787,0
26000,4362,157,1782.5,6,0.0,2107,1.074175134263247,13.420382165605096,0
26000,4405,181,1689.142857142857,7,0.0,2692,1.0325896551953508,14.87292817679558,0
26000,4477,321,1414.4285714285713,7,0.0,1893,0.23086091529567757,5.897196261682243,0
26000,4490,271,1942.857142857143,7,0.0,2417,0.4135689570526834,8.918819188191883,0
26000,4501,167,1725.142857142857,7,0.0,2217,0.9989473861391333,13.275449101796408,0
26000,4539,148,2211.8,5,0.0,1641,0.9414451323120618,11.087837837837839,0
26000,4545,106,2235.4,5,0.0,1109,1.2403083847743255,10.462264150943396,0
26000,4591,133,1392.6666666666667,6,0.0,1503,1.067740122866292,11.300751879699249,0
26000,4596,155,1665.6666666666667,6,0.0,2226,1.164318043186827,14.361290322580645,0
26000,4611,84,2330.8,5,0.0,559,0.9955500529232961,6.654761904761905,0
26000,4647,142,2009.2857142857142,7,0.0,1757,1.0949768483152682,12.373239436619718,0
26000,4663,163,2085.0,6,0.0,2206,1.043374367694544,13.533742331288343,0
26000,4681,74,1482.6,5,0.0,447,1.0257793397769448,6.04054054054054,0
26000,4703,136,1925.1666666666667,6,0.0,1686,1.1454855566506037,12.397058823529411,0
26000,4731,41,2127.4,5,0.0,162,1.2110363114373504,3.951219512195122,0
26000,4773,171,1574.5714285714287,7,0.0,2668,1.146577640953123,15.602339181286549,0
26000,4777,140,2284.4,5,0.0,1658,1.063012371357526,11.842857142857143,0
26000,4781,86,1904.4,5,0.0,573,0.9735708980567611,6.662790697674419,0
26000,4792,140,1988.1666666666667,6,0.0,1785,1.1444373238077103,12.75,0
26000,4795,130,2043.3333333333333,6,0.0,1464,1.088589738427327,11.261538461538462,0
26000,4809,207,1529.2222222222222,9,0.0,3332,0.9771790913917423,16.096618357487923,0
26000,4843,173,1602.4285714285713,7,0.0,2510,1.0538805253112875,14.508670520231213,0
26000,4851,49,2011.4,5,0.0,192,1.0048909445884886,3.9183673469387754,0
26000,4858,173,1444.7142857142858,7,0.0,2450,1.0286881621564359,14.16184971098266,0
26000,4904,165,1390.7142857142858,7,0.0,2590,1.1954784165726449,15.696969696969697,0
26000,4920,148,1789.0,6,0.0,2006,1.1508463957452748,13.554054054054054,0
26000,4943,193,2161.0,6,0.0,1013,0.341746984680014,5.248704663212435,0
26000,4977,117,1978.6,5,0.0,1113,1.0217233175382978,9.512820512820513,0
26000,4992,112,2778.0,5,0.0,1197,1.1991346959014613,10.6875,0
28000,45,172,1641.5714285714287,7,0.0,2442,1.0372862709662352,14.19767441860465,0
28000,162,153,1557.125,8,0.0,1961,1.0526999348437924,12.816993464052288,0
28000,165,125,1665.1666666666667,6,0.0,1202,0.9667057586214225,9.616,0
28000,196,36,1793.25,4,0.0,145,1.4059596752176542,4.027777777777778,0
28000,224,100,2227.6,5,0.0,985,1.2377875055143783,9.85,0
28000,262,137,2003.8,5,0.0,1529,1.023708277977259,11.16058394160584,0
28000,277,188,1931.7142857142858,7,0.0,2885,1.0257463564516245,15.345744680851064,0
28000,308,176,1498.875,8,0.0,2706,1.0977724329305243,15.375,0
28000,336,150,1816.2857142857142,7,0.0,1891,1.0561336369668086,12.606666666666667,0
28000,370,177,2065.714285714286,7,0.0,2887,1.1580041483499293,16.310734463276837,0
28000,374,90,2295.8,5,0.0,744,1.1542444119855833,8.266666666666667,0
28000,395,47,2187.75,4,0.0,189,1.0751670647867286,4.0212765957446805,0
28000,432,31,2133.0,3,0.0,83,1.0853369000955373,2.6774193548387095,0
28000,485,153,1454.8333333333333,6,0.0,926,0.4970933909563242,6.052287581699346,0
28000,504,127,1795.0,5,0.0,1494,1.1640001052670719,11.763779527559056,0
28000,547,48,2409.4,5,0.0,193,1.05265170510908,4.020833333333333,0
28000,552,156,1790.5,6,0.0,2245,1.1592497546530383,14.39102564102564,0
28000,563,209,1986.375,8,0.0,4029,1.1590830614054877,19.27751196172249,0
28000,582,116,2131.1666666666665,6,0.0,1178,1.1001177603831083,10.155172413793103,0
28000,717,185,1599.0,9,0.0,2999,1.1011408465292376,16.21081081081081,0
28000,775,180,2360.5714285714284,7,0.0,2748,1.065814396551204,15.266666666666667,0
28000,877,161,1650.8333333333333,6,0.0,1844,0.8939619386936581,11.453416149068323,0
28000,903,270,1903.3333333333333,6,0.0,2394,0.412673405360437,8.866666666666667,0
28000,943,98,1881.1666666666667,6,0.0,898,1.1749896721881026,9.16326530612245,0
28000,969,220,2035.375,8,0.0,3966,1.029715410259266,18.027272727272727,0
28000,1245,173,1702.5714285714287,7,0.0,2477,1.0400247255761192,14.31791907514451,0
28000,1266,226,2125.714285714286,7,0.0,2145,0.5277403275080356,9.491150442477876,0
28000,1268,129,2910.0,4,0.0,1268,0.9575240633980789,9.829457364341085,0
28000,1277,81,3029.75,4,0.0,722,1.382856208438854,8.91358024691358,0
28000,1304,142,1573.6666666666667,6,0.0,1806,1.1255140512563313,12.71830985915493,0
28000,1339,159,1988.1666666666667,6,0.0,2131,1.0592514449269965,13.40251572327044,0
28000,1371,97,2038.2,5,0.0,730,0.9749655168968219,7.525773195876289,0
28000,1407,146,1732.2857142857142,7,0.0,2044,1.2049944424727972,14.0,0
28000,1429,101,2334.4,5,0.0,944,1.1628912714395705,9.346534653465346,0
28000,1582,216,2078.8333333333335,6,0.0,1634,0.4401030860738787,7.564814814814815,0
28000,1616,162,1957.375,8,0.0,2253,1.0788002207800342,13.907407407407407,0
28000,1622,53,1857.0,5,0.0,256,1.1452441713335522,4.830188679245283,0
28000,1711,140,2422.0,6,0.0,1560,1.00018051828573,11.142857142857142,0
28000,1733,223,1657.3333333333333,6,0.0,1962,0.4957915732343843,8.798206278026905,0
28000,1803,153,1685.857142857143,7,0.0,1915,1.028006310671016,12.516339869281046,0
28000,1839,162,1947.5,6,0.0,2154,1.0313962164048793,13.296296296296296,0
28000,1842,135,1889.0,6,0.0,1619,1.1163212084854597,11.992592592592592,0
28000,1952,164,1794.142857142857,7,0.0,2436,1.1381498667675098,14.853658536585366,0
28000,1972,131,1699.1666666666667,6,0.0,1630,1.193589190688506,12.442748091603054,0
28000,2010,159,1838.0,6,0.0,2157,1.0721752072771147,13.566037735849056,0
28000,2084,117,1728.0,4,0.0,1230,1.1291281945841027,10.512820512820513,0
28000,2087,92,1717.4,5,0.0,762,1.1313296796008612,8.282608695652174,0
28000,2090,175,2291.8,5,0.0,1154,0.47352136127250566,6.594285714285714,0
28000,2119,186,1598.7142857142858,7,0.0,2637,0.9578425052047964,14.17741935483871,0
28000,2142,127,2870.4,5,0.0,1365,1.0634940720813608,10.748031496062993,0
28000,2147,188,1500.875,8,0.0,3054,1.0858334047151683,16.24468085106383,0
28000,2169,83,2102.0,5,0.0,632,1.152844567901727,7.614457831325301,0
28000,2170,129,1937.3333333333333,6,0.0,1505,1.1364934664149122,11.666666666666666,0
28000,2175,217,2154.0,8,0.0,3340,0.8913265911775496,15.391705069124423,0
28000,2198,171,1996.142857142857,7,0.0,2559,1.0997347013489662,14.964912280701755,0
28000,2234,69,2102.4,5,0.0,404,1.0663334862846263,5.855072463768116,0
28000,2266,14,1967.6666666666667,3,0.0,23,1.4746251231135763,1.6428571428571428,0
28000,2270,177,1715.0,7,0.0,2666,1.069358870627264,15.062146892655367,0
28000,2278,65,1577.6,5,0.0,383,1.1391526497750444,5.892307692307693,0
28000,2281,301,1654.8333333333333,6,0.0,2695,0.37379685440224686,8.953488372093023,0
28000,2320,138,1853.3333333333333,6,0.0,1726,1.1389180676530104,12.507246376811594,0
28000,2380,125,2523.8,5,0.0,1447,1.1637464498545742,11.576,0
28000,2403,150,2469.8,5,0.0,2102,1.1739782680614657,14.013333333333334,0
28000,2439,186,1819.0,6,0.0,2927,1.0631797545447248,15.736559139784946,0
28000,2521,139,1930.4285714285713,7,0.0,1916,1.2461656279236155,13.784172661870503,0
28000,2576,262,1649.125,8,0.0,2528,0.4627904101319852,9.648854961832061,0
28000,2585,128,2225.3333333333335,6,0.0,1563,1.1988059857326285,12.2109375,0
28000,2602,295,1575.4285714285713,7,0.0,2542,0.3670636495455446,8.616949152542373,0
28000,2623,137,1850.1666666666667,6,0.0,1658,1.110077387106799,12.102189781021897,0
28000,2658,99,2022.2,5,0.0,908,1.1641939106048493,9.171717171717171,0
28000,2729,139,2273.1428571428573,7,0.0,1702,1.1069801141576168,12.244604316546763,0
28000,2744,178,1617.3333333333333,6,0.0,2673,1.0601536628008479,15.01685393258427,0
28000,2750,185,1442.125,8,0.0,2875,1.0556118485400328,15.54054054054054,0
28000,2754,174,1840.0,5,0.0,1738,0.7213750867933757,9.988505747126437,0
28000,2797,273,1863.7142857142858,7,0.0,3170,0.5344952279987465,11.611721611721611,0
28000,2804,138,1613.8333333333333,6,0.0,1754,1.1573941429104173,12.710144927536232,0
28000,2806,69,2497.75,4,0.0,455,1.200944891731448,6.594202898550725,0
28000,2837,134,1332.5,6,0.0,1524,1.0665598583361204,11.373134328358208,0
28000,2873,203,1854.125,8,0.0,3540,1.0794960318093492,17.438423645320196,0
28000,2907,169,1552.4285714285713,7,0.0,2540,1.1175582563801092,15.029585798816568,0
28000,2953,182,2259.285714285714,7,0.0,3121,1.1840249573546364,17.14835164835165,0
28000,2970,145,1813.5,6,0.0,1952,1.1666851576327755,13.462068965517242,0
28000,3006,159,2181.0,6,0.0,2147,1.067204529450146,13.50314465408805,0
28000,3050,118,1849.8,5,0.0,1182,1.0667516565765973,10.016949152542374,0
28000,3099,111,1888.0,6,0.0,1081,1.1025279306973677,9.73873873873874,0
28000,3100,127,1812.6,5,0.0,1257,0.9793494861584401,9.89763779527559,0
28000,3129,315,1536.875,8,0.0,3060,0.38753433187139397,9.714285714285714,0
28000,3131,98,1543.6666666666667,6,0.0,850,1.112183988151322,8.673469387755102,0
28000,3137,182,1800.0,7,0.0,2747,1.0421392367360418,15.093406593406593,0
28000,3150,148,2149.8333333333335,6,0.0,2081,1.193874052615113,14.06081081081081,0
28000,3188,119,1731.2,5,0.0,1249,1.1083537107079025,10.495798319327731,0
28000,3218,87,2222.4,5,0.0,720,1.1953741369188273,8.275862068965518,0
28000,3263,141,2078.3333333333335,6,0.0,1695,1.0713745883677277,12.02127659574468,0
28000,3309,157,1992.4285714285713,7,0.0,1984,1.0114681852768306,12.636942675159236,0
28000,3311,204,1831.5,6,0.0,1809,0.5462457814632772,8.867647058823529,0
28000,3323,148,1764.5,6,0.0,1774,1.0177475104945752,11.986486486486486,0
28000,3350,261,1465.2857142857142,7,0.0,2299,0.4240995587617877,8.808429118773946,0
28000,3422,101,1699.8,5,0.0,459,0.5654312432105539,4.544554455445544,0
28000,3454,88,2328.25,4,0.0,696,1.1294155407533553,7.909090909090909,0
28000,3469,173,1287.7142857142858,7,0.0,2527,1.0610183615384954,14.606936416184972,0
28000,3478,154,2089.714285714286,7,0.0,2001,1.0602676505031499,12.993506493506494,0
28000,3498,75,2199.75,4,0.0,437,0.9762673703955481,5.826666666666667,0
28000,3524,92,2511.5,4,0.0,679,1.0081008562322635,7.380434782608695,0
28000,3532,137,1865.3333333333333,6,0.0,1769,1.184394992636868,12.912408759124087,0
28000,3605,95,2392.2,5,0.0,775,1.0791066178535578,8.157894736842104,0
28000,3614,166,1741.5,6,0.0,2609,1.1897830212245275,15.716867469879517,0
28000,3619,197,1584.3333333333333,6,0.0,1829,0.5922309735799152,9.284263959390863,0
28000,3635,133,2159.8333333333335,6,0.0,1662,1.1806946668022469,12.496240601503759,0
28000,3655,164,1812.2857142857142,7,0.0,2170,1.0138691341894484,13.231707317073171,0
28000,3663,131,1874.0,6,0.0,1544,1.1306145462718118,11.786259541984732,0
28000,3692,104,2133.4,5,0.0,1014,1.1780972450961724,9.75,0
28000,3792,153,1729.0,6,0.0,2156,1.1573794286196923,14.091503267973856,0
28000,3858,186,2152.1666666666665,6,0.0,1461,0.5306817975366733,7.854838709677419,0
28000,3978,88,1672.4,5,0.0,689,1.118056476406698,7.829545454545454,0
28000,3992,254,1536.0,8,0.0,2283,0.4446807631065471,8.988188976377952,0
28000,4015,72,2253.75,4,0.0,501,1.2144582711793876,6.958333333333333,0
28000,4042,176,1977.1666666666667,6,0.0,2647,1.0738372616286391,15.039772727272727,0
28000,4105,22,2084.0,4,0.0,49,1.2722152068256185,2.227272727272727,0
28000,4253,134,1600.3333333333333,6,0.0,1502,1.051163324948066,11.208955223880597,0
28000,4302,28,2182.25,4,0.0,68,1.0899403083882957,2.4285714285714284,0
28000,4329,191,1833.875,8,0.0,3195,1.1005606785142281,16.727748691099478,0
28000,4352,313,1582.625,8,0.0,3351,0.4298289043342035,10.706070287539935,0
28000,4362,161,1789.3333333333333,6,0.0,2144,1.0394004319735375,13.316770186335404,0
28000,4405,183,1997.2857142857142,7,0.0,2802,1.0514189871729345,15.311475409836065,0
28000,4477,332,1692.4285714285713,7,0.0,1968,0.2243669016644184,5.927710843373494,0
28000,4490,271,1968.142857142857,7,0.0,2503,0.42828427782493445,9.236162361623617,0
28000,4501,168,1720.0,7,0.0,2280,1.0151404833028244,13.571428571428571,0
28000,4539,146,2243.2,5,0.0,1603,0.9450127648159953,10.979452054794521,0
28000,4545,102,2290.6,5,0.0,1034,1.2489068834340047,10.137254901960784,0
28000,4591,134,1699.6666666666667,6,0.0,1558,1.0903545008449316,11.626865671641792,0
28000,4596,156,1668.5,6,0.0,2255,1.164413450664856,14.455128205128204,0
28000,4611,74,2399.0,5,0.0,417,0.9569350887852036,5.635135135135135,0
28000,4647,144,2059.8571428571427,7,0.0,1810,1.096890953510325,12.569444444444445,0
28000,4663,162,2103.8333333333335,6,0.0,2206,1.0562952894100113,13.617283950617283,0
28000,4681,63,1516.4,5,0.0,333,1.0543213440618806,5.285714285714286,0
28000,4703,134,2368.6,5,0.0,1655,1.1582392162377162,12.350746268656716,0
28000,4773,175,1685.875,8,0.0,2790,1.1448220086224357,15.942857142857143,0
28000,4777,137,2346.0,5,0.0,1612,1.0792791001303736,11.766423357664234,0
28000,4781,77,1927.0,5,0.0,461,0.977078234646581,5.987012987012987,0
28000,4792,138,2021.5,6,0.0,1762,1.1626730215553909,12.768115942028986,0
28000,4795,131,2060.5,6,0.0,1514,1.108646647056686,11.557251908396946,0
28000,4809,211,1508.3333333333333,9,0.0,3523,0.9943919425526687,16.696682464454977,0
28000,4843,168,1906.0,6,0.0,2490,1.1086402646596634,14.821428571428571,0
28000,4858,172,1690.0,6,0.0,2459,1.0445073465626422,14.296511627906977,0
28000,4904,160,1944.0,5,0.0,2554,1.2536918183231769,15.9625,0
28000,4920,148,1820.8333333333333,6,0.0,2018,1.157730820844449,13.635135135135135,0
28000,4943,190,2211.8333333333335,6,0.0,1017,0.35401659043776396,5.352631578947369,0
28000,4977,112,2015.2,5,0.0,1047,1.0488671901493984,9.348214285714286,0
28000,4992,110,2864.4,5,0.0,1145,1.1891317647472108,10.409090909090908,0
30000,45,175,1620.4285714285713,7,0.0,2523,1.0352637733886756,14.417142857142856,0
30000,162,164,1766.142857142857,7,0.0,2111,0.9863031070386754,12.871951219512194,0
30000,165,119,2030.4,5,0.0,1139,1.0107404935919142,9.571428571428571,0
30000,224,97,2251.2,5,0.0,939,1.2540994799535832,9.68041237113402,0
30000,262,129,2033.8,5,0.0,1423,1.0745715632614088,11.031007751937985,0
30000,277,186,1958.142857142857,7,0.0,2934,1.065722377804654,15.774193548387096,0
30000,308,185,1789.0,9,0.0,2972,1.0912272743864269,16.064864864864866,0
30000,336,155,2051.4285714285716,7,0.0,1985,1.0382620465974175,12.806451612903226,0
30000,370,180,2089.285714285714,7,0.0,2961,1.1484266478122689,16.45,0
30000,374,86,2315.2,5,0.0,674,1.1451776357596108,7.837209302325581,0
30000,485,147,2143.6,5,0.0,879,0.5111684839660193,5.979591836734694,0
30000,504,124,1809.6,5,0.0,1429,1.1678813480696708,11.524193548387096,0
30000,552,155,2216.8,5,0.0,2268,1.186286308152616,14.63225806451613,0
30000,563,210,1990.5,8,0.0,4129,1.1765656296301366,19.66190476190476,0
30000,582,117,2133.6666666666665,6,0.0,1204,1.1052604441294793,10.290598290598291,0
30000,717,188,1762.125,8,0.0,3136,1.114988067186237,16.680851063829788,0
30000,775,184,2364.4285714285716,7,0.0,2846,1.0563531063464735,15.467391304347826,0
30000,877,144,2010.0,5,0.0,1776,1.07628637206317,12.333333333333334,0
30000,903,271,1920.3333333333333,6,0.0,2398,0.4103178978123023,8.84870848708487,0
30000,943,97,1922.3333333333333,6,0.0,884,1.1806431738860144,9.11340206185567,0
30000,969,220,2060.25,8,0.0,4048,1.051005542291858,18.4,0
30000,1245,182,1836.857142857143,7,0.0,2574,0.9765076066103282,14.142857142857142,0
30000,1266,230,2147.8571428571427,7,0.0,2197,0.5218963372352949,9.552173913043479,0
30000,1268,123,2986.25,4,0.0,1174,0.9751417212808294,9.544715447154472,0
30000,1277,69,3117.0,4,0.0,552,1.4569705060126577,8.0,0
30000,1304,143,1582.0,6,0.0,1848,1.1356375810717274,12.923076923076923,0
30000,1339,157,2011.3333333333333,6,0.0,2125,1.083351760944186,13.535031847133759,0
30000,1371,85,2402.5,4,0.0,590,1.0261811297538979,6.9411764705882355,0
30000,1407,147,1742.4285714285713,7,0.0,2102,1.2223847022714138,14.299319727891156,0
30000,1429,98,2368.2,5,0.0,875,1.1448952819204785,8.928571428571429,0
30000,1582,218,2447.6666666666665,6,0.0,1686,0.4458147642414268,7.73394495412844,0
30000,1616,167,1954.5,8,0.0,2404,1.0832068183484331,14.395209580838323,0
30000,1711,140,2439.0,6,0.0,1548,0.9924868219912245,11.057142857142857,0
30000,1733,224,1680.1666666666667,6,0.0,2005,0.5021439150548099,8.950892857142858,0
30000,1803,157,1675.5714285714287,7,0.0,1981,1.0099387474966741,12.617834394904458,0
30000,1839,166,2045.142857142857,7,0.0,2280,1.0397490564936462,13.734939759036145,0
30000,1842,137,1881.0,6,0.0,1619,1.0839657959746125,11.817518248175183,0
30000,1952,166,1785.0,7,0.0,2512,1.145548083294754,15.132530120481928,0
30000,1972,134,2155.6666666666665,6,0.0,1655,1.1582392162377162,12.350746268656716,0
30000,2010,162,2204.5,6,0.0,2217,1.0615624010072506,13.685185185185185,0
30000,2084,114,1750.25,4,0.0,1178,1.1390569855120887,10.333333333333334,0
30000,2087,89,1728.2,5,0.0,730,1.1581177311554345,8.202247191011235,0
30000,2090,166,2314.0,5,0.0,1099,0.5011772864414549,6.620481927710843,0
30000,2119,182,1889.3333333333333,6,0.0,2630,0.9977525273446631,14.45054945054945,0
30000,2142,126,2909.2,5,0.0,1319,1.0440314210342498,10.468253968253968,0
30000,2147,190,1496.0,8,0.0,3139,1.0926824753039734,16.521052631578947,0
30000,2169,78,2127.4,5,0.0,554,1.1442750362187675,7.102564102564102,0
30000,2170,129,1937.5,6,0.0,1510,1.140269192216955,11.705426356589147,0
30000,2175,223,2150.5,8,0.0,3431,0.8670035105846955,15.385650224215247,0
30000,2198,173,2011.857142857143,7,0.0,2614,1.09754728811303,15.109826589595375,0
30000,2234,57,2163.6,5,0.0,266,1.0288256643334994,4.666666666666667,0
30000,2270,180,1717.142857142857,7,0.0,2712,1.0518517625352493,15.066666666666666,0
30000,2278,55,1575.2,5,0.0,275,1.1423973285781066,5.0,0
30000,2281,302,2053.0,6,0.0,2695,0.3713254770152402,8.92384105960265,0
30000,2320,139,1855.6666666666667,6,0.0,1745,1.1349472968302239,12.553956834532373,0
30000,2380,124,2579.6,5,0.0,1400,1.1441804669681868,11.290322580645162,0
30000,2403,148,2500.8,5,0.0,2059,1.1812526065999605,13.912162162162161,0
30000,2439,192,2241.5,6,0.0,3006,1.0246991663076084,15.65625,0
30000,2521,142,1963.5714285714287,7,0.0,1972,1.2289666163219743,13.887323943661972,0
30000,2576,272,1878.5714285714287,7,0.0,2666,0.4528268822702416,9.801470588235293,0
30000,2585,130,2240.3333333333335,6,0.0,1555,1.156254810966184,11.961538461538462,0
30000,2602,299,1557.0,7,0.0,2608,0.3665853241266733,8.722408026755852,0
30000,2623,136,1869.6666666666667,6,0.0,1642,1.1155915089088322,12.073529411764707,0
30000,2658,95,2081.4,5,0.0,849,1.1821438949131233,8.936842105263159,0
30000,2729,144,2684.8333333333335,6,0.0,1762,1.067802132643753,12.23611111111111,0
30000,2744,178,1616.8333333333333,6,0.0,2686,1.0653096663984578,15.089887640449438,0
30000,2750,183,1600.2857142857142,7,0.0,2895,1.0863161912439847,15.819672131147541,0
30000,2754,163,1865.8,5,0.0,1681,0.7950645113755793,10.312883435582823,0
30000,2797,275,1879.0,7,0.0,3230,0.536719035826514,11.745454545454546,0
30000,2804,138,1588.0,6,0.0,1770,1.1679519002003642,12.826086956521738,0
30000,2806,53,2605.75,4,0.0,273,1.221295542086171,5.150943396226415,0
30000,2837,135,1315.1666666666667,6,0.0,1542,1.0632287235852864,11.422222222222222,0
30000,2873,206,1850.875,8,0.0,3638,1.077303617094888,17.660194174757283,0
30000,2907,179,1979.625,8,0.0,2741,1.0750108253162665,15.312849162011172,0
30000,2953,185,2274.8571428571427,7,0.0,3172,1.164661142110951,17.145945945945947,0
30000,2970,145,1809.8333333333333,6,0.0,1984,1.1858111438234766,13.682758620689656,0
30000,3006,161,2195.1666666666665,6,0.0,2153,1.043763586771934,13.372670807453416,0
30000,3050,117,1855.4,5,0.0,1147,1.0529349912097283,9.803418803418804,0
30000,3099,107,2310.4,5,0.0,1023,1.1228401728089294,9.560747663551401,0
30000,3100,127,1842.6,5,0.0,1217,0.9481848247055065,9.582677165354331,0
30000,3129,314,1780.857142857143,7,0.0,3105,0.3957420256154938,9.888535031847134,0
30000,3131,97,1527.3333333333333,6,0.0,824,1.1005090218123028,8.494845360824742,0
30000,3137,185,1798.4285714285713,7,0.0,2831,1.0394563976406375,15.302702702702703,0
30000,3150,148,2202.1666666666665,6,0.0,2062,1.1829737128747542,13.932432432432432,0
30000,3188,116,2181.5,4,0.0,1183,1.1047871906054474,10.198275862068966,0
30000,3218,82,2257.0,5,0.0,634,1.1848719466840743,7.7317073170731705,0
30000,3263,142,2076.0,6,0.0,1709,1.0650628535974918,12.035211267605634,0
30000,3309,158,2000.142857142857,7,0.0,2061,1.0374655438308866,13.044303797468354,0
30000,3311,203,2228.0,5,0.0,1779,0.5424924973414781,8.763546798029557,0
30000,3323,147,1771.6666666666667,6,0.0,1775,1.0322230478267171,12.07482993197279,0
30000,3350,267,1443.142857142857,7,0.0,2391,0.42147024279948914,8.955056179775282,0
30000,3422,88,1706.2,5,0.0,357,0.5793122816795228,4.056818181818182,0
30000,3454,81,2398.75,4,0.0,564,1.0802367057610993,6.962962962962963,0
30000,3469,185,1783.75,8,0.0,2732,1.0031066331169982,14.767567567567568,0
30000,3478,155,2110.5714285714284,7,0.0,2044,1.0691222283350736,13.187096774193549,0
30000,3498,55,2265.0,4,0.0,254,1.0551597143957785,4.618181818181818,0
30000,3524,81,2613.5,4,0.0,521,0.997878233513356,6.432098765432099,0
30000,3532,135,1898.3333333333333,6,0.0,1746,1.2038893329311997,12.933333333333334,0
30000,3605,90,2448.2,5,0.0,688,1.0673658003307545,7.644444444444445,0
30000,3614,175,1809.0,7,0.0,2742,1.1251261461085014,15.668571428571429,0
30000,3619,197,1700.0,7,0.0,1919,0.62137301164563,9.741116751269036,0
30000,3635,134,2187.5,6,0.0,1660,1.1617384283713648,12.388059701492537,0
30000,3655,159,2579.2,5,0.0,2141,1.064222122753965,13.465408805031446,0
30000,3663,132,1873.0,6,0.0,1539,1.1099428590162286,11.659090909090908,0
30000,3692,103,2161.2,5,0.0,985,1.1667334390747275,9.563106796116505,0
30000,3792,161,2185.714285714286,7,0.0,2329,1.1290875028294631,14.46583850931677,0
30000,3858,187,2152.8333333333335,6,0.0,1455,0.5228650874744086,7.780748663101604,0
30000,3978,74,2815.0,3,0.0,500,1.1474041831956876,6.756756756756757,0
30000,3992,268,1845.625,8,0.0,2456,0.42970325001205906,9.164179104477611,0
30000,4015,57,2340.25,4,0.0,316,1.2222139471029543,5.543859649122807,0
30000,4042,175,1983.8333333333333,6,0.0,2662,1.0922997085852773,15.211428571428572,0
30000,4253,135,1587.6666666666667,6,0.0,1492,1.0287530840397194,11.051851851851852,0
30000,4329,195,1819.625,8,0.0,3340,1.103791659486118,17.128205128205128,0
30000,4352,315,1577.5,8,0.0,3463,0.4385723500884436,10.993650793650794,0
30000,4362,157,2183.4,5,0.0,2104,1.0726456964830906,13.401273885350319,0
30000,4405,186,2009.4285714285713,7,0.0,2903,1.05446218908211,15.60752688172043,0
30000,4477,339,1687.0,7,0.0,2002,0.2189145062255555,5.905604719764011,0
30000,4490,272,2002.5714285714287,7,0.0,2590,0.43991808892720397,9.522058823529411,0
30000,4501,176,2103.0,7,0.0,2362,0.9582182138144488,13.420454545454545,0
30000,4539,146,2260.2,5,0.0,1581,0.9320431573138419,10.82876712328767,0
30000,4545,99,2339.8,5,0.0,961,1.2321479604529297,9.707070707070708,0
30000,4591,134,1689.8333333333333,6,0.0,1574,1.1015519796726072,11.746268656716419,0
30000,4596,161,1687.7142857142858,7,0.0,2335,1.1319962726950608,14.503105590062113,0
30000,4611,43,2381.5,4,0.0,192,1.3048908371860255,4.465116279069767,0
30000,4647,145,2093.0,7,0.0,1851,1.1063187637183747,12.76551724137931,0
30000,4663,161,2126.5,6,0.0,2206,1.0694577205847127,13.701863354037267,0
30000,4681,47,1829.5,4,0.0,174,0.9898363453592104,3.702127659574468,0
30000,4703,131,2448.0,5,0.0,1586,1.161369605172988,12.106870229007633,0
30000,4773,180,1949.142857142857,7,0.0,2906,1.127094845843449,16.144444444444446,0
30000,4777,134,2400.6,5,0.0,1565,1.0952533978320396,11.67910447761194,0
30000,4781,65,1951.4,5,0.0,329,0.9785410490234717,5.061538461538461,0
30000,4792,138,2043.8333333333333,6,0.0,1744,1.1507955446042006,12.63768115942029,0
30000,4795,128,2525.0,5,0.0,1481,1.1359127734293173,11.5703125,0
30000,4809,214,1488.3333333333333,9,0.0,3714,1.0191174002474008,17.35514018691589,0
30000,4843,169,1920.6666666666667,6,0.0,2488,1.0946791109739022,14.721893491124261,0
30000,4858,171,1689.1666666666667,6,0.0,2461,1.057619030879174,14.391812865497077,0
30000,4904,156,1981.6,5,0.0,2472,1.2764656541212966,15.846153846153847,0
30000,4920,149,1838.8333333333333,6,0.0,2040,1.1546955566547774,13.691275167785236,0
30000,4943,187,2251.8333333333335,6,0.0,1019,0.3661852399563041,5.449197860962567,0
30000,4977,109,2052.2,5,0.0,986,1.0428786655801823,9.045871559633028,0
30000,4992,108,2933.6,5,0.0,1089,1.1732491082850771,10.083333333333334,0
32000,45,185,2001.5714285714287,7,0.0,2649,0.9726315780113206,14.31891891891892,0
32000,162,171,2098.1428571428573,7,0.0,2238,0.9617843929734219,13.087719298245615,0
32000,165,114,2055.4,5,0.0,1076,1.0404289612996667,9.43859649122807,0
32000,224,95,2270.6,5,0.0,906,1.2615104461617075,9.536842105263158,0
32000,262,124,2052.0,5,0.0,1351,1.1041341506243003,10.89516129032258,0
32000,277,186,1960.142857142857,7,0.0,3002,1.0904221466153958,16.13978494623656,0
32000,308,192,1833.5555555555557,9,0.0,3255,1.1095794365706138,16.953125,0
32000,336,156,2059.0,7,0.0,2030,1.0482302903989613,13.012820512820513,0
32000,370,182,2115.0,7,0.0,3022,1.1464669724850085,16.604395604395606,0
32000,374,80,2338.6,5,0.0,600,1.1780972450961724,7.5,0
32000,485,139,2217.4,5,0.0,799,0.5196692780328647,5.748201438848921,0
32000,504,122,1823.6,5,0.0,1374,1.160050606297333,11.262295081967213,0
32000,552,153,2315.8,5,0.0,2217,1.190125321544461,14.490196078431373,0
32000,563,214,1989.0,8,0.0,4225,1.1593352224139117,19.742990654205606,0
32000,582,117,2134.3333333333335,6,0.0,1234,1.1328001561925063,10.547008547008547,0
32000,717,189,1733.625,8,0.0,3228,1.135585351562146,17.07936507936508,0
32000,775,187,2373.1428571428573,7,0.0,2931,1.0532766813659737,15.67379679144385,0
32000,877,130,2049.0,5,0.0,1703,1.2663035003700396,13.1,0
32000,903,272,1924.8333333333333,6,0.0,2406,0.40866522083353385,8.845588235294118,0
32000,943,92,2344.4,5,0.0,825,1.2248648105914837,8.967391304347826,0
32000,969,223,2083.375,8,0.0,4139,1.0459130079597942,18.56053811659193,0
32000,1245,181,1852.0,7,0.0,2625,1.0068899869568335,14.502762430939226,0
32000,1266,237,2147.285714285714,7,0.0,2255,0.5044983128661705,9.514767932489452,0
32000,1268,118,3063.0,4,0.0,1077,0.9719894535812142,9.127118644067796,0
32000,1277,56,3199.25,4,0.0,379,1.5187035914675147,6.767857142857143,0
32000,1304,148,1561.5,6,0.0,1915,1.098639505409871,12.93918918918919,0
32000,1339,158,2031.1666666666667,6,0.0,2128,1.0711919831499888,13.468354430379748,0
32000,1371,72,2498.75,4,0.0,429,1.0399253459799547,5.958333333333333,0
32000,1407,150,2032.1666666666667,6,0.0,2169,1.2113981272242242,14.46,0
32000,1429,94,2401.0,5,0.0,807,1.147698176300119,8.585106382978724,0
32000,1582,218,2489.5,6,0.0,1702,0.4500455093350583,7.807339449541284,0
32000,1616,173,1952.5,8,0.0,2559,1.0744542885544162,14.791907514450868,0
32000,1711,139,2459.0,6,0.0,1534,0.9977129818553373,11.035971223021583,0
32000,1733,229,1887.3333333333333,6,0.0,2114,0.5065751507170971,9.231441048034934,0
32000,1803,164,1947.6666666666667,6,0.0,2029,0.9479910015070926,12.371951219512194,0
32000,1839,175,2409.5,6,0.0,2371,0.9728935420945501,13.548571428571428,0
32000,1842,137,1870.3333333333333,6,0.0,1628,1.0899915477743478,11.883211678832117,0
32000,1952,169,1774.7142857142858,7,0.0,2594,1.1413173689173242,15.349112426035504,0
32000,1972,135,2176.8333333333335,6,0.0,1662,1.1459702584946472,12.311111111111112,0
32000,2010,163,2578.0,6,0.0,2276,1.0764823485370725,13.963190184049079,0
32000,2084,120,2205.8,5,0.0,1247,1.0882127886184645,10.391666666666667,0
32000,2087,92,2370.0,5,0.0,724,1.074911664082708,7.869565217391305,0
32000,2090,155,2327.2,5,0.0,1050,0.5492066241447296,6.774193548387097,0
32000,2119,181,2291.4,5,0.0,2630,1.0088078726462752,14.530386740331492,0
32000,2142,124,2948.8,5,0.0,1269,1.0371178661304494,10.233870967741936,0
32000,2147,192,1484.25,8,0.0,3229,1.10071643646283,16.817708333333332,0
32000,2169,71,2166.6,5,0.0,449,1.1192819690234614,6.323943661971831,0
32000,2170,129,1941.8333333333333,6,0.0,1514,1.1432897728585893,11.736434108527131,0
32000,2175,228,2151.0,8,0.0,3505,0.8472824138836738,15.37280701754386,0
32000,2198,174,2017.0,7,0.0,2664,1.1057210766499153,15.310344827586206,0
32000,2270,182,1722.5714285714287,7,0.0,2772,1.051623576349584,15.23076923076923,0
32000,2278,37,1579.2,5,0.0,124,1.1382249497301222,3.3513513513513513,0
32000,2281,304,2076.1666666666665,6,0.0,2694,0.36631971125220325,8.861842105263158,0
32000,2320,141,1855.5,6,0.0,1770,1.1187805436052378,12.553191489361701,0
32000,2380,122,2636.8,5,0.0,1364,1.1516077343446594,11.180327868852459,0
32000,2403,148,2528.4,5,0.0,2034,1.1669100543100144,13.743243243243244,0
32000,2439,191,2304.5,6,0.0,3013,1.037868333134075,15.774869109947645,0
32000,2521,144,1984.0,7,0.0,2018,1.2229425105988045,14.01388888888889,0
32000,2576,272,1879.857142857143,7,0.0,2726,0.46301803490948185,10.022058823529411,0
32000,2585,129,2259.3333333333335,6,0.0,1551,1.171230143793707,12.023255813953488,0
32000,2602,306,1527.857142857143,7,0.0,2697,0.36194948040205355,8.813725490196079,0
32000,2623,136,1876.1666666666667,6,0.0,1651,1.1217062004923763,12.139705882352942,0
32000,2658,91,2149.4,5,0.0,787,1.1942680441372622,8.648351648351648,0
32000,2729,145,2714.6666666666665,6,0.0,1798,1.0746413490900257,12.4,0
32000,2744,179,1609.6666666666667,6,0.0,2706,1.0612839450221878,15.11731843575419,0
32000,2750,185,1606.7142857142858,7,0.0,2934,1.0772748395187672,15.85945945945946,0
32000,2754,150,1887.6,5,0.0,1635,0.9131562646434332,10.9,0
32000,2797,276,1886.7142857142858,7,0.0,3292,0.5430646406016383,11.927536231884059,0
32000,2804,137,1565.6666666666667,6,0.0,1778,1.1904207444366033,12.978102189781023,0
32000,2806,17,2722.75,4,0.0,27,1.1740207840404762,1.588235294117647,0
32000,2837,138,1292.3333333333333,6,0.0,1568,1.0346602144147858,11.36231884057971,0
32000,2873,208,1849.5,8,0.0,3731,1.083698427380133,17.9375,0
32000,2907,186,1993.5,8,0.0,2917,1.0595474356019685,15.682795698924732,0
32000,2953,186,2291.1428571428573,7,0.0,3220,1.1696066995674799,17.311827956989248,0
32000,2970,146,1795.1666666666667,6,0.0,2054,1.21088971861014,14.068493150684931,0
32000,3006,161,2206.6666666666665,6,0.0,2159,1.0466723566375316,13.409937888198758,0
32000,3050,115,1865.6,5,0.0,1097,1.042367377236447,9.539130434782608,0
32000,3099,101,2355.2,5,0.0,939,1.1567318897052508,9.297029702970297,0
32000,3100,126,1863.4,5,0.0,1166,0.9229269423244392,9.253968253968255,0
32000,3129,317,1802.5714285714287,7,0.0,3154,0.39441464157956424,9.949526813880126,0
32000,3131,95,1512.1666666666667,6,0.0,795,1.1069545305723592,8.368421052631579,0
32000,3137,188,1799.0,7,0.0,2909,1.0342794283943764,15.47340425531915,0
32000,3150,145,2250.0,6,0.0,2049,1.2246608032733386,14.13103448275862,0
32000,3188,107,2256.25,4,0.0,1034,1.1349137230541868,9.663551401869158,0
32000,3218,77,2281.0,5,0.0,546,1.1572336575206794,7.090909090909091,0
32000,3263,142,2071.8333333333335,6,0.0,1727,1.076280601616658,12.161971830985916,0
32000,3309,159,2005.4285714285713,7,0.0,2122,1.0547778348827248,13.345911949685535,0
32000,3311,200,2273.6,5,0.0,1734,0.5447521661324701,8.67,0
32000,3323,148,1765.1666666666667,6,0.0,1775,1.018321212586173,11.993243243243244,0
32000,3350,278,1400.2857142857142,7,0.0,2506,0.40747534754391707,9.014388489208633,0
32000,3422,66,1712.6,5,0.0,225,0.6490893912375606,3.409090909090909,0
32000,3454,69,2486.5,4,0.0,422,1.1138433940893868,6.115942028985507,0
32000,3469,185,2054.8571428571427,7,0.0,2877,1.056346187217278,15.551351351351352,0
32000,3478,156,2136.714285714286,7,0.0,2075,1.07146692245214,13.301282051282051,0
32000,3524,66,2700.5,4,0.0,359,1.0356581842412633,5.4393939393939394,0
32000,3532,135,1911.6666666666667,6,0.0,1739,1.1990627433948202,12.881481481481481,0
32000,3605,83,2499.2,5,0.0,588,1.0725832372250246,7.0843373493975905,0
32000,3614,183,2196.8571428571427,7,0.0,2891,1.0848152362301762,15.797814207650273,0
32000,3619,199,1871.0,7,0.0,2074,0.6581311748233865,10.422110552763819,0
32000,3635,133,2222.1666666666665,6,0.0,1658,1.1778530430554304,12.466165413533835,0
32000,3655,154,2671.8,5,0.0,2053,1.087820832825071,13.331168831168831,0
32000,3663,132,1873.0,6,0.0,1536,1.1077792277121035,11.636363636363637,0
32000,3692,102,2190.0,5,0.0,970,1.1716051034148787,9.509803921568627,0
32000,3792,167,2174.8571428571427,7,0.0,2427,1.093570277924978,14.532934131736527,0
32000,3858,186,2155.1666666666665,6,0.0,1438,0.5223274639683343,7.731182795698925,0
32000,3978,47,3016.3333333333335,3,0.0,214,1.2173849304992588,4.553191489361702,0
32000,3992,281,1814.0,8,0.0,2631,0.418714569045212,9.362989323843417,0
32000,4015,31,2432.0,4,0.0,102,1.3337875157800578,3.2903225806451615,0
32000,4042,176,1990.3333333333333,6,0.0,2683,1.0884417729314844,15.244318181818182,0
32000,4253,136,1573.6666666666667,6,0.0,1476,1.0028094197012403,10.852941176470589,0
32000,4329,198,1806.125,8,0.0,3482,1.1161132149576227,17.585858585858585,0
32000,4352,321,1561.875,8,0.0,3582,0.43684299978294616,11.158878504672897,0
32000,4362,155,2218.8,5,0.0,2052,1.073306659757129,13.238709677419354,0
32000,4405,189,2023.5714285714287,7,0.0,3007,1.0578392664644896,15.91005291005291,0
32000,4477,337,1976.5,6,0.0,1961,0.21698397251678134,5.818991097922849,0
32000,4490,277,2028.857142857143,7,0.0,2689,0.4403937309493388,9.707581227436823,0
32000,4501,176,2131.8571428571427,7,0.0,2418,0.9809363425077634,13.738636363636363,0
32000,4539,147,2274.2,5,0.0,1562,0.9083562820875112,10.625850340136054,0
32000,4545,96,2385.2,5,0.0,890,1.2135492455273071,9.270833333333334,0
32000,4591,135,1683.6666666666667,6,0.0,1593,1.0983938759217646,11.8,0
32000,4596,161,1683.4285714285713,7,0.0,2416,1.171264665880628,15.006211180124224,0
32000,4647,146,2108.4285714285716,7,0.0,1891,1.114796717571458,12.952054794520548,0
32000,4663,161,2144.1666666666665,6,0.0,2212,1.07236649045031,13.73913043478261,0
32000,4703,128,2529.2,5,0.0,1524,1.1688933603688585,11.90625,0
32000,4773,182,1955.2857142857142,7,0.0,2991,1.134706391364216,16.434065934065934,0
32000,4777,132,2432.8,5,0.0,1521,1.0969610711914772,11.522727272727273,0
32000,4781,45,1987.4,5,0.0,149,0.924636652612107,3.311111111111111,0
32000,4792,137,2049.3333333333335,6,0.0,1727,1.1562748175714366,12.605839416058394,0
32000,4795,125,2581.6,5,0.0,1439,1.1573124681000222,11.512,0
32000,4809,216,1662.25,8,0.0,3854,1.0380399594423064,17.84259259259259,0
32000,4843,170,1921.5,6,0.0,2496,1.0853169914685292,14.68235294117647,0
32000,4858,173,1686.5,6,0.0,2474,1.0387651074183766,14.300578034682081,0
32000,4904,154,2005.2,5,0.0,2417,1.2806931090785174,15.694805194805195,0
32000,4920,152,1853.1666666666667,6,0.0,2070,1.1258824087484196,13.618421052631579,0
32000,4943,184,2292.5,6,0.0,1026,0.380821604747534,5.576086956521739,0
32000,4977,106,2091.6,5,0.0,917,1.0255751026492845,8.650943396226415,0
32000,4992,106,3003.0,5,0.0,1029,1.1508361838888919,9.70754716981132,0
34000,45,188,2390.714285714286,7,0.0,2747,0.9766811927808015,14.611702127659575,0
34000,162,181,2094.5714285714284,7,0.0,2335,0.8956526169692216,12.900552486187845,0
34000,165,109,2080.2,5,0.0,1009,1.0672054498685637,9.256880733944953,0
34000,224,95,2876.6,5,0.0,858,1.194675455636584,9.031578947368422,0
34000,262,120,2073.2,5,0.0,1272,1.1100294042683936,10.6,0
34000,277,186,1962.2857142857142,7,0.0,3068,1.1143954516375865,16.49462365591398,0
34000,308,194,2034.5,8,0.0,3453,1.1529301129605225,17.798969072164947,0
34000,336,160,2064.4285714285716,7,0.0,2086,1.0239628555294231,13.0375,0
34000,370,183,2152.1428571428573,7,0.0,3096,1.1617391806878676,16.918032786885245,0
34000,374,75,2366.4,5,0.0,517,1.1549890857997676,6.8933333333333335,0
34000,485,128,2279.2,5,0.0,708,0.543029198911517,5.53125,0
34000,504,119,1837.6,5,0.0,1324,1.174908176923349,11.126050420168067,0
34000,552,151,2373.6,5,0.0,2180,1.201468704850796,14.437086092715232,0
34000,563,219,1979.125,8,0.0,4339,1.1368712515523958,19.812785388127853,0
34000,582,119,2133.8333333333335,6,0.0,1257,1.1154528537708834,10.563025210084033,0
34000,717,190,1701.5,8,0.0,3334,1.160561762556052,17.54736842105263,0
34000,775,191,2384.0,7,0.0,3009,1.036490479389456,15.75392670157068,0
34000,877,127,2082.4,5,0.0,1640,1.2777511195702798,12.913385826771654,0
34000,903,271,1928.6666666666667,6,0.0,2414,0.4130556319094653,8.907749077490775,0
34000,943,87,2390.2,5,0.0,736,1.2219380066281345,8.459770114942529,0
34000,969,224,2091.75,8,0.0,4226,1.0583841321803624,18.866071428571427,0
34000,1245,182,1853.857142857143,7,0.0,2664,1.0106512292190808,14.637362637362637,0
34000,1266,244,2138.1428571428573,7,0.0,2304,0.4863094244739911,9.442622950819672,0
34000,1268,112,3140.0,4,0.0,983,0.9847530543618517,8.776785714285714,0
34000,1277,37,3294.0,4,0.0,175,1.6063658564739627,4.72972972972973,0
34000,1304,155,1965.142857142857,7,0.0,2064,1.0795833068902114,13.316129032258065,0
34000,1339,161,2052.0,6,0.0,2136,1.0355220721527407,13.267080745341614,0
34000,1371,54,2581.5,4,0.0,242,1.042888096253402,4.481481481481482,0
34000,1407,149,2046.0,6,0.0,2149,1.2163925251230963,14.422818791946309,0
34000,1429,89,2435.8,5,0.0,723,1.1470124926375056,8.123595505617978,0
34000,1582,218,2525.8333333333335,6,0.0,1713,0.45295414658693006,7.8577981651376145,0
34000,1616,181,2276.125,8,0.0,2713,1.0406447750910055,14.988950276243093,0
34000,1711,137,2481.3333333333335,6,0.0,1527,1.0223692220217622,11.145985401459853,0
34000,1733,231,1906.5,6,0.0,2125,0.500431730205829,9.1991341991342,0
34000,1803,156,2387.0,5,0.0,1945,1.004338874298512,12.467948717948717,0
34000,1839,175,2449.5,6,0.0,2385,0.9786381686611144,13.628571428571428,0
34000,1842,138,1862.1666666666667,6,0.0,1634,1.0782109632358163,11.840579710144928,0
34000,1952,174,2151.1428571428573,7,0.0,2692,1.1173427696477372,15.471264367816092,0
34000,1972,136,2186.3333333333335,6,0.0,1673,1.136653224363262,12.301470588235293,0
34000,2010,165,2605.6666666666665,6,0.0,2290,1.0570060131086318,13.878787878787879,0
34000,2084,120,2250.0,5,0.0,1236,1.0786134777324956,10.3,0
34000,2087,88,2418.0,5,0.0,670,1.087224730322914,7.613636363636363,0
34000,2090,144,2340.8,5,0.0,997,0.6041990500827592,6.923611111111111,0
34000,2119,175,2350.6,5,0.0,2533,1.0393670780790787,14.474285714285715,0
34000,2142,122,2989.2,5,0.0,1225,1.0342518142024983,10.040983606557377,0
34000,2147,195,1475.125,8,0.0,3313,1.0948687927776972,16.98974358974359,0
34000,2169,61,2211.8,5,0.0,323,1.0908190562854105,5.295081967213115,0
34000,2170,128,1944.5,6,0.0,1516,1.162757437217316,11.84375,0
34000,2175,229,2156.0,8,0.0,3573,0.8561934784825865,15.602620087336245,0
34000,2198,175,2021.7142857142858,7,0.0,2717,1.1148678843824937,15.525714285714285,0
34000,2270,184,1721.857142857143,7,0.0,2828,1.049672025561429,15.369565217391305,0
34000,2281,300,2094.3333333333335,6,0.0,2694,0.37615336038981795,8.98,0
34000,2320,141,1856.3333333333333,6,0.0,1790,1.131422131668574,12.695035460992909,0
34000,2380,119,2689.0,5,0.0,1332,1.18200731998633,11.193277310924369,0
34000,2403,146,2564.4,5,0.0,1995,1.1761075893998192,13.664383561643836,0
34000,2439,192,2343.5,6,0.0,3022,1.0301533202200905,15.739583333333334,0
34000,2521,141,2355.5,6,0.0,1988,1.2565738534956006,14.099290780141844,0
34000,2576,278,1879.142857142857,7,0.0,2783,0.4525155196387554,10.010791366906474,0
34000,2585,129,2293.1666666666665,6,0.0,1543,1.1651889825104382,11.96124031007752,0
34000,2602,324,1995.4285714285713,7,0.0,2867,0.3432002033928493,8.848765432098766,0
34000,2623,136,1870.3333333333333,6,0.0,1672,1.1359738141873128,12.294117647058824,0
34000,2658,87,2189.2,5,0.0,717,1.1903934113483323,8.241379310344827,0
34000,2729,146,2749.6666666666665,6,0.0,1823,1.0747088398375293,12.486301369863014,0
34000,2744,181,1585.5,6,0.0,2740,1.05100135781399,15.138121546961326,0
34000,2750,188,1592.2857142857142,7,0.0,2973,1.057034286908381,15.813829787234043,0
34000,2754,138,1873.4,5,0.0,1594,1.0518165700109494,11.55072463768116,0
34000,2797,279,1888.0,7,0.0,3366,0.5433949138363199,12.064516129032258,0
34000,2804,137,1542.1666666666667,6,0.0,1790,1.198455080169584,13.065693430656934,0
34000,2837,135,1546.6,5,0.0,1532,1.0563335956761728,11.348148148148148,0
34000,2873,210,1851.375,8,0.0,3823,1.089370404959073,18.204761904761906,0
34000,2907,192,2288.5714285714284,7,0.0,3047,1.0386754357083443,15.869791666666666,0
34000,2953,186,2310.1428571428573,7,0.0,3262,1.1848624391270557,17.537634408602152,0
34000,2970,153,2115.5,6,0.0,2148,1.1530848852852964,14.03921568627451,0
34000,3006,164,2225.5,6,0.0,2162,1.0101313677961232,13.182926829268293,0
34000,3050,113,1871.4,5,0.0,1059,1.0421948845333515,9.371681415929203,0
34000,3099,96,2381.0,5,0.0,857,1.1685524757493284,8.927083333333334,0
34000,3100,117,2361.5,4,0.0,1050,0.9638899222059414,8.974358974358974,0
34000,3129,320,1809.4285714285713,7,0.0,3209,0.3938035478660018,10.028125,0
34000,3131,94,1486.3333333333333,6,0.0,764,1.086544494043731,8.127659574468085,0
34000,3137,189,1793.0,7,0.0,2987,1.0508034216592717,15.804232804232804,0
34000,3150,145,2262.6666666666665,6,0.0,2048,1.2240631162048792,14.124137931034483,0
34000,3188,100,2339.25,4,0.0,902,1.1334866294151975,9.02,0
34000,3218,69,2311.4,5,0.0,438,1.1560744232491742,6.3478260869565215,0
34000,3263,143,2069.0,6,0.0,1747,1.0735708085131535,12.216783216783217,0
34000,3309,160,2011.5714285714287,7,0.0,2182,1.07108674533327,13.6375,0
34000,3311,194,2335.0,5,0.0,1702,0.5682846951227365,8.77319587628866,0
34000,3323,148,1763.1666666666667,6,0.0,1774,1.0177475104945752,11.986486486486486,0
34000,3350,296,2052.8571428571427,7,0.0,2705,0.387966039443042,9.138513513513514,0
34000,3454,53,2550.25,4,0.0,250,1.118402511067922,4.716981132075472,0
34000,3469,182,2427.3333333333335,6,0.0,2961,1.123325183827965,16.26923076923077,0
34000,3478,156,2168.285714285714,7,0.0,2097,1.0828270536781388,13.442307692307692,0
34000,3524,44,2799.5,4,0.0,158,1.0255612381553458,3.590909090909091,0
34000,3532,135,1911.6666666666667,6,0.0,1731,1.1935466410675295,12.822222222222223,0
34000,3605,75,2541.4,5,0.0,474,1.0589261637699996,6.32,0
34000,3614,185,2218.285714285714,7,0.0,2964,1.088289919677446,16.021621621621623,0
34000,3619,198,1872.4285714285713,7,0.0,2193,0.7029397703624545,11.075757575757576,0
34000,3635,133,2282.5,6,0.0,1667,1.1842466964857674,12.533834586466165,0
34000,3655,151,2747.2,5,0.0,1987,1.095100145201161,13.158940397350994,0
34000,3663,131,1861.0,6,0.0,1537,1.1254887031216159,11.732824427480915,0
34000,3692,103,2205.2,5,0.0,960,1.1371209152403436,9.320388349514563,0
34000,3792,169,2143.1428571428573,7,0.0,2520,1.1087585850700297,14.911242603550296,0
34000,3858,184,2158.5,6,0.0,1417,0.5259495262448886,7.701086956521739,0
34000,3992,292,2128.0,8,0.0,2778,0.4094269277384333,9.513698630136986,0
34000,4042,176,1991.3333333333333,6,0.0,2722,1.1042633268429,15.465909090909092,0
34000,4253,128,1896.0,5,0.0,1394,1.069184609156292,10.890625,0
34000,4329,202,1789.5,8,0.0,3666,1.1290146719008118,18.14851485148515,0
34000,4352,318,1788.857142857143,7,0.0,3614,0.44910074166660785,11.364779874213836,0
34000,4362,153,2254.6,5,0.0,2013,1.0806144665173658,13.156862745098039,0
34000,4405,192,2399.0,6,0.0,3047,1.0386754357083443,15.869791666666666,0
34000,4477,334,1985.6666666666667,6,0.0,1932,0.2176326511074431,5.7844311377245505,0
34000,4490,281,2031.7142857142858,7,0.0,2799,0.44545118918949006,9.96085409252669,0
34000,4501,176,2145.8571428571427,7,0.0,2472,1.0028431094620311,14.045454545454545,0
34000,4539,142,2881.0,4,0.0,1489,0.9279570444743507,10.485915492957746,0
34000,4545,92,2427.2,5,0.0,820,1.2174413874969898,8.91304347826087,0
34000,4591,135,1670.5,6,0.0,1602,1.1045994910399668,11.866666666666667,0
34000,4596,163,1672.857142857143,7,0.0,2502,1.1833738295429503,15.349693251533742,0
34000,4647,146,2103.4285714285716,7,0.0,1944,1.1460416810993728,13.315068493150685,0
34000,4663,161,2163.3333333333335,6,0.0,2210,1.071396900495111,13.726708074534162,0
34000,4703,126,2585.8,5,0.0,1470,1.1635528346628863,11.666666666666666,0
34000,4773,184,1938.2857142857142,7,0.0,3075,1.1413513007784277,16.71195652173913,0
34000,4777,130,2467.8,5,0.0,1473,1.0952818884586426,11.330769230769231,0
34000,4792,138,2045.5,6,0.0,1707,1.1263807308711986,12.369565217391305,0
34000,4795,123,2607.6,5,0.0,1398,1.161199426193015,11.365853658536585,0
34000,4809,218,1671.125,8,0.0,3959,1.0468449891054619,18.160550458715598,0
34000,4843,170,1922.8333333333333,6,0.0,2508,1.0905348616198203,14.75294117647059,0
34000,4858,173,2022.1666666666667,6,0.0,2503,1.050941416276555,14.468208092485549,0
34000,4904,151,2022.8,5,0.0,2372,1.3072861320670126,15.708609271523178,0
34000,4920,155,2316.5,6,0.0,2133,1.1156740279054367,13.761290322580646,0
34000,4943,183,2298.3333333333335,6,0.0,1041,0.39062354234369195,5.688524590163935,0
34000,4977,102,2120.2,5,0.0,847,1.023040744940621,8.303921568627452,0
34000,4992,104,3058.8,5,0.0,975,1.1327858125924735,9.375,0
36000,45,192,2401.8571428571427,7,0.0,2835,0.9664078963679539,14.765625,0
36000,162,190,2101.0,7,0.0,2411,0.8392664695628799,12.689473684210526,0
36000,165,105,2098.4,5,0.0,948,1.080536901806122,9.028571428571428,0
36000,224,91,2913.4,5,0.0,792,1.2018555158280964,8.703296703296703,0
36000,262,118,2086.0,5,0.0,1200,1.0829966056615201,10.169491525423728,0
36000,277,185,2306.0,6,0.0,3088,1.1338189176666509,16.691891891891892,0
36000,308,198,2014.875,8,0.0,3572,1.1449616323459586,18.04040404040404,0
36000,336,163,2070.5714285714284,7,0.0,2130,1.0074285599226556,13.067484662576687,0
36000,370,186,2167.714285714286,7,0.0,3163,1.1489024815937698,17.00537634408602,0
36000,374,67,2400.8,5,0.0,423,1.1841333860267163,6.313432835820896,0
36000,485,116,2342.6,5,0.0,613,0.5724721452587821,5.2844827586206895,0
36000,504,117,1846.0,5,0.0,1270,1.1658478106681385,10.854700854700855,0
36000,552,150,2401.6,5,0.0,2148,1.1996695146508223,14.32,0
36000,563,225,2452.5,8,0.0,4462,1.1075781862967038,19.83111111111111,0
36000,582,122,2133.6666666666665,6,0.0,1283,1.0832204715280045,10.51639344262295,0
36000,717,193,1675.625,8,0.0,3405,1.1487151854249238,17.642487046632123,0
36000,775,198,2800.0,6,0.0,3066,0.9827694190293139,15.484848484848484,0
36000,877,125,2105.0,5,0.0,1585,1.2747326351205943,12.68,0
36000,903,270,1931.6666666666667,6,0.0,2424,0.41784475129227205,8.977777777777778,0
36000,943,83,2420.8,5,0.0,648,1.1820305063296188,7.807228915662651,0
36000,969,225,2086.625,8,0.0,4320,1.072330292425316,19.2,0
36000,1245,183,1830.5714285714287,7,0.0,2703,1.0142703505811712,14.770491803278688,0
36000,1266,255,2132.5714285714284,7,0.0,2358,0.45569399321274784,9.24705882352941,0
36000,1268,108,3212.0,4,0.0,893,0.9620858160684791,8.268518518518519,0
36000,1304,156,1945.142857142857,7,0.0,2138,1.1039982073265906,13.705128205128204,0
36000,1339,161,2452.0,5,0.0,2123,1.029219737443946,13.186335403726709,0
36000,1407,148,2058.5,6,0.0,2130,1.2219854551034075,14.391891891891891,0
36000,1429,85,2455.4,5,0.0,642,1.1166242123762753,7.552941176470588,0
36000,1582,219,2551.1666666666665,6,0.0,1719,0.4503990968929634,7.8493150684931505,0
36000,1616,183,2280.375,8,0.0,2831,1.062300911023047,15.469945355191257,0
36000,1711,137,2504.0,6,0.0,1520,1.0176825261775237,11.094890510948906,0
36000,1733,231,1922.6666666666667,6,0.0,2139,0.5037286921930674,9.25974025974026,0
36000,1803,152,2428.4,5,0.0,1889,1.027435686051094,12.427631578947368,0
36000,1839,176,2490.6666666666665,6,0.0,2396,0.972011363378247,13.613636363636363,0
36000,1842,138,1854.5,6,0.0,1641,1.0828299820501681,11.891304347826088,0
36000,1952,176,2167.714285714286,7,0.0,2758,1.118867838145745,15.670454545454545,0
36000,1972,135,2178.3333333333335,6,0.0,1680,1.1583814887310513,12.444444444444445,0
36000,2010,165,2642.0,6,0.0,2303,1.0630064839254059,13.957575757575757,0
36000,2084,120,2306.4,5,0.0,1202,1.048942880448592,10.016666666666667,0
36000,2087,84,2441.4,5,0.0,599,1.0667879815761259,7.130952380952381,0
36000,2090,131,2363.4,5,0.0,936,0.6853984555119274,7.145038167938932,0
36000,2119,173,2393.8,5,0.0,2484,1.0429638346108518,14.358381502890174,0
36000,2142,118,3035.4,5,0.0,1164,1.0505067074916745,9.864406779661017,0
36000,2147,198,1463.25,8,0.0,3401,1.0901496393081203,17.17676767676768,0
36000,2169,42,2283.5,4,0.0,159,1.1326830655799935,3.7857142857142856,0
36000,2170,128,1941.8333333333333,6,0.0,1509,1.1573885044597163,11.7890625,0
36000,2175,232,2145.375,8,0.0,3649,0.8519375440657814,15.72844827586207,0
36000,2198,177,2023.7142857142858,7,0.0,2771,1.1114754052918787,15.655367231638419,0
36000,2270,186,1699.2857142857142,7,0.0,2893,1.050829870139354,15.553763440860216,0
36000,2281,299,2108.6666666666665,6,0.0,2692,0.3783925201491582,9.003344481605351,0
36000,2320,142,1853.8333333333333,6,0.0,1820,1.1342389663823496,12.816901408450704,0
36000,2380,119,2746.4,5,0.0,1297,1.1509485690857884,10.899159663865547,0
36000,2403,144,2594.2,5,0.0,1967,1.1920356384280715,13.659722222222221,0
36000,2439,191,2376.6666666666665,6,0.0,3026,1.0423463578040857,15.842931937172775,0
36000,2521,142,2389.3333333333335,6,0.0,1976,1.2314594492151223,13.915492957746478,0
36000,2576,283,1883.857142857143,7,0.0,2838,0.4452966050712499,10.02826855123675,0
36000,2585,130,2308.1666666666665,6,0.0,1538,1.1436140831292547,11.830769230769231,0
36000,2602,322,1991.142857142857,7,0.0,2931,0.35523351983610524,9.102484472049689,0
36000,2623,139,2245.8333333333335,6,0.0,1721,1.1193377065013268,12.381294964028777,0
36000,2658,82,2220.4,5,0.0,644,1.2035607786507,7.853658536585366,0
36000,2729,146,2787.0,6,0.0,1845,1.0876784473396826,12.636986301369863,0
36000,2744,185,1555.6666666666667,6,0.0,2801,1.0284413174819589,15.14054054054054,0
36000,2750,190,1574.2857142857142,7,0.0,3029,1.0543915953156215,15.942105263157895,0
36000,2754,132,1860.0,5,0.0,1556,1.1222034364062714,11.787878787878787,0
36000,2797,284,1890.4285714285713,7,0.0,3448,0.5372054884733984,12.140845070422536,0
36000,2804,137,1521.3333333333333,6,0.0,1797,1.2031417760138223,13.116788321167883,0
36000,2837,133,1546.0,5,0.0,1497,1.0634776872460672,11.25563909774436,0
36000,2873,213,1845.625,8,0.0,3917,1.0849362713845332,18.389671361502348,0
36000,2907,192,2301.714285714286,7,0.0,3096,1.055378782065321,16.125,0
36000,2953,187,2331.285714285714,7,0.0,3311,1.1898325117716613,17.705882352941178,0
36000,2970,155,2125.5,6,0.0,2176,1.1381653467989827,14.038709677419355,0
36000,3006,166,2705.0,5,0.0,2140,0.9759048161826328,12.891566265060241,0
36000,3050,111,1879.6,5,0.0,1011,1.031133892631858,9.108108108108109,0
36000,3099,91,2410.6,5,0.0,771,1.1699881347265937,8.472527472527473,0
36000,3100,111,2382.5,4,0.0,949,0.9678991732024068,8.54954954954955,0
36000,3129,321,1805.7142857142858,7,0.0,3265,0.3981832479875263,10.171339563862928,0
36000,3131,92,1462.1666666666667,6,0.0,725,1.0763963487016068,7.880434782608695,0
36000,3137,195,1671.0,8,0.0,3094,1.0224944294760625,15.866666666666667,0
36000,3150,145,2272.5,6,0.0,2048,1.2240631162048792,14.124137931034483,0
36000,3188,91,2382.75,4,0.0,770,1.1684706403884269,8.461538461538462,0
36000,3218,59,2340.6,5,0.0,312,1.1263164698879808,5.288135593220339,0
36000,3263,143,2070.5,6,0.0,1762,1.0827886460218525,12.321678321678322,0
36000,3309,161,2014.7142857142858,7,0.0,2245,1.0883647247110968,13.944099378881987,0
36000,3311,186,2367.6,5,0.0,1670,0.6065972634402769,8.978494623655914,0
36000,3323,147,1753.3333333333333,6,0.0,1775,1.0322230478267171,12.07482993197279,0
36000,3350,298,2049.714285714286,7,0.0,2765,0.3912663252635367,9.278523489932885,0
36000,3454,11,2629.25,4,0.0,15,1.5578145389701452,1.3636363636363635,0
36000,3469,182,2462.1666666666665,6,0.0,2986,1.1328095234415074,16.406593406593405,0
36000,3478,157,2197.8571428571427,7,0.0,2119,1.080292885383873,13.496815286624203,0
36000,3532,136,1909.5,6,0.0,1736,1.179456065448071,12.764705882352942,0
36000,3605,64,2593.6,5,0.0,330,1.012427320004523,5.15625,0
36000,3614,189,2238.8571428571427,7,0.0,3020,1.062412565587881,15.97883597883598,0
36000,3619,199,2108.714285714286,7,0.0,2335,0.740952889687853,11.733668341708542,0
36000,3635,133,2316.8333333333335,6,0.0,1666,1.1835362905490634,12.526315789473685,0
36000,3655,149,2799.2,5,0.0,1936,1.09582872435473,12.993288590604028,0
36000,3663,131,1852.0,6,0.0,1547,1.1328113361933243,11.80916030534351,0
36000,3692,106,2348.3333333333335,6,0.0,971,1.0859688382469523,9.160377358490566,0
36000,3792,175,2663.0,7,0.0,2630,1.0791691335759876,15.028571428571428,0
36000,3858,181,2163.0,6,0.0,1394,0.5347065302163148,7.701657458563536,0
36000,3992,295,2119.125,8,0.0,2886,0.416737093858553,9.783050847457627,0
36000,4042,179,1995.5,6,0.0,2759,1.0820703637532212,15.41340782122905,0
36000,4253,125,1912.0,5,0.0,1330,1.0696494666942529,10.64,0
36000,4329,211,2639.25,8,0.0,3882,1.0957222597188363,18.398104265402843,0
36000,4352,321,1783.2857142857142,7,0.0,3678,0.4485506848692563,11.457943925233645,0
36000,4362,152,2287.2,5,0.0,1980,1.0769309996724015,13.026315789473685,0
36000,4405,193,2447.8333333333335,6,0.0,3063,1.0333376249505262,15.870466321243523,0
36000,4477,332,2001.3333333333333,6,0.0,1902,0.2168424019134775,5.728915662650603,0
36000,4490,286,2025.7142857142858,7,0.0,2929,0.44998410104966036,10.241258741258742,0
36000,4501,177,2140.4285714285716,7,0.0,2522,1.0115990516586497,14.248587570621469,0
36000,4539,136,2923.0,4,0.0,1388,0.9430213242176975,10.205882352941176,0
36000,4545,88,2480.8,5,0.0,739,1.1991926503113932,8.397727272727273,0
36000,4591,135,1658.1666666666667,6,0.0,1607,1.1080470549945234,11.903703703703703,0
36000,4596,164,1936.8333333333333,6,0.0,2594,1.2119707530356816,15.817073170731707,0
36000,4647,144,2464.6666666666665,6,0.0,1922,1.1647648688656602,13.347222222222221,0
36000,4663,161,2185.0,6,0.0,2213,1.0728512854279098,13.745341614906833,0
36000,4703,123,2640.4,5,0.0,1412,1.1728280327500265,11.479674796747968,0
36000,4773,186,1921.7142857142858,7,0.0,3171,1.1518083367479748,17.048387096774192,0
36000,4777,129,2496.8,5,0.0,1444,1.0904296116299887,11.193798449612403,0
36000,4792,136,2049.8333333333335,6,0.0,1684,1.1441267362987049,12.382352941176471,0
36000,4795,122,2632.8,5,0.0,1353,1.1423205751967185,11.09016393442623,0
36000,4809,221,1921.2857142857142,7,0.0,4081,1.0500063159476625,18.466063348416288,0
36000,4843,171,1915.3333333333333,6,0.0,2534,1.0889909078617743,14.818713450292398,0
36000,4858,173,2043.8333333333333,6,0.0,2493,1.0467426890840794,14.410404624277456,0
36000,4904,153,2031.2,5,0.0,2351,1.262058922395592,15.366013071895425,0
36000,4920,153,2352.5,6,0.0,2140,1.1487903419509005,13.986928104575163,0
36000,4943,183,2301.1666666666665,6,0.0,1075,0.4033816599610651,5.8743169398907105,0
36000,4977,97,2143.4,5,0.0,772,1.0310594233484196,7.958762886597938,0
36000,4992,101,3111.6,5,0.0,914,1.125934981033652,9.049504950495049,0
38000,45,188,2849.3333333333335,6,0.0,2835,1.007969123237558,15.079787234042554,0
38000,162,198,2096.4285714285716,7,0.0,2481,0.7952547060051298,12.530303030303031,0
38000,165,101,2116.8,5,0.0,886,1.0914424433214613,8.772277227722773,0
38000,224,86,2953.0,5,0.0,714,1.213140700196383,8.30232558139535,0
38000,262,113,2100.4,5,0.0,1129,1.1110840648141207,9.991150442477876,0
38000,277,187,2313.6666666666665,6,0.0,3093,1.1114925880126088,16.540106951871657,0
38000,308,203,1996.875,8,0.0,3669,1.1188335990701985,18.073891625615765,0
38000,336,167,2076.8571428571427,7,0.0,2173,0.9791216373840038,13.011976047904191,0
38000,370,189,2174.8571428571427,7,0.0,3231,1.1366407282829285,17.095238095238095,0
38000,374,58,2462.6,5,0.0,311,1.1617542393179854,5.362068965517241,0
38000,485,100,2381.2,5,0.0,498,0.6258052565950868,4.98,0
38000,504,115,1845.8,5,0.0,1229,1.167793533841015,10.68695652173913,0
38000,552,150,2430.2,5,0.0,2118,1.1829143538316769,14.12,0
38000,563,226,2467.625,8,0.0,4529,1.114282491041442,20.039823008849556,0
38000,582,125,2131.0,6,0.0,1309,1.0527602645885539,10.472,0
38000,717,192,1865.2857142857142,7,0.0,3473,1.1838922836281849,18.088541666666668,0
38000,775,198,2816.1666666666665,6,0.0,3074,0.985333722797166,15.525252525252526,0
38000,877,122,2131.8,5,0.0,1525,1.287537972782702,12.5,0
38000,903,271,1925.1666666666667,6,0.0,2433,0.41630669114984636,8.977859778597786,0
38000,943,77,2447.2,5,0.0,559,1.1847868398426005,7.259740259740259,0
38000,969,227,2074.375,8,0.0,4424,1.0788803120170192,19.48898678414097,0
38000,1245,184,1803.5714285714287,7,0.0,2732,1.0140395947078586,14.847826086956522,0
38000,1266,262,2127.285714285714,7,0.0,2405,0.4402733134364811,9.179389312977099,0
38000,1268,100,3282.5,4,0.0,784,0.9852034561657591,7.84,0
38000,1304,159,1927.4285714285713,7,0.0,2209,1.0980227319773512,13.89308176100629,0
38000,1339,153,2521.2,5,0.0,2049,1.0999399115221473,13.392156862745098,0
38000,1407,149,2067.3333333333335,6,0.0,2130,1.2056380076836646,14.295302013422818,0
38000,1429,78,2466.6,5,0.0,542,1.1194892953620432,6.948717948717949,0
38000,1582,220,2574.8333333333335,6,0.0,1731,0.44942949449288694,7.868181818181818,0
38000,1616,186,2284.25,8,0.0,2942,1.068628232958859,15.817204301075268,0
38000,1711,137,2524.0,6,0.0,1503,1.0063005505558014,10.97080291970803,0
38000,1733,234,1933.5,6,0.0,2147,0.4927313483276562,9.175213675213675,0
38000,1803,150,2455.4,5,0.0,1834,1.0242988314104322,12.226666666666667,0
38000,1839,178,3006.4,5,0.0,2394,0.9494978932829143,13.44943820224719,0
38000,1842,137,1848.0,6,0.0,1643,1.1000344674405733,11.992700729927007,0
38000,1952,177,2186.4285714285716,7,0.0,2816,1.1295253487195707,15.909604519774012,0
38000,1972,136,2161.8333333333335,6,0.0,1692,1.1495620177062997,12.441176470588236,0
38000,2010,166,2669.6666666666665,6,0.0,2314,1.0552540862834636,13.939759036144578,0
38000,2084,117,2321.8,5,0.0,1155,1.0602789144265354,9.871794871794872,0
38000,2087,78,2464.4,5,0.0,532,1.098834511314773,6.82051282051282,0
38000,2090,112,2394.8,5,0.0,877,0.8785640169637272,7.830357142857143,0
38000,2119,172,2424.0,5,0.0,2432,1.0330385794389367,14.13953488372093,0
38000,2142,116,3069.4,5,0.0,1114,1.040349053537167,9.60344827586207,0
38000,2147,200,1450.5,8,0.0,3500,1.0995574287564276,17.5,0
38000,2170,129,1939.3333333333333,6,0.0,1513,1.1425346276981807,11.728682170542635,0
38000,2175,234,2134.375,8,0.0,3713,0.8521245907501572,15.867521367521368,0
38000,2198,178,2023.5714285714287,7,0.0,2822,1.1192493963426835,15.853932584269662,0
38000,2270,186,1968.1666666666667,6,0.0,2923,1.0617268269676223,15.71505376344086,0
38000,2281,299,2119.0,6,0.0,2698,0.3792358912936214,9.023411371237458,0
38000,2320,143,1852.0,6,0.0,1853,1.1387101935746269,12.958041958041958,0
38000,2380,118,2807.4,5,0.0,1259,1.1362439387732115,10.669491525423728,0
38000,2403,143,2605.4,5,0.0,1940,1.1921736511250816,13.566433566433567,0
38000,2439,192,2396.3333333333335,6,0.0,3021,1.0298124356005605,15.734375,0
38000,2521,142,2432.1666666666665,6,0.0,1950,1.2152560354096602,13.732394366197184,0
38000,2576,286,1886.5714285714287,7,0.0,2886,0.443377984168426,10.090909090909092,0
38000,2585,129,2322.8333333333335,6,0.0,1525,1.1515963696230838,11.821705426356589,0
38000,2602,323,1983.4285714285713,7,0.0,2989,0.3600234044831213,9.253869969040247,0
38000,2623,142,2265.1666666666665,6,0.0,1739,1.083759100296102,12.246478873239436,0
38000,2658,77,2256.4,5,0.0,559,1.1847868398426005,7.259740259740259,0
38000,2729,147,2818.0,6,0.0,1871,1.0880503225260776,12.727891156462585,0
38000,2744,193,1952.25,8,0.0,2959,0.9982520510050953,15.33160621761658,0
38000,2750,194,1565.0,7,0.0,3098,1.034398346351491,15.969072164948454,0
38000,2754,131,1849.8,5,0.0,1530,1.1203628599714197,11.679389312977099,0
38000,2797,291,1994.75,8,0.0,3597,0.5337824907576664,12.360824742268042,0
38000,2804,138,1499.8333333333333,6,0.0,1808,1.1930265737639878,13.101449275362318,0
38000,2837,133,1537.6,5,0.0,1477,1.0492695685119846,11.105263157894736,0
38000,2873,215,1830.375,8,0.0,4015,1.091486814854561,18.674418604651162,0
38000,2907,194,2307.714285714286,7,0.0,3173,1.059440268874526,16.355670103092784,0
38000,2953,189,2350.5714285714284,7,0.0,3360,1.182021927276583,17.77777777777778,0
38000,2970,158,2306.0,6,0.0,2207,1.1109589787650493,13.968354430379748,0
38000,3006,163,2742.4,5,0.0,2093,0.9899286271916049,12.840490797546012,0
38000,3050,109,1888.8,5,0.0,967,1.022782626385432,8.871559633027523,0
38000,3099,85,2439.8,5,0.0,684,1.1896743944943493,8.047058823529412,0
38000,3100,104,2398.25,4,0.0,836,0.9712912198228799,8.038461538461538,0
38000,3129,326,1809.2857142857142,7,0.0,3330,0.3937484864486436,10.214723926380367,0
38000,3131,90,1440.5,6,0.0,682,1.0580573776534512,7.5777777777777775,0
38000,3137,197,1890.857142857143,7,0.0,3219,1.0423135614837324,16.34010152284264,0
38000,3150,145,2277.8333333333335,6,0.0,2051,1.2258561774102574,14.144827586206896,0
38000,3188,84,2431.75,4,0.0,638,1.136244962012635,7.595238095238095,0
38000,3218,38,2106.75,4,0.0,137,1.1922387632736888,3.6052631578947367,0
38000,3263,145,2074.0,6,0.0,1789,1.069262165473891,12.337931034482759,0
38000,3309,164,2008.4285714285713,7,0.0,2303,1.076009500478479,14.042682926829269,0
38000,3311,183,2379.4,5,0.0,1663,0.6240220469909314,9.087431693989071,0
38000,3323,145,1743.3333333333333,6,0.0,1773,1.0596991723785405,12.227586206896552,0
38000,3350,299,2044.4285714285713,7,0.0,2828,0.39750893275699084,9.45819397993311,0
38000,3469,182,2501.1666666666665,6,0.0,2998,1.1373620064560077,16.47252747252747,0
38000,3478,158,2205.0,7,0.0,2149,1.081762956667916,13.60126582278481,0
38000,3532,144,1905.3333333333333,6,0.0,1766,1.0702262010493007,12.26388888888889,0
38000,3605,28,3204.3333333333335,3,0.0,74,1.1861115120696157,2.642857142857143,0
38000,3614,191,2244.714285714286,7,0.0,3083,1.061980773664903,16.141361256544503,0
38000,3619,203,2109.5714285714284,7,0.0,2422,0.7385704488819897,11.931034482758621,0
38000,3635,133,2328.0,6,0.0,1665,1.1828258846123592,12.518796992481203,0
38000,3655,147,2836.2,5,0.0,1882,1.094447197752046,12.802721088435375,0
38000,3663,132,1855.0,6,0.0,1554,1.1207610155368544,11.772727272727273,0
38000,3692,109,2715.6666666666665,6,0.0,1053,1.113743645898511,9.660550458715596,0
38000,3792,179,2659.285714285714,7,0.0,2706,1.0612839450221878,15.11731843575419,0
38000,3858,173,2599.2,5,0.0,1298,0.5449947895832873,7.502890173410405,0
38000,3992,298,2100.25,8,0.0,2997,0.42409590481548626,10.057046979865772,0
38000,4042,181,1990.8333333333333,6,0.0,2807,1.0767010260525074,15.508287292817679,0
38000,4253,122,1926.4,5,0.0,1269,1.0714004507942616,10.401639344262295,0
38000,4329,214,2649.125,8,0.0,3986,1.0937538926726278,18.626168224299064,0
38000,4352,325,2221.4285714285716,7,0.0,3731,0.44388287585490244,11.48,0
38000,4362,149,2325.2,5,0.0,1943,1.09979091499031,13.04026845637584,0
38000,4405,192,2499.3333333333335,6,0.0,3080,1.049924628152839,16.041666666666668,0
38000,4477,330,1997.6666666666667,6,0.0,1883,0.21728627976894693,5.706060606060606,0
38000,4490,295,2593.375,8,0.0,3057,0.44142941646763567,10.36271186440678,0
38000,4501,177,2137.714285714286,7,0.0,2572,1.0316545443560852,14.531073446327683,0
38000,4539,132,2960.0,4,0.0,1293,0.9325250920779621,9.795454545454545,0
38000,4545,83,2528.6,5,0.0,659,1.2020958389987944,7.9397590361445785,0
38000,4591,136,1642.0,6,0.0,1614,1.0965680239822506,11.867647058823529,0
38000,4596,165,1950.3333333333333,6,0.0,2608,1.2037867607804855,15.806060606060607,0
38000,4647,142,2473.0,6,0.0,1887,1.1759939173425786,13.288732394366198,0
38000,4663,160,2204.5,6,0.0,2218,1.0887582040097126,13.8625,0
38000,4703,121,2693.6,5,0.0,1355,1.1629965290934143,11.198347107438016,0
38000,4773,190,1908.5714285714287,7,0.0,3248,1.1306252563833405,17.094736842105263,0
38000,4777,128,2529.2,5,0.0,1404,1.0768545130957201,10.96875,0
38000,4792,138,2054.6666666666665,6,0.0,1667,1.0999863376463317,12.079710144927537,0
38000,4795,121,2658.6,5,0.0,1311,1.1252313281486837,10.834710743801653,0
38000,4809,220,1949.5714285714287,7,0.0,4139,1.0746323961329052,18.813636363636363,0
38000,4843,173,1964.4285714285713,7,0.0,2588,1.0866305974125945,14.959537572254336,0
38000,4858,173,2061.8333333333335,6,0.0,2482,1.0421240891723567,14.346820809248555,0
38000,4904,152,2123.0,6,0.0,2357,1.281983013246389,15.506578947368421,0
38000,4920,152,2365.1666666666665,6,0.0,2146,1.1672191541903905,14.118421052631579,0
38000,4943,176,2793.0,5,0.0,1018,0.4129831251748979,5.784090909090909,0
38000,4977,91,2168.6,5,0.0,689,1.045553598996917,7.571428571428571,0
38000,4992,97,3161.4,5,0.0,838,1.1192069906295021,8.639175257731958,0
40000,45,186,2884.6666666666665,6,0.0,2822,1.0250404056457851,15.172043010752688,0
40000,162,210,2090.1428571428573,7,0.0,2549,0.7263419205442524,12.138095238095238,0
40000,165,96,2120.2,5,0.0,817,1.1140109366245055,8.510416666666666,0
40000,224,80,2997.4,5,0.0,627,1.2311116211255002,7.8375,0
40000,262,110,2097.8,5,0.0,1056,1.0967014354349824,9.6,0
40000,277,185,2317.8333333333335,6,0.0,3090,1.134553256343896,16.7027027027027,0
40000,308,206,1980.0,8,0.0,3771,1.1166882737946187,18.305825242718445,0
40000,336,167,2444.3333333333335,6,0.0,2174,0.9795722225829839,13.017964071856287,0
40000,370,192,2176.8571428571427,7,0.0,3311,1.1286689752643018,17.244791666666668,0
40000,374,43,2522.2,5,0.0,172,1.1689647083124812,4.0,0
40000,485,81,2419.0,5,0.0,377,0.7220731171488199,4.654320987654321,0
40000,504,112,1846.6,5,0.0,1182,1.1841079453262549,10.553571428571429,0
40000,552,149,2463.4,5,0.0,2083,1.1790347277019122,13.979865771812081,0
40000,563,227,2479.625,8,0.0,4601,1.1220452792925644,20.26872246696035,0
40000,582,128,2581.1666666666665,6,0.0,1333,1.02239819512578,10.4140625,0
40000,717,188,1872.4285714285713,7,0.0,3473,1.2348066190490439,18.47340425531915,0
40000,775,198,2831.0,6,0.0,3076,0.985974798739129,15.535353535353535,0
40000,877,119,2152.6,5,0.0,1468,1.3026927520570064,12.336134453781513,0
40000,903,272,1923.1666666666667,6,0.0,2443,0.4149497649610654,8.981617647058824,0
40000,943,70,2475.0,5,0.0,461,1.1822646639223628,6.585714285714285,0
40000,969,229,2065.75,8,0.0,4527,1.0847992938960733,19.768558951965066,0
40000,1245,185,1773.4285714285713,7,0.0,2770,1.0170590679846576,14.972972972972974,0
40000,1266,268,2125.285714285714,7,0.0,2448,0.4283035651585996,9.134328358208956,0
40000,1268,92,3356.25,4,0.0,668,0.9917693254243771,7.260869565217392,0
40000,1304,162,1909.0,7,0.0,2271,1.0874191306664258,14.018518518518519,0
40000,1339,151,2560.8,5,0.0,2004,1.1044693965692638,13.271523178807946,0
40000,1407,151,2075.3333333333335,6,0.0,2122,1.1695030237125636,14.052980132450331,0
40000,1429,71,2480.0,5,0.0,426,1.061946812481057,6.0,0
40000,1582,221,2594.5,6,0.0,1736,0.4466579182761926,7.855203619909502,0
40000,1616,189,2286.0,8,0.0,3068,1.0792985931204038,16.232804232804234,0
40000,1711,137,2538.8333333333335,6,0.0,1483,0.9929099910008339,10.824817518248175,0
40000,1733,237,1942.5,6,0.0,2163,0.4839156765984598,9.126582278481013,0
40000,1803,148,2473.2,5,0.0,1801,1.033237466967717,12.16891891891892,0
40000,1839,172,3079.8,5,0.0,2328,0.9888625875550349,13.534883720930232,0
40000,1842,138,1844.1666666666667,6,0.0,1639,1.0815102623889248,11.876811594202898,0
40000,1952,177,2200.4285714285716,7,0.0,2879,1.1547952695183394,16.26553672316384,0
40000,1972,136,2143.6666666666665,6,0.0,1715,1.1651884517531348,12.610294117647058,0
40000,2010,166,2695.6666666666665,6,0.0,2320,1.0579902680110784,13.975903614457831,0
40000,2084,115,2338.2,5,0.0,1111,1.0556701514217801,9.660869565217391,0
40000,2087,71,2488.2,5,0.0,444,1.1068178045577213,6.253521126760563,0
40000,2090,98,2442.4,5,0.0,808,1.057229014619139,8.244897959183673,0
40000,2119,169,2454.2,5,0.0,2377,1.0458409352029603,14.065088757396449,0
40000,2142,114,3102.8,5,0.0,1057,1.0220570744365687,9.271929824561404,0
40000,2147,202,1431.875,8,0.0,3595,1.1071488667439766,17.797029702970296,0
40000,2170,128,1933.8333333333333,6,0.0,1510,1.158155494853659,11.796875,0
40000,2175,236,2127.25,8,0.0,3780,0.8528598269584471,16.016949152542374,0
40000,2198,178,2015.857142857143,7,0.0,2871,1.138683563749059,16.129213483146067,0
40000,2270,185,1963.1666666666667,6,0.0,2932,1.076540500841522,15.848648648648648,0
40000,2281,294,2126.8333333333335,6,0.0,2714,0.3945708946199592,9.231292517006803,0
40000,2320,147,1845.0,6,0.0,1908,1.1095670846497896,12.979591836734693,0
40000,2380,116,2869.4,5,0.0,1219,1.1384070882062893,10.508620689655173,0
40000,2403,144,2618.0,5,0.0,1919,1.1629468175614994,13.32638888888889,0
40000,2439,192,2415.1666666666665,6,0.0,3033,1.033903051034922,15.796875,0
40000,2521,142,2453.1666666666665,6,0.0,1940,1.20902395317679,13.661971830985916,0
40000,2576,291,1887.2857142857142,7,0.0,2946,0.43717631853546984,10.123711340206185,0
40000,2585,130,2337.6666666666665,6,0.0,1525,1.1339476441951324,11.73076923076923,0
40000,2602,323,1979.142857142857,7,0.0,3052,0.3676117198000958,9.448916408668731,0
40000,2623,144,2281.5,6,0.0,1748,1.0593178932243361,12.13888888888889,0
40000,2658,70,2297.0,5,0.0,466,1.1950874910798723,6.6571428571428575,0
40000,2729,148,2841.3333333333335,6,0.0,1896,1.087739165669512,12.81081081081081,0
40000,2744,200,2223.4285714285716,7,0.0,3083,0.9685530151017332,15.415,0
40000,2750,199,1533.4285714285713,7,0.0,3191,1.0125827284770617,16.035175879396984,0
40000,2754,130,1836.8,5,0.0,1507,1.1205633441325014,11.592307692307692,0
40000,2797,298,2286.5714285714284,7,0.0,3673,0.5197545073030634,12.325503355704697,0
40000,2804,138,1474.6666666666667,6,0.0,1818,1.1996251720702047,13.173913043478262,0
40000,2837,130,1529.0,5,0.0,1456,1.0826411606217132,11.2,0
40000,2873,218,1819.875,8,0.0,4109,1.0865082243582578,18.84862385321101,0
40000,2907,195,2314.714285714286,7,0.0,3245,1.0723963877342675,16.641025641025642,0
40000,2953,191,2373.1428571428573,7,0.0,3402,1.1718646097982486,17.81151832460733,0
40000,2970,158,2327.5,6,0.0,2203,1.10894545999973,13.943037974683545,0
40000,3006,161,2775.4,5,0.0,2052,0.9947992940343746,12.745341614906833,0
40000,3050,108,1898.2,5,0.0,915,0.9857878182560564,8.472222222222221,0
40000,3099,80,2469.8,5,0.0,587,1.1525718047857554,7.3375,0
40000,3100,96,2420.75,4,0.0,716,0.9762935503343281,7.458333333333333,0
40000,3129,330,1810.857142857143,7,0.0,3395,0.3917615081336032,10.287878787878787,0
40000,3131,87,1423.8333333333333,6,0.0,625,1.0376511605198153,7.183908045977011,0
40000,3137,198,1887.2857142857142,7,0.0,3271,1.0484797030805237,16.52020202020202,0
40000,3150,144,2288.1666666666665,6,0.0,2050,1.242335057843186,14.23611111111111,0
40000,3188,74,2483.25,4,0.0,490,1.124456099531774,6.621621621621622,0
40000,3263,147,2069.1666666666665,6,0.0,1827,1.062462821622204,12.428571428571429,0
40000,3309,164,2000.7142857142858,7,0.0,2358,1.1017066444325896,14.378048780487806,0
40000,3311,180,2393.2,5,0.0,1648,0.6391783571748122,9.155555555555555,0
40000,3323,146,1731.8333333333333,6,0.0,1782,1.0505382076744252,12.205479452054794,0
40000,3350,301,2041.4285714285713,7,0.0,2882,0.3997337789934232,9.574750830564785,0
40000,3469,183,2537.6666666666665,6,0.0,3013,1.130594364151339,16.46448087431694,0
40000,3478,158,2212.8571428571427,7,0.0,2168,1.091327170803184,13.721518987341772,0
40000,3532,153,1896.6666666666667,6,0.0,1801,0.9668090681558746,11.77124183006536,0
40000,3614,193,2246.5714285714284,7,0.0,3145,1.0610012505613466,16.295336787564768,0
40000,3619,206,2111.0,7,0.0,2502,0.7409053463362864,12.145631067961165,0
40000,3635,133,2342.3333333333335,6,0.0,1659,1.1785634489921344,12.473684210526315,0
40000,3655,144,2875.2,5,0.0,1846,1.1187075691602542,12.819444444444445,0
40000,3663,132,1846.3333333333333,6,0.0,1562,1.1265306990145219,11.833333333333334,0
40000,3692,109,2731.0,6,0.0,1062,1.1232628223591818,9.743119266055047,0
40000,3792,182,2658.285714285714,7,0.0,2767,1.0497267084268755,15.203296703296703,0
40000,3858,166,2649.0,5,0.0,1215,0.5540767998420087,7.319277108433735,0
40000,3992,302,2085.5,8,0.0,3082,0.424647539948412,10.205298013245033,0
40000,4042,184,1970.1666666666667,6,0.0,2873,1.06637472752404,15.61413043478261,0
40000,4253,119,1945.6,5,0.0,1214,1.0772949598073607,10.201680672268907,0
40000,4329,215,2659.5,8,0.0,4077,1.1083416548348803,18.962790697674418,0
40000,4352,325,2234.4285714285716,7,0.0,3794,0.45137808388997586,11.673846153846155,0
40000,4362,148,2355.0,5,0.0,1907,1.0940498886770882,12.885135135135135,0
40000,4405,194,2538.0,6,0.0,3097,1.0340644540511839,15.963917525773196,0
40000,4477,328,1997.0,6,0.0,1864,0.2177248924111903,5.682926829268292,0
40000,4490,296,2980.285714285714,7,0.0,3158,0.4529378013164977,10.66891891891892,0
40000,4501,179,2132.5714285714284,7,0.0,2635,1.0334379878542,14.720670391061452,0
40000,4539,128,2996.5,4,0.0,1215,0.931893328640527,9.4921875,0
40000,4545,77,2562.0,5,0.0,566,1.1996231687851733,7.35064935064935,0
40000,4591,136,1624.5,6,0.0,1624,1.1033621257417439,11.941176470588236,0
40000,4596,165,1959.0,6,0.0,2626,1.2120951049883264,15.915151515151516,0
40000,4647,139,2478.8333333333335,6,0.0,1865,1.212995248474709,13.417266187050359,0
40000,4663,160,2218.3333333333335,6,0.0,2219,1.089249077861836,13.86875,0
40000,4703,119,2741.0,5,0.0,1308,1.160709890797387,10.991596638655462,0
40000,4773,192,1895.7142857142858,7,0.0,3326,1.1337822445572538,17.322916666666668,0
40000,4777,125,2559.6,5,0.0,1370,1.1018193754670123,10.96,0
40000,4792,137,2051.3333333333335,6,0.0,1646,1.1020430513738184,12.014598540145986,0
40000,4795,119,2685.4,5,0.0,1267,1.1243267825996095,10.647058823529411,0
40000,4809,222,1959.5714285714287,7,0.0,4203,1.0716755071047726,18.93243243243243,0
40000,4843,182,2135.714285714286,7,0.0,2700,1.024308678262582,14.835164835164836,0
40000,4858,171,2068.6666666666665,6,0.0,2489,1.0696520795848288,14.555555555555555,0
40000,4904,156,2560.8,5,0.0,2397,1.237737934032665,15.365384615384615,0
40000,4920,152,2375.1666666666665,6,0.0,2166,1.1780972450961724,14.25,0
40000,4943,170,2826.0,5,0.0,959,0.4169947895906729,5.641176470588236,0
40000,4977,87,2195.4,5,0.0,607,1.0077668070968446,6.977011494252873,0
40000,4992,93,3207.0,5,0.0,760,1.1042249585978692,8.172043010752688,0
42000,45,186,2915.6666666666665,6,0.0,2813,1.0217713185973047,15.123655913978494,0
42000,162,232,2022.125,8,0.0,2655,0.6198668620155248,11.443965517241379,0
42000,165,91,2133.4,5,0.0,744,1.1290157875960902,8.175824175824175,0
42000,224,73,3042.2,5,0.0,533,1.2568728724814109,7.301369863013699,0
42000,262,107,2101.4,5,0.0,994,1.0910099039805239,9.289719626168225,0
42000,277,185,2317.3333333333335,6,0.0,3100,1.1382249497301222,16.756756756756758,0
42000,308,208,1961.25,8,0.0,3890,1.1298812335858262,18.701923076923077,0
42000,336,165,2470.1666666666665,6,0.0,2173,1.003001775757667,13.16969696969697,0
42000,370,196,2189.4285714285716,7,0.0,3385,1.1072772940859485,17.270408163265305,0
42000,485,48,2396.0,4,0.0,184,1.0035643198967394,3.8333333333333335,0
42000,504,110,1854.8,5,0.0,1137,1.1808234205393702,10.336363636363636,0
42000,552,147,2501.0,5,0.0,2049,1.1915633943644752,13.938775510204081,0
42000,563,227,2494.375,8,0.0,4653,1.1347265126164534,20.497797356828194,0
42000,582,127,2594.1666666666665,6,0.0,1330,1.036224993310044,10.472440944881889,0
42000,717,191,1859.0,7,0.0,3506,1.207688807158336,18.356020942408378,0
42000,775,200,2839.6666666666665,6,0.0,3081,0.9679246965710152,15.405,0
42000,877,118,2176.6,5,0.0,1411,1.2734235088236707,11.957627118644067,0
42000,903,273,1934.0,6,0.0,2452,0.4134329019094405,8.981684981684982,0
42000,943,61,2510.2,5,0.0,343,1.1583620319067984,5.622950819672131,0
42000,969,231,2051.5,8,0.0,4642,1.0931783960543333,20.095238095238095,0
42000,1245,182,2012.5,6,0.0,2773,1.052002949934126,15.236263736263735,0
42000,1266,271,2121.5714285714284,7,0.0,2500,0.4277709526817164,9.22509225092251,0
42000,1268,84,3432.75,4,0.0,548,0.975959622543768,6.523809523809524,0
42000,1304,165,1886.857142857143,7,0.0,2340,1.0800847470193007,14.181818181818182,0
42000,1339,150,2600.8,5,0.0,1968,1.099138549735949,13.12,0
42000,1407,151,2089.1666666666665,6,0.0,2112,1.1639916993783856,13.986754966887418,0
42000,1429,57,2499.8,5,0.0,270,1.0442967269550558,4.7368421052631575,0
42000,1582,221,2617.1666666666665,6,0.0,1737,0.4469152097037711,7.85972850678733,0
42000,1616,192,2288.125,8,0.0,3191,1.0877628209206847,16.619791666666668,0
42000,1711,136,2560.1666666666665,6,0.0,1461,0.9926182670619998,10.742647058823529,0
42000,1733,236,1958.5,6,0.0,2167,0.48892784259760713,9.182203389830509,0
42000,1803,147,2490.0,5,0.0,1773,1.0310599796038138,12.061224489795919,0
42000,1839,169,3140.4,5,0.0,2284,1.0049224636110903,13.514792899408285,0
42000,1842,139,1839.0,6,0.0,1650,1.073159335111673,11.870503597122303,0
42000,1952,180,2217.5714285714284,7,0.0,2936,1.138730374190078,16.31111111111111,0
42000,1972,139,2121.6666666666665,6,0.0,1754,1.1408008932035603,12.618705035971223,0
42000,2010,166,2732.6666666666665,6,0.0,2325,1.0602704194507575,14.006024096385541,0
42000,2084,111,2359.4,5,0.0,1056,1.0770300599596856,9.513513513513514,0
42000,2087,63,2517.2,5,0.0,343,1.0859826456853607,5.444444444444445,0
42000,2090,94,2478.0,5,0.0,734,1.043879134329972,7.808510638297872,0
42000,2119,168,2485.4,5,0.0,2335,1.0396285212772345,13.898809523809524,0
42000,2142,111,3137.0,5,0.0,996,1.015835170189249,8.972972972972974,0
42000,2147,203,1613.7142857142858,7,0.0,3678,1.1215780805070017,18.11822660098522,0
42000,2170,128,1931.8333333333333,6,0.0,1506,1.1550875332778878,11.765625,0
42000,2175,238,2118.25,8,0.0,3839,0.8516753193369971,16.130252100840337,0
42000,2198,180,2014.142857142857,7,0.0,2923,1.1336883119065388,16.238888888888887,0
42000,2270,183,1954.6666666666667,6,0.0,2959,1.1103314714649226,16.169398907103826,0
42000,2281,293,2135.5,6,0.0,2722,0.3984398282133242,9.290102389078498,0
42000,2320,151,2039.0,7,0.0,1999,1.1017137344021748,13.23841059602649,0
42000,2380,113,2934.8,5,0.0,1165,1.1465127861013733,10.309734513274336,0
42000,2403,143,2628.4,5,0.0,1904,1.1700508411042039,13.314685314685315,0
42000,2439,192,2435.3333333333335,6,0.0,3048,1.0390163203278742,15.875,0
42000,2521,140,2474.0,6,0.0,1940,1.2438142342784078,13.857142857142858,0
42000,2576,293,1891.142857142857,7,0.0,3001,0.4392791787171881,10.242320819112628,0
42000,2585,129,2352.3333333333335,6,0.0,1518,1.146310353500224,11.767441860465116,0
42000,2602,321,1973.7142857142858,7,0.0,3101,0.37818261929841324,9.66043613707165,0
42000,2623,146,2302.1666666666665,6,0.0,1756,1.0352104897173346,12.027397260273972,0
42000,2658,62,2342.8,5,0.0,356,1.1637949892590702,5.741935483870968,0
42000,2729,149,2855.1666666666665,6,0.0,1921,1.0873383158499152,12.89261744966443,0
42000,2744,203,2605.1666666666665,6,0.0,3131,0.9547745976257266,15.423645320197044,0
42000,2750,207,1779.0,8,0.0,3344,0.9806983438217246,16.154589371980677,0
42000,2754,130,1821.2,5,0.0,1496,1.1123840496497825,11.507692307692308,0
42000,2797,302,2295.1428571428573,7,0.0,3712,0.511450898211715,12.291390728476822,0
42000,2804,139,1453.8333333333333,6,0.0,1828,1.1889304633843263,13.151079136690647,0
42000,2837,132,1502.4,5,0.0,1470,1.060179339021349,11.136363636363637,0
42000,2873,220,1810.0,8,0.0,4215,1.094364713626527,19.15909090909091,0
42000,2907,198,2325.5714285714284,7,0.0,3308,1.0603396080068397,16.707070707070706,0
42000,2953,192,2376.8571428571427,7,0.0,3452,1.1767337066180519,17.979166666666668,0
42000,2970,157,2352.8333333333335,6,0.0,2207,1.125156393601797,14.05732484076433,0
42000,3006,159,2806.6,5,0.0,2023,1.0055681243957362,12.723270440251572,0
42000,3050,106,2733.0,4,0.0,842,0.9416949143191904,7.943396226415095,0
42000,3099,72,2504.8,5,0.0,477,1.1562806294462433,6.625,0
42000,3100,87,2434.75,4,0.0,598,0.9928246303853594,6.873563218390805,0
42000,3129,331,1802.5714285714287,7,0.0,3461,0.3969679785352187,10.45619335347432,0
42000,3131,79,1534.4,5,0.0,526,1.0591108705580716,6.658227848101266,0
42000,3137,200,1886.4285714285713,7,0.0,3327,1.0452078758493242,16.635,0
42000,3150,144,2292.0,6,0.0,2059,1.2477892117556681,14.29861111111111,0
42000,3188,59,2536.25,4,0.0,319,1.1515863906867498,5.406779661016949,0
42000,3263,153,2353.1428571428573,7,0.0,1911,1.0258590390038183,12.490196078431373,0
42000,3309,165,1993.7142857142858,7,0.0,2418,1.1160875719199441,14.654545454545454,0
42000,3311,191,2431.6666666666665,6,0.0,1699,0.5852433780268149,8.895287958115183,0
42000,3323,146,1719.5,6,0.0,1793,1.057023011425502,12.280821917808218,0
42000,3350,302,2038.142857142857,7,0.0,2945,0.4057712541038525,9.751655629139073,0
42000,3469,182,2573.8333333333335,6,0.0,3037,1.1521575762531338,16.686813186813186,0
42000,3478,159,2219.4285714285716,7,0.0,2192,1.0895725796715046,13.786163522012579,0
42000,3532,171,1882.8333333333333,6,0.0,1855,0.7971894767496414,10.847953216374268,0
42000,3614,196,2260.0,7,0.0,3183,1.0412004806722523,16.239795918367346,0
42000,3619,206,2108.714285714286,7,0.0,2582,0.7645953654037936,12.533980582524272,0
42000,3635,133,2352.8333333333335,6,0.0,1665,1.1828258846123592,12.518796992481203,0
42000,3655,144,2924.6,5,0.0,1808,1.0956789193075513,12.555555555555555,0
42000,3663,133,1830.5,6,0.0,1572,1.116758132498876,11.819548872180452,0
42000,3692,107,2751.3333333333335,6,0.0,1065,1.1689391828362754,9.953271028037383,0
42000,3792,184,2659.8571428571427,7,0.0,2831,1.0507855390256031,15.38586956521739,0
42000,3858,161,2686.6,5,0.0,1149,0.5570294292619378,7.136645962732919,0
42000,3992,305,2068.375,8,0.0,3177,0.42916806709829713,10.416393442622951,0
42000,4042,185,1942.6666666666667,6,0.0,2951,1.0835167182753518,15.95135135135135,0
42000,4253,116,1965.2,5,0.0,1155,1.0786383813603482,9.956896551724139,0
42000,4329,217,2671.75,8,0.0,4160,1.1101552752391037,19.170506912442395,0
42000,4352,327,2247.4285714285716,7,0.0,3846,0.4519846008363061,11.761467889908257,0
42000,4362,147,2390.2,5,0.0,1876,1.090957993083336,12.761904761904763,0
42000,4405,195,2576.6666666666665,6,0.0,3111,1.02811253073692,15.953846153846154,0
42000,4477,325,1994.6666666666667,6,0.0,1850,0.22009737880771096,5.6923076923076925,0
42000,4490,301,2997.714285714286,7,0.0,3231,0.4481401248881854,10.73421926910299,0
42000,4501,180,2124.714285714286,7,0.0,2704,1.0487489549761482,15.022222222222222,0
42000,4539,124,3028.75,4,0.0,1138,0.9300552652927119,9.17741935483871,0
42000,4545,71,2594.0,5,0.0,461,1.1491959637412374,6.492957746478873,0
42000,4591,136,1603.6666666666667,6,0.0,1635,1.1108356376771868,12.022058823529411,0
42000,4596,167,1966.3333333333333,6,0.0,2648,1.1931496068996053,15.8562874251497,0
42000,4647,137,2479.1666666666665,6,0.0,1843,1.2339400629902473,13.452554744525548,0
42000,4663,161,2230.3333333333335,6,0.0,2227,1.0796384151143041,13.832298136645962,0
42000,4703,117,2790.4,5,0.0,1258,1.1548319258429278,10.752136752136753,0
42000,4773,196,1880.142857142857,7,0.0,3415,1.1170906822166955,17.4234693877551,0
42000,4777,123,2580.6,5,0.0,1334,1.1080400819323903,10.845528455284553,0
42000,4792,137,2048.5,6,0.0,1613,1.079948628108122,11.773722627737227,0
42000,4795,115,2714.0,5,0.0,1218,1.1573413541239677,10.591304347826087,0
42000,4809,225,1957.2857142857142,7,0.0,4295,1.066124677307114,19.08888888888889,0
42000,4843,185,2128.0,7,0.0,2739,1.0056768184873563,14.805405405405406,0
42000,4858,171,2081.3333333333335,6,0.0,2486,1.0683628243663659,14.538011695906432,0
42000,4904,156,2589.6,5,0.0,2358,1.2175995195865765,15.115384615384615,0
42000,4920,152,2385.3333333333335,6,0.0,2178,1.1846240996396415,14.328947368421053,0
42000,4943,165,2855.6,5,0.0,903,0.4168019344266789,5.472727272727273,0
42000,4977,80,2229.2,5,0.0,503,0.9876381904722912,6.2875,0
42000,4992,87,3257.8,5,0.0,667,1.107381318506747,7.666666666666667,0
44000,45,183,2948.3333333333335,6,0.0,2815,1.0562970909678124,15.382513661202186,0
44000,162,233,2302.4285714285716,7,0.0,2755,0.6377047107620241,11.82403433476395,0
44000,165,86,2144.2,5,0.0,676,1.1485757889814496,7.8604651162790695,0
44000,224,66,3095.2,5,0.0,429,1.2375971059596156,6.5,0
44000,262,104,2108.0,5,0.0,917,1.0653995796382545,8.817307692307692,0
44000,277,189,2818.5,6,0.0,3169,1.1148296093867534,16.767195767195766,0
44000,308,216,1942.888888888889,9,0.0,4072,1.0967562830433502,18.85185185185185,0
44000,336,164,2490.0,6,0.0,2168,1.0129346925911171,13.21951219512195,0
44000,370,199,2199.8571428571427,7,0.0,3477,1.1033375577921476,17.472361809045225,0
44000,504,109,1861.6,5,0.0,1092,1.1549934105614188,10.01834862385321,0
44000,552,146,2556.4,5,0.0,2025,1.1937934178118466,13.86986301369863,0
44000,563,230,2501.625,8,0.0,4721,1.1214713737313733,20.526086956521738,0
44000,582,127,2602.6666666666665,6,0.0,1324,1.031550294092104,10.4251968503937,0
44000,717,192,1845.7142857142858,7,0.0,3546,1.2087768608538854,18.46875,0
44000,775,197,3430.2,5,0.0,3042,0.98500088662116,15.441624365482234,0
44000,877,115,2196.2,5,0.0,1356,1.2884686996651067,11.791304347826086,0
44000,903,274,1937.8333333333333,6,0.0,2469,0.4132661442651819,9.010948905109489,0
44000,943,41,3157.5,4,0.0,159,1.1886097130773994,3.8780487804878048,0
44000,969,234,2035.0,8,0.0,4773,1.0953920473068948,20.397435897435898,0
44000,1245,180,2022.1666666666667,6,0.0,2764,1.0720200116694059,15.355555555555556,0
44000,1266,272,2119.5714285714284,7,0.0,2550,0.43312398716771044,9.375,0
44000,1268,73,3516.0,4,0.0,410,0.9668252865241622,5.616438356164384,0
44000,1304,169,1867.2857142857142,7,0.0,2401,1.056400540775056,14.207100591715976,0
44000,1339,149,2636.4,5,0.0,1931,1.0929985881864583,12.95973154362416,0
44000,1407,152,2100.0,6,0.0,2106,1.145462972378827,13.855263157894736,0
44000,1582,220,2641.0,6,0.0,1736,0.450727673275362,7.890909090909091,0
44000,1616,196,2294.75,8,0.0,3310,1.0827438237590812,16.887755102040817,0
44000,1711,136,2595.8333333333335,6,0.0,1444,0.9810682940708609,10.617647058823529,0
44000,1733,238,1978.6666666666667,6,0.0,2171,0.4816324871791145,9.121848739495798,0
44000,1803,144,2511.0,5,0.0,1739,1.0538637393118537,12.07638888888889,0
44000,1839,166,3202.0,5,0.0,2242,1.0224199055520855,13.506024096385541,0
44000,1842,139,1832.6666666666667,6,0.0,1660,1.0796633310820467,11.942446043165468,0
44000,1952,181,2234.0,7,0.0,2995,1.1488135279755112,16.54696132596685,0
44000,1972,142,2616.3333333333335,6,0.0,1854,1.1554280459741075,13.056338028169014,0
44000,2010,166,2769.0,6,0.0,2326,1.0607264497386935,14.012048192771084,0
44000,2084,107,2383.6,5,0.0,995,1.0921074994573654,9.299065420560748,0
44000,2087,43,3160.0,4,0.0,161,1.0942053374320317,3.744186046511628,0
44000,2090,88,2532.0,5,0.0,655,1.0628838781515053,7.443181818181818,0
44000,2119,166,2507.6,5,0.0,2300,1.0488696622523623,13.855421686746988,0
44000,2142,107,3175.2,5,0.0,928,1.01856860250898,8.672897196261681,0
44000,2147,203,1610.4285714285713,7,0.0,3721,1.1346906029272847,18.330049261083744,0
44000,2170,128,1925.8333333333333,6,0.0,1500,1.1504855909142309,11.71875,0
44000,2175,240,2108.625,8,0.0,3910,0.8530296719122286,16.291666666666668,0
44000,2198,183,2012.4285714285713,7,0.0,2976,1.1167105302736091,16.262295081967213,0
44000,2270,185,1941.6666666666667,6,0.0,2996,1.1000393385133698,16.194594594594594,0
44000,2281,290,2145.3333333333335,6,0.0,2718,0.40612836301817157,9.372413793103448,0
44000,2320,157,1954.5,8,0.0,2152,1.0971167009655944,13.707006369426752,0
44000,2380,112,3003.0,5,0.0,1125,1.1270062931404712,10.044642857142858,0
44000,2403,142,2653.4,5,0.0,1893,1.1797331666823008,13.330985915492958,0
44000,2439,195,2453.0,6,0.0,3069,1.0142325158571546,15.738461538461538,0
44000,2521,141,2489.1666666666665,6,0.0,1931,1.220545327515093,13.695035460992909,0
44000,2576,298,1902.857142857143,7,0.0,3064,0.4335768609791958,10.281879194630873,0
44000,2585,128,2366.8333333333335,6,0.0,1517,1.1635244276112588,11.8515625,0
44000,2602,323,1970.2857142857142,7,0.0,3156,0.3801384625455774,9.770897832817337,0
44000,2623,147,2317.0,6,0.0,1765,1.0264077067122004,12.006802721088436,0
44000,2658,47,2394.0,5,0.0,205,1.166186498842748,4.361702127659575,0
44000,2729,150,2871.8333333333335,6,0.0,1945,1.0862929264412706,12.966666666666667,0
44000,2744,201,2645.1666666666665,6,0.0,3136,0.9754248223219812,15.601990049751244,0
44000,2750,211,1748.875,8,0.0,3524,0.9946741997035494,16.701421800947866,0
44000,2754,129,1803.4,5,0.0,1491,1.125921434169192,11.55813953488372,0
44000,2797,306,2293.8571428571427,7,0.0,3761,0.5047430462707169,12.290849673202615,0
44000,2804,139,1430.0,6,0.0,1842,1.1980360577428495,13.251798561151078,0
44000,2837,136,1564.1666666666667,6,0.0,1539,1.0456122607860492,11.316176470588236,0
44000,2873,222,1805.5,8,0.0,4315,1.100233122330976,19.436936936936938,0
44000,2907,201,2339.4285714285716,7,0.0,3402,1.0581617492153637,16.925373134328357,0
44000,2953,193,2381.714285714286,7,0.0,3503,1.1817765916427336,18.150259067357513,0
44000,2970,158,2374.3333333333335,6,0.0,2208,1.1114623584563794,13.974683544303797,0
44000,3006,159,2837.0,5,0.0,1995,0.9916502264802242,12.547169811320755,0
44000,3050,97,2841.75,4,0.0,689,0.9202071796464523,7.103092783505154,0
44000,3099,62,2545.0,5,0.0,343,1.1212968576288231,5.532258064516129,0
44000,3100,77,2450.5,4,0.0,469,0.9940340391523784,6.090909090909091,0
44000,3129,334,1792.0,7,0.0,3529,0.3975287918002933,10.565868263473053,0
44000,3131,67,1855.0,4,0.0,357,0.9993749853700655,5.3283582089552235,0
44000,3137,200,1888.7142857142858,7,0.0,3376,1.0606016798519142,16.88,0
44000,3150,144,2296.1666666666665,6,0.0,2071,1.2550614169723113,14.381944444444445,0
44000,3188,34,2598.5,4,0.0,112,1.2175030353012346,3.2941176470588234,0
44000,3263,155,2351.8571428571427,7,0.0,1970,1.0304162376810642,12.709677419354838,0
44000,3309,168,1990.142857142857,7,0.0,2471,1.1001807606321399,14.708333333333334,0
44000,3311,193,2887.3333333333335,6,0.0,1772,0.5978042022240718,9.181347150259068,0
44000,3323,147,1702.0,6,0.0,1820,1.0583920828420423,12.380952380952381,0
44000,3350,304,2038.2857142857142,7,0.0,3014,0.4098320748753306,9.914473684210526,0
44000,3469,182,2611.8333333333335,6,0.0,3064,1.1624006630357595,16.835164835164836,0
44000,3478,160,2225.1428571428573,7,0.0,2212,1.0858129608969722,13.825,0
44000,3532,185,2164.8571428571427,7,0.0,1975,0.7251594437796747,10.675675675675675,0
44000,3614,199,2272.285714285714,7,0.0,3240,1.0281316328002756,16.281407035175878,0
44000,3619,211,2353.8571428571427,7,0.0,2678,0.7558846500584863,12.691943127962086,0
44000,3635,132,2366.1666666666665,6,0.0,1665,1.200815373789487,12.613636363636363,0
44000,3655,141,3006.8,5,0.0,1777,1.1232050994274054,12.602836879432624,0
44000,3663,134,1818.0,6,0.0,1594,1.1155488282072021,11.895522388059701,0
44000,3692,107,2771.8333333333335,6,0.0,1052,1.1546704416373352,9.83177570093458,0
44000,3792,186,2671.4285714285716,7,0.0,2870,1.0424755365710148,15.43010752688172,0
44000,3858,156,2712.4,5,0.0,1079,0.5571627996751128,6.916666666666667,0
44000,3992,306,2051.5,8,0.0,3261,0.43764080667078115,10.656862745098039,0
44000,4042,195,2328.714285714286,7,0.0,3132,1.0350525381768028,16.06153846153846,0
44000,4253,113,1990.8,5,0.0,1108,1.0904173107298898,9.805309734513274,0
44000,4329,220,2685.75,8,0.0,4236,1.0998170645129226,19.254545454545454,0
44000,4352,329,2258.5714285714284,7,0.0,3913,0.45428449676173943,11.893617021276595,0
44000,4362,146,2412.8,5,0.0,1845,1.0876784473396826,12.636986301369863,0
44000,4405,195,2614.8333333333335,6,0.0,3125,1.0327392023635085,16.025641025641026,0
44000,4477,327,1993.1666666666667,6,0.0,1847,0.21706072744270863,5.648318042813456,0
44000,4490,304,3012.714285714286,7,0.0,3295,0.4480413691818892,10.838815789473685,0
44000,4501,182,2118.4285714285716,7,0.0,2771,1.0512442027650426,15.225274725274724,0
44000,4539,120,3067.0,4,0.0,1056,0.9215338450530061,8.8,0
44000,4545,61,2630.4,5,0.0,344,1.1617391806878676,5.639344262295082,0
44000,4591,137,1585.5,6,0.0,1649,1.1040516353070635,12.036496350364963,0
44000,4596,165,2380.8,5,0.0,2636,1.2167108517704601,15.975757575757576,0
44000,4647,137,2473.3333333333335,6,0.0,1823,1.22054950343528,13.306569343065693,0
44000,4663,161,2249.0,6,0.0,2226,1.0791536201367045,13.826086956521738,0
44000,4703,114,2840.0,5,0.0,1203,1.1632305208582705,10.552631578947368,0
44000,4773,198,1863.142857142857,7,0.0,3514,1.1263704300290311,17.747474747474747,0
44000,4777,122,2605.2,5,0.0,1307,1.1034833642144206,10.71311475409836,0
44000,4792,131,2463.6,5,0.0,1523,1.1152370168212238,11.625954198473282,0
44000,4795,113,2739.8,5,0.0,1168,1.1494651795419777,10.336283185840708,0
44000,4809,228,1953.857142857143,7,0.0,4383,1.0595260542231504,19.223684210526315,0
44000,4843,186,2120.4285714285716,7,0.0,2785,1.0116008255575875,14.973118279569892,0
44000,4858,170,2095.6666666666665,6,0.0,2490,1.0827080563928837,14.647058823529411,0
44000,4904,155,2620.6,5,0.0,2314,1.2103467888294328,14.929032258064517,0
44000,4920,151,2393.8333333333335,6,0.0,2201,1.2130424859525695,14.57615894039735,0
44000,4943,159,2886.6,5,0.0,839,0.4170398696826607,5.276729559748428,0
44000,4977,68,2750.25,4,0.0,366,0.994656497589848,5.382352941176471,0
44000,4992,80,3316.6,5,0.0,563,1.1054479149819085,7.0375,0
46000,45,183,2981.1666666666665,6,0.0,2814,1.0559218522143603,15.37704918032787,0
46000,162,233,2306.714285714286,7,0.0,2785,0.6446488636922819,11.952789699570815,0
46000,165,81,2159.8,5,0.0,598,1.1453573582360592,7.382716049382716,0
46000,224,57,3157.2,5,0.0,313,1.210610650136787,5.491228070175438,0
46000,262,99,2111.4,5,0.0,842,1.0795718862657304,8.505050505050505,0
46000,277,189,2838.5,6,0.0,3179,1.1183475317893623,16.82010582010582,0
46000,308,226,2723.6666666666665,9,0.0,4271,1.0508060320684476,18.898230088495577,0
46000,336,165,2509.3333333333335,6,0.0,2168,1.0006939023666,13.139393939393939,0
46000,370,203,2194.0,7,0.0,3576,1.0904739575565627,17.61576354679803,0
46000,504,105,1866.6,5,0.0,1039,1.1842593259246421,9.895238095238096,0
46000,552,145,2600.6,5,0.0,2007,1.1995579463980433,13.841379310344827,0
46000,563,231,2508.375,8,0.0,4784,1.1266190104963227,20.70995670995671,0
46000,582,127,2614.0,6,0.0,1319,1.0276547114104873,10.385826771653543,0
46000,717,195,1830.4285714285713,7,0.0,3594,1.1877327018542239,18.43076923076923,0
46000,775,194,3482.4,5,0.0,2970,0.9916601319121784,15.309278350515465,0
46000,877,113,2217.0,5,0.0,1305,1.2842911466629117,11.548672566371682,0
46000,903,275,1930.6666666666667,6,0.0,2481,0.4122600395930593,9.021818181818182,0
46000,969,238,2011.75,8,0.0,4919,1.0912713977126045,20.668067226890756,0
46000,1245,178,2008.3333333333333,6,0.0,2779,1.1021949229044357,15.612359550561798,0
46000,1266,276,2116.8571428571427,7,0.0,2598,0.4285789599887777,9.41304347826087,0
46000,1268,55,3603.5,4,0.0,243,1.0094638212526543,4.418181818181818,0
46000,1304,168,2174.3333333333335,6,0.0,2409,1.0725760632791683,14.339285714285714,0
46000,1339,149,2672.0,5,0.0,1902,1.0765837984104836,12.765100671140939,0
46000,1407,152,2491.6,5,0.0,2083,1.1329531678371778,13.703947368421053,0
46000,1582,220,2651.3333333333335,6,0.0,1736,0.450727673275362,7.890909090909091,0
46000,1616,204,2788.125,8,0.0,3437,1.0378367887724067,16.848039215686274,0
46000,1711,134,2619.6666666666665,6,0.0,1424,0.9965756156631468,10.626865671641792,0
46000,1733,237,1978.3333333333333,6,0.0,2180,0.48771898982184114,9.19831223628692,0
46000,1803,145,2529.6,5,0.0,1723,1.0298148189555698,11.882758620689655,0
46000,1839,165,3281.0,5,0.0,2199,1.0150027173912146,13.327272727272728,0
46000,1842,139,1829.0,6,0.0,1667,1.0842161282613083,11.992805755395683,0
46000,1952,183,2263.4285714285716,7,0.0,3059,1.1478553468101378,16.715846994535518,0
46000,1972,141,2643.3333333333335,6,0.0,1850,1.169346895858582,13.120567375886525,0
46000,2010,166,2788.3333333333335,6,0.0,2337,1.0657427829059873,14.078313253012048,0
46000,2084,104,2405.2,5,0.0,929,1.0793415588701618,8.932692307692308,0
46000,2090,83,2580.4,5,0.0,566,1.0324525718866733,6.819277108433735,0
46000,2119,164,2526.2,5,0.0,2260,1.0559190061143564,13.78048780487805,0
46000,2142,102,3217.0,5,0.0,849,1.0254564255662184,8.323529411764707,0
46000,2147,203,1609.2857142857142,7,0.0,3783,1.1535970306030419,18.635467980295566,0
46000,2170,127,1921.0,6,0.0,1487,1.1585462895128087,11.708661417322835,0
46000,2175,241,2100.625,8,0.0,3972,0.8593795575185454,16.481327800829874,0
46000,2198,183,2012.4285714285713,7,0.0,3022,1.1339715129324082,16.51366120218579,0
46000,2270,186,1917.6666666666667,6,0.0,3064,1.112942524060484,16.473118279569892,0
46000,2281,291,2154.3333333333335,6,0.0,2727,0.40467746797224247,9.371134020618557,0
46000,2320,159,1947.0,8,0.0,2354,1.170097560468395,14.80503144654088,0
46000,2380,110,3089.0,5,0.0,1080,1.1216264680585046,9.818181818181818,0
46000,2403,142,2650.0,5,0.0,1888,1.1766171255658657,13.295774647887324,0
46000,2439,193,2979.6,5,0.0,3044,1.0269277604797262,15.7720207253886,0
46000,2521,141,2497.1666666666665,6,0.0,1933,1.2218094863214266,13.709219858156029,0
46000,2576,304,1908.5714285714287,7,0.0,3134,0.4261492112340033,10.30921052631579,0
46000,2585,129,2380.8333333333335,6,0.0,1514,1.1432897728585893,11.736434108527131,0
46000,2602,324,1966.0,7,0.0,3221,0.3855765103342754,9.941358024691358,0
46000,2623,150,2315.6666666666665,6,0.0,1769,0.98799598296895,11.793333333333333,0
46000,2729,151,2890.6666666666665,6,0.0,1974,1.0879354235667298,13.072847682119205,0
46000,2744,199,2696.6666666666665,6,0.0,3144,0.9976684733098972,15.798994974874372,0
46000,2750,221,2082.0,9,0.0,3812,0.9807949219290589,17.248868778280542,0
46000,2754,133,2085.3333333333335,6,0.0,1516,1.0769754000434453,11.398496240601503,0
46000,2797,311,2294.5714285714284,7,0.0,3800,0.4937108625279397,12.218649517684888,0
46000,2804,140,1405.3333333333333,6,0.0,1856,1.1899583602168686,13.257142857142858,0
46000,2837,144,2139.8333333333335,6,0.0,1760,1.0665900984409793,12.222222222222221,0
46000,2873,227,1795.875,8,0.0,4434,1.0813190107331516,19.53303964757709,0
46000,2907,207,2620.1428571428573,7,0.0,3501,1.0267418964473258,16.91304347826087,0
46000,2953,195,2388.5714285714284,7,0.0,3555,1.1748441166087273,18.23076923076923,0
46000,2970,158,2391.3333333333335,6,0.0,2196,1.1054218021604207,13.89873417721519,0
46000,3006,157,2870.6,5,0.0,1960,0.9992326830355787,12.48407643312102,0
46000,3050,85,2987.5,4,0.0,530,0.9218237267280778,6.235294117647059,0
46000,3099,42,2722.0,4,0.0,171,1.2181685799633892,4.071428571428571,0
46000,3100,60,2480.0,4,0.0,307,1.0716321607245183,5.116666666666666,0
46000,3129,337,2387.285714285714,7,0.0,3587,0.39690031076883964,10.643916913946587,0
46000,3131,18,2642.0,3,0.0,33,1.279908118129175,1.8333333333333333,0
46000,3137,202,1878.142857142857,7,0.0,3422,1.0538702147421106,16.940594059405942,0
46000,3150,145,2295.8333333333335,6,0.0,2086,1.2467752248063368,14.386206896551725,0
46000,3263,156,2368.0,7,0.0,2001,1.0332555719646903,12.826923076923077,0
46000,3309,168,1982.5714285714287,7,0.0,2533,1.1277854579851114,15.077380952380953,0
46000,3311,196,2924.6666666666665,6,0.0,1791,0.5858592714055935,9.137755102040817,0
46000,3323,151,2269.1666666666665,6,0.0,1862,1.0262085910239367,12.331125827814569,0
46000,3350,308,2031.5714285714287,7,0.0,3095,0.4099860542612755,10.0487012987013,0
46000,3469,182,3177.2,5,0.0,3068,1.1639181573739266,16.857142857142858,0
46000,3478,160,2230.5714285714284,7,0.0,2212,1.0858129608969722,13.825,0
46000,3532,188,3039.6,5,0.0,2084,0.7409550803622826,11.085106382978724,0
46000,3614,203,2678.5,6,0.0,3280,1.0002110125239168,16.157635467980295,0
46000,3619,211,2365.714285714286,7,0.0,2717,0.766892678942833,12.876777251184834,0
46000,3635,132,2384.3333333333335,6,0.0,1659,1.1964881111812367,12.568181818181818,0
46000,3655,140,3052.4,5,0.0,1732,1.1104568318403105,12.371428571428572,0
46000,3663,135,1801.0,6,0.0,1629,1.1232163363945729,12.066666666666666,0
46000,3692,104,2798.1666666666665,6,0.0,1021,1.1862300663147851,9.817307692307692,0
46000,3792,187,2671.714285714286,7,0.0,2918,1.0486050345363054,15.60427807486631,0
46000,3858,150,2731.2,5,0.0,1013,0.5657659303264818,6.753333333333333,0
46000,3992,312,2038.875,8,0.0,3348,0.43220135618912836,10.73076923076923,0
46000,4042,197,2311.5714285714284,7,0.0,3223,1.0436087631755422,16.360406091370557,0
46000,4253,110,2015.4,5,0.0,1055,1.0956628924090022,9.590909090909092,0
46000,4329,221,2689.5,8,0.0,4338,1.1161302128353245,19.6289592760181,0
46000,4352,329,2269.5714285714284,7,0.0,3982,0.46229513572840447,12.103343465045592,0
46000,4362,144,2433.8,5,0.0,1813,1.0987090048144859,12.590277777777779,0
46000,4405,198,2655.3333333333335,6,0.0,3146,1.008412456707835,15.88888888888889,0
46000,4477,324,1997.3333333333333,6,0.0,1840,0.2202610304300114,5.679012345679013,0
46000,4490,308,3032.5714285714284,7,0.0,3355,0.4444275321636767,10.892857142857142,0
46000,4501,182,2479.6666666666665,6,0.0,2791,1.0588316744558763,15.335164835164836,0
46000,4539,114,3106.25,4,0.0,975,0.9427678785010922,8.552631578947368,0
46000,4545,45,2677.2,5,0.0,181,1.1232163363945729,4.022222222222222,0
46000,4591,138,1557.5,6,0.0,1678,1.10724479578317,12.159420289855072,0
46000,4596,163,2413.0,5,0.0,2596,1.2278331181029174,15.92638036809816,0
46000,4647,136,2472.6666666666665,6,0.0,1812,1.2310912388202218,13.323529411764707,0
46000,4663,162,2262.6666666666665,6,0.0,2230,1.0677871692585337,13.765432098765432,0
46000,4703,112,2887.4,5,0.0,1153,1.1550562275475227,10.294642857142858,0
46000,4773,207,2330.0,8,0.0,3640,1.0675065704279538,17.584541062801932,0
46000,4777,122,2626.8,5,0.0,1279,1.079843322746935,10.48360655737705,0
46000,4792,127,2487.0,5,0.0,1448,1.1281607445961983,11.401574803149606,0
46000,4795,110,2771.2,5,0.0,1120,1.1631681890977086,10.181818181818182,0
46000,4809,230,1932.857142857143,7,0.0,4510,1.071348420997351,19.608695652173914,0
46000,4843,189,2113.285714285714,7,0.0,2818,0.9913505330551817,14.91005291005291,0
46000,4858,170,2102.3333333333335,6,0.0,2499,1.0866214590063519,14.7,0
46000,4904,153,2652.0,5,0.0,2280,1.2239448503028285,14.901960784313726,0
46000,4920,151,2405.3333333333335,6,0.0,2234,1.2312298562553567,14.794701986754967,0
46000,4943,152,2923.2,5,0.0,779,0.42370164078020234,5.125,0
46000,4977,42,2901.75,4,0.0,144,1.0258261726007487,3.4285714285714284,0
46000,4992,71,3383.4,5,0.0,432,1.0769038098399448,6.084507042253521,0
48000,45,181,3005.1666666666665,6,0.0,2813,1.0790024888798373,15.541436464088397,0
48000,162,230,2302.4285714285716,7,0.0,2815,0.6687019523520051,12.23913043478261,0
48000,165,76,2171.8,5,0.0,521,1.1334970723824669,6.855263157894737,0
48000,224,40,3248.0,5,0.0,151,1.1859512267301469,3.775,0
48000,262,95,2118.6,5,0.0,763,1.062397870222277,8.031578947368422,0
48000,277,189,2854.8333333333335,6,0.0,3180,1.118699324029623,16.825396825396826,0
48000,308,228,2730.5555555555557,9,0.0,4398,1.0631520845250777,19.289473684210527,0
48000,336,163,2531.6666666666665,6,0.0,2171,1.0268203772732796,13.319018404907975,0
48000,370,211,2301.125,8,0.0,3744,1.056770772897301,17.744075829383885,0
48000,504,103,1873.2,5,0.0,986,1.167917940028103,9.572815533980583,0
48000,552,144,2624.8,5,0.0,1980,1.1999138607461015,13.75,0
48000,563,231,2514.0,8,0.0,4836,1.1388648693060655,20.935064935064936,0
48000,582,127,2628.6666666666665,6,0.0,1313,1.0229800121925472,10.338582677165354,0
48000,717,195,1815.857142857143,7,0.0,3631,1.1999603340102079,18.620512820512822,0
48000,775,191,3517.2,5,0.0,2927,1.0082444776247717,15.324607329842932,0
48000,877,110,2242.2,5,0.0,1244,1.2919475243192404,11.309090909090909,0
48000,903,276,1914.1666666666667,6,0.0,2495,0.4115875693502696,9.039855072463768,0
48000,969,243,1974.875,8,0.0,5106,1.086621083454723,21.012345679012345,0
48000,1245,179,1992.8333333333333,6,0.0,2812,1.1028567824842543,15.70949720670391,0
48000,1266,277,2483.0,6,0.0,2613,0.4279467530571298,9.433212996389893,0
48000,1268,1,3714.0,4,0.0,1,12.566370614359172,1.0,0
48000,1304,166,2176.6666666666665,6,0.0,2404,1.0962968121976866,14.481927710843374,0
48000,1339,145,2702.8,5,0.0,1869,1.1170771309506442,12.889655172413793,0
48000,1407,148,2549.0,5,0.0,1996,1.1451093748292964,13.486486486486486,0
48000,1582,219,2648.0,6,0.0,1735,0.4545912932572958,7.922374429223744,0
48000,1616,203,2811.375,8,0.0,3564,1.0868146489741584,17.55665024630542,0
48000,1711,134,2643.6666666666665,6,0.0,1400,0.9797793974216329,10.447761194029852,0
48000,1733,238,1980.6666666666667,6,0.0,2190,0.48584760337275945,9.201680672268907,0
48000,1803,144,2540.0,5,0.0,1701,1.030835089459151,11.8125,0
48000,1839,163,3327.2,5,0.0,2160,1.0216176945694535,13.251533742331288,0
48000,1842,138,1823.6666666666667,6,0.0,1673,1.1039454966300617,12.123188405797102,0
48000,1952,182,2662.6666666666665,6,0.0,3067,1.163538783789385,16.85164835164835,0
48000,1972,143,2653.6666666666665,6,0.0,1852,1.138095671074047,12.951048951048952,0
48000,2010,168,2792.0,6,0.0,2348,1.045416602980277,13.976190476190476,0
48000,2084,101,2439.2,5,0.0,862,1.0618774109967266,8.534653465346535,0
48000,2090,74,2602.2,5,0.0,464,1.0647910820055984,6.27027027027027,0
48000,2119,163,2552.2,5,0.0,2214,1.04715813693369,13.582822085889571,0
48000,2142,99,3259.0,5,0.0,779,0.9987963175783895,7.8686868686868685,0
48000,2147,205,1577.7142857142858,7,0.0,3877,1.1593056245537303,18.91219512195122,0
48000,2170,128,1916.3333333333333,6,0.0,1483,1.1374467542172029,11.5859375,0
48000,2175,243,2090.75,8,0.0,4065,0.8650831774859868,16.728395061728396,0
48000,2198,183,2008.4285714285713,7,0.0,3073,1.153108689358468,16.792349726775956,0
48000,2270,192,2140.1428571428573,7,0.0,3205,1.0925352055941067,16.692708333333332,0
48000,2281,289,2163.5,6,0.0,2741,0.4124043277015181,9.484429065743944,0
48000,2320,160,2594.0,6,0.0,2409,1.182515109765283,15.05625,0
48000,2380,106,3154.8,5,0.0,1019,1.1396521587782127,9.61320754716981,0
48000,2403,142,2646.2,5,0.0,1884,1.1741242926727178,13.267605633802816,0
48000,2439,190,3036.2,5,0.0,2990,1.0408157378652056,15.736842105263158,0
48000,2521,141,2495.3333333333335,6,0.0,1937,1.2243378039340937,13.73758865248227,0
48000,2576,311,2123.5714285714284,7,0.0,3209,0.41692583101372593,10.318327974276528,0
48000,2585,129,2402.8333333333335,6,0.0,1501,1.1334728857732779,11.635658914728682,0
48000,2602,326,1966.857142857143,7,0.0,3288,0.3887822893222643,10.085889570552148,0
48000,2623,148,2781.0,5,0.0,1730,0.99250461846427,11.68918918918919,0
48000,2729,153,2905.5,6,0.0,1995,1.070951744014975,13.03921568627451,0
48000,2744,200,2714.0,6,0.0,3170,0.9958848711879644,15.85,0
48000,2750,224,2340.0,8,0.0,3964,0.992767321335295,17.696428571428573,0
48000,2754,140,2603.0,6,0.0,1621,1.0392901411161335,11.57857142857143,0
48000,2797,309,2696.1666666666665,6,0.0,3782,0.49775362285173375,12.239482200647249,0
48000,2804,141,1378.1666666666667,6,0.0,1885,1.19146967496942,13.368794326241135,0
48000,2837,146,3515.4,5,0.0,1803,1.0629182875628442,12.349315068493151,0
48000,2873,232,1993.5,8,0.0,4573,1.067665220337851,19.711206896551722,0
48000,2907,208,2628.5714285714284,7,0.0,3560,1.0340301263664629,17.115384615384617,0
48000,2953,195,2396.1428571428573,7,0.0,3602,1.1903765142122746,18.47179487179487,0
48000,2970,158,2421.5,6,0.0,2183,1.0988778661731322,13.816455696202532,0
48000,3006,158,2893.6,5,0.0,1943,0.9780667402539606,12.29746835443038,0
48000,3050,67,3067.0,4,0.0,328,0.9181932638694159,4.895522388059701,0
48000,3100,33,2530.0,4,0.0,99,1.1423973285781066,3.0,0
48000,3129,338,2386.1428571428573,7,0.0,3634,0.39972506926036583,10.751479289940828,0
48000,3137,204,1865.857142857143,7,0.0,3468,1.0471975511965976,17.0,0
48000,3150,145,2278.0,6,0.0,2121,1.2676942722024163,14.627586206896552,0
48000,3263,155,2365.5714285714284,7,0.0,2018,1.0555228262133949,13.019354838709678,0
48000,3309,170,1977.0,7,0.0,2585,1.1240161950906042,15.205882352941176,0
48000,3311,201,2980.8333333333335,6,0.0,1806,0.5617401878550695,8.985074626865671,0
48000,3323,152,2278.8333333333335,6,0.0,1879,1.021996640598203,12.361842105263158,0
48000,3350,312,2026.4285714285713,7,0.0,3203,0.4134829581462897,10.26602564102564,0
48000,3469,180,3221.2,5,0.0,3023,1.1724734063953017,16.794444444444444,0
48000,3478,152,2578.1666666666665,6,0.0,2164,1.1770094360055943,14.236842105263158,0
48000,3532,186,3095.2,5,0.0,2067,0.7508003254676959,11.112903225806452,0
48000,3614,198,2720.5,6,0.0,3268,1.047518089167579,16.505050505050505,0
48000,3619,211,2381.714285714286,7,0.0,2751,0.7764894220727765,13.037914691943127,0
48000,3635,133,2400.0,6,0.0,1664,1.1821154786756551,12.511278195488721,0
48000,3655,138,3077.2,5,0.0,1698,1.1204419923956035,12.304347826086957,0
48000,3663,141,2551.8333333333335,6,0.0,1710,1.0808557794152298,12.127659574468085,0
48000,3692,104,2825.5,6,0.0,1006,1.1688025922749008,9.673076923076923,0
48000,3792,189,2663.8571428571427,7,0.0,2966,1.043415784613793,15.693121693121693,0
48000,3858,144,2738.6,5,0.0,939,0.5690500582023179,6.520833333333333,0
48000,3992,316,2025.875,8,0.0,3429,0.4315222403925413,10.85126582278481,0
48000,4042,198,2298.285714285714,7,0.0,3289,1.054249386558191,16.61111111111111,0
48000,4253,107,2044.6,5,0.0,992,1.0888147130268406,9.271028037383177,0
48000,4329,221,2702.625,8,0.0,4397,1.1313104070624533,19.895927601809955,0
48000,4352,332,2275.1428571428573,7,0.0,4052,0.46195868167897525,12.204819277108435,0
48000,4362,144,2459.2,5,0.0,1786,1.082346543077039,12.402777777777779,0
48000,4405,201,2693.6666666666665,6,0.0,3161,0.983200849285645,15.72636815920398,0
48000,4477,323,2007.5,6,0.0,1839,0.2215065375859686,5.693498452012384,0
48000,4490,310,3056.1428571428573,7,0.0,3421,0.4473418717140763,11.035483870967742,0
48000,4501,181,2486.6666666666665,6,0.0,2779,1.0659608661916344,15.353591160220995,0
48000,4539,112,3152.5,4,0.0,899,0.9006032511406965,8.026785714285714,0
48000,4591,141,2302.3333333333335,6,0.0,1721,1.0878086528500648,12.205673758865249,0
48000,4596,163,2439.0,5,0.0,2560,1.2108061565267598,15.705521472392638,0
48000,4647,134,2462.1666666666665,6,0.0,1820,1.2737132166481229,13.582089552238806,0
48000,4663,162,2264.0,6,0.0,2228,1.06682951260449,13.753086419753087,0
48000,4703,109,2930.0,5,0.0,1104,1.1676856458423135,10.128440366972477,0
48000,4773,214,2661.285714285714,7,0.0,3771,1.0347581357923932,17.621495327102803,0
48000,4777,120,2644.4,5,0.0,1256,1.096066770252439,10.466666666666667,0
48000,4792,122,2505.2,5,0.0,1377,1.162583467883135,11.28688524590164,0
48000,4795,107,2811.4,5,0.0,1069,1.1733295647436417,9.990654205607477,0
48000,4809,239,2085.5,8,0.0,4709,1.0359594408889437,19.702928870292887,0
48000,4843,190,2103.8571428571427,7,0.0,2845,0.9903413960623779,14.973684210526315,0
48000,4858,171,2111.5,6,0.0,2509,1.0782471143745824,14.67251461988304,0
48000,4904,154,2677.2,5,0.0,2258,1.196443955440336,14.662337662337663,0
48000,4920,152,2411.8333333333335,6,0.0,2285,1.2428218859855744,15.032894736842104,0
48000,4943,146,2976.6,5,0.0,707,0.41679602291011136,4.842465753424658,0
48000,4992,45,3804.0,4,0.0,214,1.3280016352952408,4.7555555555555555,0
50000,45,181,3029.3333333333335,6,0.0,2810,1.0778517574661726,15.524861878453038,0
50000,162,230,2304.285714285714,7,0.0,2850,0.6770161862178382,12.391304347826088,0
50000,165,67,2193.0,5,0.0,416,1.1645377980782838,6.208955223880597,0
50000,262,90,2128.4,5,0.0,678,1.0518517625352493,7.533333333333333,0
50000,277,189,2874.0,6,0.0,3179,1.1183475317893623,16.82010582010582,0
50000,308,233,2731.6666666666665,9,0.0,4499,1.0413914677743543,19.30901287553648,0
50000,336,163,2568.5,6,0.0,2177,1.029658204202639,13.355828220858896,0
50000,370,217,3075.8333333333335,6,0.0,3833,1.0228906658633377,17.663594470046082,0
50000,504,100,1880.0,5,0.0,933,1.1724423783197109,9.33,0
50000,552,144,2641.0,5,0.0,1963,1.1896115700225238,13.631944444444445,0
50000,563,232,2523.25,8,0.0,4899,1.1437769329619796,21.11637931034483,0
50000,582,126,2658.0,6,0.0,1305,1.0329499654660317,10.357142857142858,0
50000,717,198,1796.5714285714287,7,0.0,3690,1.182785112921777,18.636363636363637,0
50000,775,189,3557.8,5,0.0,2894,1.0180867433150091,15.312169312169312,0
50000,877,107,2269.4,5,0.0,1185,1.3006506400572644,11.074766355140186,0
50000,903,278,1887.6666666666667,6,0.0,2515,0.40893874663725116,9.046762589928058,0
50000,969,255,3035.75,8,0.0,5306,1.0254081119537066,20.807843137254903,0
50000,1245,182,2375.3333333333335,6,0.0,2864,1.0865259461274204,15.736263736263735,0
50000,1266,273,2510.6666666666665,6,0.0,2605,0.4392303056582759,9.542124542124542,0
50000,1304,165,2175.5,6,0.0,2406,1.1105486757813836,14.581818181818182,0
50000,1339,145,2719.2,5,0.0,1842,1.10093958010224,12.703448275862069,0
50000,1407,145,2572.8,5,0.0,1935,1.1565244774689654,13.344827586206897,0
50000,1582,219,2650.3333333333335,6,0.0,1730,0.45328123189344194,7.899543378995434,0
50000,1616,204,3265.1428571428573,7,0.0,3608,1.0894719621445572,17.686274509803923,0
50000,1711,134,2660.1666666666665,6,0.0,1377,0.963683021606849,10.276119402985074,0
50000,1733,240,1975.6666666666667,6,0.0,2199,0.4797473781419413,9.1625,0
50000,1803,142,2543.0,5,0.0,1685,1.0501058562386039,11.866197183098592,0
50000,1839,163,3387.8,5,0.0,2118,1.0017529060639365,12.993865030674847,0
50000,1842,139,1824.6666666666667,6,0.0,1678,1.0913705238287195,12.071942446043165,0
50000,1952,181,2671.8333333333335,6,0.0,3048,1.169143116283592,16.83977900552486,0
50000,1972,142,2661.6666666666665,6,0.0,1853,1.1548048377508207,13.049295774647888,0
50000,2010,168,2788.6666666666665,6,0.0,2353,1.0476427882506778,14.005952380952381,0
50000,2084,96,2460.0,5,0.0,788,1.074468320759009,8.208333333333334,0
50000,2090,64,2625.4,5,0.0,340,1.043106935762236,5.3125,0
50000,2119,162,2566.0,5,0.0,2182,1.0448034095614889,13.469135802469136,0
50000,2142,95,3300.2,5,0.0,687,0.9565758018908312,7.231578947368421,0
50000,2147,212,1849.0,8,0.0,4059,1.134898948106174,19.14622641509434,0
50000,2170,128,1911.6666666666667,6,0.0,1482,1.1366797638232602,11.578125,0
50000,2175,243,2403.0,7,0.0,4075,0.8672113033838613,16.76954732510288,0
50000,2198,185,2001.7142857142858,7,0.0,3132,1.1499743685660462,16.92972972972973,0
50000,2270,201,2866.4285714285716,7,0.0,3369,1.0478973936233273,16.761194029850746,0
50000,2281,287,2159.5,6,0.0,2755,0.42030801688207364,9.599303135888501,0
50000,2320,160,2613.5,6,0.0,2426,1.190859965251381,15.1625,0
50000,2380,105,3225.6,5,0.0,960,1.0942145841074653,9.142857142857142,0
50000,2403,142,2641.2,5,0.0,1887,1.1759939173425786,13.288732394366198,0
50000,2439,189,3067.0,5,0.0,2950,1.0377871087696189,15.60846560846561,0
50000,2521,142,2496.6666666666665,6,0.0,1936,1.2065311202836422,13.633802816901408,0
50000,2576,313,2118.714285714286,7,0.0,3276,0.42020874085313364,10.466453674121405,0
50000,2585,129,2399.0,6,0.0,1499,1.1319625954524606,11.62015503875969,0
50000,2602,322,2286.6666666666665,6,0.0,3291,0.39886506782006903,10.220496894409937,0
50000,2623,142,2803.2,5,0.0,1667,1.0388881082194377,11.73943661971831,0
50000,2729,154,2924.3333333333335,6,0.0,2021,1.0708650283192733,13.123376623376624,0
50000,2744,200,2734.0,6,0.0,3197,1.0043671713526567,15.985,0
50000,2750,230,2493.0,9,0.0,4188,0.9948574694316864,18.208695652173912,0
50000,2754,143,2611.1666666666665,6,0.0,1652,1.0151911709580592,11.552447552447552,0
50000,2797,310,2722.0,6,0.0,3769,0.4928475634289253,12.158064516129032,0
50000,2804,141,1348.8333333333333,6,0.0,1922,1.2148566128865916,13.631205673758865,0
50000,2837,146,3589.4,5,0.0,1794,1.057612539039236,12.287671232876713,0
50000,2873,233,1974.375,8,0.0,4677,1.082593441827218,20.07296137339056,0
50000,2907,209,2636.4285714285716,7,0.0,3605,1.0371046007363571,17.248803827751196,0
50000,2953,198,2396.4285714285716,7,0.0,3661,1.1734895117633133,18.48989898989899,0
50000,2970,158,2452.1666666666665,6,0.0,2175,1.0948508286424932,13.765822784810126,0
50000,3006,155,2924.6,5,0.0,1907,0.9974638402323804,12.303225806451612,0
50000,3050,3,3557.6666666666665,3,0.0,3,4.1887902047863905,1.0,0
50000,3129,340,2379.0,7,0.0,3694,0.40155859039310365,10.864705882352942,0
50000,3137,204,1852.2857142857142,7,0.0,3519,1.062597515184783,17.25,0
50000,3150,148,3156.8333333333335,6,0.0,2128,1.2208380509202117,14.378378378378379,0
50000,3263,154,2764.0,6,0.0,1975,1.0464910593421894,12.824675324675324,0
50000,3309,171,1968.0,7,0.0,2654,1.1405611166002956,15.52046783625731,0
50000,3311,202,3028.5,6,0.0,1810,0.5574240469559382,8.96039603960396,0
50000,3323,150,2276.8333333333335,6,0.0,1893,1.057250647688085,12.62,0
50000,3350,318,2897.4285714285716,7,0.0,3306,0.41082652239895,10.39622641509434,0
50000,3469,178,3259.6,5,0.0,2988,1.185087596127547,16.786516853932586,0
50000,3478,152,2606.0,6,0.0,2133,1.1601483951016325,14.032894736842104,0
50000,3532,185,3123.8,5,0.0,2054,0.7541658215308616,11.102702702702702,0
50000,3614,197,2756.1666666666665,6,0.0,3257,1.0546179775559232,16.532994923857867,0
50000,3619,210,2383.1428571428573,7,0.0,2787,0.7941604286217464,13.271428571428572,0
50000,3635,133,2408.5,6,0.0,1662,1.1806946668022469,12.496240601503759,0
50000,3655,136,3097.2,5,0.0,1668,1.1332561734835154,12.264705882352942,0
50000,3663,140,2564.8333333333335,6,0.0,1718,1.101480852830054,12.271428571428572,0
50000,3692,103,2848.0,6,0.0,975,1.154888429540974,9.466019417475728,0
50000,3792,189,2652.1428571428573,7,0.0,3005,1.0571356819839677,15.899470899470899,0
50000,3858,138,2736.4,5,0.0,867,0.572098473148992,6.282608695652174,0
50000,3992,318,2011.125,8,0.0,3510,0.4361769793164896,11.037735849056604,0
50000,4042,200,2288.714285714286,7,0.0,3349,1.0521193796872217,16.745,0
50000,4253,103,2050.6,5,0.0,936,1.108692892359335,9.087378640776699,0
50000,4329,223,2706.25,8,0.0,4475,1.1308192101039092,20.067264573991032,0
50000,4352,334,2276.0,7,0.0,4119,0.4639901086498748,12.332335329341317,0
50000,4362,142,2491.2,5,0.0,1758,1.095600056538555,12.380281690140846,0
50000,4405,200,3261.2,5,0.0,3135,0.9848892969004002,15.675,0
50000,4477,321,1999.6666666666667,6,0.0,1842,0.22464120759357534,5.738317757009346,0
50000,4490,315,3069.285714285714,7,0.0,3487,0.4416118350442977,11.06984126984127,0
50000,4501,181,2492.8333333333335,6,0.0,2770,1.0625086719506398,15.303867403314918,0
50000,4539,110,3994.5,4,0.0,832,0.8640677976154407,7.5636363636363635,0
50000,4591,141,2299.8333333333335,6,0.0,1728,1.0922332086722322,12.25531914893617,0
50000,4596,162,2446.0,5,0.0,2531,1.2119144956920846,15.623456790123457,0
50000,4647,131,2974.4,5,0.0,1758,1.2873188940063762,13.419847328244275,0
50000,4663,162,2255.3333333333335,6,0.0,2226,1.0658718559504465,13.74074074074074,0
50000,4703,107,2969.6,5,0.0,1043,1.144792082345761,9.74766355140187,0
50000,4773,214,2674.1428571428573,7,0.0,3810,1.0454596916915986,17.80373831775701,0
50000,4777,119,2660.6,5,0.0,1238,1.0985923889963036,10.403361344537815,0
50000,4792,119,2524.0,5,0.0,1312,1.1642594623288773,11.025210084033613,0
50000,4795,104,2830.6,5,0.0,1010,1.1734499186855365,9.711538461538462,0
50000,4809,242,2072.375,8,0.0,4837,1.0378993009639934,19.987603305785125,0
50000,4843,192,2095.714285714286,7,0.0,2865,0.9766344349538583,14.921875,0
50000,4858,170,2124.5,6,0.0,2508,1.0905348616198203,14.75294117647059,0
50000,4904,153,2708.4,5,0.0,2226,1.1949566827956561,14.549019607843137,0
50000,4920,156,2892.6666666666665,6,0.0,2346,1.2114030843723955,15.038461538461538,0
50000,4943,137,3014.6,5,0.0,635,0.4251502658702155,4.635036496350365,0
52000,45,181,3052.1666666666665,6,0.0,2822,1.0824546831208322,15.591160220994475,0
52000,162,232,2301.8571428571427,7,0.0,2880,0.6723979520168404,12.413793103448276,0
52000,165,56,2213.6,5,0.0,303,1.2141614464766675,5.410714285714286,0
52000,262,82,2140.8,5,0.0,571,1.0671323052943318,6.963414634146342,0
52000,277,190,2888.8333333333335,6,0.0,3181,1.1073026294813442,16.742105263157896,0
52000,308,234,2731.8888888888887,9,0.0,4609,1.057754440820758,19.696581196581196,0
52000,336,163,2590.0,6,0.0,2182,1.0320230599771054,13.386503067484663,0
52000,370,216,3107.3333333333335,6,0.0,3823,1.0296903904898644,17.699074074074073,0
52000,504,98,1889.8,5,0.0,880,1.1514375406743098,8.979591836734693,0
52000,552,142,2655.4,5,0.0,1946,1.212763202516512,13.704225352112676,0
52000,563,233,2531.0,8,0.0,4958,1.1476370076073013,21.278969957081546,0
52000,582,127,2671.6666666666665,6,0.0,1293,1.0073976814660803,10.181102362204724,0
52000,717,202,1775.4285714285713,7,0.0,3759,1.1576557969653987,18.60891089108911,0
52000,775,188,3597.0,5,0.0,2852,1.0140133825303406,15.170212765957446,0
52000,877,105,2297.2,5,0.0,1133,1.2914011706184982,10.790476190476191,0
52000,903,280,1861.5,6,0.0,2537,0.40664390623251556,9.060714285714285,0
52000,969,254,3037.375,8,0.0,5426,1.0568715815226124,21.362204724409448,0
52000,1245,184,2372.5,6,0.0,2882,1.0697152679165625,15.66304347826087,0
52000,1266,273,2542.5,6,0.0,2609,0.43990474758635,9.556776556776557,0
52000,1304,163,2172.1666666666665,6,0.0,2418,1.1436442525319162,14.83435582822086,0
52000,1339,145,2736.6,5,0.0,1824,1.0901812128699704,12.579310344827586,0
52000,1407,142,2591.8,5,0.0,1888,1.1766171255658657,13.295774647887324,0
52000,1582,219,2654.1666666666665,6,0.0,1725,0.451971170529588,7.876712328767123,0
52000,1616,203,3285.5714285714284,7,0.0,3656,1.1148693481059266,18.00985221674877,0
52000,1711,134,2677.8333333333335,6,0.0,1345,0.9412880639514973,10.037313432835822,0
52000,1733,241,1967.1666666666667,6,0.0,2212,0.4785870043381224,9.178423236514522,0
52000,1803,142,2543.6,5,0.0,1665,1.0376416917728637,11.725352112676056,0
52000,1839,160,3421.8,5,0.0,2075,1.0185632431560656,12.96875,0
52000,1842,140,1829.6666666666667,6,0.0,1680,1.0771174812307862,12.0,0
52000,1952,181,2681.0,6,0.0,3043,1.1672252305941504,16.8121546961326,0
52000,1972,141,2673.0,6,0.0,1851,1.1699789752617489,13.127659574468085,0
52000,2010,168,2787.6666666666665,6,0.0,2360,1.0507594476292392,14.047619047619047,0
52000,2084,91,2477.8,5,0.0,707,1.072868497083919,7.769230769230769,0
52000,2090,48,2656.0,5,0.0,180,0.9817477042468103,3.75,0
52000,2119,161,2569.2,5,0.0,2153,1.043763586771934,13.372670807453416,0
52000,2142,87,3342.2,5,0.0,581,0.9646005188192204,6.67816091954023,0
52000,2147,217,2093.5714285714284,7,0.0,4148,1.1069529042528372,19.11520737327189,0
52000,2170,127,1907.8333333333333,6,0.0,1472,1.1468595414679583,11.590551181102363,0
52000,2175,242,2397.4285714285716,7,0.0,4093,0.8782554969703589,16.91322314049587,0
52000,2198,185,1998.7142857142858,7,0.0,3198,1.174207544915139,17.286486486486485,0
52000,2270,202,2869.4285714285716,7,0.0,3446,1.0612614728232945,17.059405940594058,0
52000,2281,289,2153.1666666666665,6,0.0,2779,0.41812171714064894,9.615916955017301,0
52000,2320,155,3176.6,5,0.0,2332,1.2197617595290569,15.04516129032258,0
52000,2380,102,3256.4,5,0.0,897,1.083432760580563,8.794117647058824,0
52000,2403,144,2629.6,5,0.0,1899,1.150826475533761,13.1875,0
52000,2439,187,3099.4,5,0.0,2914,1.0471676047425615,15.582887700534759,0
52000,2521,141,2497.1666666666665,6,0.0,1927,1.2180170099024257,13.666666666666666,0
52000,2576,316,2109.1428571428573,7,0.0,3356,0.4223355610257709,10.620253164556962,0
52000,2585,127,2402.5,6,0.0,1490,1.1608836391217787,11.73228346456693,0
52000,2602,318,2277.3333333333335,6,0.0,3320,0.41256625963838905,10.440251572327044,0
52000,2623,141,2821.6,5,0.0,1622,1.0252327919365514,11.50354609929078,0
52000,2729,155,2944.1666666666665,6,0.0,2042,1.0680761204795601,13.174193548387096,0
52000,2744,201,2736.3333333333335,6,0.0,3210,0.998441862134426,15.970149253731343,0
52000,2750,231,2798.625,8,0.0,4281,1.008163876240543,18.532467532467532,0
52000,2754,143,2627.5,6,0.0,1662,1.0213363959638586,11.622377622377622,0
52000,2797,313,2743.3333333333335,6,0.0,3773,0.48395835752102356,12.054313099041533,0
52000,2804,144,1313.8333333333333,6,0.0,1972,1.1950657239350062,13.694444444444445,0
52000,2837,146,3619.6,5,0.0,1771,1.0440534039233484,12.13013698630137,0
52000,2873,237,1939.5,8,0.0,4786,1.0707445345354734,20.19409282700422,0
52000,2907,209,2646.285714285714,7,0.0,3637,1.0463105222962914,17.401913875598087,0
52000,2953,200,2393.5714285714284,7,0.0,3723,1.16961494493148,18.615,0
52000,2970,157,2469.6666666666665,6,0.0,2164,1.1032344520862205,13.78343949044586,0
52000,3006,154,2952.0,5,0.0,1892,1.0025119414052772,12.285714285714286,0
52000,3129,342,2366.1428571428573,7,0.0,3772,0.4052558903368797,11.029239766081872,0
52000,3137,205,1838.4285714285713,7,0.0,3565,1.0660109753763343,17.390243902439025,0
52000,3150,150,3171.1666666666665,6,0.0,2126,1.1873823967167823,14.173333333333334,0
52000,3263,152,2781.0,6,0.0,1950,1.0606138633137288,12.828947368421053,0
52000,3309,174,1961.0,7,0.0,2724,1.1306247045023907,15.655172413793103,0
52000,3311,202,3042.5,6,0.0,1807,0.5565001396957903,8.945544554455445,0
52000,3323,151,2274.8333333333335,6,0.0,1910,1.0526629478279907,12.649006622516556,0
52000,3350,322,2903.8571428571427,7,0.0,3349,0.4058945949952632,10.400621118012422,0
52000,3469,176,3301.6,5,0.0,2949,1.1963528842247286,16.755681818181817,0
52000,3478,150,2606.8333333333335,6,0.0,2106,1.1762122895040186,14.04,0
52000,3532,183,3152.4,5,0.0,2036,0.7639861020285847,11.12568306010929,0
52000,3614,198,2770.8333333333335,6,0.0,3247,1.0407867917769675,16.3989898989899,0
52000,3619,209,2385.285714285714,7,0.0,2811,0.8086826720304854,13.44976076555024,0
52000,3635,132,2414.1666666666665,6,0.0,1663,1.1993729529200703,12.598484848484848,0
52000,3655,136,3120.2,5,0.0,1637,1.1121944580290855,12.036764705882353,0
52000,3663,142,2576.6666666666665,6,0.0,1733,1.0800198509563799,12.204225352112676,0
52000,3692,102,2857.8333333333335,6,0.0,944,1.1402012552821086,9.254901960784315,0
52000,3792,192,2636.8571428571427,7,0.0,3046,1.038334551088814,15.864583333333334,0
52000,3858,130,2737.8,5,0.0,790,0.5874220583043637,6.076923076923077,0
52000,3992,321,1999.375,8,0.0,3583,0.43696495483592857,11.161993769470405,0
52000,4042,203,2278.0,7,0.0,3412,1.040463406930367,16.807881773399014,0
52000,4253,100,2060.2,5,0.0,877,1.1020707028792995,8.77,0
52000,4329,223,2704.75,8,0.0,4535,1.145981031915358,20.336322869955158,0
52000,4352,337,2280.0,7,0.0,4194,0.46406465106342726,12.445103857566766,0
52000,4362,141,2508.4,5,0.0,1720,1.0871765734468979,12.198581560283689,0
52000,4405,197,3303.0,5,0.0,3105,1.0054003132671605,15.761421319796954,0
52000,4477,324,1989.3333333333333,6,0.0,1855,0.222056636656343,5.7253086419753085,0
52000,4490,319,3083.5714285714284,7,0.0,3549,0.43826268718232625,11.12539184952978,0
52000,4501,181,2496.1666666666665,6,0.0,2765,1.060590786261198,15.276243093922652,0
52000,4539,101,4047.0,4,0.0,701,0.8635453191516302,6.9405940594059405,0
52000,4591,140,2302.5,6,0.0,1722,1.1040454182615558,12.3,0
52000,4596,161,2433.8,5,0.0,2510,1.2168353937749903,15.590062111801242,0
52000,4647,127,2996.8,5,0.0,1678,1.3073575479505666,13.21259842519685,0
52000,4663,161,2251.3333333333335,6,0.0,2219,1.0757600552935074,13.782608695652174,0
52000,4703,103,3011.2,5,0.0,990,1.1726559438416044,9.611650485436893,0
52000,4773,214,2689.285714285714,7,0.0,3845,1.0550636521139625,17.96728971962617,0
52000,4777,121,2675.0,5,0.0,1234,1.0591422264954045,10.198347107438016,0
52000,4792,117,2540.2,5,0.0,1253,1.1502419738324234,10.709401709401709,0
52000,4795,102,2849.2,5,0.0,940,1.1353698940309134,9.215686274509803,0
52000,4809,244,2058.625,8,0.0,4959,1.0467050503326918,20.32377049180328,0
52000,4843,195,2088.285714285714,7,0.0,2882,0.9524334019877223,14.77948717948718,0
52000,4858,171,2122.1666666666665,6,0.0,2518,1.0821148800299714,14.725146198830409,0
52000,4904,152,2739.8,5,0.0,2198,1.1955021905454235,14.460526315789474,0
52000,4920,157,2904.5,6,0.0,2368,1.2072362211368624,15.0828025477707,0
52000,4943,128,3052.8,5,0.0,552,0.42337869745643697,4.3125,0
54000,45,181,3079.0,6,0.0,2831,1.0859068773618272,15.640883977900552,0
54000,162,235,2296.5714285714284,7,0.0,2924,0.6653520629495016,12.442553191489361,0
54000,165,40,2246.0,5,0.0,142,1.1152653920243767,3.55,0
54000,262,75,2158.2,5,0.0,437,0.9762673703955481,5.826666666666667,0
54000,277,188,2903.3333333333335,6,0.0,3188,1.133476389728866,16.95744680851064,0
54000,308,237,2736.0,9,0.0,4704,1.05239914134034,19.848101265822784,0
54000,336,164,2613.8333333333335,6,0.0,2194,1.025082433369424,13.378048780487806,0
54000,370,213,3136.0,6,0.0,3815,1.0566841652621888,17.910798122065728,0
54000,504,94,1901.6,5,0.0,816,1.1604977842142468,8.680851063829786,0
54000,552,143,2671.4,5,0.0,1921,1.1804977236140628,13.433566433566433,0
54000,563,234,2539.25,8,0.0,5021,1.1523074522371504,21.457264957264957,0
54000,582,127,2674.8333333333335,6,0.0,1271,0.9902571176669669,10.007874015748031,0
54000,717,206,1742.142857142857,7,0.0,3858,1.1424511695305326,18.728155339805824,0
54000,775,188,3646.2,5,0.0,2818,1.0019248639447755,14.98936170212766,0
54000,877,103,2335.6,5,0.0,1074,1.2721540239251345,10.427184466019417,0
54000,903,282,1835.8333333333333,6,0.0,2561,0.4046888378775444,9.081560283687944,0
54000,969,255,3035.875,8,0.0,5534,1.0694701265646083,21.701960784313727,0
54000,1245,185,2369.5,6,0.0,2887,1.0600178806035043,15.605405405405405,0
54000,1266,273,2579.1666666666665,6,0.0,2616,0.44108502096047975,9.582417582417582,0
54000,1304,165,2171.3333333333335,6,0.0,2421,1.1174722959545842,14.672727272727272,0
54000,1339,145,2757.2,5,0.0,1802,1.0770320973638634,12.427586206896551,0
54000,1407,141,2613.6,5,0.0,1843,1.1649223400364144,13.070921985815604,0
54000,1582,219,2677.3333333333335,6,0.0,1709,0.44777897416525564,7.80365296803653,0
54000,1616,205,3304.714285714286,7,0.0,3708,1.108771022915974,18.08780487804878,0
54000,1711,127,3156.2,5,0.0,1276,0.9941527003485836,10.047244094488189,0
54000,1733,243,1958.8333333333333,6,0.0,2227,0.47393363745665257,9.164609053497943,0
54000,1803,139,2551.6,5,0.0,1645,1.069907337126486,11.83453237410072,0
54000,1839,157,3454.6,5,0.0,2029,1.0344097519791782,12.92356687898089,0
54000,1842,140,1842.5,6,0.0,1684,1.079682046662288,12.028571428571428,0
54000,1952,180,2692.6666666666665,6,0.0,3052,1.183721083797043,16.955555555555556,0
54000,1972,141,2675.8333333333335,6,0.0,1846,1.1668185782459148,13.092198581560284,0
54000,2010,167,2790.5,6,0.0,2357,1.062029313996363,14.113772455089821,0
54000,2084,84,2496.8,5,0.0,604,1.0756927226577295,7.190476190476191,0
54000,2119,159,2574.6,5,0.0,2122,1.0547778348827248,13.345911949685535,0
54000,2142,72,3926.0,4,0.0,415,1.005988388302287,5.763888888888889,0
54000,2147,219,2079.285714285714,7,0.0,4221,1.1059538033654441,19.273972602739725,0
54000,2170,126,1912.5,6,0.0,1434,1.1350576632017544,11.380952380952381,0
54000,2175,242,2392.4285714285716,7,0.0,4110,0.8819032720616111,16.983471074380166,0
54000,2198,187,1995.857142857143,7,0.0,3280,1.1786924308701445,17.540106951871657,0
54000,2270,205,2866.714285714286,7,0.0,3532,1.0561432720979558,17.229268292682928,0
54000,2281,290,2153.3333333333335,6,0.0,2807,0.4194269002913935,9.679310344827586,0
54000,2320,154,3219.2,5,0.0,2276,1.2059815954748472,14.779220779220779,0
54000,2380,98,3298.6,5,0.0,826,1.0807811461329317,8.428571428571429,0
54000,2403,146,2987.5,6,0.0,1958,1.1542950676916524,13.41095890410959,0
54000,2439,185,3127.0,5,0.0,2875,1.0556118485400328,15.54054054054054,0
54000,2521,142,2497.0,6,0.0,1938,1.2077775367302162,13.647887323943662,0
54000,2576,323,2658.8571428571427,7,0.0,3452,0.4157914995904098,10.687306501547988,0
54000,2585,128,2406.0,6,0.0,1495,1.1466506389445168,11.6796875,0
54000,2602,318,2266.3333333333335,6,0.0,3347,0.4159214671715928,10.525157232704403,0
54000,2623,140,2846.8,5,0.0,1573,1.0085153559381113,11.235714285714286,0
54000,2729,160,2960.8333333333335,6,0.0,2072,1.0170906215996955,12.95,0
54000,2744,200,2738.3333333333335,6,0.0,3222,1.0122211529866314,16.11,0
54000,2750,233,2798.75,8,0.0,4363,1.0099113078238515,18.72532188841202,0
54000,2754,144,2647.8333333333335,6,0.0,1678,1.0168966961272516,11.652777777777779,0
54000,2797,315,2763.0,6,0.0,3784,0.4792254613729918,12.012698412698413,0
54000,2804,148,1259.5,6,0.0,2077,1.1915792442487216,14.033783783783784,0
54000,2837,144,3667.4,5,0.0,1748,1.0593178932243361,12.13888888888889,0
54000,2873,240,1904.4444444444443,9,0.0,4938,1.0773044807935,20.575,0
54000,2907,209,2654.285714285714,7,0.0,3679,1.0583932943437055,17.60287081339713,0
54000,2953,202,2387.714285714286,7,0.0,3787,1.1662789313934463,18.747524752475247,0
54000,2970,156,2490.3333333333335,6,0.0,2145,1.107612794534863,13.75,0
54000,3006,153,2980.4,5,0.0,1871,1.0043863223318386,12.22875816993464,0
54000,3129,348,2629.125,8,0.0,3945,0.40935338282506717,11.336206896551724,0
54000,3137,207,1814.5714285714287,7,0.0,3626,1.0634007759263076,17.516908212560388,0
54000,3150,150,3187.6666666666665,6,0.0,2122,1.1851483752742296,14.146666666666667,0
54000,3263,153,2793.5,6,0.0,1938,1.0403531227574043,12.666666666666666,0
54000,3309,177,1954.7142857142858,7,0.0,2786,1.1174920531011094,15.740112994350282,0
54000,3311,204,3054.6666666666665,6,0.0,1803,0.5444340209940789,8.838235294117647,0
54000,3323,150,2271.6666666666665,6,0.0,1919,1.071771787064678,12.793333333333333,0
54000,3350,322,2904.8571428571427,7,0.0,3373,0.4088033648608608,10.475155279503106,0
54000,3469,174,3360.2,5,0.0,2913,1.209071132237689,16.74137931034483,0
54000,3478,150,2612.6666666666665,6,0.0,2082,1.1628081608487022,13.88,0
54000,3532,175,3995.75,4,0.0,1968,0.8075303630713094,11.245714285714286,0
54000,3614,197,2783.0,6,0.0,3248,1.0517037737493518,16.487309644670052,0
54000,3619,213,2387.5714285714284,7,0.0,2837,0.7857963242067706,13.31924882629108,0
54000,3635,134,2420.5,6,0.0,1672,1.1701365374921218,12.477611940298507,0
54000,3655,133,3142.0,5,0.0,1595,1.1330974690430708,11.992481203007518,0
54000,3663,142,2592.0,6,0.0,1740,1.084382308519389,12.253521126760564,0
54000,3692,100,2870.5,6,0.0,894,1.12343353292371,8.94,0
54000,3792,193,2621.714285714286,7,0.0,3097,1.0448079087403783,16.04663212435233,0
54000,3858,121,2743.0,5,0.0,707,0.6068181151801062,5.8429752066115705,0
54000,3992,324,1983.75,8,0.0,3676,0.44004323253300104,11.345679012345679,0
54000,4042,205,2271.714285714286,7,0.0,3457,1.033716673738005,16.86341463414634,0
54000,4253,96,2068.8,5,0.0,816,1.1126473981463851,8.5,0
54000,4329,225,2707.75,8,0.0,4607,1.1435707539822757,20.475555555555555,0
54000,4352,339,2284.714285714286,7,0.0,4267,0.46658751152070194,12.587020648967552,0
54000,4362,138,2524.6,5,0.0,1687,1.113183534258765,12.22463768115942,0
54000,4405,196,3344.0,5,0.0,3066,1.0029282669623392,15.642857142857142,0
54000,4477,323,1975.8333333333333,6,0.0,1867,0.22487912217129058,5.780185758513932,0
54000,4490,325,3098.0,7,0.0,3609,0.42936834600920476,11.104615384615384,0
54000,4501,180,2498.5,6,0.0,2764,1.0720200116694059,15.355555555555556,0
54000,4539,92,4091.0,4,0.0,561,0.8329080712022089,6.0978260869565215,0
54000,4591,140,2305.3333333333335,6,0.0,1733,1.111097973198186,12.378571428571428,0
54000,4596,161,2422.0,5,0.0,2492,1.2081090841781976,15.478260869565217,0
54000,4647,125,3020.0,5,0.0,1608,1.2932303326649313,12.864,0
54000,4663,161,2245.8333333333335,6,0.0,2210,1.071396900495111,13.726708074534162,0
54000,4703,101,3054.6,5,0.0,931,1.1468768789303392,9.217821782178218,0
54000,4773,215,2696.714285714286,7,0.0,3882,1.055330464574198,18.05581395348837,0
54000,4777,121,3477.0,5,0.0,1243,1.066866926688645,10.272727272727273,0
54000,4792,113,2557.6,5,0.0,1190,1.1711160647730765,10.530973451327434,0
54000,4795,98,2872.0,5,0.0,881,1.152745992425076,8.989795918367347,0
54000,4809,246,2042.875,8,0.0,5090,1.0569572745569467,20.691056910569106,0
54000,4843,191,2447.0,6,0.0,2850,0.9817207930408607,14.921465968586388,0
54000,4858,170,2121.5,6,0.0,2531,1.1005357794097947,14.888235294117647,0
54000,4904,152,2767.6,5,0.0,2171,1.1808167678226178,14.282894736842104,0
54000,4920,158,2915.6666666666665,6,0.0,2387,1.2015673232044282,15.10759493670886,0
54000,4943,115,3087.4,5,0.0,463,0.43994174627208293,4.026086956521739,0
56000,45,181,3103.3333333333335,6,0.0,2841,1.0897426487407103,15.696132596685082,0
56000,162,234,2294.714285714286,7,0.0,2952,0.6774769167504616,12.615384615384615,0
56000,262,36,3250.6666666666665,3,0.0,128,1.241123023640412,3.5555555555555554,0
56000,277,189,2920.3333333333335,6,0.0,3196,1.1243279998737972,16.91005291005291,0
56000,308,237,2731.1111111111113,9,0.0,4785,1.0705208102282155,20.189873417721518,0
56000,336,163,2628.3333333333335,6,0.0,2199,1.040063569610291,13.49079754601227,0
56000,370,215,3163.8333333333335,6,0.0,3822,1.0390193291093728,17.77674418604651,0
56000,504,91,1907.4,5,0.0,755,1.145708225315925,8.296703296703297,0
56000,552,141,2683.4,5,0.0,1899,1.2003187866137552,13.46808510638298,0
56000,563,236,2541.375,8,0.0,5084,1.1470739048298269,21.54237288135593,0
56000,582,125,2683.3333333333335,6,0.0,1248,1.0037011537100957,9.984,0
56000,717,213,2115.0,8,0.0,4036,1.1178970618606012,18.948356807511736,0
56000,775,185,3702.2,5,0.0,2781,1.0210979307095065,15.032432432432433,0
56000,877,100,2381.0,5,0.0,1018,1.2792565285417636,10.18,0
56000,903,285,1813.0,6,0.0,2593,0.40116465377695704,9.098245614035088,0
56000,969,255,3032.625,8,0.0,5660,1.093820187270633,22.19607843137255,0
56000,1245,187,2363.5,6,0.0,2891,1.038902383428533,15.459893048128341,0
56000,1266,271,2625.1666666666665,6,0.0,2623,0.44881728355365685,9.678966789667896,0
56000,1304,165,2168.0,6,0.0,2435,1.1239343414495715,14.757575757575758,0
56000,1339,143,2778.2,5,0.0,1776,1.0913919610299716,12.41958041958042,0
56000,1407,140,2632.0,5,0.0,1803,1.1559778682494688,12.878571428571428,0
56000,1582,218,2686.0,6,0.0,1708,0.4516320387451702,7.834862385321101,0
56000,1616,207,3323.0,7,0.0,3765,1.1041654499069355,18.18840579710145,0
56000,1711,123,3221.4,5,0.0,1202,0.9983989343948526,9.772357723577235,0
56000,1733,242,1945.6666666666667,6,0.0,2250,0.4827937620775244,9.297520661157025,0
56000,1803,139,2551.4,5,0.0,1629,1.059500943573888,11.719424460431656,0
56000,1839,154,3481.0,5,0.0,2000,1.0597377816123437,12.987012987012987,0
56000,1842,138,1874.6666666666667,6,0.0,1675,1.1052652162913053,12.13768115942029,0
56000,1952,180,2709.0,6,0.0,3051,1.1833332328521555,16.95,0
56000,1972,142,2679.8333333333335,6,0.0,1849,1.1523120048576725,13.02112676056338,0
56000,2010,167,2791.1666666666665,6,0.0,2365,1.0656339955882048,14.161676646706587,0
56000,2084,76,2516.2,5,0.0,487,1.0595260542231504,6.407894736842105,0
56000,2119,158,2576.8,5,0.0,2091,1.052566934570783,13.234177215189874,0
56000,2142,51,4021.5,4,0.0,211,1.0194172240022243,4.137254901960785,0
56000,2147,222,2061.4285714285716,7,0.0,4296,1.0953885268908166,19.35135135135135,0
56000,2170,119,2270.2,5,0.0,1358,1.2050795349410182,11.411764705882353,0
56000,2175,244,2389.0,7,0.0,4130,0.8717265291135344,16.92622950819672,0
56000,2198,195,2003.75,8,0.0,3429,1.1332040719694307,17.584615384615386,0
56000,2270,206,2874.714285714286,7,0.0,3592,1.0636818561310715,17.436893203883496,0
56000,2281,288,2145.6666666666665,6,0.0,2841,0.4304236462600599,9.864583333333334,0
56000,2320,150,3256.2,5,0.0,2215,1.2370893738135806,14.766666666666667,0
56000,2380,94,3344.6,5,0.0,752,1.0694783501582275,8.0,0
56000,2403,145,2980.0,6,0.0,2038,1.2180862455202852,14.055172413793104,0
56000,2439,184,3153.6,5,0.0,2846,1.0563531063464735,15.467391304347826,0
56000,2521,144,2500.5,6,0.0,1934,1.1720370740823032,13.430555555555555,0
56000,2576,332,2676.4285714285716,7,0.0,3531,0.40256073667533604,10.635542168674698,0
56000,2585,128,2413.5,6,0.0,1493,1.1451166581566312,11.6640625,0
56000,2602,318,2244.5,6,0.0,3412,0.42399881864041666,10.729559748427674,0
56000,2623,137,2872.4,5,0.0,1535,1.0277254458437493,11.204379562043796,0
56000,2729,158,3598.2,5,0.0,2045,1.0294114687696085,12.943037974683545,0
56000,2744,201,2739.3333333333335,6,0.0,3240,1.0077730944908223,16.119402985074625,0
56000,2750,236,2799.0,8,0.0,4426,0.99861312013706,18.75423728813559,0
56000,2754,142,2670.1666666666665,6,0.0,1674,1.0432505657824467,11.788732394366198,0
56000,2797,318,2784.6666666666665,6,0.0,3801,0.4723386605076858,11.952830188679245,0
56000,2804,156,2071.1428571428573,7,0.0,2287,1.1809372779026721,14.66025641025641,0
56000,2837,141,3710.2,5,0.0,1713,1.0827520176247303,12.148936170212766,0
56000,2873,243,1869.7777777777778,9,0.0,5094,1.0840673323772736,20.962962962962962,0
56000,2907,212,2661.0,7,0.0,3721,1.0403939359209344,17.55188679245283,0
56000,2953,204,2368.714285714286,7,0.0,3870,1.1685855026328815,18.970588235294116,0
56000,2970,154,2508.8333333333335,6,0.0,2129,1.12809086852634,13.824675324675324,0
56000,3006,153,3009.2,5,0.0,1847,0.991502692328651,12.071895424836601,0
56000,3129,354,2626.75,8,0.0,4022,0.4033159581454291,11.361581920903955,0
56000,3137,209,1790.0,7,0.0,3691,1.061845514928681,17.660287081339714,0
56000,3150,151,3205.1666666666665,6,0.0,2125,1.1711564210128171,14.072847682119205,0
56000,3263,154,2804.8333333333335,6,0.0,1930,1.0226469592559118,12.532467532467532,0
56000,3309,184,2532.714285714286,7,0.0,2854,1.0593224755842712,15.51086956521739,0
56000,3311,205,3066.8333333333335,6,0.0,1800,0.5382383606388224,8.78048780487805,0
56000,3323,152,2269.6666666666665,6,0.0,1932,1.050823581498525,12.710526315789474,0
56000,3350,323,2909.285714285714,7,0.0,3396,0.40904633041976585,10.513931888544892,0
56000,3469,173,3398.2,5,0.0,2887,1.2121725404676045,16.6878612716763,0
56000,3478,149,2618.6666666666665,6,0.0,2058,1.1648840468605548,13.812080536912752,0
56000,3532,164,4064.25,4,0.0,1874,0.8755717776364176,11.426829268292684,0
56000,3614,196,2797.6666666666665,6,0.0,3233,1.0575561275568306,16.494897959183675,0
56000,3619,213,2389.5714285714284,7,0.0,2863,0.7929978414536426,13.44131455399061,0
56000,3635,132,2432.3333333333335,6,0.0,1668,1.2029790050936122,12.636363636363637,0
56000,3655,133,3162.4,5,0.0,1563,1.110364479068539,11.75187969924812,0
56000,3663,142,2608.6666666666665,6,0.0,1752,1.0918608071988332,12.338028169014084,0
56000,3692,97,2882.0,6,0.0,853,1.1392405286479301,8.793814432989691,0
56000,3792,194,2612.285714285714,7,0.0,3136,1.047086253763162,16.164948453608247,0
56000,3858,111,2755.0,5,0.0,614,0.6262277053174687,5.531531531531532,0
56000,3992,327,1965.375,8,0.0,3744,0.4399974897376833,11.44954128440367,0
56000,4042,205,2269.285714285714,7,0.0,3508,1.0489667606227717,17.11219512195122,0
56000,4253,92,2081.0,5,0.0,744,1.1046053564606833,8.08695652173913,0
56000,4329,227,2706.75,8,0.0,4685,1.1425303485080776,20.63876651982379,0
56000,4352,344,2284.0,7,0.0,4349,0.4618302613055033,12.642441860465116,0
56000,4362,138,2545.2,5,0.0,1660,1.09536731883198,12.028985507246377,0
56000,4405,194,3384.2,5,0.0,3053,1.0193731928376701,15.737113402061855,0
56000,4477,319,1955.0,6,0.0,1895,0.23401177577078286,5.940438871473354,0
56000,4490,333,3114.8571428571427,7,0.0,3665,0.4153319833493526,11.006006006006006,0
56000,4501,180,2508.6666666666665,6,0.0,2755,1.0685293531654174,15.305555555555555,0
56000,4539,77,4149.5,4,0.0,378,0.8011617628989319,4.909090909090909,0
56000,4591,140,2310.5,6,0.0,1738,1.1143036799875634,12.414285714285715,0
56000,4596,160,2415.6,5,0.0,2477,1.2158945317096745,15.48125,0
56000,4647,123,3041.0,5,0.0,1540,1.2791467212712755,12.520325203252032,0
56000,4663,160,2241.1666666666665,6,0.0,2211,1.0853220870448488,13.81875,0
56000,4703,97,3100.6,5,0.0,873,1.1659519126725006,9.0,0
56000,4773,216,2696.8571428571427,7,0.0,3919,1.0555471201490396,18.14351851851852,0
56000,4777,117,3570.8,5,0.0,1194,1.0960805401084703,10.205128205128204,0
56000,4792,111,2576.2,5,0.0,1128,1.1504639276842095,10.162162162162161,0
56000,4795,94,2893.8,5,0.0,814,1.1576534268999963,8.659574468085106,0
56000,4809,250,2023.5,8,0.0,5226,1.0507496452902565,20.904,0
56000,4843,190,2474.3333333333335,6,0.0,2836,0.9872085058815129,14.926315789473684,0
56000,4858,171,2116.0,6,0.0,2548,1.0950074322146017,14.900584795321638,0
56000,4904,151,2807.0,5,0.0,2147,1.1832813345480087,14.218543046357615,0
56000,4920,160,2932.0,6,0.0,2402,1.1790789928004193,15.0125,0
56000,4943,96,3124.4,5,0.0,347,0.4731478519078378,3.6145833333333335,0
58000,45,179,3131.8333333333335,6,0.0,2844,1.1154070730388403,15.888268156424582,0
58000,162,236,2291.0,7,0.0,2976,0.6714578955101425,12.610169491525424,0
58000,277,189,2932.1666666666665,6,0.0,3199,1.12538337659458,16.925925925925927,0
58000,308,240,2725.3333333333335,9,0.0,4869,1.062251015995049,20.2875,0
58000,336,162,2644.0,6,0.0,2194,1.05054934948575,13.54320987654321,0
58000,370,215,3203.3333333333335,6,0.0,3826,1.040106738140361,17.795348837209303,0
58000,504,86,1916.8,5,0.0,683,1.1604693252578846,7.941860465116279,0
58000,552,140,2694.4,5,0.0,1878,1.204063470090129,13.414285714285715,0
58000,563,234,2910.285714285714,7,0.0,5112,1.1731917338849458,21.846153846153847,0
58000,582,126,2698.0,6,0.0,1228,0.9720019598408329,9.746031746031745,0
58000,717,215,2410.0,7,0.0,4122,1.1205750064334994,19.172093023255815,0
58000,775,184,3755.0,5,0.0,2750,1.0207206754929028,14.945652173913043,0
58000,877,98,2409.8,5,0.0,960,1.2561136807356106,9.795918367346939,0
58000,903,289,1785.8333333333333,6,0.0,2638,0.3969071931691371,9.1280276816609,0
58000,969,255,3070.3333333333335,9,0.0,5876,1.135563148480961,23.04313725490196,0
58000,1245,186,2351.6666666666665,6,0.0,2898,1.052646029610732,15.580645161290322,0
58000,1266,273,2662.3333333333335,6,0.0,2643,0.44563750397498014,9.68131868131868,0
58000,1304,166,2157.5,6,0.0,2461,1.1222905386100277,14.825301204819278,0
58000,1339,142,2793.2,5,0.0,1751,1.091237598975546,12.330985915492958,0
58000,1407,138,2652.8,5,0.0,1755,1.1580540027410389,12.717391304347826,0
58000,1582,218,2693.3333333333335,6,0.0,1701,0.44978108776670633,7.802752293577981,0
58000,1616,207,3357.285714285714,7,0.0,3810,1.1173626465193691,18.405797101449274,0
58000,1711,119,3293.6,5,0.0,1138,1.0098531007090417,9.563025210084033,0
58000,1733,245,1928.8333333333333,6,0.0,2280,0.4773231986795321,9.306122448979592,0
58000,1803,140,2549.2,5,0.0,1625,1.0418547065476356,11.607142857142858,0
58000,1839,153,3510.8,5,0.0,1963,1.0537735706773914,12.830065359477125,0
58000,1842,139,1881.5,6,0.0,1682,1.093972122216869,12.100719424460431,0
58000,1952,180,2713.5,6,0.0,3061,1.1872117423010318,17.005555555555556,0
58000,1972,141,2681.6666666666665,6,0.0,1858,1.1744035310839165,13.177304964539006,0
58000,2010,168,2790.5,6,0.0,2367,1.0538761070078004,14.089285714285714,0
58000,2084,64,3132.0,4,0.0,332,1.0185632431560658,5.1875,0
58000,2119,156,2577.2,5,0.0,2070,1.0688850744462315,13.26923076923077,0
58000,2147,223,2038.2857142857142,7,0.0,4381,1.1070656892659723,19.6457399103139,0
58000,2170,116,2289.8,5,0.0,1303,1.2168535159415874,11.232758620689655,0
58000,2175,244,2391.4285714285716,7,0.0,4153,0.8765811804863216,17.020491803278688,0
58000,2198,197,2283.0,7,0.0,3496,1.1320062786415437,17.746192893401016,0
58000,2270,210,2994.5,8,0.0,3686,1.050332020057322,17.552380952380954,0
58000,2281,288,2139.1666666666665,6,0.0,2880,0.4363323129985824,10.0,0
58000,2320,148,3289.6,5,0.0,2154,1.2357543053017557,14.554054054054054,0
58000,2380,89,3395.4,5,0.0,659,1.0454788833307278,7.404494382022472,0
58000,2403,150,3627.5,6,0.0,2167,1.210281116502948,14.446666666666667,0
58000,2439,182,3177.2,5,0.0,2818,1.0690747612385023,15.483516483516484,0
58000,2521,143,2502.5,6,0.0,1928,1.1847993811181226,13.482517482517483,0
58000,2576,336,2684.285714285714,7,0.0,3596,0.40026811161808734,10.702380952380953,0
58000,2585,128,2441.0,6,0.0,1492,1.1443496677626883,11.65625,0
58000,2602,320,2722.1428571428573,7,0.0,3568,0.43785947609407744,11.15,0
58000,2623,134,2906.6,5,0.0,1485,1.0392660036936607,11.082089552238806,0
58000,2729,153,3649.8,5,0.0,1994,1.0704149260981755,13.032679738562091,0
58000,2744,202,2736.3333333333335,6,0.0,3269,1.0067509444745646,16.183168316831683,0
58000,2750,236,2802.25,8,0.0,4487,1.0123762020006752,19.01271186440678,0
58000,2754,142,2699.0,6,0.0,1679,1.0463666068988817,11.82394366197183,0
58000,2797,322,2813.1666666666665,6,0.0,3820,0.4629792036076158,11.863354037267081,0
58000,2804,161,2411.0,6,0.0,2371,1.1494488918886463,14.726708074534162,0
58000,2837,141,3748.2,5,0.0,1692,1.0694783501582275,12.0,0
58000,2873,243,2075.875,8,0.0,5229,1.1127970319985794,21.51851851851852,0
58000,2907,212,2670.1428571428573,7,0.0,3750,1.0485023541261769,17.68867924528302,0
58000,2953,207,2645.1428571428573,7,0.0,3985,1.1686850777899438,19.2512077294686,0
58000,2970,150,2882.2,5,0.0,2089,1.1667176983731693,13.926666666666666,0
58000,3006,152,3024.8,5,0.0,1827,0.9937136042431703,12.019736842105264,0
58000,3129,357,2624.0,8,0.0,4083,0.4025805711965453,11.436974789915967,0
58000,3137,211,1997.25,8,0.0,3770,1.064109458820199,17.86729857819905,0
58000,3150,151,3238.5,6,0.0,2122,1.1695030237125636,14.052980132450331,0
58000,3263,153,2818.8333333333335,6,0.0,1917,1.0290799465046152,12.529411764705882,0
58000,3309,184,2541.5714285714284,7,0.0,2903,1.077509862165781,15.777173913043478,0
58000,3311,206,3067.8333333333335,6,0.0,1794,0.531248677588848,8.70873786407767,0
58000,3323,153,2266.5,6,0.0,1939,1.0408899406742038,12.673202614379084,0
58000,3350,321,3396.5,6,0.0,3370,0.410988528550678,10.498442367601246,0
58000,3469,172,3431.2,5,0.0,2863,1.2161140842654918,16.6453488372093,0
58000,3478,149,2629.3333333333335,6,0.0,2030,1.1490352843182343,13.624161073825503,0
58000,3532,152,4127.5,4,0.0,1790,0.973589136067474,11.776315789473685,0
58000,3614,197,2808.5,6,0.0,3232,1.0465229669821137,16.406091370558375,0
58000,3619,213,2392.5714285714284,7,0.0,2873,0.7957676557793626,13.488262910798122,0
58000,3635,133,2455.5,6,0.0,1680,1.193481973662921,12.631578947368421,0
58000,3655,129,3181.2,5,0.0,1526,1.1523515147834924,11.829457364341085,0
58000,3663,143,2634.0,6,0.0,1756,1.0791015110183728,12.27972027972028,0
58000,3692,90,3059.8,5,0.0,768,1.1914781026947956,8.533333333333333,0
58000,3792,194,2601.285714285714,7,0.0,3162,1.0557674535711474,16.298969072164947,0
58000,3858,99,2770.0,5,0.0,509,0.6526153089183572,5.141414141414141,0
58000,3992,331,1949.0,8,0.0,3813,0.43734149152117563,11.51963746223565,0
58000,4042,205,2278.4285714285716,7,0.0,3551,1.0618246770158102,17.321951219512194,0
58000,4253,86,2094.2,5,0.0,673,1.1434785591486916,7.825581395348837,0
58000,4329,229,2703.75,8,0.0,4746,1.1372779873714962,20.724890829694324,0
58000,4352,357,2282.5714285714284,7,0.0,4436,0.4373860920469936,12.42577030812325,0
58000,4362,137,2566.2,5,0.0,1629,1.090661075752096,11.89051094890511,0
58000,4405,194,3440.2,5,0.0,3031,1.0120275622309132,15.623711340206185,0
58000,4477,321,2425.1428571428573,7,0.0,1958,0.2387879937395334,6.099688473520249,0
58000,4490,343,3134.0,7,0.0,3722,0.3975557074573081,10.85131195335277,0
58000,4501,180,2516.1666666666665,6,0.0,2753,1.067753651275642,15.294444444444444,0
58000,4539,30,4532.333333333333,3,0.0,67,0.9354964790689606,2.2333333333333334,0
58000,4591,139,2321.1666666666665,6,0.0,1749,1.1375488952183734,12.582733812949641,0
58000,4596,161,2401.6,5,0.0,2464,1.1945348248054088,15.304347826086957,0
58000,4647,120,3058.6,5,0.0,1483,1.2941616403537952,12.358333333333333,0
58000,4663,160,2235.8333333333335,6,0.0,2206,1.0828677177842319,13.7875,0
58000,4703,94,3138.2,5,0.0,809,1.1505425336143695,8.606382978723405,0
58000,4773,217,2696.285714285714,7,0.0,3962,1.057316153965704,18.258064516129032,0
58000,4777,114,3627.8,5,0.0,1137,1.0994123875443504,9.973684210526315,0
58000,4792,107,2597.0,5,0.0,1067,1.1711343737899587,9.97196261682243,0
58000,4795,90,2918.6,5,0.0,735,1.1402817779696286,8.166666666666666,0
58000,4809,256,1987.111111111111,9,0.0,5417,1.0386967409970649,21.16015625,0
58000,4843,189,2481.8333333333335,6,0.0,2842,0.9997935468214432,15.037037037037036,0
58000,4858,172,2114.6666666666665,6,0.0,2566,1.0899576459047335,14.918604651162791,0
58000,4904,150,2834.2,5,0.0,2127,1.1879409020774203,14.18,0
58000,4920,160,2957.5,6,0.0,2417,1.1864421005822703,15.10625,0
58000,4943,61,3883.25,4,0.0,189,0.6382811196221133,3.098360655737705,0
60000,45,180,3159.0,6,0.0,2856,1.1077022985990677,15.866666666666667,0
60000,162,237,2291.0,7,0.0,3004,0.6720678190022068,12.675105485232068,0
60000,277,188,2948.6666666666665,6,0.0,3204,1.1391651043573672,17.04255319148936,0
60000,308,242,2719.777777777778,9,0.0,4960,1.0642920266242315,20.49586776859504,0
60000,336,162,2659.3333333333335,6,0.0,2200,1.0534223194478807,13.580246913580247,0
60000,370,214,3227.8333333333335,6,0.0,3830,1.0509476690758064,17.897196261682243,0
60000,504,80,1924.4,5,0.0,606,1.189878217547134,7.575,0
60000,552,139,2707.8,5,0.0,1859,1.209092850892485,13.37410071942446,0
60000,563,233,2932.285714285714,7,0.0,5107,1.182126300494249,21.918454935622318,0
60000,582,127,2705.3333333333335,6,0.0,1197,0.9326024939790396,9.4251968503937,0
60000,717,216,2407.285714285714,7,0.0,4156,1.1193809214951287,19.24074074074074,0
60000,775,184,3792.2,5,0.0,2713,1.0069873427680893,14.744565217391305,0
60000,877,95,2427.2,5,0.0,903,1.2573332592538873,9.505263157894737,0
60000,903,293,1755.1666666666667,6,0.0,2682,0.3925847241984333,9.15358361774744,0
60000,969,260,3466.0,8,0.0,5982,1.1120122635369316,23.00769230769231,0
60000,1245,188,2333.6666666666665,6,0.0,2914,1.0360571517157828,15.5,0
60000,1266,273,2706.5,6,0.0,2655,0.4476608297592025,9.725274725274724,0
60000,1304,167,2141.6666666666665,6,0.0,2479,1.117000708271949,14.844311377245509,0
60000,1339,142,2797.4,5,0.0,1723,1.07378776872351,12.133802816901408,0
60000,1407,137,2684.6,5,0.0,1715,1.148240481838456,12.518248175182482,0
60000,1582,218,2702.3333333333335,6,0.0,1701,0.44978108776670633,7.802752293577981,0
60000,1616,208,3375.5714285714284,7,0.0,3865,1.1226197860692078,18.58173076923077,0
60000,1711,115,3346.2,5,0.0,1075,1.0214630178023525,9.347826086956522,0
60000,1733,252,2845.8333333333335,6,0.0,2371,0.46918091343294277,9.408730158730158,0
60000,1803,139,2552.6,5,0.0,1611,1.0477937508272153,11.589928057553957,0
60000,1839,153,3533.8,5,0.0,1936,1.0392794869238053,12.65359477124183,0
60000,1842,140,1875.0,6,0.0,1695,1.086734601598918,12.107142857142858,0
60000,1952,180,2703.5,6,0.0,3067,1.1895388479703575,17.038888888888888,0
60000,1972,141,2687.3333333333335,6,0.0,1854,1.1718752134712491,13.148936170212766,0
60000,2010,168,2789.8333333333335,6,0.0,2371,1.0556570552241213,14.113095238095237,0
60000,2119,156,2584.0,5,0.0,2038,1.0523612472084154,13.064102564102564,0
60000,2147,225,2013.4285714285713,7,0.0,4475,1.1108051061581687,19.88888888888889,0
60000,2170,114,2294.8,5,0.0,1230,1.189337939032147,10.789473684210526,0
60000,2175,244,2803.3333333333335,6,0.0,4094,0.8641279443561282,16.778688524590162,0
60000,2198,198,2275.0,7,0.0,3540,1.1347044172745504,17.87878787878788,0
60000,2270,216,2999.5,8,0.0,3796,1.0224181852732213,17.574074074074073,0
60000,2281,289,2120.0,6,0.0,2918,0.43903532587852234,10.09688581314879,0
60000,2320,147,3303.6,5,0.0,2104,1.2235477704943172,14.312925170068027,0
60000,2380,83,3427.2,5,0.0,554,1.0105631180657544,6.674698795180723,0
60000,2403,153,3643.5,6,0.0,2218,1.1906621394612604,14.49673202614379,0
60000,2439,180,3204.4,5,0.0,2785,1.0801648815120461,15.472222222222221,0
60000,2521,143,2505.5,6,0.0,1932,1.187257471120442,13.51048951048951,0
60000,2576,342,2688.1428571428573,7,0.0,3662,0.3934377175009686,10.707602339181287,0
60000,2585,128,2445.8333333333335,6,0.0,1480,1.1351457830353744,11.5625,0
60000,2602,327,3166.0,6,0.0,3669,0.4311834374592843,11.220183486238533,0
60000,2623,133,2967.8,5,0.0,1453,1.0322198260310858,10.924812030075188,0
60000,2729,152,3676.2,5,0.0,1947,1.0589821496778613,12.80921052631579,0
60000,2744,203,2722.5,6,0.0,3310,1.0093592839799281,16.305418719211822,0
60000,2750,238,2810.875,8,0.0,4541,1.007412770281142,19.07983193277311,0
60000,2754,142,2745.1666666666665,6,0.0,1679,1.0463666068988817,11.82394366197183,0
60000,2797,326,2858.1666666666665,6,0.0,3848,0.45499825100732144,11.803680981595091,0
60000,2804,161,2411.5,6,0.0,2398,1.1625383562838354,14.894409937888199,0
60000,2837,139,3773.8,5,0.0,1656,1.0770617326938972,11.913669064748202,0
60000,2873,246,2058.125,8,0.0,5292,1.0989033196375957,21.51219512195122,0
60000,2907,213,2679.285714285714,7,0.0,3792,1.0503135923130327,17.802816901408452,0
60000,2953,213,2631.4285714285716,7,0.0,4068,1.1267604677029053,19.098591549295776,0
60000,2970,145,2935.2,5,0.0,2010,1.2013510076034215,13.862068965517242,0
60000,3006,151,3035.4,5,0.0,1809,0.9969985720527934,11.980132450331126,0
60000,3129,360,2622.5,8,0.0,4155,0.4028801690020244,11.541666666666666,0
60000,3137,215,1975.5,8,0.0,3892,1.058048987151669,18.10232558139535,0
60000,3150,151,3241.0,6,0.0,2118,1.1672984939788926,14.026490066225165,0
60000,3263,153,2832.5,6,0.0,1900,1.0199540419190238,12.418300653594772,0
60000,3309,185,2531.1428571428573,7,0.0,2945,1.0813137022436161,15.91891891891892,0
60000,3311,206,3063.8333333333335,6,0.0,1781,0.5273990494903781,8.645631067961165,0
60000,3323,154,2262.5,6,0.0,1946,1.0311248615088104,12.636363636363637,0
60000,3350,318,3431.8333333333335,6,0.0,3332,0.4140574629864796,10.477987421383649,0
60000,3469,171,3470.0,5,0.0,2837,1.2192056849265407,16.5906432748538,0
60000,3478,147,2644.6666666666665,6,0.0,2020,1.1746989051323766,13.741496598639456,0
60000,3532,141,4193.75,4,0.0,1704,1.077063302996229,12.085106382978724,0
60000,3614,196,2821.1666666666665,6,0.0,3241,1.060173031058363,16.535714285714285,0
60000,3619,207,2804.1666666666665,6,0.0,2847,0.8349426390132924,13.753623188405797,0
60000,3635,134,2467.5,6,0.0,1693,1.1848332284534462,12.634328358208956,0
60000,3655,128,3200.4,5,0.0,1494,1.145883648550574,11.671875,0
60000,3663,144,2684.0,6,0.0,1768,1.0714382352520746,12.277777777777779,0
60000,3692,83,3100.4,5,0.0,661,1.205744081302281,7.963855421686747,0
60000,3792,195,2592.8571428571427,7,0.0,3199,1.0571944666754765,16.405128205128204,0
60000,3858,77,2788.2,5,0.0,389,0.8244759940944035,5.0519480519480515,0
60000,3992,334,1932.375,8,0.0,3895,0.43875733750698287,11.661676646706587,0
60000,4042,208,2279.5714285714284,7,0.0,3606,1.047391189797041,17.33653846153846,0
60000,4253,81,2105.2,5,0.0,593,1.135780791695624,7.320987654320987,0
60000,4329,231,2696.5,8,0.0,4826,1.136509896458038,20.89177489177489,0
60000,4352,385,3099.285714285714,7,0.0,4550,0.38574455250689316,11.818181818181818,0
60000,4362,135,2591.6,5,0.0,1598,1.1018414398763212,11.837037037037037,0
60000,4405,193,3474.2,5,0.0,3024,1.0201805347209896,15.66839378238342,0
60000,4477,327,3403.0,5,0.0,2070,0.2432678428838153,6.330275229357798,0
60000,4490,342,3710.0,6,0.0,3721,0.3997765556584118,10.880116959064328,0
60000,4501,180,2526.5,6,0.0,2742,1.0634872908818782,15.233333333333333,0
60000,4591,139,2361.8333333333335,6,0.0,1756,1.142101692397635,12.633093525179856,0
60000,4596,162,2386.2,5,0.0,2456,1.1760023711654521,15.160493827160494,0
60000,4647,119,3078.4,5,0.0,1432,1.2707466082735919,12.033613445378151,0
60000,4663,160,2229.1666666666665,6,0.0,2201,1.0804133485236147,13.75625,0
60000,4703,89,3174.0,5,0.0,738,1.1708094323187817,8.292134831460674,0
60000,4773,218,2696.5714285714284,7,0.0,3998,1.0571574302711888,18.339449541284402,0
60000,4777,110,3668.6,5,0.0,1086,1.1278577262143852,9.872727272727273,0
60000,4792,105,2628.6,5,0.0,1001,1.1409466653037217,9.533333333333333,0
60000,4795,84,2927.2,5,0.0,653,1.1629591852574461,7.773809523809524,0
60000,4809,265,2709.3333333333335,9,0.0,5760,1.030719754200197,21.735849056603772,0
60000,4843,188,2483.1666666666665,6,0.0,2830,1.0061913999161516,15.053191489361701,0
60000,4858,171,2109.0,6,0.0,2577,1.1074702326597445,15.070175438596491,0
60000,4904,150,2839.6,5,0.0,2105,1.1756537841433803,14.033333333333333,0
60000,4920,161,2977.6666666666665,6,0.0,2415,1.1707798709030286,15.0,0
62000,45,180,3171.0,6,0.0,2873,1.1142957646621574,15.96111111111111,0
62000,162,237,2273.5714285714284,7,0.0,3044,0.6810167912925158,12.843881856540085,0
62000,277,189,2962.8333333333335,6,0.0,3217,1.131715636919276,17.021164021164022,0
62000,308,244,2714.6666666666665,9,0.0,5041,1.0640129378356722,20.65983606557377,0
62000,336,163,2677.6666666666665,6,0.0,2215,1.0476311080885832,13.588957055214724,0
62000,370,214,3250.0,6,0.0,3831,1.0512220679450168,17.901869158878505,0
62000,504,74,1935.0,5,0.0,518,1.1887107337907326,7.0,0
62000,552,138,2714.0,5,0.0,1848,1.219420966988855,13.391304347826088,0
62000,563,234,2954.5714285714284,7,0.0,5116,1.1741097242870466,21.863247863247864,0
62000,582,125,3177.0,5,0.0,1143,0.9192551431816023,9.144,0
62000,717,217,2407.5714285714284,7,0.0,4198,1.1202961166956147,19.34562211981567,0
62000,775,182,3826.8,5,0.0,2683,1.0178593273253733,14.741758241758241,0
62000,877,92,2447.6,5,0.0,833,1.236742287542674,9.054347826086957,0
62000,903,299,1950.2857142857142,7,0.0,2766,0.38879409759753775,9.250836120401338,0
62000,969,263,3485.875,8,0.0,6049,1.098960167795669,23.0,0
62000,1245,185,2322.5,6,0.0,2918,1.0714001301008054,15.772972972972973,0
62000,1266,272,2717.5,6,0.0,2665,0.45265702972625427,9.797794117647058,0
62000,1304,168,2122.6666666666665,6,0.0,2496,1.1113116869841444,14.857142857142858,0
62000,1339,141,2804.2,5,0.0,1690,1.0682141913518939,11.98581560283688,0
62000,1407,135,2700.8,5,0.0,1680,1.1583814887310513,12.444444444444445,0
62000,1582,217,2723.0,6,0.0,1689,0.4507337163170303,7.783410138248848,0
62000,1616,209,3385.714285714286,7,0.0,3928,1.1300268714819448,18.794258373205743,0
62000,1711,111,3395.4,5,0.0,1015,1.0352135519498873,9.144144144144144,0
62000,1733,251,2857.6666666666665,6,0.0,2371,0.47292685396494655,9.44621513944223,0
62000,1803,139,2550.0,5,0.0,1602,1.0419401544538789,11.525179856115107,0
62000,1839,151,3555.2,5,0.0,1901,1.0477027559272307,12.589403973509933,0
62000,1842,141,1868.3333333333333,6,0.0,1704,1.077063302996229,12.085106382978724,0
62000,1952,181,2695.1666666666665,6,0.0,3084,1.1829518932475716,17.03867403314917,0
62000,1972,141,2691.3333333333335,6,0.0,1855,1.172507292874416,13.156028368794326,0
62000,2010,167,2796.1666666666665,6,0.0,2368,1.0669857511851455,14.179640718562874,0
62000,2119,154,2590.0,5,0.0,2005,1.0623871260663746,13.019480519480519,0
62000,2147,230,1977.857142857143,7,0.0,4593,1.0910650327363267,19.969565217391306,0
62000,2170,110,2295.6,5,0.0,1181,1.2265193136824943,10.736363636363636,0
62000,2175,247,2809.6666666666665,6,0.0,4076,0.8395568952798438,16.502024291497975,0
62000,2198,200,2267.5714285714284,7,0.0,3592,1.1284600811694538,17.96,0
62000,2270,218,2997.875,8,0.0,3912,1.034417175392919,17.94495412844037,0
62000,2281,292,2103.8333333333335,6,0.0,2959,0.436103052259908,10.133561643835616,0
62000,2320,144,3317.2,5,0.0,2049,1.2417290407417991,14.229166666666666,0
62000,2380,74,4043.25,4,0.0,412,0.9454610469532466,5.5675675675675675,0
62000,2403,156,3667.0,6,0.0,2257,1.1654461898672195,14.467948717948717,0
62000,2439,180,3228.4,5,0.0,2767,1.0731835645040688,15.372222222222222,0
62000,2521,144,2505.5,6,0.0,1931,1.1702190227781426,13.409722222222221,0
62000,2576,349,2691.1428571428573,7,0.0,3732,0.38503538667817533,10.693409742120345,0
62000,2585,127,2442.8333333333335,6,0.0,1477,1.150755124149575,11.62992125984252,0
62000,2602,328,3173.0,6,0.0,3699,0.4320624340284297,11.277439024390244,0
62000,2623,132,2986.8,5,0.0,1415,1.0205127651123869,10.719696969696969,0
62000,2729,150,3710.6,5,0.0,1903,1.062835701294467,12.686666666666667,0
62000,2744,209,2703.8571428571427,7,0.0,3379,0.9720877797193206,16.167464114832537,0
62000,2750,238,2820.0,8,0.0,4591,1.0185051813170496,19.289915966386555,0
62000,2754,142,2751.3333333333335,6,0.0,1683,1.04885943979203,11.852112676056338,0
62000,2797,333,2866.1666666666665,6,0.0,3883,0.4400365869974179,11.66066066066066,0
62000,2804,161,2418.3333333333335,6,0.0,2421,1.173688640768626,15.037267080745341,0
62000,2837,138,3804.8,5,0.0,1618,1.0676532059458697,11.72463768115942,0
62000,2873,247,2035.5,8,0.0,5372,1.1065013840636213,21.748987854251013,0
62000,2907,214,2690.8571428571427,7,0.0,3810,1.0454596916915986,17.80373831775701,0
62000,2953,217,2611.5714285714284,7,0.0,4159,1.1098884109902483,19.16589861751152,0
62000,2970,140,2985.8,5,0.0,1945,1.2470199410677851,13.892857142857142,0
62000,3006,153,3044.8,5,0.0,1791,0.9614408889878797,11.705882352941176,0
62000,3129,365,2621.0,8,0.0,4228,0.39880364013894226,11.583561643835617,0
62000,3137,219,1954.0,8,0.0,4001,1.0483111033558734,18.269406392694062,0
62000,3150,152,3240.8333333333335,6,0.0,2114,1.1498142087411396,13.907894736842104,0
62000,3263,154,3380.4,5,0.0,1862,0.9866158746810921,12.090909090909092,0
62000,3309,187,2521.5714285714284,7,0.0,3002,1.078791060204931,16.053475935828878,0
62000,3311,204,3058.6666666666665,6,0.0,1774,0.5356771787262873,8.696078431372548,0
62000,3323,156,2252.6666666666665,6,0.0,1964,1.0141498967209654,12.58974358974359,0
62000,3350,318,3448.8333333333335,6,0.0,3313,0.4116963910186695,10.418238993710691,0
62000,3469,171,3501.0,5,0.0,2819,1.2114701536157624,16.485380116959064,0
62000,3478,148,2659.8333333333335,6,0.0,2005,1.1502726936536771,13.547297297297296,0
62000,3532,130,4259.75,4,0.0,1615,1.2008691445082877,12.423076923076923,0
62000,3614,195,2834.8333333333335,6,0.0,3230,1.0674392395629224,16.564102564102566,0
62000,3619,203,2828.1666666666665,6,0.0,2799,0.8535337268458668,13.788177339901479,0
62000,3635,133,2465.6666666666665,6,0.0,1701,1.2084004983337076,12.789473684210526,0
62000,3655,127,3224.6,5,0.0,1452,1.1312772107414917,11.433070866141732,0
62000,3663,144,2703.0,6,0.0,1785,1.0817405259756523,12.395833333333334,0
62000,3692,75,3140.2,5,0.0,549,1.2264777719614552,7.32,0
62000,3792,197,2581.8571428571427,7,0.0,3243,1.0500847716345898,16.461928934010153,0
62000,3858,52,3054.75,4,0.0,221,1.0270591367505093,4.25,0
62000,3992,338,1910.5,8,0.0,3973,0.4370136764368281,11.754437869822485,0
62000,4042,208,2280.1428571428573,7,0.0,3657,1.0622045427309426,17.58173076923077,0
62000,4253,75,2119.8,5,0.0,497,1.1103086569487126,6.626666666666667,0
62000,4329,231,2693.75,8,0.0,4887,1.1508752308310053,21.155844155844157,0
62000,4352,392,3116.1428571428573,7,0.0,4617,0.3775701083304892,11.778061224489797,0
62000,4362,134,2625.0,5,0.0,1573,1.1008521372458777,11.738805970149254,0
62000,4405,193,3504.4,5,0.0,3014,1.0168069218416211,15.61658031088083,0
62000,4477,320,3450.8,5,0.0,2022,0.2481367322483813,6.31875,0
62000,4490,332,3761.8333333333335,6,0.0,3703,0.4221700390565758,11.153614457831326,0
62000,4501,179,2539.8333333333335,6,0.0,2737,1.0734420389969432,15.29050279329609,0
62000,4591,139,2368.1666666666665,6,0.0,1765,1.1479552887709714,12.697841726618705,0
62000,4596,161,2364.8,5,0.0,2447,1.1862933101862156,15.198757763975156,0
62000,4647,116,3095.0,5,0.0,1377,1.2859610832322073,11.870689655172415,0
62000,4663,166,2226.0,6,0.0,2191,0.9991623608673591,13.198795180722891,0
62000,4703,84,3205.6,5,0.0,659,1.1736448745553705,7.845238095238095,0
62000,4773,220,2698.0,7,0.0,4038,1.048409184726908,18.354545454545455,0
62000,4777,107,3718.0,5,0.0,1017,1.11625459994788,9.504672897196262,0
62000,4792,100,2658.4,5,0.0,933,1.1724423783197109,9.33,0
62000,4795,79,2944.8,5,0.0,560,1.1275705085789356,7.0886075949367084,0
62000,4809,269,2706.6666666666665,9,0.0,5918,1.0277329126985197,22.0,0
62000,4843,189,2479.8333333333335,6,0.0,2840,0.9990899623409213,15.026455026455027,0
62000,4858,172,2103.3333333333335,6,0.0,2589,1.0997273364175195,15.05232558139535,0
62000,4904,149,2848.6,5,0.0,2078,1.1762045915336408,13.946308724832214,0
62000,4920,161,2982.5,6,0.0,2422,1.1741734357462257,15.043478260869565,0
64000,45,179,3187.0,6,0.0,2881,1.1299183464925806,16.094972067039105,0
64000,162,241,2262.714285714286,7,0.0,3066,0.663357936392714,12.721991701244812,0
64000,277,189,2975.8333333333335,6,0.0,3227,1.135233559321885,17.074074074074073,0
64000,308,246,2708.8888888888887,9,0.0,5126,1.0644328073435971,20.83739837398374,0
64000,336,163,2696.8333333333335,6,0.0,2225,1.0523608196375158,13.650306748466258,0
64000,370,215,3269.3333333333335,6,0.0,3834,1.042281556202338,17.832558139534882,0
64000,504,66,1943.2,5,0.0,425,1.226057739004281,6.4393939393939394,0
64000,552,138,2722.0,5,0.0,1836,1.2115026490213947,13.304347826086957,0
64000,563,234,2983.8571428571427,7,0.0,5135,1.178470178697026,21.944444444444443,0
64000,582,117,3242.8,5,0.0,1042,0.9565459989891342,8.905982905982906,0
64000,717,217,2406.285714285714,7,0.0,4228,1.1283020441612814,19.483870967741936,0
64000,775,181,3860.0,5,0.0,2660,1.0203151867829248,14.696132596685082,0
64000,877,89,2467.4,5,0.0,774,1.2279220875538441,8.696629213483146,0
64000,903,313,2468.714285714286,7,0.0,2945,0.37775175269001177,9.408945686900958,0
64000,969,263,3504.25,8,0.0,6108,1.1096790717301945,23.224334600760457,0
64000,1245,187,2310.6666666666665,6,0.0,2929,1.0525579664691016,15.663101604278076,0
64000,1266,274,2724.1666666666665,6,0.0,2695,0.4510944750079648,9.835766423357665,0
64000,1304,169,2105.3333333333335,6,0.0,2526,1.1113984864630535,14.946745562130177,0
64000,1339,140,2813.2,5,0.0,1664,1.0668592195047788,11.885714285714286,0
64000,1407,134,2713.4,5,0.0,1642,1.1491412646902295,12.253731343283581,0
64000,1582,215,2754.1666666666665,6,0.0,1688,0.45888661107708567,7.851162790697674,0
64000,1616,210,3395.8571428571427,7,0.0,3974,1.132398113865382,18.923809523809524,0
64000,1711,107,3448.2,5,0.0,948,1.0405205120458114,8.85981308411215,0
64000,1733,250,2864.8333333333335,6,0.0,2376,0.4777231452754783,9.504,0
64000,1803,139,2543.8,5,0.0,1611,1.0477937508272153,11.589928057553957,0
64000,1839,150,3581.2,5,0.0,1873,1.0460805404753215,12.486666666666666,0
64000,1842,141,1862.5,6,0.0,1704,1.077063302996229,12.085106382978724,0
64000,1952,182,2688.8333333333335,6,0.0,3102,1.1768168592483443,17.043956043956044,0
64000,1972,141,2696.3333333333335,6,0.0,1850,1.169346895858582,13.120567375886525,0
64000,2010,168,2797.1666666666665,6,0.0,2373,1.0565475293322817,14.125,0
64000,2119,153,2593.0,5,0.0,1980,1.0628994752629828,12.941176470588236,0
64000,2147,232,2212.625,8,0.0,4792,1.118795481272465,20.655172413793103,0
64000,2170,108,2295.2,5,0.0,1132,1.2195757489244328,10.481481481481481,0
64000,2175,247,2817.5,6,0.0,4049,0.8339955517635151,16.39271255060729,0
64000,2198,201,2260.1428571428573,7,0.0,3641,1.132500566987989,18.114427860696516,0
64000,2270,223,2996.875,8,0.0,4008,1.0128096970047973,17.973094170403588,0
64000,2281,293,2083.6666666666665,6,0.0,3016,0.4414748427227721,10.293515358361775,0
64000,2320,143,3333.4,5,0.0,2000,1.229045001159878,13.986013986013987,0
64000,2380,48,4142.25,4,0.0,183,0.9981101659842572,3.8125,0
64000,2403,157,3705.0,6,0.0,2286,1.1654315884792514,14.560509554140127,0
64000,2439,181,3253.8,5,0.0,2741,1.0513849349518785,15.143646408839778,0
64000,2521,145,2508.6666666666665,6,0.0,1933,1.1553291033320467,13.331034482758621,0
64000,2576,354,2695.714285714286,7,0.0,3798,0.38085380632430127,10.728813559322035,0
64000,2585,128,2443.0,6,0.0,1470,1.1274758790959463,11.484375,0
64000,2602,329,3180.6666666666665,6,0.0,3745,0.4347803323211639,11.382978723404255,0
64000,2623,130,3009.4,5,0.0,1365,1.0149760880828562,10.5,0
64000,2729,148,3756.0,5,0.0,1868,1.0716755071047723,12.621621621621621,0
64000,2744,212,3143.1666666666665,6,0.0,3478,0.9724509833735582,16.40566037735849,0
64000,2750,239,2837.625,8,0.0,4637,1.0201197552350885,19.401673640167363,0
64000,2754,141,2760.6666666666665,6,0.0,1675,1.058733000304392,11.879432624113475,0
64000,2797,342,3349.0,6,0.0,3942,0.423520339265106,11.526315789473685,0
64000,2804,162,2422.1666666666665,6,0.0,2436,1.1664258046250169,15.037037037037036,0
64000,2837,135,3836.4,5,0.0,1586,1.0935672863853854,11.748148148148148,0
64000,2873,249,2009.625,8,0.0,5469,1.1084576198759748,21.96385542168675,0
64000,2907,215,2704.285714285714,7,0.0,3838,1.0433689652333262,17.851162790697675,0
64000,2953,220,2853.75,8,0.0,4308,1.1185108389805642,19.581818181818182,0
64000,2970,138,3039.0,5,0.0,1877,1.2385569020768834,13.601449275362318,0
64000,3006,151,3055.0,5,0.0,1769,0.9749532747160815,11.71523178807947,0
64000,3129,371,2619.375,8,0.0,4294,0.39203431694087,11.574123989218329,0
64000,3137,222,1929.75,8,0.0,4112,1.048472444733482,18.52252252252252,0
64000,3150,153,3236.8333333333335,6,0.0,2110,1.132685804446916,13.790849673202615,0
64000,3263,146,3476.6,5,0.0,1775,1.0464115143782853,12.157534246575343,0
64000,3309,189,2509.285714285714,7,0.0,3054,1.0743735017567513,16.158730158730158,0
64000,3311,204,3060.0,6,0.0,1760,0.5314497376314914,8.627450980392156,0
64000,3323,156,2236.6666666666665,6,0.0,1979,1.0218954407386918,12.685897435897436,0
64000,3350,317,3467.5,6,0.0,3309,0.413797732716163,10.438485804416404,0
64000,3469,171,3536.0,5,0.0,2796,1.2015858636075458,16.350877192982455,0
64000,3478,147,2675.3333333333335,6,0.0,1988,1.1560898135659232,13.523809523809524,0
64000,3532,120,4323.75,4,0.0,1532,1.3369222070276563,12.766666666666667,0
64000,3614,194,2847.6666666666665,6,0.0,3223,1.0761348838898825,16.61340206185567,0
64000,3619,203,2843.5,6,0.0,2779,0.8474348792085258,13.689655172413794,0
64000,3635,136,2463.3333333333335,6,0.0,1719,1.1679060924569322,12.639705882352942,0
64000,3655,124,3244.2,5,0.0,1416,1.1572568151621092,11.419354838709678,0
64000,3663,144,2713.3333333333335,6,0.0,1800,1.0908307824964558,12.5,0
64000,3692,67,3178.2,5,0.0,435,1.2177258225097438,6.492537313432836,0
64000,3792,197,2571.285714285714,7,0.0,3277,1.061093986014971,16.634517766497463,0
64000,3992,341,1890.625,8,0.0,4049,0.43757135402636965,11.873900293255131,0
64000,4042,210,2278.0,7,0.0,3710,1.0571708612079938,17.666666666666668,0
64000,4253,65,2141.4,5,0.0,389,1.156998383191886,5.984615384615385,0
64000,4329,233,2692.0,8,0.0,4942,1.1439334593778303,21.21030042918455,0
64000,4352,397,3130.714285714286,7,0.0,4679,0.3730627572320525,11.785894206549118,0
64000,4362,132,2685.0,5,0.0,1531,1.1041731755385613,11.598484848484848,0
64000,4405,194,3525.4,5,0.0,3005,1.0033463624229277,15.489690721649485,0
64000,4477,312,3495.2,5,0.0,1976,0.2550865829837866,6.333333333333333,0
64000,4490,327,3817.3333333333335,6,0.0,3687,0.4332988100061,11.275229357798166,0
64000,4501,179,2563.1666666666665,6,0.0,2734,1.0722654492574506,15.273743016759777,0
64000,4591,139,2368.1666666666665,6,0.0,1786,1.1616136803087564,12.848920863309353,0
64000,4596,161,2345.2,5,0.0,2443,1.1843541302758174,15.173913043478262,0
64000,4647,113,3111.4,5,0.0,1320,1.2990531138659336,11.68141592920354,0
64000,4663,157,2680.0,5,0.0,2133,1.08743026169127,13.585987261146498,0
64000,4703,79,3239.2,5,0.0,576,1.159786808824048,7.291139240506329,0
64000,4773,220,2698.1428571428573,7,0.0,4077,1.0585349792302137,18.53181818181818,0
64000,4777,105,3759.0,5,0.0,956,1.0896553566736842,9.104761904761904,0
64000,4792,97,2688.2,5,0.0,863,1.1525962206602154,8.896907216494846,0
64000,4795,71,2967.0,5,0.0,456,1.1367317992754973,6.422535211267606,0
64000,4809,277,2710.0,9,0.0,6051,0.9910087266546853,21.84476534296029,0
64000,4843,189,2466.6666666666665,6,0.0,2834,0.9969792088993559,14.994708994708995,0
64000,4858,173,2095.6666666666665,6,0.0,2616,1.0983870335515251,15.121387283236995,0
64000,4904,148,2856.0,5,0.0,2055,1.178957798233569,13.885135135135135,0
64000,4920,161,2994.0,6,0.0,2429,1.177567000589423,15.08695652173913,0
66000,45,180,3205.3333333333335,6,0.0,2903,1.1259312930087864,16.127777777777776,0
66000,162,242,2252.1428571428573,7,0.0,3090,0.6630367665864668,12.768595041322314,0
66000,277,189,2992.0,6,0.0,3232,1.1369925205231892,17.1005291005291,0
66000,308,247,2703.6666666666665,9,0.0,5204,1.0718974688509095,21.068825910931174,0
66000,336,164,2722.6666666666665,6,0.0,2238,1.0456401485327123,13.646341463414634,0
66000,370,215,3283.0,6,0.0,3849,1.0463593400685443,17.90232558139535,0
66000,504,57,1960.6,5,0.0,310,1.1990073531706198,5.43859649122807,0
66000,552,137,2727.0,5,0.0,1822,1.2198799754575316,13.299270072992702,0
66000,563,234,3008.285714285714,7,0.0,5151,1.1821421403054295,22.012820512820515,0
66000,582,111,3303.0,5,0.0,954,0.9729987473499433,8.594594594594595,0
66000,717,220,2404.285714285714,7,0.0,4272,1.1091639517467435,19.418181818181818,0
66000,775,181,3896.0,5,0.0,2636,1.0111093354736052,14.56353591160221,0
66000,877,84,2489.4,5,0.0,704,1.2537875442898039,8.380952380952381,0
66000,903,320,2447.0,7,0.0,3036,0.37257325376166456,9.4875,0
66000,969,263,3527.625,8,0.0,6148,1.1169461252451272,23.376425855513308,0
66000,1245,187,2298.6666666666665,6,0.0,2935,1.0547141111597178,15.695187165775401,0
66000,1266,276,2732.0,6,0.0,2718,0.4483747549074279,9.847826086956522,0
66000,1304,172,2085.1666666666665,6,0.0,2556,1.0857099543774351,14.86046511627907,0
66000,1339,140,2829.0,5,0.0,1639,1.0508306855578922,11.707142857142857,0
66000,1407,132,2729.4,5,0.0,1605,1.157542747706983,12.159090909090908,0
66000,1582,216,2772.1666666666665,6,0.0,1679,0.45222342810161714,7.773148148148148,0
66000,1616,211,3407.285714285714,7,0.0,4031,1.1377785752000589,19.104265402843602,0
66000,1711,103,3511.2,5,0.0,884,1.0470988427838164,8.58252427184466,0
66000,1733,250,2870.8333333333335,6,0.0,2382,0.4789295168544568,9.528,0
66000,1803,140,2538.8,5,0.0,1609,1.031596444821628,11.492857142857142,0
66000,1839,148,3600.0,5,0.0,1837,1.0538907422652393,12.412162162162161,0
66000,1842,142,1854.6666666666667,6,0.0,1715,1.068802102937214,12.077464788732394,0
66000,1952,183,2690.0,6,0.0,3124,1.172245865784528,17.07103825136612,0
66000,1972,141,2697.3333333333335,6,0.0,1846,1.1668185782459148,13.092198581560284,0
66000,2010,168,2798.5,6,0.0,2381,1.060109425764923,14.172619047619047,0
66000,2119,153,2596.2,5,0.0,1949,1.0462581198421985,12.738562091503267,0
66000,2147,235,2870.5,8,0.0,4997,1.1370602799448217,21.26382978723404,0
66000,2170,106,2292.0,5,0.0,1080,1.2078747119533557,10.18867924528302,0
66000,2175,246,2816.8333333333335,6,0.0,4052,0.8414127458751961,16.471544715447155,0
66000,2198,203,2248.4285714285716,7,0.0,3695,1.1267621009987416,18.201970443349754,0
66000,2270,226,2997.5,8,0.0,4098,1.008242359966401,18.13274336283186,0
66000,2281,294,2068.0,6,0.0,3076,0.4471997317063355,10.462585034013605,0
66000,2320,135,4207.5,4,0.0,1891,1.303868687613344,14.007407407407408,0
66000,2403,158,3739.3333333333335,6,0.0,2316,1.1658273651200066,14.658227848101266,0
66000,2439,179,3279.2,5,0.0,2715,1.0648137142406653,15.167597765363128,0
66000,2521,146,2514.8333333333335,6,0.0,1926,1.1354301840521563,13.191780821917808,0
66000,2576,359,2699.1428571428573,7,0.0,3862,0.376559177168513,10.757660167130918,0
66000,2585,129,2443.0,6,0.0,1478,1.1161045470838806,11.457364341085272,0
66000,2602,331,3192.3333333333335,6,0.0,3769,0.432294802397931,11.386706948640484,0
66000,2623,127,3024.6,5,0.0,1331,1.0370041098463672,10.48031496062992,0
66000,2729,146,3793.8,5,0.0,1815,1.0699926189276552,12.431506849315069,0
66000,2744,210,3149.5,6,0.0,3501,0.9976159528542282,16.67142857142857,0
66000,2750,240,2841.75,8,0.0,4680,1.0210176124166828,19.5,0
66000,2754,142,2771.5,6,0.0,1672,1.0420041493358727,11.774647887323944,0
66000,2797,342,3377.6666666666665,6,0.0,3957,0.42513190828818476,11.570175438596491,0
66000,2804,163,2430.3333333333335,6,0.0,2444,1.155941502559141,14.993865030674847,0
66000,2837,134,3866.2,5,0.0,1548,1.0833560765776342,11.552238805970148,0
66000,2873,254,2599.625,8,0.0,5605,1.091737046523082,22.066929133858267,0
66000,2907,215,2714.1428571428573,7,0.0,3874,1.0531556465122214,18.01860465116279,0
66000,2953,219,3267.1428571428573,7,0.0,4398,1.1523299756458714,20.08219178082192,0
66000,2970,135,3091.6,5,0.0,1818,1.2535342538768164,13.466666666666667,0
66000,3006,153,3066.4,5,0.0,1758,0.9437258977334967,11.490196078431373,0
66000,3129,376,2616.0,8,0.0,4358,0.38736591173450424,11.590425531914894,0
66000,3137,227,1901.25,8,0.0,4234,1.0325450364105015,18.651982378854626,0
66000,3150,153,3232.6666666666665,6,0.0,2103,1.1289280790293195,13.745098039215685,0
66000,3263,141,3542.4,5,0.0,1700,1.0745349853835617,12.056737588652481,0
66000,3309,191,2495.0,7,0.0,3116,1.0733480670580078,16.31413612565445,0
66000,3311,203,3062.1666666666665,6,0.0,1748,0.5330392835035995,8.610837438423646,0
66000,3323,159,2219.5,6,0.0,1988,0.9881707520013463,12.50314465408805,0
66000,3350,318,3481.5,6,0.0,3300,0.4100809207249048,10.377358490566039,0
66000,3469,169,3570.4,5,0.0,2766,1.2169945421840087,16.366863905325445,0
66000,3478,147,2692.8333333333335,6,0.0,1970,1.145622199559793,13.401360544217686,0
66000,3532,116,4386.5,4,0.0,1451,1.3550686505228269,12.508620689655173,0
66000,3614,194,2860.5,6,0.0,3229,1.078138237691725,16.644329896907216,0
66000,3619,203,2856.3333333333335,6,0.0,2765,0.8431656858623872,13.620689655172415,0
66000,3635,136,2462.3333333333335,6,0.0,1736,1.179456065448071,12.764705882352942,0
66000,3655,123,3261.4,5,0.0,1379,1.145417745865642,11.211382113821138,0
66000,3663,146,2702.8333333333335,6,0.0,1832,1.0800145883611372,12.547945205479452,0
66000,3692,55,3222.8,5,0.0,298,1.2379432869682756,5.418181818181818,0
66000,3792,197,2562.8571428571427,7,0.0,3310,1.0717793999723997,16.80203045685279,0
66000,3992,345,1865.25,8,0.0,4132,0.43624653122060153,11.976811594202898,0
66000,4042,211,2276.1428571428573,7,0.0,3762,1.0618514016131535,17.829383886255926,0
66000,4253,54,2164.2,5,0.0,261,1.1247677401741234,4.833333333333333,0
66000,4329,234,2691.0,8,0.0,5019,1.1518484570360998,21.44871794871795,0
66000,4352,400,3145.4285714285716,7,0.0,4738,0.37212164981771095,11.845,0
66000,4362,131,2730.0,5,0.0,1498,1.0969304341419521,11.435114503816793,0
66000,4405,194,3539.8,5,0.0,3019,1.0080208546272278,15.561855670103093,0
66000,4477,308,3532.6,5,0.0,1940,0.2569864120409934,6.298701298701299,0
66000,4490,325,3848.1666666666665,6,0.0,3687,0.4386481273859623,11.344615384615384,0
66000,4501,179,2566.6666666666665,6,0.0,2737,1.0734420389969432,15.29050279329609,0
66000,4591,141,2365.1666666666665,6,0.0,1801,1.1383750051034087,12.77304964539007,0
66000,4596,160,2332.6,5,0.0,2434,1.1947869560683682,15.2125,0
66000,4647,111,3130.6,5,0.0,1265,1.2901922593267068,11.396396396396396,0
66000,4663,153,2710.0,5,0.0,2057,1.1042344548565433,13.444444444444445,0
66000,4703,73,3272.6,5,0.0,485,1.1436835706444357,6.6438356164383565,0
66000,4773,223,2698.5714285714284,7,0.0,4122,1.0416171584465503,18.484304932735427,0
66000,4777,100,3807.4,5,0.0,878,1.1033273399407353,8.78,0
66000,4792,92,2718.0,5,0.0,785,1.165477425835533,8.532608695652174,0
66000,4795,61,2994.4,5,0.0,327,1.104327651409688,5.360655737704918,0
66000,4809,279,2714.777777777778,9,0.0,6153,0.9933181535457148,22.053763440860216,0
66000,4843,192,2455.3333333333335,6,0.0,2850,0.971521165660906,14.84375,0
66000,4858,173,2084.0,6,0.0,2644,1.110143469690456,15.283236994219653,0
66000,4904,147,2857.8,5,0.0,2032,1.1816773144697967,13.82312925170068,0
66000,4920,161,3004.0,6,0.0,2440,1.1828997453430186,15.15527950310559,0
68000,45,180,3223.3333333333335,6,0.0,2922,1.1333004609616513,16.233333333333334,0
68000,162,241,2240.1428571428573,7,0.0,3117,0.6743922660587377,12.933609958506224,0
68000,277,189,3005.5,6,0.0,3254,1.1447319498089288,17.21693121693122,0
68000,308,250,2700.4444444444443,9,0.0,5272,1.059998494062425,21.088,0
68000,336,164,2733.8333333333335,6,0.0,2249,1.0507795773235342,13.713414634146341,0
68000,370,215,3297.1666666666665,6,0.0,3856,1.0482623058727738,17.934883720930234,0
68000,504,41,1981.4,5,0.0,163,1.2185118442240006,3.975609756097561,0
68000,552,137,2730.8,5,0.0,1818,1.2172018635465383,13.27007299270073,0
68000,563,236,3024.714285714286,7,0.0,5175,1.1676057154788264,21.927966101694917,0
68000,582,105,3333.4,5,0.0,869,0.9904921599889452,8.276190476190477,0
68000,717,221,2409.0,7,0.0,4308,1.108411470007971,19.493212669683256,0
68000,775,179,3936.6,5,0.0,2595,1.0177501246609673,14.497206703910615,0
68000,877,81,2522.8,5,0.0,626,1.1989861308624967,7.728395061728395,0
68000,903,322,2426.4285714285716,7,0.0,3105,0.37632210136168776,9.642857142857142,0
68000,969,265,3554.875,8,0.0,6184,1.1065921805510448,23.335849056603774,0
68000,1245,189,2285.1666666666665,6,0.0,2948,1.0370835242890972,15.597883597883598,0
68000,1266,277,2737.1666666666665,6,0.0,2735,0.4479274280946231,9.873646209386282,0
68000,1304,175,2059.8333333333335,6,0.0,2596,1.0652178976286175,14.834285714285715,0
68000,1339,141,2827.0,5,0.0,1622,1.0252327919365514,11.50354609929078,0
68000,1407,131,2745.2,5,0.0,1567,1.1474566023367416,11.961832061068701,0
68000,1582,215,2788.1666666666665,6,0.0,1670,0.453993270437638,7.767441860465116,0
68000,1616,213,3424.285714285714,7,0.0,4091,1.1331310406520614,19.206572769953052,0
68000,1711,99,3566.4,5,0.0,819,1.0500823929354313,8.272727272727273,0
68000,1733,251,2875.3333333333335,6,0.0,2397,0.47811289285279496,9.549800796812749,0
68000,1803,143,2522.4,5,0.0,1641,1.00843142345168,11.475524475524475,0
68000,1839,146,3617.6,5,0.0,1795,1.0582020666529703,12.294520547945206,0
68000,1842,145,1847.0,6,0.0,1738,1.038780124982461,11.986206896551725,0
68000,1952,185,2678.5,6,0.0,3153,1.157684924677121,17.043243243243243,0
68000,1972,140,2700.0,6,0.0,1847,1.1841880879959894,13.192857142857143,0
68000,2010,167,2801.0,6,0.0,2381,1.0728433587718882,14.25748502994012,0
68000,2119,150,2601.6,5,0.0,1915,1.069537765622125,12.766666666666667,0
68000,2147,236,2858.875,8,0.0,5116,1.1542938822009037,21.677966101694917,0
68000,2170,105,2288.8,5,0.0,1031,1.17514087105708,9.81904761904762,0
68000,2175,247,2815.5,6,0.0,4053,0.8348194545066748,16.408906882591094,0
68000,2198,205,2238.714285714286,7,0.0,3754,1.1225260032434106,18.31219512195122,0
68000,2270,232,2996.375,8,0.0,4187,0.977545217046705,18.04741379310345,0
68000,2281,297,2043.1666666666667,6,0.0,3156,0.4496079272967333,10.626262626262626,0
68000,2320,129,4264.5,4,0.0,1781,1.3449135306876803,13.806201550387597,0
68000,2403,159,3754.3333333333335,6,0.0,2348,1.1671151537722138,14.767295597484276,0
68000,2439,178,3300.4,5,0.0,2691,1.0672927447052307,15.117977528089888,0
68000,2521,145,2524.5,6,0.0,1925,1.1505476067843714,13.275862068965518,0
68000,2576,364,2703.714285714286,7,0.0,3934,0.373113920396759,10.807692307692308,0
68000,2585,127,2447.8333333333335,6,0.0,1478,1.1515342406858984,11.637795275590552,0
68000,2602,334,3202.5,6,0.0,3807,0.4288444631294181,11.39820359281437,0
68000,2623,125,3040.4,5,0.0,1291,1.0382838056408124,10.328,0
68000,2729,144,3820.6,5,0.0,1781,1.0793164575701044,12.368055555555555,0
68000,2744,209,3157.6666666666665,6,0.0,3514,1.010925261300294,16.8133971291866,0
68000,2750,242,2833.125,8,0.0,4748,1.0188021254862605,19.619834710743802,0
68000,2754,142,2782.8333333333335,6,0.0,1667,1.0388881082194377,11.73943661971831,0
68000,2797,342,3407.3333333333335,6,0.0,3969,0.4264211635066478,11.605263157894736,0
68000,2804,164,2439.0,6,0.0,2482,1.1596420235291294,15.134146341463415,0
68000,2837,132,3890.8,5,0.0,1513,1.09119138771381,11.462121212121213,0
68000,2873,255,2598.875,8,0.0,5681,1.0978785307216372,22.27843137254902,0
68000,2907,216,2728.0,7,0.0,3904,1.0515070061397935,18.074074074074073,0
68000,2953,220,3282.0,7,0.0,4439,1.1525231230814126,20.177272727272726,0
68000,2970,132,3152.4,5,0.0,1759,1.2686091546520768,13.325757575757576,0
68000,3006,153,3074.8,5,0.0,1744,0.9362104468983039,11.398692810457517,0
68000,3129,378,2614.0,8,0.0,4425,0.3891701657886071,11.706349206349206,0
68000,3137,233,1869.125,8,0.0,4364,1.0101427795881932,18.72961373390558,0
68000,3150,155,3223.5,6,0.0,2111,1.1041668414947852,13.619354838709677,0
68000,3263,140,3589.4,5,0.0,1640,1.0514718269157675,11.714285714285714,0
68000,3309,195,2484.4285714285716,7,0.0,3177,1.0499239826908373,16.29230769230769,0
68000,3311,201,3062.3333333333335,6,0.0,1739,0.5409004355924507,8.651741293532337,0
68000,3323,162,2198.3333333333335,6,0.0,1999,0.9571778257165061,12.339506172839506,0
68000,3350,317,3496.0,6,0.0,3288,0.4111716364976561,10.372239747634069,0
68000,3469,168,3602.0,5,0.0,2747,1.2230661875582711,16.351190476190474,0
68000,3478,147,2711.8333333333335,6,0.0,1954,1.1363176537765665,13.29251700680272,0
68000,3532,113,4448.75,4,0.0,1375,1.3531803269436808,12.168141592920353,0
68000,3614,193,2884.6666666666665,6,0.0,3215,1.084616540716925,16.6580310880829,0
68000,3619,199,2873.6666666666665,6,0.0,2734,0.8675653963197387,13.738693467336683,0
68000,3635,136,2453.8333333333335,6,0.0,1770,1.202556011430349,13.014705882352942,0
68000,3655,121,3283.2,5,0.0,1333,1.1441139286210489,11.016528925619834,0
68000,3663,149,2687.0,6,0.0,1880,1.0641311992700888,12.61744966442953,0
68000,3692,34,3274.4,5,0.0,118,1.2827264121923723,3.4705882352941178,0
68000,3792,201,2553.285714285714,7,0.0,3352,1.0426096952880362,16.676616915422887,0
68000,3992,353,1837.625,8,0.0,4207,0.4242608573586903,11.917847025495751,0
68000,4042,214,2276.1428571428573,7,0.0,3817,1.0473804837760714,17.83644859813084,0
68000,4253,30,2196.2,5,0.0,82,1.14493598930828,2.7333333333333334,0
68000,4329,235,2692.75,8,0.0,5089,1.1579947497777063,21.65531914893617,0
68000,4352,402,3156.4285714285716,7,0.0,4793,0.3727049723684037,11.922885572139304,0
68000,4362,129,2756.0,5,0.0,1464,1.1055325148381605,11.348837209302326,0
68000,4405,196,3546.6,5,0.0,3046,0.996386008208508,15.540816326530612,0
68000,4477,304,3571.8,5,0.0,1900,0.2583546590123185,6.25,0
68000,4490,322,3876.6666666666665,6,0.0,3689,0.447102168091229,11.456521739130435,0
68000,4501,179,2569.0,6,0.0,2739,1.0742264321566046,15.30167597765363,0
68000,4591,142,2360.6666666666665,6,0.0,1816,1.1317461334892014,12.788732394366198,0
68000,4596,161,2314.8,5,0.0,2431,1.1785365905446221,15.099378881987578,0
68000,4647,109,3149.2,5,0.0,1210,1.27980039082355,11.100917431192661,0
68000,4663,151,2738.4,5,0.0,1989,1.0962024100679968,13.172185430463577,0
68000,4703,62,3304.0,5,0.0,375,1.2259076431802003,6.048387096774194,0
68000,4773,222,2698.1428571428573,7,0.0,4164,1.0617313375170765,18.756756756756758,0
68000,4777,95,3856.0,5,0.0,806,1.1222708825677,8.48421052631579,0
68000,4792,87,2754.2,5,0.0,706,1.1721307509231835,8.114942528735632,0
68000,4795,43,3033.6,5,0.0,157,1.0670201116573228,3.6511627906976742,0
68000,4809,285,2718.777777777778,9,0.0,6267,0.9695714944929384,21.989473684210527,0
68000,4843,191,2443.5,6,0.0,2859,0.9848209639662531,14.968586387434556,0
68000,4858,175,2065.6666666666665,6,0.0,2690,1.1037889617184056,15.371428571428572,0
68000,4904,145,2851.2,5,0.0,2004,1.197764885192665,13.820689655172414,0
68000,4920,163,3018.6666666666665,6,0.0,2442,1.1549955602493545,14.98159509202454,0
70000,45,180,3252.3333333333335,6,0.0,2933,1.137566821355415,16.294444444444444,0
70000,162,244,2232.285714285714,7,0.0,3139,0.6625543764860495,12.864754098360656,0
70000,277,189,3019.3333333333335,6,0.0,3268,1.1496570411725813,17.29100529100529,0
70000,308,250,2698.222222222222,9,0.0,5352,1.0760834484488047,21.408,0
70000,336,163,2740.8333333333335,6,0.0,2264,1.0708066946783532,13.889570552147239,0
70000,370,215,3299.3333333333335,6,0.0,3874,1.0531556465122214,18.01860465116279,0
70000,552,136,2735.8,5,0.0,1809,1.2290530082923736,13.301470588235293,0
70000,563,236,3038.285714285714,7,0.0,5189,1.1707644555786725,21.98728813559322,0
70000,582,100,3365.4,5,0.0,775,0.9738937226128359,7.75,0
70000,717,221,2412.5714285714284,7,0.0,4355,1.1205041671041582,19.705882352941178,0
70000,775,178,3969.4,5,0.0,2575,1.0212853279880971,14.46629213483146,0
70000,877,75,2551.6,5,0.0,537,1.1996695146508223,7.16,0
70000,903,324,2405.8571428571427,7,0.0,3176,0.38018969165528055,9.802469135802468,0
70000,969,265,3568.75,8,0.0,6224,1.1137499566218796,23.486792452830187,0
70000,1245,190,2269.6666666666665,6,0.0,2970,1.0338537596855055,15.631578947368421,0
70000,1266,276,2743.8333333333335,6,0.0,2756,0.4546434232983338,9.985507246376812,0
70000,1304,175,2370.3333333333335,6,0.0,2617,1.0738348374784639,14.954285714285714,0
70000,1339,141,3551.0,4,0.0019023462270133164,1577,0.9967892187940453,11.184397163120567,1
70000,1407,130,2761.8,5,0.0,1531,1.1384090775493427,11.776923076923078,0
70000,1582,215,2802.8333333333335,6,0.0,1657,0.4504591910869259,7.706976744186046,0
70000,1616,213,3432.4285714285716,7,0.0,4143,1.1475340751458054,19.450704225352112,0
70000,1711,93,3622.0,5,0.0,751,1.091148610403947,8.075268817204302,0
70000,1733,251,2879.3333333333335,6,0.0,2405,0.4797085971259791,9.581673306772908,0
70000,1803,148,3293.1666666666665,6,0.0,1746,1.0016838519298354,11.797297297297296,0
70000,1839,144,3633.6,5,0.0,1759,1.0659840813395922,12.215277777777779,0
70000,1842,151,2144.0,6,0.0,1786,0.9843225260841841,11.827814569536423,0
70000,1952,186,3429.8333333333335,6,0.00031575623618566466,3167,1.1503554091708723,17.026881720430108,1
70000,1972,140,2703.1666666666665,6,0.0,1845,1.1829058052802384,13.178571428571429,0
70000,2010,169,2803.0,6,0.0,2391,1.0520007051200162,14.14792899408284,0
70000,2119,149,2607.8,5,0.0,1883,1.065829280971052,12.63758389261745,0
70000,2147,238,2845.75,8,0.0,5235,1.1613754354595414,21.99579831932773,0
70000,2170,105,2268.8,5,0.0,976,1.1124514938425898,9.295238095238096,0
70000,2175,249,3092.6666666666665,6,0.0,4066,0.824097400332001,16.329317269076306,0
70000,2198,208,2223.0,7,0.0,3825,1.1110014700426183,18.389423076923077,0
70000,2270,228,3440.5714285714284,7,0.0,4214,1.0186727794881032,18.482456140350877,0
70000,2281,302,2303.3333333333335,6,0.0,3256,0.4486218008020862,10.781456953642385,0
70000,2320,126,4316.25,4,0.0,1689,1.3368984610514387,13.404761904761905,0
70000,2403,161,3772.3333333333335,6,0.0,2371,1.1494488918886463,14.726708074534162,0
70000,2439,178,3326.6,5,0.0,2669,1.0585672001554296,14.99438202247191,0
70000,2521,146,2536.1666666666665,6,0.0,1922,1.1330720735972195,13.164383561643836,0
70000,2576,368,2709.8571428571427,7,0.0,4004,0.3715423258794167,10.880434782608695,0
70000,2585,124,2961.6,5,0.0,1449,1.1842267833120734,11.685483870967742,0
70000,2602,333,3221.1666666666665,6,0.0,3832,0.43425706963020994,11.507507507507508,0
70000,2623,123,3043.0,5,0.0,1251,1.0390990573443932,10.170731707317072,0
70000,2729,142,3853.6,5,0.0,1740,1.084382308519389,12.253521126760564,0
70000,2744,209,3161.8333333333335,6,0.0,3540,1.0184050725677405,16.9377990430622,0
70000,2750,243,2830.0,8,0.0,4795,1.0204363680308257,19.732510288065843,0
70000,2754,142,2794.5,6,0.0,1661,1.0351488588797157,11.69718309859155,0
70000,2797,341,3446.1666666666665,6,0.0,3980,0.43011459348603387,11.671554252199414,0
70000,2804,165,2454.8333333333335,6,0.0,2504,1.1557829942462945,15.175757575757576,0
70000,2837,132,3910.8,5,0.0,1475,1.063785391194891,11.174242424242424,0
70000,2873,257,2593.5,8,0.0,5760,1.0958878217491383,22.412451361867703,0
70000,2907,217,2729.285714285714,7,0.0,3940,1.0514451404908818,18.15668202764977,0
70000,2953,220,3294.4285714285716,7,0.0,4483,1.1639470963671936,20.37727272727273,0
70000,2970,129,3199.6,5,0.0,1705,1.2875224984966283,13.217054263565892,0
70000,3006,152,3862.5,4,0.0,1706,0.9279011542631902,11.223684210526315,0
70000,3129,379,2608.125,8,0.0,4504,0.3940304874449058,11.883905013192612,0
70000,3137,242,2325.5555555555557,9,0.0004418912947414936,4526,0.9711664742946113,18.702479338842974,1
70000,3150,150,3879.6,5,0.0,2049,1.144377483947642,13.66,0
70000,3263,136,3633.2,5,0.0,1580,1.0734680779999726,11.617647058823529,0
70000,3309,202,2735.4285714285716,7,0.0,3250,1.000899531826961,16.08910891089109,0
70000,3311,200,3068.1666666666665,6,0.0,1720,0.5403539364174444,8.6,0
70000,3323,157,2641.0,5,0.0,1952,0.9951541822884946,12.433121019108281,0
70000,3350,317,3511.0,6,0.0,3274,0.4094209056853181,10.32807570977918,0
70000,3469,167,3636.4,5,0.0,2724,1.2273940820221014,16.311377245508982,0
70000,3478,145,2708.0,6,0.0,1938,1.1583175386743436,13.36551724137931,0
70000,3532,109,4518.25,4,0.0,1286,1.36018454760255,11.79816513761468,0
70000,3614,193,2904.1666666666665,6,0.0,3219,1.0859659858686723,16.678756476683937,0
70000,3619,200,2883.6666666666665,6,0.0,2726,0.8563981573685776,13.63,0
70000,3635,144,2801.714285714286,7,0.0,1868,1.1320399453907664,12.972222222222221,0
70000,3655,119,3303.4,5,0.0,1294,1.1482863904371703,10.873949579831933,0
70000,3663,157,3046.8571428571427,7,0.0,1984,1.0114681852768306,12.636942675159236,0
70000,3792,201,2543.4285714285716,7,0.0,3383,1.0522519687229792,16.83084577114428,0
70000,3992,351,2080.4285714285716,7,0.0,4236,0.432067482588822,12.068376068376068,0
70000,4042,215,2279.4285714285716,7,0.0,3876,1.0536993510277155,18.027906976744188,0
70000,4329,236,2698.875,8,0.0,5143,1.1603857381077496,21.79237288135593,0
70000,4352,410,3152.4285714285716,7,0.0,4873,0.3642827126934697,11.885365853658536,0
70000,4362,127,2782.4,5,0.0,1420,1.1063454815791447,11.181102362204724,0
70000,4405,199,4454.8,5,0.0012911555842479018,3098,0.9830715427207574,15.5678391959799,1
70000,4477,299,3611.2,5,0.0,1858,0.2611639310687726,6.214046822742475,0
70000,4490,318,3907.6666666666665,6,0.0,3681,0.4574266270267801,11.575471698113208,0
70000,4501,179,2564.0,6,0.0,2729,1.0703044663582966,15.245810055865922,0
70000,4591,134,2850.6,5,0.0,1764,1.2345220407512576,13.164179104477611,0
70000,4596,161,2301.8,5,0.0,2426,1.1761126156566242,15.06832298136646,0
70000,4647,107,3165.0,5,0.0,1156,1.2688203712288586,10.80373831775701,0
70000,4663,148,2764.2,5,0.0,1935,1.110113547241828,13.074324324324325,0
70000,4703,50,3333.2,5,0.0,242,1.216424675469968,4.84,0
70000,4773,224,2699.1428571428573,7,0.0,4213,1.055128336222401,18.808035714285715,0
70000,4777,92,3908.4,5,0.0,724,1.074911664082708,7.869565217391305,0
70000,4792,83,2795.6,5,0.0,620,1.130955114080808,7.469879518072289,0
70000,4809,290,2724.6666666666665,9,0.0,6361,0.9504718606175826,21.93448275862069,0
70000,4843,191,2435.5,6,0.0,2854,0.9830986467854796,14.942408376963352,0
70000,4858,177,2370.3333333333335,6,0.0,2719,1.0906176928865456,15.361581920903955,0
70000,4904,146,2841.4,5,0.0,1991,1.1737494789448824,13.636986301369863,0
70000,4920,162,3040.5,6,0.0,2446,1.1712140878952344,15.098765432098766,0
72000,0,1,3628.0,3,0.0,1,12.566370614359172,1.0,0
72000,45,179,3278.3333333333335,6,0.0,2947,1.1558033207614145,16.463687150837988,0
72000,162,245,2224.4285714285716,7,0.0,3161,0.6617625574675443,12.902040816326531,0
72000,277,190,3035.3333333333335,6,0.0,3290,1.1452454105607113,17.31578947368421,0
72000,308,252,2695.1111111111113,9,0.0,5412,1.0709435274142076,21.476190476190474,0
72000,336,163,2752.0,6,0.0,2281,1.0788472043115387,13.993865030674847,0
72000,370,217,3306.3333333333335,6,0.0,3886,1.037034471052682,17.907834101382488,0
72000,552,138,2733.8,5,0.0,1813,1.196325872917096,13.13768115942029,0
72000,563,236,3041.5714285714284,7,0.0,5215,1.1766306871926724,22.097457627118644,0
72000,582,95,3396.6,5,0.0,691,0.9621453844345915,7.273684210526316,0
72000,717,222,2424.5714285714284,7,0.0,4403,1.1226712485801362,19.833333333333332,0
72000,775,176,4010.6,5,0.0,2556,1.0369203025020028,14.522727272727273,0
72000,877,67,2572.2,5,0.0,431,1.2065283436820682,6.432835820895522,0
72000,903,325,2390.1428571428573,7,0.0,3230,0.38427812624265206,9.938461538461539,0
72000,969,266,3575.375,8,0.0,6257,1.111252486489419,23.522556390977442,0
72000,1245,193,2256.8333333333335,6,0.0,2986,1.00736080577939,15.471502590673575,0
72000,1266,279,3292.2,5,0.0,2769,0.44701738455519,9.924731182795698,0
72000,1304,175,2374.1666666666665,6,0.0,2617,1.0738348374784639,14.954285714285714,0
72000,1339,139,3575.75,4,0.0019672131147540984,1525,0.9918593854820008,10.971223021582734,1
72000,1407,128,2778.8,5,0.0,1494,1.145883648550574,11.671875,0
72000,1582,214,2817.3333333333335,6,0.0,1649,0.45248373532793856,7.705607476635514,0
72000,1616,214,3428.5714285714284,7,0.0,4196,1.1513776552068105,19.60747663551402,0
72000,1711,89,3661.4,5,0.0,672,1.066102897721167,7.550561797752809,0
72000,1733,253,2882.8333333333335,6,0.0,2423,0.4756880438468383,9.577075098814229,0
72000,1803,147,3305.5,6,0.0,1770,1.0293153772694588,12.040816326530612,0
72000,1839,144,3652.6,5,0.0,1731,1.0490156025007584,12.020833333333334,0
72000,1842,150,2148.3333333333335,6,0.0,1790,0.9997245955423519,11.933333333333334,0
72000,1952,186,2955.4285714285716,7,0.0009428032683846638,3182,1.1558038875850065,17.107526881720432,1
72000,1972,142,2704.1666666666665,6,0.0,1841,1.1473263390713766,12.964788732394366,0
72000,2010,169,2804.6666666666665,6,0.0,2399,1.0555205736440478,14.195266272189349,0
72000,2119,149,2611.4,5,0.0,1854,1.049414491195077,12.442953020134228,0
72000,2147,238,2833.375,8,0.0,5341,1.1848913468556659,22.441176470588236,0
72000,2170,100,2808.5,4,0.0,906,1.1385131776609412,9.06,0
72000,2175,250,3089.0,6,0.0,4069,0.8181209924772396,16.276,0
72000,2198,214,2735.5555555555557,9,0.0,3951,1.084149932250264,18.462616822429908,0
72000,2270,233,3452.0,7,0.00023452157598499062,4264,0.986995603154,18.300429184549355,1
72000,2281,305,2287.1666666666665,6,0.0,3313,0.44753975646731453,10.862295081967213,0
72000,2320,121,4362.25,4,0.0,1595,1.3689885342464916,13.181818181818182,0
72000,2403,161,3788.6666666666665,6,0.0,2391,1.159144791440638,14.850931677018634,0
72000,2439,177,3346.0,5,0.0,2645,1.0609355636943412,14.943502824858758,0
72000,2521,146,2533.3333333333335,6,0.0,1924,1.134251128824688,13.178082191780822,0
72000,2576,370,2719.1428571428573,7,0.0,4081,0.37460451772972814,11.02972972972973,0
72000,2585,120,2994.4,5,0.0,1359,1.1859512267301469,11.325,0
72000,2602,334,3224.5,6,0.0,3861,0.434927363315651,11.559880239520957,0
72000,2623,120,3048.4,5,0.0,1195,1.0428342280666119,9.958333333333334,0
72000,2729,141,3881.8,5,0.0,1706,1.0783274618025627,12.099290780141844,0
72000,2744,209,3166.3333333333335,6,0.0,3570,1.027035624030179,17.08133971291866,0
72000,2750,243,2827.0,8,0.0,4844,1.0308641849304108,19.93415637860082,0
72000,2754,141,2807.3333333333335,6,0.0,1650,1.0429310152252218,11.702127659574469,0
72000,2797,341,3476.0,6,0.0,3994,0.4316275593927687,11.712609970674487,0
72000,2804,166,2463.5,6,0.0,2548,1.161965173660443,15.349397590361447,0
72000,2837,128,3929.4,5,0.0,1434,1.0998642249140047,11.203125,0
72000,2873,258,2582.125,8,0.0,5830,1.1006240712955049,22.5968992248062,0
72000,2907,217,2730.8571428571427,7,0.0,3969,1.059184203707693,18.29032258064516,0
72000,2953,220,3306.8571428571427,7,0.0,4517,1.1727747120880245,20.53181818181818,0
72000,2970,129,3232.8,5,0.0,1659,1.2527858211178333,12.86046511627907,0
72000,3006,148,3917.25,4,0.0,1606,0.9213655591061374,10.85135135135135,0
72000,3129,382,2602.875,8,0.0,4575,0.3939800551019244,11.976439790575917,0
72000,3137,246,2077.5,10,0.002164970772894566,4619,0.9591523872649385,18.776422764227643,1
72000,3150,146,3903.6,5,0.0,1974,1.1637275095114001,13.520547945205479,0
72000,3263,135,3674.2,5,0.0,1523,1.0501279805579709,11.281481481481482,0
72000,3309,201,2743.8571428571427,7,0.0,3300,1.0264355592036156,16.417910447761194,0
72000,3311,200,3072.5,6,0.0,1705,0.5356415474370597,8.525,0
72000,3323,156,2646.0,5,0.0,1918,0.9903968950666047,12.294871794871796,0
72000,3350,314,3524.6666666666665,6,0.0,3270,0.41677179509264567,10.414012738853502,0
72000,3469,166,3667.0,5,0.0,2702,1.2321938380025579,16.27710843373494,0
72000,3478,145,2705.1666666666665,6,0.0,1920,1.147559171442074,13.241379310344827,0
72000,3532,106,4582.25,4,0.0,1205,1.347675025836846,11.367924528301886,0
72000,3614,193,2910.3333333333335,6,0.0,3226,1.0883275148842302,16.71502590673575,0
72000,3619,199,2895.3333333333335,6,0.0,2710,0.8599496064471442,13.618090452261306,0
72000,3635,148,2797.714285714286,7,0.0,1939,1.1124083556082194,13.10135135135135,0
72000,3655,118,3320.2,5,0.0,1245,1.1236089783738272,10.55084745762712,0
72000,3663,157,3048.285714285714,7,0.0,2035,1.037468627539491,12.961783439490446,0
72000,3792,202,2535.1428571428573,7,0.0,3413,1.051098492961667,16.896039603960396,0
72000,3992,357,2288.0,8,0.0,4304,0.4243709964315285,12.056022408963585,0
72000,4042,219,2270.285714285714,7,0.0,3942,1.0328523792623978,18.0,0
72000,4329,237,2696.25,8,0.0,5215,1.1667222623490374,22.0042194092827,0
72000,4352,417,3244.0,8,0.0,4963,0.3586592444551672,11.90167865707434,0
72000,4362,126,2804.8,5,0.0,1386,1.0970641012535784,11.0,0
72000,4405,198,3753.1666666666665,6,0.0009730781706130393,3083,0.9882185645359997,15.570707070707071,1
72000,4477,292,3654.2,5,0.0,1816,0.26764553663534735,6.219178082191781,0
72000,4490,316,3945.1666666666665,6,0.0,3676,0.46260593633216146,11.632911392405063,0
72000,4501,179,2557.8333333333335,6,0.0,2730,1.0706966629381274,15.251396648044693,0
72000,4591,131,2871.2,5,0.0,1724,1.262421941562567,13.16030534351145,0
72000,4596,161,2283.2,5,0.0,2422,1.1741734357462257,15.043478260869565,0
72000,4647,103,3184.2,5,0.0,1098,1.300582046806143,10.660194174757281,0
72000,4663,147,2781.4,5,0.0,1879,1.092702595417691,12.782312925170068,0
72000,4703,13,4406.0,3,0.0,23,1.7102161191139702,1.7692307692307692,0
72000,4773,225,2698.0,7,0.0,4261,1.0576850407463592,18.93777777777778,0
72000,4777,85,3976.0,5,0.0,623,1.083577701418099,7.329411764705882,0
72000,4792,77,2827.8,5,0.0,523,1.1084857195665117,6.792207792207792,0
72000,4809,294,2726.222222222222,9,0.0,6466,0.9400498911616273,21.993197278911566,0
72000,4843,194,2424.5,6,0.0,2870,0.9582709018814652,14.793814432989691,0
72000,4858,179,2369.8333333333335,6,0.0,2740,1.0746186287364354,15.307262569832401,0
72000,4904,144,2837.4,5,0.0,1974,1.1962777581377801,13.708333333333334,0
72000,4920,163,3061.5,6,0.0,2453,1.1601982429531805,15.049079754601227,0
74000,0,19,3105.5,4,0.0,27,0.9398670542595503,1.4210526315789473,0
74000,45,180,3295.6666666666665,6,0.0,2963,1.149202349702044,16.461111111111112,0
74000,162,245,2214.0,7,0.0,3196,0.6690898872718353,13.044897959183674,0
74000,277,190,3052.8333333333335,6,0.0,3300,1.1487263996505614,17.36842105263158,0
74000,308,255,2691.222222222222,9,0.0,5501,1.0630927297130306,21.572549019607845,0
74000,336,162,2759.6666666666665,6,0.0,2290,1.0965168688798395,14.135802469135802,0
74000,370,216,3317.0,6,0.0,3896,1.0493522786681957,18.037037037037038,0
74000,552,137,2735.2,5,0.0,1815,1.2151932796132932,13.248175182481752,0
74000,563,237,3047.714285714286,7,0.0,5241,1.1725390943377385,22.11392405063291,0
74000,582,87,3437.4,5,0.0,582,0.966260760676052,6.689655172413793,0
74000,717,224,2435.0,7,0.0,4469,1.1192424720099479,19.950892857142858,0
74000,775,176,4050.0,5,0.0,2537,1.029212365981057,14.414772727272727,0
74000,877,58,2573.4,5,0.0,318,1.1879030485630846,5.482758620689655,0
74000,903,327,2371.8571428571427,7,0.0,3288,0.3864080518850168,10.055045871559633,0
74000,969,265,3581.0,8,0.0,6299,1.1271707867546945,23.769811320754716,0
74000,1245,192,2244.0,6,0.0,2990,1.019245012395126,15.572916666666666,0
74000,1266,273,3339.0,5,0.0,2705,0.4560913538601291,9.908424908424909,0
74000,1304,175,2375.3333333333335,6,0.0,2627,1.0779381421688667,15.01142857142857,0
74000,1339,137,2877.6,5,0.0,1496,1.001613854711563,10.91970802919708,0
74000,1407,126,2801.0,5,0.0,1453,1.1500967814729073,11.531746031746032,0
74000,1582,213,2826.1666666666665,6,0.0,1643,0.4550804937157998,7.713615023474178,0
74000,1616,216,3422.5714285714284,7,0.0,4248,1.1441602874185048,19.666666666666668,0
74000,1711,81,3703.6,5,0.0,572,1.095559212225796,7.061728395061729,0
74000,1733,254,2888.8333333333335,6,0.0,2444,0.47604020369356154,9.622047244094489,0
74000,1803,148,3315.5,6,0.0,1792,1.0280741481433362,12.108108108108109,0
74000,1839,143,3671.4,5,0.0,1690,1.038543025980097,11.818181818181818,0
74000,1842,150,2148.8333333333335,6,0.0,1792,1.0008416062636283,11.946666666666667,0
74000,1952,186,2687.3333333333335,6,0.0009389671361502347,3195,1.1605259022105896,17.177419354838708,1
74000,1972,141,2706.3333333333335,6,0.0,1842,1.1642902606332477,13.063829787234043,0
74000,2010,170,2806.1666666666665,6,0.0,2408,1.0470526103590618,14.16470588235294,0
74000,2119,148,2614.4,5,0.0,1817,1.0424167004332823,12.277027027027026,0
74000,2147,239,2818.0,8,0.0,5475,1.204476096595236,22.90794979079498,0
74000,2170,91,2840.75,4,0.0,756,1.1472257196540918,8.307692307692308,0
74000,2175,252,3088.5,6,0.0,4070,0.80538436004727,16.150793650793652,0
74000,2198,222,3072.75,8,0.0,4086,1.0418429983416846,18.405405405405407,0
74000,2270,235,3456.1428571428573,7,0.000926569376882094,4317,0.9823272420495889,18.370212765957447,1
74000,2281,306,2270.0,6,0.0,3360,0.4509270501115684,10.980392156862745,0
74000,2320,117,4418.0,4,0.0,1502,1.3788215839555464,12.837606837606838,0
74000,2403,164,3806.8333333333335,6,0.0,2414,1.1278710091858657,14.71951219512195,0
74000,2439,176,3373.0,5,0.0,2616,1.0612611546734116,14.863636363636363,0
74000,2521,148,2522.3333333333335,6,0.0,1929,1.1066713346922408,13.033783783783784,0
74000,2576,374,2715.5714285714284,7,0.0,4165,0.37418094318400547,11.136363636363637,0
74000,2585,115,3023.6,5,0.0,1278,1.2143532434896802,11.11304347826087,0
74000,2602,336,3229.0,6,0.0,3894,0.4334382721470612,11.589285714285714,0
74000,2623,118,3052.6,5,0.0,1146,1.0342617584067517,9.711864406779661,0
74000,2729,139,3917.6,5,0.0,1661,1.0803137306790842,11.949640287769784,0
74000,2744,209,3171.0,6,0.0,3601,1.0359538605413654,17.229665071770334,0
74000,2750,245,2825.5,8,0.0,4891,1.0239420020796455,19.963265306122448,0
74000,2754,140,2810.0,6,0.0,1644,1.0540363923472693,11.742857142857142,0
74000,2797,340,3506.0,6,0.0,4007,0.4355834520046471,11.785294117647059,0
74000,2804,167,2461.1666666666665,6,0.0,2589,1.1665650801597724,15.502994011976048,0
74000,2837,128,3949.2,5,0.0,1396,1.0707185899441776,10.90625,0
74000,2873,260,2577.125,8,0.0,5910,1.0986279634743004,22.73076923076923,0
74000,2907,220,2737.8571428571427,7,0.0,3997,1.037764118710612,18.168181818181818,0
74000,2953,220,3321.1428571428573,7,0.0,4567,1.1857564999127757,20.759090909090908,0
74000,2970,127,3263.4,5,0.0,1604,1.2497029242626394,12.62992125984252,0
74000,3006,143,3967.5,4,0.0,1528,0.9389903808861468,10.685314685314685,0
74000,3129,387,2599.75,8,0.0,4636,0.38898366262824163,11.979328165374676,0
74000,3137,247,1934.7777777777778,9,0.0017079419299743809,4684,0.9647901122401344,18.963562753036438,1
74000,3150,142,3926.2,5,0.0,1908,1.189081290031606,13.43661971830986,0
74000,3263,130,3717.4,5,0.0,1470,1.0930511717815374,11.307692307692308,0
74000,3309,202,2754.5714285714284,7,0.0,3346,1.0304645641516956,16.564356435643564,0
74000,3311,199,3078.5,6,0.0,1690,0.5362785368618722,8.492462311557789,0
74000,3323,154,2650.8,5,0.0,1882,0.9972132524972155,12.220779220779221,0
74000,3350,315,3537.6666666666665,6,0.0,3268,0.4138765348221292,10.374603174603175,0
74000,3469,166,3700.8,5,0.0,2684,1.2239852928197132,16.16867469879518,0
74000,3478,143,2703.1666666666665,6,0.0,1903,1.169436318603624,13.307692307692308,0
74000,3532,102,4653.75,4,0.0,1117,1.3491576293963086,10.950980392156863,0
74000,3614,193,2915.3333333333335,6,0.0,3222,1.086978069732483,16.694300518134714,0
74000,3619,197,2910.8333333333335,6,0.0,2696,0.8729659402796343,13.685279187817258,0
74000,3635,148,2796.5714285714284,7,0.0,2002,1.1485515873788834,13.527027027027026,0
74000,3655,114,3340.2,5,0.0,1201,1.161296638030576,10.535087719298245,0
74000,3663,157,3048.285714285714,7,0.0,2080,1.0604101942418385,13.248407643312103,0
74000,3792,203,2522.714285714286,7,0.0,3442,1.0496116783863785,16.95566502463054,0
74000,3992,358,2613.5714285714284,7,0.0,4370,0.4284747634651664,12.206703910614525,0
74000,4042,221,2250.8571428571427,7,0.0,4014,1.0327677902999062,18.16289592760181,0
74000,4329,239,2692.875,8,0.0,5281,1.1617969435834594,22.09623430962343,0
74000,4352,421,3735.4285714285716,7,0.0,5020,0.3559175387415048,11.923990498812351,0
74000,4362,123,2833.2,5,0.0,1332,1.106378852424246,10.829268292682928,0
74000,4405,197,3795.0,6,0.0013127666557269445,3047,0.9866198887359221,15.467005076142131,1
74000,4477,286,3675.4,5,0.0,1780,0.2734625127580728,6.223776223776224,0
74000,4490,314,3974.1666666666665,6,0.0,3680,0.4690275859146594,11.719745222929935,0
74000,4501,180,2552.8333333333335,6,0.0,2727,1.0576695267085638,15.15,0
74000,4591,128,2890.6,5,0.0,1675,1.2847089098542246,13.0859375,0
74000,4596,161,2266.2,5,0.0,2425,1.1756278206790245,15.062111801242237,0
74000,4647,101,3197.4,5,0.0,1036,1.276223895351054,10.257425742574258,0
74000,4663,145,2796.8,5,0.0,1823,1.0895835258015112,12.572413793103449,0
74000,4773,227,2700.5714285714284,7,0.0,4313,1.0518107562679484,19.0,0
74000,4777,78,4049.2,5,0.0,508,1.0492630296013248,6.512820512820513,0
74000,4792,69,2856.8,5,0.0,407,1.0742518042520866,5.898550724637682,0
74000,4809,298,2725.3333333333335,9,0.0,6564,0.9288506904267106,22.026845637583893,0
74000,4843,194,2408.3333333333335,6,0.0,2890,0.9649487478876079,14.896907216494846,0
74000,4858,178,2367.6666666666665,6,0.0,2760,1.0946592253386984,15.50561797752809,0
74000,4904,144,2833.8,5,0.0,1965,1.1908236042252978,13.645833333333334,0
74000,4920,164,3078.5,6,0.0,2457,1.1479615035499884,14.981707317073171,0
76000,0,30,3364.6,5,0.0,66,0.9215338450530061,2.2,0
76000,45,179,3310.8333333333335,6,0.0,2983,1.169922397635324,16.664804469273744,0
76000,162,247,2206.1428571428573,7,0.0,3216,0.6624178055004851,13.020242914979757,0
76000,277,191,3069.1666666666665,6,0.0,3326,1.1456853886504923,17.413612565445025,0
76000,308,256,2687.222222222222,9,0.0,5587,1.0712938327396346,21.82421875,0
76000,336,164,2767.1666666666665,6,0.0,2307,1.0778783836751418,14.067073170731707,0
76000,370,218,3324.3333333333335,6,0.0,3912,1.034417175392919,17.94495412844037,0
76000,552,139,2728.2,5,0.0,1832,1.1915320617724756,13.179856115107913,0
76000,563,236,3053.285714285714,7,0.0,5259,1.186558156077903,22.283898305084747,0
76000,582,77,3475.0,5,0.0,473,1.0025119414052772,6.142857142857143,0
76000,717,227,2444.1428571428573,7,0.0,4544,1.1081446966106092,20.01762114537445,0
76000,775,176,4094.0,5,0.0,2501,1.0146078546782118,14.210227272727273,0
76000,877,41,2588.2,5,0.0,145,1.083952254064295,3.5365853658536586,0
76000,903,328,2358.4285714285716,7,0.0,3344,0.39059658810247877,10.195121951219512,0
76000,969,265,3587.625,8,0.0,6321,1.1311075635936536,23.852830188679246,0
76000,1245,194,2229.1666666666665,6,0.0,3012,1.0056836085250778,15.525773195876289,0
76000,1266,273,3378.0,5,0.0,2680,0.45187609180966576,9.816849816849818,0
76000,1304,174,2374.8333333333335,6,0.0,2628,1.09077889993843,15.10344827586207,0
76000,1339,136,2901.6,5,0.0020646937370956643,1453,0.9871829856544051,10.683823529411764,1
76000,1407,124,2817.4,5,0.0,1412,1.1539877281136284,11.387096774193548,0
76000,1582,213,2839.0,6,0.0,1637,0.45341860512036775,7.685446009389671,0
76000,1616,217,3416.285714285714,7,0.0,4301,1.147783134327737,19.820276497695854,0
76000,1711,73,3749.8,5,0.0,465,1.0965213615456961,6.36986301369863,0
76000,1733,256,2889.1666666666665,6,0.0,2462,0.4720825874718061,9.6171875,0
76000,1803,148,3334.8333333333335,6,0.0,1800,1.032663764876119,12.162162162162161,0
76000,1839,141,3692.2,5,0.0,1643,1.0385064594030542,11.652482269503546,0
76000,1842,150,2150.1666666666665,6,0.0,1790,0.9997245955423519,11.933333333333334,0
76000,1952,188,2696.3333333333335,6,0.003109452736318408,3216,1.1434316403287432,17.106382978723403,1
76000,1972,141,2710.5,6,0.0,1834,1.1592336254079132,13.00709219858156,0
76000,2010,170,2808.1666666666665,6,0.0,2410,1.0479222553842769,14.176470588235293,0
76000,2119,145,2618.2,5,0.0,1785,1.0668714172000535,12.310344827586206,0
76000,2147,242,2805.375,8,0.0,5577,1.1966848049361571,23.045454545454547,0
76000,2170,82,2861.0,4,0.0,606,1.132543217177522,7.390243902439025,0
76000,2175,252,3085.8333333333335,6,0.0,4082,0.807758957669031,16.1984126984127,0
76000,2198,225,3080.875,8,0.0,4176,1.036585949344472,18.56,0
76000,2270,235,3034.875,8,0.000686027898467871,4373,0.9950699628174317,18.608510638297872,1
76000,2281,313,2247.0,6,0.0,3422,0.43893599242961634,10.93290734824281,0
76000,2320,113,4466.0,4,0.0,1412,1.3895931793778018,12.495575221238939,0
76000,2403,164,3820.5,6,0.0,2434,1.1372154251691786,14.841463414634147,0
76000,2439,175,3398.6,5,0.0,2592,1.0635765757524562,14.811428571428571,0
76000,2521,150,2510.1666666666665,6,0.0,1931,1.0784738513923362,12.873333333333333,0
76000,2576,378,2704.714285714286,7,0.0,4276,0.376065904838889,11.312169312169312,0
76000,2585,111,3053.2,5,0.0,1213,1.2371566881923284,10.927927927927929,0
76000,2602,335,3232.5,6,0.0,3918,0.43871722046833805,11.695522388059702,0
76000,2623,115,3056.0,5,0.0,1095,1.0404669809242566,9.521739130434783,0
76000,2729,136,3954.4,5,0.0,1629,1.1067591766214906,11.977941176470589,0
76000,2744,209,3174.6666666666665,6,0.0,3634,1.0454474671500478,17.38755980861244,0
76000,2750,247,2821.625,8,0.0,4940,1.0175198878023621,20.0,0
76000,2754,140,2822.8333333333335,6,0.0,1632,1.0463426960527638,11.657142857142857,0
76000,2797,341,3533.0,6,0.0,4025,0.43497769818625287,11.803519061583577,0
76000,2804,171,2442.8333333333335,6,0.0,2671,1.147866896171586,15.619883040935672,0
76000,2837,125,3972.0,5,0.0,1356,1.0905599073965464,10.848,0
76000,2873,261,2564.875,8,0.0,5991,1.1051676626976379,22.95402298850575,0
76000,2907,220,2745.1428571428573,7,0.0,4024,1.0447742841359775,18.29090909090909,0
76000,2953,221,3332.8571428571427,7,0.0,4606,1.1850843154263497,20.84162895927602,0
76000,2970,125,3294.8,5,0.0,1542,1.2401499831898781,12.336,0
76000,3006,139,4014.75,4,0.0,1457,0.9476322128834592,10.482014388489208,0
76000,3129,391,2594.5,8,0.0,4705,0.3867372252965372,12.033248081841432,0
76000,3137,249,1774.5,8,0.0012578616352201257,4770,0.9667842104239166,19.156626506024097,1
76000,3150,140,3946.6,5,0.0,1841,1.1803412398487365,13.15,0
76000,3263,129,3757.6,5,0.0,1421,1.0730612729405915,11.015503875968992,0
76000,3309,200,2772.0,7,0.0,3396,1.0668848651590936,16.98,0
76000,3311,198,3087.1666666666665,6,0.0,1673,0.5362600254520685,8.44949494949495,0
76000,3323,151,2655.6,5,0.0,1853,1.0212483991231764,12.271523178807946,0
76000,3350,314,3549.6666666666665,6,0.0,3263,0.41587962305422105,10.39171974522293,0
76000,3469,165,3736.0,5,0.0,2658,1.2268654946911544,16.10909090909091,0
76000,3478,144,2702.0,6,0.0,1885,1.142342236114344,13.090277777777779,0
76000,3532,97,4733.75,4,0.0,1021,1.363616154454322,10.525773195876289,0
76000,3614,193,2918.0,6,0.0,3229,1.0893395987480405,16.730569948186528,0
76000,3619,195,2920.5,6,0.0,2689,0.8886514288497519,13.78974358974359,0
76000,3635,150,2798.0,7,0.0,2054,1.147170010750833,13.693333333333333,0
76000,3655,112,3363.2,5,0.0,1152,1.1540544441758425,10.285714285714286,0
76000,3663,159,3046.4285714285716,7,0.0,2127,1.057263173796209,13.377358490566039,0
76000,3792,204,2513.0,7,0.0,3477,1.049915191900395,17.044117647058822,0
76000,3992,359,2599.714285714286,7,0.0,4452,0.43408634302284305,12.401114206128133,0
76000,4042,223,2227.8571428571427,7,0.0,4101,1.0363105208125434,18.390134529147982,0
76000,4329,242,2689.0,8,0.0,5350,1.147976278717669,22.107438016528924,0
76000,4352,424,3764.5714285714284,7,0.0,5066,0.35411419506688085,11.94811320754717,0
76000,4362,121,2857.2,5,0.0,1293,1.1097819277622027,10.685950413223141,0
76000,4405,194,3655.4,5,0.002324809033543673,3011,1.0053497162247707,15.52061855670103,1
76000,4477,281,3697.2,5,0.0,1740,0.2769149943514515,6.192170818505338,0
76000,4490,311,3999.5,6,0.0,3675,0.47747037362899425,11.816720257234726,0
76000,4501,179,2548.0,6,0.0,2727,1.069520073198635,15.23463687150838,0
76000,4591,126,2905.0,5,0.0,1629,1.289406508616219,12.928571428571429,0
76000,4596,161,2250.8,5,0.0,2431,1.1785365905446221,15.099378881987578,0
76000,4647,98,3217.2,5,0.0,976,1.277048908747871,9.959183673469388,0
76000,4663,142,2815.2,5,0.0,1772,1.104324971664573,12.47887323943662,0
76000,4773,228,2704.285714285714,7,0.0,4367,1.0556582885677614,19.153508771929825,0
76000,4777,67,4123.8,5,0.0,352,0.9853781368354707,5.253731343283582,0
76000,4792,55,2893.6,5,0.0,265,1.1008556075389027,4.818181818181818,0
76000,4809,300,2723.1111111111113,9,0.0,6646,0.927956656700345,22.153333333333332,0
76000,4843,195,2391.3333333333335,6,0.0,2918,0.9643305575989498,14.964102564102564,0
76000,4858,179,2364.0,6,0.0,2772,1.0871689192910217,15.486033519553073,0
76000,4904,144,2834.0,5,0.0,1967,1.1920356384280715,13.659722222222221,0
76000,4920,164,3095.5,6,0.0,2462,1.1502976075458167,15.012195121951219,0
78000,0,36,3381.6,5,0.0,100,0.969627362219072,2.7777777777777777,0
78000,45,180,3332.5,6,0.0,3001,1.163940685607774,16.67222222222222,0
78000,162,248,2196.1428571428573,7,0.0,3239,0.6617858093767781,13.060483870967742,0
78000,277,190,3092.5,6,0.0,3345,1.1643908505548872,17.605263157894736,0
78000,308,258,2681.6666666666665,9,0.0,5661,1.068719188268242,21.941860465116278,0
78000,336,164,2774.1666666666665,6,0.0,2323,1.085353916461792,14.164634146341463,0
78000,370,216,3331.1666666666665,6,0.0,3926,1.0574325066866879,18.175925925925927,0
78000,552,148,2950.1666666666665,6,0.0,1935,1.110113547241828,13.074324324324325,0
78000,563,236,3062.714285714286,7,0.0,5274,1.1899425204705953,22.347457627118644,0
78000,582,65,3531.6,5,0.0,325,0.966643893412244,5.0,0
78000,717,233,2705.25,8,0.0,4699,1.0876858206427407,20.167381974248926,0
78000,775,175,4152.6,5,0.0,2478,1.0167989022818622,14.16,0
78000,903,329,2343.8571428571427,7,0.0,3398,0.39449494505402266,10.328267477203648,0
78000,969,267,3595.0,8,0.0,6348,1.1189849859017804,23.775280898876403,0
78000,1245,196,2215.0,6,0.0,3029,0.9908250882677513,15.454081632653061,0
78000,1266,272,3429.8,5,0.0,2642,0.4487504212145455,9.713235294117647,0
78000,1304,174,2372.8333333333335,6,0.0,2639,1.0953445650447173,15.166666666666666,0
78000,1339,134,2922.6,5,0.0007017543859649122,1425,0.9972754580898764,10.634328358208956,1
78000,1407,124,2834.8,5,0.0,1372,1.1212968576288231,11.064516129032258,0
78000,1582,212,2844.6666666666665,6,0.0,1636,0.45742662702678016,7.716981132075472,0
78000,1616,217,3412.0,7,0.0,4354,1.1619269395170813,20.06451612903226,0
78000,1711,62,3817.6,5,0.0,347,1.1343732058227454,5.596774193548387,0
78000,1733,256,2892.8333333333335,6,0.0,2478,0.47515054904757736,9.6796875,0
78000,1803,147,3361.0,6,0.0,1800,1.046761400613009,12.244897959183673,0
78000,1839,137,3713.0,5,0.0,1606,1.0752619322638837,11.722627737226277,0
78000,1842,143,2612.0,5,0.0,1701,1.0453027734864762,11.895104895104895,0
78000,1952,188,2710.8333333333335,6,0.0,3226,1.1469870869715564,17.159574468085108,0
78000,1972,137,3262.2,5,0.0,1770,1.1850645206146164,12.91970802919708,0
78000,2010,169,2810.8333333333335,6,0.0,2417,1.0634402778231196,14.301775147928995,0
78000,2119,144,2623.4,5,0.0,1749,1.0599239103257232,12.145833333333334,0
78000,2147,244,2790.5,8,0.0,5705,1.2041646122500516,23.381147540983605,0
78000,2170,60,3882.0,3,0.0,355,1.239183768915974,5.916666666666667,0
78000,2175,253,3087.6666666666665,6,0.0,4078,0.8006008430901389,16.118577075098813,0
78000,2198,222,3533.714285714286,7,0.0,4214,1.0744802728859175,18.98198198198198,0
78000,2270,235,3043.5,8,0.000679040289723857,4418,1.0053096491487339,18.8,1
78000,2281,314,2693.1666666666665,6,0.0,3492,0.44506639402554093,11.121019108280255,0
78000,2320,110,4523.75,4,0.0,1324,1.3750309663976483,12.036363636363637,0
78000,2403,167,3852.8333333333335,6,0.0,2453,1.1052854930984635,14.688622754491018,0
78000,2439,174,3422.0,5,0.0,2573,1.067950574406994,14.78735632183908,0
78000,2521,156,2496.5,6,0.0,1935,0.9991751782866946,12.403846153846153,0
78000,2576,386,2922.222222222222,9,0.0,4498,0.3793627682849711,11.652849740932643,0
78000,2585,108,3064.6,5,0.0,1148,1.2368135686972161,10.62962962962963,0
78000,2602,337,3234.6666666666665,6,0.0,3948,0.43684483605112323,11.71513353115727,0
78000,2623,112,3063.6,5,0.0,1034,1.035844006317553,9.232142857142858,0
78000,2729,136,4014.2,5,0.0,1588,1.0789033594075674,11.676470588235293,0
78000,2744,211,3178.0,6,0.0,3670,1.03588374373213,17.393364928909953,0
78000,2750,247,2821.125,8,0.0,4989,1.02761269640607,20.19838056680162,0
78000,2754,139,2851.5,6,0.0,1624,1.0562489455887012,11.683453237410072,0
78000,2797,339,3563.3333333333335,6,0.0,4037,0.44143749332296084,11.908554572271386,0
78000,2804,181,3213.285714285714,7,0.0,2858,1.0962634600848118,15.790055248618785,0
78000,2837,123,3995.8,5,0.0,1315,1.0922584016050176,10.691056910569106,0
78000,2873,264,2557.125,8,0.0,6086,1.0973216764088316,23.053030303030305,0
78000,2907,221,2763.1428571428573,7,0.0,4053,1.0428021559754659,18.339366515837103,0
78000,2953,222,3344.1428571428573,7,0.0,4662,1.1887107337907326,21.0,0
78000,2970,123,3325.2,5,0.0,1486,1.2342935245513735,12.08130081300813,0
78000,3006,134,4064.25,4,0.0,1379,0.9650827064603085,10.291044776119403,0
78000,3129,389,2951.1428571428573,7,0.0,4738,0.3934646478072029,12.179948586118252,0
78000,3137,255,1749.125,8,0.001442109600329625,4854,0.9380571005320941,19.03529411764706,1
78000,3150,139,3962.2,5,0.0,1790,1.164215278696906,12.877697841726619,0
78000,3263,127,3802.6,5,0.0,1364,1.0627149555450375,10.740157480314961,0
78000,3309,202,2800.4285714285716,7,0.0,3458,1.0649571018638864,17.11881188118812,0
78000,3311,195,3093.6666666666665,6,0.0,1656,0.5472691581164705,8.492307692307692,0
78000,3323,150,2662.0,5,0.0,1814,1.0131287241976683,12.093333333333334,0
78000,3350,313,3562.6666666666665,6,0.0,3261,0.41828470815691965,10.418530351437699,0
78000,3469,165,3763.0,5,0.0,2631,1.2144029783793933,15.945454545454545,0
78000,3478,144,2698.0,6,0.0,1869,1.1326459624921534,12.979166666666666,0
78000,3532,92,4828.25,4,0.0,919,1.3644251647679677,9.98913043478261,0
78000,3614,192,2923.3333333333335,6,0.0,3231,1.1013982057018903,16.828125,0
78000,3619,194,2931.5,6,0.0,2672,0.8921602264206534,13.77319587628866,0
78000,3635,153,2789.1428571428573,7,0.0,2104,1.129464896946119,13.751633986928105,0
78000,3655,109,3373.0,5,0.0,1100,1.1634549007486819,10.091743119266056,0
78000,3663,161,3047.714285714286,7,0.0,2169,1.0515203064135275,13.472049689440993,0
78000,3792,206,2503.0,7,0.0,3516,1.0411763380169397,17.067961165048544,0
78000,3992,364,2975.714285714286,7,0.0,4574,0.43381369392343055,12.565934065934066,0
78000,4042,232,2149.25,8,0.0,4270,0.9969233524694125,18.405172413793103,0
78000,4329,243,2685.125,8,0.0,5421,1.1536570492377698,22.308641975308642,0
78000,4352,427,3793.5714285714284,7,0.0,5110,0.3521883728829499,11.967213114754099,0
78000,4362,118,2885.2,5,0.0,1251,1.1290239614021347,10.601694915254237,0
78000,4405,192,3689.2,5,0.001340033500837521,2985,1.0175405892974754,15.546875,1
78000,4477,276,3720.2,5,0.0,1703,0.280935322887178,6.170289855072464,0
78000,4490,312,4028.5,6,0.0,3674,0.47428547868544135,11.775641025641026,0
78000,4501,179,2542.3333333333335,6,0.0,2727,1.069520073198635,15.23463687150838,0
78000,4591,125,2919.8,5,0.0,1595,1.2827751123137845,12.76,0
78000,4596,163,2231.4,5,0.0,2435,1.1516847621651016,14.938650306748466,0
78000,4647,95,3236.8,5,0.0,916,1.2754344025211082,9.642105263157895,0
78000,4663,140,2829.0,5,0.0,1722,1.1040454182615558,12.3,0
78000,4773,230,2723.4285714285716,7,0.0,4416,1.0490187643291136,19.2,0
78000,4777,23,4062.3333333333335,3,0.0,58,1.3777873263380567,2.5217391304347827,0
78000,4792,9,3248.5,4,0.0,12,1.8616845354606182,1.3333333333333333,0
78000,4809,304,2719.1111111111113,9,0.0,6747,0.9174309917663753,22.19407894736842,0
78000,4843,201,2659.8571428571427,7,0.0,2990,0.9300128248541849,14.875621890547263,0
78000,4858,179,2362.6666666666665,6,0.0,2780,1.090306491929668,15.53072625698324,0
78000,4904,146,2852.8,5,0.0,1978,1.1660856199663372,13.547945205479452,0
78000,4920,165,3113.1666666666665,6,0.0,2469,1.1396278805088262,14.963636363636363,0
80000,0,41,3395.6,5,0.0,136,1.0166724589844423,3.317073170731707,0
80000,45,181,3351.1666666666665,6,0.0,3013,1.1557179164575009,16.646408839779006,0
80000,162,248,2187.714285714286,7,0.0,3264,0.6668937578900289,13.161290322580646,0
80000,277,190,3102.1666666666665,6,0.0,3364,1.1710047298256028,17.705263157894738,0
80000,308,262,2674.222222222222,9,0.0,5735,1.0498825166562242,21.889312977099237,0
80000,336,168,2655.1428571428573,7,0.0,2375,1.057438003440442,14.136904761904763,0
80000,370,217,3339.6666666666665,6,0.0,3940,1.0514451404908818,18.15668202764977,0
80000,552,153,3778.3333333333335,6,0.0,2001,1.074172651515772,13.07843137254902,0
80000,563,236,3066.4285714285716,7,0.0,5297,1.1951318792060566,22.444915254237287,0
80000,582,36,3430.6666666666665,3,0.0,99,0.9599310885968813,2.75,0
80000,717,236,3137.1428571428573,7,0.0,4756,1.0730691367762895,20.152542372881356,0
80000,775,175,4196.4,5,0.0,2459,1.0090026233700966,14.051428571428572,0
80000,903,332,2325.0,7,0.0,3454,0.3937821536325717,10.403614457831326,0
80000,969,267,3601.25,8,0.0,6376,1.1239206474653043,23.880149812734082,0
80000,1245,198,2198.3333333333335,6,0.0,3053,0.9786024254065542,15.419191919191919,0
80000,1266,271,3464.4,5,0.0,2616,0.44761952488614803,9.653136531365314,0
80000,1304,174,2365.5,6,0.0,2636,1.0940993836520934,15.149425287356323,0
80000,1339,134,2930.0,5,0.002124645892351275,1412,0.9881775065423898,10.537313432835822,1
80000,1407,121,2855.0,5,0.0,1331,1.1423973285781064,11.0,0
80000,1582,211,2857.8333333333335,6,0.0,1613,0.45528078437055197,7.644549763033176,0
80000,1616,219,3406.285714285714,7,0.0,4405,1.1541640615552669,20.114155251141554,0
80000,1711,45,3865.4,5,0.0,186,1.1542444119855833,4.133333333333334,0
80000,1733,257,2896.5,6,0.0,2497,0.4750749810603469,9.715953307392995,0
80000,1803,146,3375.0,6,0.0,1809,1.0664554532452497,12.39041095890411,0
80000,1839,136,3731.0,5,0.0,1568,1.0653151558885803,11.529411764705882,0
80000,1842,139,2646.2,5,0.0,1641,1.0673057387383367,11.805755395683454,0
80000,1952,187,2726.3333333333335,6,0.0009239297813366184,3247,1.1668336350717559,17.363636363636363,1
80000,1972,134,3301.4,5,0.0,1700,1.1897321254405542,12.686567164179104,0
80000,2010,171,2814.5,6,0.0,2421,1.0404289612996667,14.157894736842104,0
80000,2119,142,2629.2,5,0.0,1710,1.0656860618207789,12.04225352112676,0
80000,2147,247,2683.3333333333335,9,0.0,5875,1.2101071540159671,23.785425101214575,0
80000,2170,24,3976.3333333333335,3,0.0,65,1.4180800172453927,2.7083333333333335,0
80000,2175,251,3079.0,6,0.0,4088,0.8154048835970904,16.286852589641434,0
80000,2198,224,3553.1428571428573,7,0.0,4271,1.069654195111767,19.066964285714285,0
80000,2270,235,3047.875,8,0.00044822949350067237,4462,1.015321786894896,18.98723404255319,1
80000,2281,312,2713.0,6,0.0,3506,0.4525979554358076,11.237179487179487,0
80000,2320,106,4588.75,4,0.0,1234,1.3801086986578157,11.641509433962264,0
80000,2403,169,3860.6666666666665,6,0.0,2472,1.0876393739258385,14.627218934911243,0
80000,2439,172,3447.2,5,0.0,2547,1.0818870320028668,14.80813953488372,0
80000,2521,150,3011.4,5,0.0,1882,1.051107088721065,12.546666666666667,0
80000,2576,390,3288.375,8,0.0,4631,0.3826092196916327,11.874358974358975,0
80000,2585,106,3072.6,5,0.0,1082,1.2101115169754917,10.20754716981132,0
80000,2602,342,3239.1666666666665,6,0.0,3969,0.4264211635066478,11.605263157894736,0
80000,2623,109,3073.4,5,0.0,973,1.0291287440258796,8.926605504587156,0
80000,2729,134,4055.6,5,0.0,1554,1.0875551311380125,11.597014925373134,0
80000,2744,211,3181.8333333333335,6,0.0,3704,1.0454804868620735,17.554502369668246,0
80000,2750,249,2824.25,8,0.0,5032,1.019886403952442,20.20883534136546,0
80000,2754,139,2867.6666666666665,6,0.0,1618,1.0523465480064769,11.640287769784173,0
80000,2797,340,3593.1666666666665,6,0.0,4056,0.44091002778409,11.929411764705883,0
80000,2804,186,3203.0,7,0.0,2980,1.0824310449413324,16.021505376344088,0
80000,2837,121,4019.8,5,0.0,1267,1.0874661272039527,10.47107438016529,0
80000,2873,266,2546.5,8,0.0,6181,1.0977547736920408,23.236842105263158,0
80000,2907,221,2768.8571428571427,7,0.0,4091,1.052579230223447,18.511312217194572,0
80000,2953,222,3903.5,6,0.0,4679,1.1930453718161385,21.076576576576578,0
80000,2970,120,3334.2,5,0.0,1429,1.2470377505499484,11.908333333333333,0
80000,3006,131,4111.75,4,0.0,1310,0.9592649323938299,10.0,0
80000,3129,389,2966.0,7,0.0,4779,0.3968694706354206,12.2853470437018,0
80000,3137,256,1983.75,8,0.001836734693877551,4900,0.9395632325799552,19.140625,1
80000,3150,136,3982.2,5,0.0,1732,1.1767384247442738,12.735294117647058,0
80000,3263,123,3853.0,5,0.0,1308,1.0864440983265118,10.634146341463415,0
80000,3309,202,2813.8571428571427,7,0.0,3504,1.0791236798528219,17.346534653465348,0
80000,3311,193,3104.8333333333335,6,0.0,1638,0.552597789640536,8.487046632124352,0
80000,3323,149,2666.4,5,0.0,1789,1.0126227210075474,12.006711409395972,0
80000,3350,313,3574.8333333333335,6,0.0,3257,0.41777163277126256,10.405750798722044,0
80000,3469,165,3788.2,5,0.0,2616,1.2074793582061927,15.854545454545455,0
80000,3478,143,2694.8333333333335,6,0.0,1854,1.139324716075207,12.965034965034965,0
80000,3532,87,4905.0,4,0.0,814,1.3514368714610077,9.35632183908046,0
80000,3614,193,2926.5,6,0.0,3233,1.090689043899788,16.751295336787564,0
80000,3619,195,2944.8333333333335,6,0.0,2664,0.8803895152308437,13.661538461538461,0
80000,3635,155,2780.8571428571427,7,0.0,2159,1.1292734300271157,13.929032258064517,0
80000,3655,106,3381.2,5,0.0,1045,1.1687306240659787,9.858490566037736,0
80000,3663,161,3048.714285714286,7,0.0,2211,1.0718816954727106,13.732919254658386,0
80000,3792,206,2488.8571428571427,7,0.0,3560,1.0542058485040686,17.281553398058254,0
80000,3992,363,2970.0,7,0.0,4678,0.4461252778268956,12.887052341597796,0
80000,4042,237,2440.285714285714,7,0.0,4362,0.9758854282581978,18.40506329113924,0
80000,4329,246,2683.75,8,0.0,5487,1.1393957888986181,22.304878048780488,0
80000,4352,429,3821.8571428571427,7,0.0,5146,0.35137030977604067,11.995337995337996,0
80000,4362,116,2925.0,5,0.0,1200,1.1206632533614007,10.344827586206897,0
80000,4405,192,3725.2,5,0.0016909029421711193,2957,1.0079958199506314,15.401041666666666,1
80000,4477,270,3744.6,5,0.0,1656,0.2854582954372948,6.133333333333334,0
80000,4490,310,4055.5,6,0.0,3673,0.4802942691627601,11.848387096774193,0
80000,4501,179,2539.0,6,0.0,2723,1.0679512868793117,15.212290502793296,0
80000,4591,124,2935.0,5,0.0,1552,1.2684057748104471,12.516129032258064,0
80000,4596,163,2213.8,5,0.0,2451,1.159252300643394,15.036809815950921,0
80000,4647,92,3256.6,5,0.0,848,1.2590125568261552,9.217391304347826,0
80000,4663,138,2846.6,5,0.0,1671,1.1026257769688184,12.108695652173912,0
80000,4773,232,2728.1428571428573,7,0.0,4475,1.044785012248389,19.288793103448278,0
80000,4809,306,2714.222222222222,9,0.0,6846,0.9187638646023206,22.372549019607842,0
80000,4843,198,3716.6,5,0.0,2978,0.9545620775829409,15.04040404040404,0
80000,4858,182,2357.3333333333335,6,0.0,2791,1.0588316744558763,15.335164835164836,0
80000,4904,149,3188.0,7,0.0,2042,1.155827611122086,13.704697986577182,0
80000,4920,166,3128.8333333333335,6,0.0,2473,1.1277629020652575,14.897590361445783,0
82000,0,45,3400.4,5,0.0,168,1.0425433398579462,3.7333333333333334,0
82000,45,179,3356.3333333333335,6,0.0,3029,1.1879634403075414,16.921787709497206,0
82000,162,249,2179.8571428571427,7,0.0,3281,0.6649934998743963,13.176706827309237,0
82000,277,191,3124.8333333333335,6,0.0,3389,1.1673865851282375,17.7434554973822,0
82000,308,261,2662.777777777778,9,0.0,5812,1.0721472968784296,22.268199233716476,0
82000,336,166,3115.1666666666665,6,0.0,2368,1.0798797218319975,14.265060240963855,0
82000,370,218,3348.8333333333335,6,0.0,3951,1.044729616558646,18.123853211009173,0
82000,552,156,3805.3333333333335,6,0.0,2035,1.05081213840487,13.044871794871796,0
82000,563,237,3055.0,7,0.0,5326,1.191555660454645,22.47257383966245,0
82000,717,237,3161.0,7,0.0,4799,1.0736529505298238,20.248945147679326,0
82000,775,173,4247.6,5,0.0,2439,1.0240695622447131,14.098265895953757,0
82000,903,333,2312.0,7,0.0,3505,0.39720016415811216,10.525525525525525,0
82000,969,267,3606.875,8,0.0,6420,1.1316766870651276,24.04494382022472,0
82000,1245,201,2179.0,6,0.0,3086,0.9598727683946536,15.35323383084577,0
82000,1266,271,3479.0,5,0.0,2581,0.44163073154860394,9.523985239852399,0
82000,1304,174,2358.3333333333335,6,0.0,2636,1.0940993836520934,15.149425287356323,0
82000,1339,134,3832.2,5,0.0028308563340410475,1413,0.9888773489691196,10.544776119402986,1
82000,1407,120,2875.6,5,0.0,1289,1.1248647029103453,10.741666666666667,0
82000,1582,211,2862.3333333333335,6,0.0,1611,0.4547162700687906,7.6350710900473935,0
82000,1616,219,3403.0,7,0.0,4462,1.169098761103201,20.374429223744293,0
82000,1733,260,2896.5,6,0.0,2520,0.4684505021920875,9.692307692307692,0
82000,1803,146,3379.3333333333335,6,0.0,1805,1.0640973427903127,12.363013698630137,0
82000,1839,135,3753.6,5,0.0,1526,1.052196518930705,11.303703703703704,0
82000,1842,140,2661.4,5,0.0,1592,1.020697041737745,11.371428571428572,0
82000,1952,189,2748.5,6,0.0,3270,1.150360625653103,17.3015873015873,0
82000,1972,132,3347.8,5,0.0,1644,1.1856699546606106,12.454545454545455,0
82000,2010,170,2817.8333333333335,6,0.0,2427,1.0553142380986058,14.276470588235295,0
82000,2119,141,2633.6,5,0.0,1674,1.058100920901225,11.872340425531915,0
82000,2147,254,3009.625,8,0.0,6023,1.1731547245688712,23.712598425196852,0
82000,2175,252,3072.3333333333335,6,0.0,4101,0.8115187372368192,16.273809523809526,0
82000,2198,225,4167.833333333333,6,0.0,4261,1.0576850407463592,18.93777777777778,0
82000,2270,234,3045.75,8,0.00044434570095534326,4501,1.0329686999640337,19.235042735042736,1
82000,2281,312,2704.3333333333335,6,0.0,3532,0.45595435784348903,11.320512820512821,0
82000,2320,101,4660.75,4,0.0,1138,1.4018752827311771,11.267326732673267,0
82000,2403,168,4645.8,5,0.0,2448,1.0899403083882957,14.571428571428571,0
82000,2439,173,3473.0,5,0.0,2527,1.0610183615384954,14.606936416184972,0
82000,2521,148,3013.8,5,0.0,1840,1.0556118485400328,12.432432432432432,0
82000,2576,392,3282.25,8,0.0,4717,0.3857479317727784,12.033163265306122,0
82000,2585,103,3086.6,5,0.0,1006,1.1916079590956101,9.766990291262136,0
82000,2602,341,3244.0,6,0.0,4001,0.43238404234613603,11.733137829912023,0
82000,2623,105,3081.8,5,0.0,896,1.0212669451669676,8.533333333333333,0
82000,2729,132,4089.6,5,0.0,1517,1.0940762294526438,11.492424242424242,0
82000,2744,213,3187.0,6,0.0,3745,1.0372954649821486,17.582159624413144,0
82000,2750,250,2825.5,8,0.0,5086,1.022600975114092,20.344,0
82000,2754,138,2876.0,6,0.0,1615,1.0656736264540045,11.702898550724637,0
82000,2797,340,3621.8333333333335,6,0.0,4081,0.4436276684878874,12.00294117647059,0
82000,2804,189,3741.0,6,0.0,3011,1.059246435425533,15.931216931216932,0
82000,2837,120,4052.4,5,0.0,1228,1.0716321607245183,10.233333333333333,0
82000,2873,271,3084.75,8,0.0,6306,1.0790094510443613,23.269372693726936,0
82000,2907,220,2771.0,7,0.0,4119,1.069439681003005,18.722727272727273,0
82000,2953,220,3957.8333333333335,6,0.0,4645,1.2060080889193874,21.113636363636363,0
82000,2970,117,3336.2,5,0.0,1375,1.2622368028887325,11.752136752136753,0
82000,3006,128,4161.5,4,0.0,1223,0.9380292517920695,9.5546875,0
82000,3129,389,2962.4285714285716,7,0.0,4829,0.4010216935966617,12.41388174807198,0
82000,3137,254,2263.5714285714284,7,0.0016313213703099511,4904,0.9551968735324164,19.30708661417323,1
82000,3150,134,4004.2,5,0.0,1670,1.1687368526386621,12.462686567164178,0
82000,3263,121,3903.4,5,0.0,1249,1.072016726817472,10.322314049586776,0
82000,3309,201,2810.714285714286,7,0.0,3551,1.1045068699187996,17.666666666666668,0
82000,3311,190,3114.5,6,0.0,1616,0.5625278369197901,8.505263157894737,0
82000,3323,147,2670.2,5,0.0,1760,1.0235000361549422,11.97278911564626,0
82000,3350,314,3591.5,6,0.0,3255,0.4148599978674501,10.36624203821656,0
82000,3469,164,3818.8,5,0.0,2591,1.2105690906381847,15.798780487804878,0
82000,3478,142,2690.5,6,0.0,1834,1.1429638815083676,12.915492957746478,0
82000,3532,81,4973.25,4,0.0,695,1.3311427491205037,8.580246913580247,0
82000,3614,193,2929.6666666666665,6,0.0,3233,1.090689043899788,16.751295336787564,0
82000,3619,192,2952.1666666666665,6,0.0,2647,0.9023215878962871,13.786458333333334,0
82000,3635,155,2772.8571428571427,7,0.0,2207,1.1543800185594462,14.238709677419354,0
82000,3655,104,3394.6,5,0.0,990,1.1502132866323578,9.51923076923077,0
82000,3663,163,3050.714285714286,7,0.0,2256,1.067022925439207,13.840490797546012,0
82000,3792,208,2477.4285714285716,7,0.0,3601,1.0459389002937172,17.3125,0
82000,3992,362,3471.0,6,0.0,4711,0.45175797414796603,13.013812154696133,0
82000,4042,245,3072.25,8,0.0,4513,0.9448068401933019,18.420408163265307,0
82000,4329,245,2679.125,8,0.0,5562,1.1644173820419113,22.70204081632653,0
82000,4352,433,3829.1428571428573,7,0.0,5188,0.34772349709740513,11.981524249422632,0
82000,4362,114,2951.2,5,0.0,1158,1.1197181572351433,10.157894736842104,0
82000,4405,191,3764.2,5,0.0013726835964310226,2914,1.0037664529547607,15.256544502617801,1
82000,4477,264,3767.4,5,0.0,1614,0.29100841040483966,6.113636363636363,0
82000,4490,308,4083.6666666666665,6,0.0,3675,0.4868170434281704,11.931818181818182,0
82000,4501,178,2533.8333333333335,6,0.0,2723,1.079984445868578,15.297752808988765,0
82000,4591,121,2943.8,5,0.0,1528,1.311482432807924,12.62809917355372,0
82000,4596,163,2188.8,5,0.0,2467,1.1668198391216862,15.134969325153374,0
82000,4647,88,3279.6,5,0.0,773,1.2543652485665857,8.784090909090908,0
82000,4663,136,2865.0,5,0.0,1617,1.0986062545100985,11.889705882352942,0
82000,4773,234,2726.0,7,0.0,4535,1.0407716183818914,19.38034188034188,0
82000,4809,309,2711.6666666666665,9,0.0,6933,0.9124605677501507,22.436893203883496,0
82000,4843,195,3768.0,5,0.0,2943,0.9725924712178577,15.092307692307692,0
82000,4858,181,2355.0,6,0.0,2800,1.074015986087289,15.469613259668508,0
82000,4904,156,3715.8333333333335,6,0.0,2127,1.0983181417135914,13.634615384615385,0
82000,4920,167,3147.3333333333335,6,0.0,2475,1.1151983674760282,14.820359281437126,0
84000,0,50,3398.8,5,0.0,209,1.050548583360427,4.18,0
84000,45,180,3355.0,6,0.0,3053,1.1841089347419305,16.961111111111112,0
84000,162,253,2171.5714285714284,7,0.0,3304,0.6486476668881361,13.059288537549406,0
84000,277,192,3135.0,6,0.0,3421,1.1661662834126174,17.817708333333332,0
84000,308,265,2651.222222222222,9,0.0,5892,1.0543404152339515,22.233962264150943,0
84000,336,166,3130.5,6,0.0,2356,1.0744073583767677,14.19277108433735,0
84000,370,219,3360.8333333333335,6,0.0,3948,1.0344244528990225,18.027397260273972,0
84000,552,156,3826.5,6,0.0,2059,1.063205008833232,13.198717948717949,0
84000,563,236,3042.4285714285716,7,0.0,5340,1.2048337237984412,22.627118644067796,0
84000,717,239,3170.0,7,0.0,4847,1.066318838392166,20.280334728033473,0
84000,775,172,4276.4,5,0.0,2419,1.0275165804534492,14.063953488372093,0
84000,903,334,2294.8571428571427,7,0.0,3561,0.401133473392135,10.661676646706587,0
84000,969,267,3614.5,8,0.0009300883583940474,6451,1.1371411695104578,24.16104868913858,1
84000,1245,203,2161.6666666666665,6,0.0,3119,0.951115289043322,15.364532019704434,0
84000,1266,270,3486.8,5,0.0,2559,0.4411158079855298,9.477777777777778,0
84000,1304,173,2351.6666666666665,6,0.0,2635,1.106364615217228,15.23121387283237,0
84000,1339,132,3879.6,5,0.002191380569758948,1369,0.9873370851158005,10.371212121212121,1
84000,1407,116,2900.6,5,0.0,1243,1.1608203532735175,10.71551724137931,0
84000,1582,209,2867.3333333333335,6,0.0,1604,0.46144681819171063,7.6746411483253585,0
84000,1616,221,3394.285714285714,7,0.00022114108801415304,4522,1.1634718355097597,20.46153846153846,1
84000,1733,262,2898.5,6,0.0,2547,0.46626866084104673,9.721374045801527,0
84000,1803,145,3382.0,6,0.0,1791,1.0704575396108098,12.351724137931035,0
84000,1839,132,3777.0,5,0.0,1478,1.065949022499016,11.196969696969697,0
84000,1842,135,2673.0,5,0.0,1547,1.066676287539843,11.459259259259259,0
84000,1952,187,2755.5,6,0.005178190679256778,3283,1.1797705032154526,17.55614973262032,1
84000,1972,129,3382.2,5,0.0,1591,1.20143595021005,12.333333333333334,0
84000,2010,170,2820.6666666666665,6,0.0,2439,1.0605321082498969,14.347058823529412,0
84000,2119,139,2640.8,5,0.0,1628,1.0588505439768507,11.712230215827338,0
84000,2147,258,2998.75,8,0.0,6125,1.1563160268756374,23.74031007751938,0
84000,2175,252,3058.8333333333335,6,0.0,4127,0.8166636987506346,16.376984126984127,0
84000,2198,223,4194.666666666667,6,0.0,4237,1.0706773169184944,19.0,0
84000,2270,236,3041.0,8,0.0004385003288752467,4561,1.0290723996712903,19.326271186440678,1
84000,2281,313,2689.6666666666665,6,0.0,3552,0.4556109424634709,11.348242811501597,0
84000,2320,97,4705.0,4,0.0,1047,1.3983409536862634,10.793814432989691,0
84000,2403,165,4677.4,5,0.0,2387,1.1017787568953294,14.466666666666667,0
84000,2439,172,3499.8,5,0.0,2506,1.064471496740944,14.569767441860465,0
84000,2521,147,3014.8,5,0.0,1800,1.046761400613009,12.244897959183673,0
84000,2576,396,3277.625,8,0.0,4785,0.38344354778663303,12.083333333333334,0
84000,2585,99,3100.8,5,0.0,928,1.1898369482833704,9.373737373737374,0
84000,2602,341,3249.6666666666665,6,0.0,4025,0.43497769818625287,11.803519061583577,0
84000,2623,100,3091.6,5,0.0,827,1.0392388498075036,8.27,0
84000,2729,131,4113.2,5,0.0,1478,1.0822851679985348,11.282442748091603,0
84000,2744,213,3188.1666666666665,6,0.0,3784,1.0480977408524568,17.76525821596244,0
84000,2750,252,2818.625,8,0.0,5137,1.0165256652488515,20.384920634920636,0
84000,2754,139,2884.1666666666665,6,0.0,1611,1.0477937508272153,11.589928057553957,0
84000,2797,339,3653.8333333333335,6,0.0,4093,0.4475609760145848,12.073746312684365,0
84000,2804,187,3751.0,6,0.0,3027,1.0877749964158316,16.18716577540107,0
84000,2837,117,4075.0,5,0.0,1172,1.0758847512622507,10.017094017094017,0
84000,2873,273,3078.125,8,0.0,6386,1.0767465381703454,23.39194139194139,0
84000,2907,222,2773.285714285714,7,0.0,4156,1.0596915078580618,18.72072072072072,0
84000,2953,220,3977.0,6,0.0,4628,1.2015942810589721,21.036363636363635,0
84000,2970,115,3341.4,5,0.0,1318,1.2523611697334887,11.460869565217392,0
84000,3006,123,4204.5,4,0.0,1160,0.9635131147238178,9.43089430894309,0
84000,3129,392,2954.285714285714,7,0.0,4891,0.3999773445623615,12.47704081632653,0
84000,3137,251,2275.714285714286,7,0.0018344883815735833,4906,0.9785656455301678,19.545816733067728,1
84000,3150,131,4025.4,5,0.0,1606,1.1760148713164054,12.259541984732824,0
84000,3263,117,3942.4,5,0.0,1185,1.0878186264895624,10.128205128205128,0
84000,3309,202,2807.4285714285716,7,0.0,3605,1.1102285576111366,17.846534653465348,0
84000,3311,189,3122.8333333333335,6,0.0,1598,0.5621639999368986,8.455026455026456,0
84000,3323,146,2675.8,5,0.0,1736,1.0234199374426498,11.89041095890411,0
84000,3350,313,3604.6666666666665,6,0.0,3252,0.41713028853919126,10.389776357827476,0
84000,3469,162,3853.0,5,0.0,2569,1.2301099721189115,15.858024691358025,0
84000,3478,142,2686.5,6,0.0,1816,1.1317461334892014,12.788732394366198,0
84000,3532,73,5042.5,4,0.0,562,1.3252580756745833,7.698630136986301,0
84000,3614,194,2931.1666666666665,6,0.0,3236,1.080475483793875,16.68041237113402,0
84000,3619,189,2966.6666666666665,6,0.0,2627,0.9241582151653522,13.899470899470899,0
84000,3635,156,2767.4285714285716,7,0.0,2253,1.1633807114624926,14.442307692307692,0
84000,3655,101,3410.2,5,0.0,925,1.1394856208491555,9.158415841584159,0
84000,3663,165,3052.5714285714284,7,0.0,2295,1.0593138864996987,13.909090909090908,0
84000,3792,209,2462.8571428571427,7,0.0,3641,1.0474612624912834,17.42105263157895,0
84000,3992,361,3482.0,6,0.0,4718,0.4549392389449634,13.069252077562327,0
84000,4042,246,3067.25,8,0.0,4614,0.9581141188223482,18.75609756097561,0
84000,4329,247,2677.75,8,0.0,5620,1.1575833541395295,22.753036437246962,0
84000,4352,438,3835.4285714285716,7,0.0,5232,0.3427120527841746,11.945205479452055,0
84000,4362,112,2966.2,5,0.0,1105,1.1069706257068628,9.866071428571429,0
84000,4405,190,3805.2,5,0.0020869565217391303,2875,1.0007843633319287,15.131578947368421,1
84000,4477,255,3797.2,5,0.0,1569,0.3032162321250218,6.152941176470589,0
84000,4490,307,4112.833333333333,6,0.0,3675,0.4899936551875347,11.970684039087947,0
84000,4501,178,2532.8333333333335,6,0.0,2722,1.0795878302072235,15.292134831460674,0
84000,4591,121,2956.0,5,0.0,1491,1.2797253320134911,12.322314049586776,0
84000,4596,163,2163.2,5,0.0,2487,1.1762792622195515,15.257668711656441,0
84000,4647,84,3299.0,5,0.0,701,1.2484446996408418,8.345238095238095,0
84000,4663,135,2881.4,5,0.0,1571,1.0832245945217152,11.637037037037038,0
84000,4773,236,2719.714285714286,7,0.0,4602,1.0383229956779825,19.5,0
84000,4809,313,2706.222222222222,9,0.0,7037,0.902627872217186,22.482428115015974,0
84000,4843,193,3805.0,5,0.0,2912,0.9823960704720639,15.088082901554404,0
84000,4858,181,2352.6666666666665,6,0.0,2805,1.0759338717767306,15.497237569060774,0
84000,4904,158,3724.3333333333335,6,0.0,2146,1.0802528175939266,13.582278481012658,0
84000,4920,167,3161.6666666666665,6,0.0,2487,1.1206053898637909,14.892215568862275,0
86000,0,53,3397.4,5,0.0,239,1.0691928005809335,4.509433962264151,0
86000,45,181,3355.6666666666665,6,0.0,3071,1.1779653904550234,16.96685082872928,0
86000,162,255,2163.285714285714,7,0.0,3330,0.643537318659224,13.058823529411764,0
86000,277,194,3145.3333333333335,6,0.0,3443,1.1495911899574511,17.74742268041237,0
86000,308,268,2640.4444444444443,9,0.0,5970,1.0445148218941338,22.276119402985074,0
86000,336,165,3145.1666666666665,6,0.0,2347,1.0833157697667943,14.224242424242425,0
86000,370,219,3364.5,6,0.0,3963,1.038354636990584,18.095890410958905,0
86000,552,156,3848.1666666666665,6,0.0,2085,1.0766306184639578,13.365384615384615,0
86000,563,236,3031.5714285714284,7,0.0,5365,1.210474331119595,22.733050847457626,0
86000,717,241,3177.285714285714,7,0.0,4891,1.0582138509121868,20.29460580912863,0
86000,775,172,4308.2,5,0.0,2387,1.0139239675660947,13.877906976744185,0
86000,903,335,2279.8571428571427,7,0.0,3616,0.4049008344087571,10.794029850746268,0
86000,969,265,3623.25,8,0.0010847667751433443,6453,1.1547282246274082,24.350943396226416,1
86000,1245,205,2142.8333333333335,6,0.0,3149,0.9416181098064731,15.360975609756098,0
86000,1266,270,3493.8,5,0.0,2532,0.4364615966468782,9.377777777777778,0
86000,1304,174,2344.3333333333335,6,0.0,2648,1.0990801092225884,15.218390804597702,0
86000,1339,128,3930.2,5,0.0022988505747126436,1305,1.0009224640953809,10.1953125,1
86000,1407,116,2926.8,5,0.0,1202,1.1225310254503365,10.362068965517242,0
86000,1582,208,2875.1666666666665,6,0.0,1602,0.46531355686490833,7.701923076923077,0
86000,1616,222,3382.8571428571427,7,0.0004351610095735422,4596,1.1718821391038625,20.7027027027027,1
86000,1733,264,2900.1666666666665,6,0.0,2573,0.4639186121261787,9.746212121212121,0
86000,1803,144,3384.3333333333335,6,0.0,1782,1.0799224746714915,12.375,0
86000,1839,129,3799.6,5,0.0,1440,1.0874090309883546,11.162790697674419,0
86000,1842,135,2684.6,5,0.0,1512,1.0425433398579462,11.2,0
86000,1952,189,2765.1666666666665,6,0.00030248033877797946,3306,1.163025146302495,17.49206349206349,1
86000,1972,129,3410.4,5,0.0,1541,1.1636786921896212,11.945736434108527,0
86000,2010,170,2829.3333333333335,6,0.0,2443,1.0622713983003274,14.370588235294118,0
86000,2119,136,2645.4,5,0.0,1582,1.0748268983518712,11.632352941176471,0
86000,2147,258,2985.75,8,0.0,6229,1.1759498010462606,24.143410852713178,0
86000,2175,254,3039.8333333333335,6,0.0009601536245799327,4166,0.81144987258076,16.401574803149607,1
86000,2198,222,4218.166666666667,6,0.0,4221,1.0762651238375551,19.013513513513512,0
86000,2270,237,3037.5,8,0.0008695652173913044,4600,1.0291318133855363,19.40928270042194,1
86000,2281,313,2678.8333333333335,6,0.0,3582,0.4594590078558988,11.44408945686901,0
86000,2320,91,4756.0,4,0.0,943,1.4309971608912813,10.362637362637363,0
86000,2403,162,4707.6,5,0.0,2334,1.117585315268797,14.407407407407407,0
86000,2439,172,3529.8,5,0.0,2486,1.0559761136863475,14.453488372093023,0
86000,2521,145,3022.0,5,0.0,1761,1.0525269275570275,12.144827586206896,0
86000,2576,399,3272.625,8,0.0,4856,0.3833034698483561,12.170426065162907,0
86000,2585,96,3122.4,5,0.0,852,1.1617347833587255,8.875,0
86000,2602,342,3253.0,6,0.0,4051,0.4352310741661452,11.845029239766081,0
86000,2623,95,3103.8,5,0.0,732,1.0192336055081346,7.705263157894737,0
86000,2729,129,4132.8,5,0.0,1448,1.093450192271623,11.224806201550388,0
86000,2744,214,3192.5,6,0.0,3823,1.0490268769913338,17.864485981308412,0
86000,2750,254,2816.25,8,0.0,5186,1.010124589343212,20.41732283464567,0
86000,2754,138,2896.6666666666665,6,0.0,1597,1.0537961495028145,11.572463768115941,0
86000,2797,341,3684.0,6,0.0,4113,0.4444877696000144,12.06158357771261,0
86000,2804,187,3763.8333333333335,6,0.0,3036,1.091009213451756,16.235294117647058,0
86000,2837,115,4101.8,5,0.0,1131,1.0746741145436842,9.834782608695653,0
86000,2873,276,3069.5,8,0.0,6478,1.0686429956918022,23.471014492753625,0
86000,2907,224,2777.0,7,0.0,4189,1.0491176359923184,18.700892857142858,0
86000,2953,220,3999.3333333333335,6,0.0,4614,1.1979593804680417,20.972727272727273,0
86000,2970,113,3353.0,5,0.0,1254,1.2341004581726371,11.097345132743364,0
86000,3006,119,4255.75,4,0.0,1081,0.9592717063853023,9.084033613445378,0
86000,3129,395,2944.5714285714284,7,0.0,4961,0.3995626637900071,12.559493670886075,0
86000,3137,250,2276.8571428571427,7,0.0016214025131738954,4934,0.9920395617799705,19.736,1
86000,3150,125,4048.0,5,0.0032916392363396972,1519,1.2216522856455412,12.152,1
86000,3263,115,3981.0,5,0.0,1125,1.068972925607113,9.782608695652174,0
86000,3309,203,2804.8571428571427,7,0.0,3652,1.1136495785784586,17.99014778325123,0
86000,3311,188,3136.5,6,0.0,1579,0.5614050249002132,8.398936170212766,0
86000,3323,144,2684.6,5,0.0,1699,1.029623055256377,11.79861111111111,0
86000,3350,313,3615.3333333333335,6,0.0,3249,0.4167454819999485,10.380191693290735,0
86000,3469,162,3889.8,5,0.0,2549,1.2205334055784762,15.734567901234568,0
86000,3478,141,2682.8333333333335,6,0.0,1793,1.1333183698780744,12.71631205673759,0
86000,3532,62,5119.5,4,0.0,402,1.3141729934891746,6.483870967741935,0
86000,3614,194,2932.3333333333335,6,0.0,3243,1.082812729896025,16.716494845360824,0
86000,3619,190,2976.3333333333335,6,0.0,2615,0.9102786469958237,13.763157894736842,0
86000,3635,159,2764.285714285714,7,0.0,2301,1.1437529679854617,14.471698113207546,0
86000,3655,96,3425.0,5,0.0,860,1.17264309118369,8.958333333333334,0
86000,3663,164,3056.8571428571427,7,0.0,2341,1.0937638908467737,14.274390243902438,0
86000,3792,210,2448.4285714285716,7,0.0,3685,1.050047068342711,17.547619047619047,0
86000,3992,360,3493.5,6,0.0,4725,0.45814892864851153,13.125,0
86000,4042,248,3063.375,8,0.0,4694,0.9590684128479766,18.927419354838708,0
86000,4329,249,2672.375,8,0.0,5705,1.156290130077242,22.91164658634538,0
86000,4352,442,3840.1428571428573,7,0.0,5269,0.33891713297771586,11.92081447963801,0
86000,4362,108,2983.8,5,0.0,1051,1.1323092863247162,9.731481481481481,0
86000,4405,187,3838.8,5,0.0028149190710767065,2842,1.021293868455168,15.197860962566844,1
86000,4477,250,3820.4,5,0.0,1526,0.3068205049201936,6.104,0
86000,4490,305,4141.166666666667,6,0.0,3675,0.4964408708171992,12.049180327868852,0
86000,4501,178,2528.8333333333335,6,0.0,2727,1.0815709085139966,15.320224719101123,0
86000,4591,119,2963.8,5,0.0,1467,1.3018053591741336,12.327731092436975,0
86000,4596,165,2136.4,5,0.0,2513,1.159937166350215,15.23030303030303,0
86000,4647,79,3323.6,5,0.0,620,1.2483816344981071,7.848101265822785,0
86000,4663,132,2899.2,5,0.0,1518,1.0947974398873523,11.5,0
86000,4773,239,2708.0,7,0.0,4691,1.0319995194754799,19.627615062761507,0
86000,4809,314,2701.222222222222,9,0.0,7131,0.9088684008579989,22.71019108280255,0
86000,4843,193,3839.4,5,0.0,2886,0.9736246769857063,14.953367875647668,0
86000,4858,180,2350.5,6,0.0,2822,1.0945153664728884,15.677777777777777,0
86000,4904,158,3735.8333333333335,6,0.0,2142,1.0782392988286071,13.556962025316455,0
86000,4920,168,3179.1666666666665,6,0.0,2497,1.1117569240382248,14.863095238095237,0
88000,0,59,3750.0,9,0.0,270,0.9746969450953681,4.576271186440678,0
88000,45,180,3358.1666666666665,6,0.0,3081,1.1949687611987843,17.116666666666667,0
88000,162,256,2154.0,7,0.0,3349,0.6421627073286266,13.08203125,0
88000,277,194,3154.5,6,0.0,3475,1.1602757435672792,17.912371134020617,0
88000,308,271,2626.3333333333335,9,0.0,6072,1.0389700898733527,22.40590405904059,0
88000,336,164,3163.8333333333335,6,0.0,2346,1.0960999948426018,14.304878048780488,0
88000,370,220,3371.3333333333335,6,0.0,3976,1.0323117678242164,18.072727272727274,0
88000,552,157,3874.3333333333335,6,0.0,2097,1.0690770083293921,13.356687898089172,0
88000,563,237,3022.8571428571427,7,0.0,5391,1.206097740426397,22.746835443037973,0
88000,717,241,3182.8571428571427,7,0.0,4941,1.0690318211729941,20.502074688796682,0
88000,775,169,4341.4,5,0.0,2364,1.0401211488514086,13.988165680473372,0
88000,903,337,2262.714285714286,7,0.0,3676,0.4067481300212586,10.908011869436201,0
88000,969,266,3487.25,8,0.0009290802105915144,6458,1.1469503848088012,24.278195488721803,1
88000,1245,206,2118.8333333333335,6,0.0,3188,0.9440472598401602,15.475728155339805,0
88000,1266,270,3499.8,5,0.0,2514,0.43335878908777725,9.311111111111112,0
88000,1304,174,2338.6666666666665,6,0.0,2652,1.10074035107942,15.241379310344827,0
88000,1339,126,3979.0,5,0.002403846153846154,1248,0.9878326106525729,9.904761904761905,1
88000,1407,112,2958.6,5,0.0,1151,1.153052660804162,10.276785714285714,0
88000,1582,209,2887.5,6,0.0,1598,0.4597207078992229,7.645933014354067,0
88000,1616,223,2987.375,8,0.0010748065348237317,4652,1.1755465844476838,20.8609865470852,1
88000,1733,265,2898.5,6,0.0,2604,0.4659712222113391,9.826415094339623,0
88000,1803,144,3384.3333333333335,6,0.0,1779,1.0781044233673307,12.354166666666666,0
88000,1839,128,3822.0,5,0.0,1401,1.0745535419138916,10.9453125,0
88000,1842,132,2698.0,5,0.0,1470,1.060179339021349,11.136363636363637,0
88000,1952,190,2772.3333333333335,6,0.0,3331,1.159517465829097,17.53157894736842,0
88000,1972,126,3441.6,5,0.0,1490,1.1793834854746263,11.825396825396826,0
88000,2010,171,2836.8333333333335,6,0.0,2455,1.0550405204422477,14.35672514619883,0
88000,2119,135,2650.4,5,0.0,1530,1.0549545700943503,11.333333333333334,0
88000,2147,263,2972.125,8,0.0,6331,1.1501928950759435,24.072243346007603,0
88000,2175,253,2633.1428571428573,7,0.000954426151276545,4191,0.8227852215278991,16.565217391304348,1
88000,2198,222,4244.0,6,0.0,4203,1.0716755071047726,18.93243243243243,0
88000,2270,237,3037.0,8,0.0015089458935115326,4639,1.0378570613685876,19.573839662447256,1
88000,2281,313,2664.1666666666665,6,0.0,3607,0.4626657290162555,11.523961661341852,0
88000,2320,87,4802.5,4,0.0,838,1.3912826760249684,9.632183908045977,0
88000,2403,160,4739.8,5,0.0,2285,1.1216467521019808,14.28125,0
88000,2439,171,3568.6,5,0.0,2467,1.0601975413161,14.426900584795321,0
88000,2521,143,3023.6,5,0.0,1727,1.0612803585015547,12.076923076923077,0
88000,2576,403,3268.625,8,0.0,4920,0.38068421961004084,12.208436724565757,0
88000,2585,90,3144.2,5,0.0,770,1.1945809102538967,8.555555555555555,0
88000,2602,345,3252.3333333333335,6,0.0,4101,0.4329736264607181,11.88695652173913,0
88000,2623,88,3117.8,5,0.0,626,1.0158248972867823,7.113636363636363,0
88000,2729,127,4161.4,5,0.0,1396,1.0876466847073845,10.992125984251969,0
88000,2744,215,3195.3333333333335,6,0.0,3868,1.0515245329657388,17.990697674418605,0
88000,2750,254,2810.25,8,0.0,5234,1.0194739877790922,20.606299212598426,0
88000,2754,137,2910.6666666666665,6,0.0,1586,1.0618713727089162,11.576642335766424,0
88000,2797,341,3716.5,6,0.0,4134,0.4467572184601166,12.12316715542522,0
88000,2804,188,3777.1666666666665,6,0.0,3047,1.0833445920651992,16.20744680851064,0
88000,2837,114,4122.4,5,0.0,1088,1.0520322582658341,9.543859649122806,0
88000,2873,278,3063.5,8,0.0,6557,1.0661675394435213,23.586330935251798,0
88000,2907,224,2781.714285714286,7,0.0,4220,1.0568814571228418,18.839285714285715,0
88000,2953,220,4017.6666666666665,6,0.0,4615,1.1982190162245367,20.977272727272727,0
88000,2970,109,3366.6,5,0.0,1184,1.252300547714945,10.862385321100918,0
88000,3006,114,4310.25,4,0.0,1002,0.9688752966749685,8.789473684210526,0
88000,3129,398,2928.1428571428573,7,0.0,5065,0.4018122469238732,12.726130653266331,0
88000,3137,249,2276.714285714286,7,0.002014098690835851,4965,1.0063068353783535,19.93975903614458,1
88000,3150,123,2828.8,5,0.0027643400138217,1447,1.2018995491425555,11.764227642276422,1
88000,3263,110,4019.6,5,0.0,1052,1.092547263331062,9.563636363636364,0
88000,3309,203,2799.8571428571427,7,0.0,3714,1.1325560062542155,18.295566502463053,0
88000,3311,185,3151.3333333333335,6,0.0,1556,0.5713154908967969,8.41081081081081,0
88000,3323,141,2689.2,5,0.0,1675,1.058733000304392,11.879432624113475,0
88000,3350,312,3628.6666666666665,6,0.0,3250,0.41955030096017537,10.416666666666666,0
88000,3469,161,3936.8,5,0.0,2520,1.2216833435509864,15.652173913043478,0
88000,3478,141,2679.5,6,0.0,1774,1.1213088612179052,12.581560283687944,0
88000,3532,43,5214.0,4,0.0,187,1.2709093049676394,4.348837209302325,0
88000,3614,192,2932.3333333333335,6,0.0,3252,1.1085567827120233,16.9375,0
88000,3619,188,2986.8333333333335,6,0.0,2594,0.9222828591457587,13.797872340425531,0
88000,3635,160,2762.0,7,0.0,2352,1.154535300194249,14.7,0
88000,3655,92,3445.8,5,0.0,792,1.1758702181678244,8.608695652173912,0
88000,3663,166,3064.285714285714,7,0.0,2376,1.0835279641354838,14.313253012048193,0
88000,3792,212,2434.0,7,0.0,3725,1.0415123384320024,17.57075471698113,0
88000,3992,360,3505.1666666666665,6,0.0,4728,0.4584398168571772,13.133333333333333,0
88000,4042,248,3060.125,8,0.0,4772,0.9750052122093192,19.241935483870968,0
88000,4329,251,2667.125,8,0.0,5784,1.1536941895121262,23.04382470119522,0
88000,4352,448,3844.5714285714284,7,0.0,5314,0.33271730231935903,11.861607142857142,0
88000,4362,106,3000.6,5,0.0,989,1.106100083446175,9.330188679245284,0
88000,4405,186,3870.0,5,0.0024831500532103584,2819,1.0239507099629583,15.155913978494624,1
88000,4477,243,3850.6,5,0.0,1476,0.3141113825262771,6.074074074074074,0
88000,4490,304,4172.166666666667,6,0.0,3675,0.4997123009843529,12.088815789473685,0
88000,4501,179,2526.3333333333335,6,0.0,2729,1.0703044663582966,15.245810055865922,0
88000,4591,117,2972.2,5,0.0,1435,1.3173162270147867,12.264957264957266,0
88000,4596,168,2105.2,5,0.0,2551,1.1357997249585547,15.18452380952381,0
88000,4647,74,3344.0,5,0.0,535,1.2277224760193859,7.22972972972973,0
88000,4663,130,2918.0,5,0.0,1469,1.0923075995558358,11.3,0
88000,4773,243,2691.1428571428573,7,0.0,4799,1.0212876183899755,19.74897119341564,0
88000,4809,319,2692.6666666666665,9,0.0,7235,0.8934433760958383,22.68025078369906,0
88000,4843,192,3883.6,5,0.0,2854,0.9728847041390267,14.864583333333334,0
88000,4858,181,2343.3333333333335,6,0.0,2850,1.093194842981705,15.74585635359116,0
88000,4904,159,3747.1666666666665,6,0.0,2146,1.0667074616674492,13.49685534591195,0
88000,4920,169,3201.6666666666665,6,0.0,2493,1.096879028801422,14.751479289940828,0
90000,0,74,3753.3333333333335,9,0.0,321,0.7366334856116316,4.337837837837838,0
90000,45,181,3356.5,6,0.0,3105,1.1910070131432262,17.154696132596683,0
90000,162,259,2142.285714285714,7,0.0,3375,0.6322431213527259,13.03088803088803,0
90000,277,196,3164.0,6,0.0,3518,1.1507833147989268,17.948979591836736,0
90000,308,272,2957.0,8,0.0,6103,1.0366100759547203,22.4375,0
90000,336,164,3186.5,6,0.0,2355,1.1003049820350925,14.359756097560975,0
90000,370,221,3380.6666666666665,6,0.0,3994,1.0276219617483373,18.07239819004525,0
90000,552,158,3883.3333333333335,6,0.0,2128,1.0711919831499888,13.468354430379748,0
90000,563,236,3016.4285714285716,7,0.0,5416,1.2219811700547485,22.949152542372882,0
90000,717,242,3178.8571428571427,7,0.0,4990,1.0707292767852652,20.619834710743802,0
90000,775,169,4376.0,5,0.0,2343,1.030881493975825,13.863905325443787,0
90000,903,339,2243.1428571428573,7,0.0,3739,0.4088518175711049,11.029498525073747,0
90000,969,265,3514.0,8,0.0006193868070610096,6458,1.1556229466362624,24.369811320754717,1
90000,1245,209,2095.3333333333335,6,0.0,3236,0.9309488177483638,15.483253588516746,0
90000,1266,270,3492.4,5,0.0,2505,0.4318073853082267,9.277777777777779,0
90000,1304,174,2330.1666666666665,6,0.0,2649,1.0994951696867965,15.224137931034482,0
90000,1339,123,4027.4,5,0.002512562814070352,1194,0.9917540163622746,9.707317073170731,1
90000,1407,111,2997.2,5,0.0,1105,1.1270058866055421,9.954954954954955,0
90000,1582,209,2911.6666666666665,6,0.0,1579,0.4542546919730119,7.555023923444976,0
90000,1616,225,2985.125,8,0.0008488964346349745,4712,1.1696343374787244,20.942222222222224,1
90000,1733,267,2899.1666666666665,6,0.0,2629,0.4634233660894424,9.846441947565543,0
90000,1803,143,3389.0,6,0.0,1760,1.0815596010206927,12.307692307692308,0
90000,1839,126,3852.8,5,0.0,1341,1.0614451369271638,10.642857142857142,0
90000,1842,131,2708.4,5,0.0,1432,1.0486010558686751,10.931297709923664,0
90000,1952,190,2781.1666666666665,6,0.004776119402985075,3350,1.1661313450998125,17.63157894736842,1
90000,1972,124,3459.2,5,0.0,1441,1.1776886092151124,11.620967741935484,0
90000,2010,172,2858.0,6,0.0,2453,1.0419587316462633,14.261627906976743,0
90000,2119,132,2655.8,5,0.0,1479,1.0666702329337245,11.204545454545455,0
90000,2147,265,2960.0,8,0.0,6440,1.152401947404387,24.30188679245283,0
90000,2175,255,2622.1428571428573,7,0.001893043066729768,4226,0.8166933059020662,16.572549019607845,1
90000,2198,221,4260.166666666667,6,0.0,4190,1.0780510815537137,18.959276018099548,0
90000,2270,238,3035.875,8,0.0012815036309269544,4682,1.0386933694024019,19.672268907563026,1
90000,2281,314,2648.0,6,0.0,3631,0.46278238164568697,11.563694267515924,0
90000,2320,80,4850.25,4,0.0,718,1.4097897032984195,8.975,0
90000,2403,159,4771.2,5,0.0,2246,1.1164142399371346,14.125786163522013,0
90000,2439,171,3603.4,5,0.0,2444,1.0503132513078834,14.292397660818713,0
90000,2521,143,3026.0,5,0.0,1689,1.037928503479517,11.811188811188812,0
90000,2576,403,3750.5714285714284,7,0.0,4918,0.3805294699272726,12.20347394540943,0
90000,2585,85,3165.8,5,0.0,676,1.1757600740909067,7.952941176470588,0
90000,2602,347,3253.0,6,0.0,4136,0.4316497011102952,11.919308357348703,0
90000,2623,76,3284.5,4,0.0,484,1.0529991996796815,6.368421052631579,0
90000,2729,126,4187.2,5,0.0,1356,1.0733181250359685,10.761904761904763,0
90000,2744,216,3200.1666666666665,6,0.0,3913,1.0539310745453412,18.11574074074074,0
90000,2750,257,2800.75,8,0.0,5293,1.0070371945344079,20.595330739299612,0
90000,2754,136,2925.0,6,0.0,1568,1.0653151558885803,11.529411764705882,0
90000,2797,343,3754.0,6,0.0,4155,0.44380547138235227,12.113702623906706,0
90000,2804,188,3790.3333333333335,6,0.0,3063,1.0890333066937004,16.29255319148936,0
90000,2837,110,4143.0,5,0.0,1026,1.0655451446555795,9.327272727272728,0
90000,2873,281,3053.625,8,0.0,6642,1.0570513749898511,23.637010676156585,0
90000,2907,226,2778.8571428571427,7,0.0,4243,1.0439171140403705,18.77433628318584,0
90000,2953,221,4039.6666666666665,6,0.0,4624,1.1897155611227619,20.923076923076923,0
90000,2970,107,3375.2,5,0.0,1117,1.2260141476320372,10.439252336448599,0
90000,3006,109,4364.25,4,0.0,909,0.9614368225277745,8.339449541284404,0
90000,3129,401,3605.285714285714,7,0.0,5221,0.4080137622127302,13.019950124688279,0
90000,3137,250,2280.285714285714,7,0.0016022431403965552,4993,1.0039022156399255,19.972,1
90000,3150,119,2857.4,5,0.0021849963583394027,1373,1.2183904281841074,11.53781512605042,1
90000,3263,109,4061.4,5,0.0,988,1.044994038126998,9.064220183486238,0
90000,3309,204,2795.714285714286,7,0.0,3768,1.137785574656511,18.470588235294116,0
90000,3311,183,3171.3333333333335,6,0.0,1533,0.5752410090421515,8.37704918032787,0
90000,3323,141,2691.2,5,0.0,1650,1.0429310152252218,11.702127659574469,0
90000,3350,311,3643.6666666666665,6,0.0,3249,0.4221227874613884,10.446945337620578,0
90000,3469,160,3975.4,5,0.0,2502,1.2281663780127596,15.6375,0
90000,3478,141,2676.3333333333335,6,0.0,1749,1.1055068761387352,12.404255319148936,0
90000,3614,195,2930.6666666666665,6,0.0,3268,1.0799973482636627,16.75897435897436,0
90000,3619,183,3500.8,5,0.0,2561,0.9609864475909654,13.994535519125684,0
90000,3635,161,2756.4285714285716,7,0.0,2404,1.165447126149433,14.93167701863354,0
90000,3655,88,3458.0,5,0.0,716,1.1618700103152335,8.136363636363637,0
90000,3663,168,3072.4285714285716,7,0.0,2419,1.07702843381997,14.398809523809524,0
90000,3792,214,2415.714285714286,7,0.0,3784,1.0383253210921284,17.682242990654206,0
90000,3992,360,3517.1666666666665,6,0.0,4731,0.45873070506584296,13.141666666666667,0
90000,4042,250,3063.125,8,0.0,4831,0.9713301830075065,19.324,0
90000,4329,254,2663.75,8,0.0,5869,1.1431587379204224,23.106299212598426,0
90000,4352,450,3857.4285714285716,7,0.0,5354,0.33224863342853833,11.897777777777778,0
90000,4362,103,3020.2,5,0.0,922,1.09210987901208,8.951456310679612,0
90000,4405,186,3904.6,5,0.0017908309455587394,2792,1.0141434488175167,15.010752688172044,1
90000,4477,238,3882.0,5,0.0,1432,0.31768665206839797,6.016806722689076,0
90000,4490,302,4203.666666666667,6,0.0,3685,0.5077307542861448,12.201986754966887,0
90000,4501,179,2521.1666666666665,6,0.0,2731,1.0710888595179582,15.256983240223464,0
90000,4591,118,2973.8,5,0.0,1422,1.2833509777089014,12.05084745762712,0
90000,4596,170,2945.8333333333335,6,0.0,2613,1.1361912254436164,15.370588235294118,0
90000,4647,67,3374.6,5,0.0,431,1.2065283436820682,6.432835820895522,0
90000,4663,128,2938.8,5,0.0,1414,1.0845244170351482,11.046875,0
90000,4773,248,3401.714285714286,7,0.0,4961,1.0136213029694956,20.004032258064516,0
90000,4809,321,2675.4,10,0.0,7354,0.8968574596325477,22.909657320872274,0
90000,4843,190,3924.4,5,0.0,2819,0.9812908244287675,14.836842105263157,0
90000,4858,184,2339.6666666666665,6,0.0,2863,1.0626630159767931,15.559782608695652,0
90000,4904,160,3764.0,6,0.0,2138,1.0494882958398402,13.3625,0
90000,4920,171,3220.8333333333335,6,0.0,2505,1.0765281074166317,14.649122807017545,0
92000,0,80,3757.4444444444443,9,0.0,359,0.7048948516492097,4.4875,0
92000,45,181,3354.6666666666665,6,0.0,3121,1.1971442473494391,17.243093922651934,0
92000,162,258,2128.4285714285716,7,0.0,3401,0.6420621726373947,13.182170542635658,0
92000,277,195,3178.8333333333335,6,0.0,3543,1.1708783980716515,18.16923076923077,0
92000,308,272,2957.375,8,0.0,6138,1.0425549149942772,22.566176470588236,0
92000,336,165,3194.5,6,0.0,2366,1.0920856886528485,14.33939393939394,0
92000,370,223,3401.8333333333335,6,0.0,4017,1.0150839702765146,18.013452914798208,0
92000,552,159,3902.6666666666665,6,0.0,2141,1.064222122753965,13.465408805031446,0
92000,563,237,3011.0,7,0.0,5446,1.218402577325572,22.9789029535865,0
92000,717,243,3176.4285714285716,7,0.0,5030,1.0704473266308767,20.699588477366255,0
92000,775,169,4412.4,5,0.0,2321,1.0212018555347375,13.733727810650887,0
92000,903,339,2224.8571428571427,7,0.0,3801,0.4156313876939743,11.212389380530974,0
92000,969,266,3538.25,8,0.000927070457354759,6472,1.1494368055872655,24.330827067669173,1
92000,1245,214,2067.0,6,0.0,3298,0.9049674706558771,15.411214953271028,0
92000,1266,267,3487.8,5,0.0,2481,0.4373348692536732,9.292134831460674,0
92000,1304,175,2322.3333333333335,6,0.0,2652,1.0881964038948742,15.154285714285715,0
92000,1339,121,4082.8,5,0.0026714158504007124,1123,0.9638709241121064,9.28099173553719,1
92000,1407,107,3024.8,5,0.0,1045,1.1469872732994442,9.766355140186915,0
92000,1582,208,2918.6666666666665,6,0.0,1578,0.45834256724895467,7.586538461538462,0
92000,1616,227,2983.0,8,0.0006291946308724832,4768,1.1627715478519773,21.004405286343612,1
92000,1733,271,2902.1666666666665,6,0.0,2664,0.45583272717763695,9.830258302583026,0
92000,1803,143,3388.5,6,0.0,1754,1.077872466017213,12.265734265734265,0
92000,1839,123,3879.8,5,0.0,1296,1.0764767212776447,10.536585365853659,0
92000,1842,131,2718.8,5,0.0,1397,1.0229718401176948,10.664122137404581,0
92000,1952,190,2787.5,6,0.0005929439667951378,3373,1.1741376200064677,17.75263157894737,1
92000,1972,124,3469.8,5,0.0,1404,1.1474495540166674,11.32258064516129,0
92000,2010,172,2864.1666666666665,6,0.0,2464,1.0466311923262912,14.325581395348838,0
92000,2119,130,2660.2,5,0.0,1435,1.067026143881977,11.038461538461538,0
92000,2147,268,2946.75,8,0.0,6536,1.1435425252763916,24.388059701492537,0
92000,2175,255,2614.5714285714284,7,0.0002354603249352484,4247,0.8207516493530704,16.654901960784315,1
92000,2198,221,4271.166666666667,6,0.0,4182,1.0759927501330862,18.923076923076923,0
92000,2270,238,3036.75,8,0.0014792899408284023,4732,1.0497857804383095,19.88235294117647,1
92000,2281,316,2630.1666666666665,6,0.0,3666,0.4613474871038368,11.60126582278481,0
92000,2320,73,4902.5,4,0.0,592,1.3960013893226928,8.10958904109589,0
92000,2403,157,4808.0,5,0.0,2199,1.121077892854713,14.006369426751592,0
92000,2439,172,3621.0,5,0.0,2428,1.0313395028280175,14.116279069767442,0
92000,2521,140,3031.2,5,0.0,1661,1.0649357954311525,11.864285714285714,0
92000,2576,401,3766.0,7,0.0,4919,0.3844128895469106,12.266832917705736,0
92000,2585,80,3185.8,5,0.0,578,1.1349003461093128,7.225,0
92000,2602,349,3251.5,6,0.0,4172,0.43043076988782086,11.954154727793696,0
92000,2623,57,3347.75,4,0.0,276,1.0675033208873905,4.842105263157895,0
92000,2729,124,4211.8,5,0.0,1313,1.0730778236637353,10.588709677419354,0
92000,2744,217,3204.1666666666665,6,0.0,3964,1.0578498824634153,18.267281105990783,0
92000,2750,261,2788.0,8,0.0,5358,0.9883973187671414,20.528735632183906,0
92000,2754,137,2919.6666666666665,6,0.0,1566,1.0484808131539487,11.430656934306569,0
92000,2797,343,3802.1666666666665,6,0.0,4174,0.4458349067508877,12.169096209912537,0
92000,2804,188,3805.5,6,0.0,3075,1.0932998426650762,16.356382978723403,0
92000,2837,107,4166.2,5,0.0,976,1.0712531853973755,9.121495327102803,0
92000,2873,283,3041.5,8,0.0,6740,1.0575402107752727,23.81625441696113,0
92000,2907,227,2775.4285714285716,7,0.0,4271,1.0415682216601918,18.814977973568283,0
92000,2953,221,4059.3333333333335,6,0.0,4633,1.1920311839709679,20.963800904977376,0
92000,2970,104,3391.8,5,0.0,1050,1.2199231827918946,10.096153846153847,0
92000,3006,103,4423.75,4,0.0,809,0.9582612712806645,7.854368932038835,0
92000,3129,405,3615.285714285714,7,0.0,5278,0.40436094560333924,13.0320987654321,0
92000,3137,249,2280.8571428571427,7,0.001388337961126537,5042,1.0219132052321567,20.248995983935743,1
92000,3150,116,2878.8,5,0.0030745580322828594,1301,1.214985743852652,11.21551724137931,1
92000,3263,104,4103.2,5,0.0,906,1.052619432009006,8.711538461538462,0
92000,3309,203,2788.1428571428573,7,0.0,3828,1.167319437787059,18.857142857142858,0
92000,3311,180,3195.5,6,0.0,1510,0.5856549267803194,8.38888888888889,0
92000,3323,139,2694.4,5,0.0,1626,1.057549744782776,11.697841726618705,0
92000,3350,310,3663.6666666666665,6,0.0,3252,0.4252428432663478,10.490322580645161,0
92000,3469,160,3998.8,5,0.0,2481,1.2178580271181683,15.50625,0
92000,3478,140,2671.1666666666665,6,0.0,1723,1.1046865596194313,12.307142857142857,0
92000,3614,192,2933.0,6,0.0,3266,1.1133291673854453,17.010416666666668,0
92000,3619,177,3567.0,5,0.0,2483,0.9959557673546499,14.028248587570621,0
92000,3635,162,2753.0,7,0.0,2447,1.1716929162222562,15.104938271604938,0
92000,3655,82,3472.0,5,0.0,627,1.1717897643074362,7.646341463414634,0
92000,3663,170,3090.8571428571427,7,0.0,2454,1.0670544459390108,14.435294117647059,0
92000,3792,217,2394.5714285714284,7,0.0,3847,1.0266267653473153,17.72811059907834,0
92000,3992,360,3531.6666666666665,6,0.0,4730,0.45863374232962106,13.13888888888889,0
92000,4042,252,3064.125,8,0.0,4900,0.969627362219072,19.444444444444443,0
92000,4329,257,2652.125,8,0.0,5974,1.1366030984599569,23.245136186770427,0
92000,4352,455,3874.5714285714284,7,0.0,5392,0.3272931788558128,11.850549450549451,0
92000,4362,98,3037.4,5,0.0,857,1.1213431504066858,8.744897959183673,0
92000,4405,186,3940.8,5,0.0021747009786154403,2759,1.0021567963064215,14.833333333333334,1
92000,4477,230,3928.2,5,0.0,1380,0.327818363852848,6.0,0
92000,4490,301,4247.5,6,0.0,3690,0.5118034852483455,12.259136212624584,0
92000,4501,178,2520.5,6,0.0,2729,1.0823641398367057,15.331460674157304,0
92000,4591,117,2972.6,5,0.0,1408,1.2925304861580622,12.034188034188034,0
92000,4596,174,2924.5,6,0.0,2722,1.129794583573975,15.64367816091954,0
92000,4647,55,3413.4,5,0.0,291,1.2088640822408327,5.290909090909091,0
92000,4663,125,2956.8,5,0.0,1366,1.0986023845897364,10.928,0
92000,4773,249,3405.4285714285716,7,0.0,5029,1.0192783635685276,20.196787148594378,0
92000,4809,327,2664.3,10,0.0,7538,0.8858710143276327,23.051987767584098,0
92000,4843,188,3943.0,5,0.0,2796,0.9941028813305864,14.872340425531915,0
92000,4858,184,2336.5,6,0.0,2872,1.0660035563693153,15.608695652173912,0
92000,4904,159,3779.0,6,0.0,2122,1.0547778348827248,13.345911949685535,0
92000,4920,173,3239.0,6,0.0,2513,1.05514014346903,14.526011560693641,0
94000,0,92,3761.777777777778,9,0.0,411,0.6102053783673936,4.467391304347826,0
94000,45,182,3354.6666666666665,6,0.0,3140,1.1912330554609287,17.252747252747252,0
94000,162,263,2120.0,7,0.0,3434,0.623876544256956,13.05703422053232,0
94000,277,196,3190.3333333333335,6,0.0,3594,1.1756438980634856,18.336734693877553,0
94000,308,273,2950.875,8,0.0,6200,1.0453849885148985,22.71062271062271,0
94000,336,165,3204.3333333333335,6,0.0,2367,1.092547263331062,14.345454545454546,0
94000,370,223,3420.3333333333335,6,0.0,4039,1.0206433049407126,18.112107623318387,0
94000,552,157,3918.1666666666665,6,0.0,2160,1.1011952017126785,13.757961783439491,0
94000,563,237,3005.714285714286,7,0.0,5477,1.2253380308505615,23.109704641350213,0
94000,717,244,3175.8571428571427,7,0.0,5079,1.0720336661907122,20.815573770491802,0
94000,775,169,4451.4,5,0.0,2300,1.011962200659154,13.609467455621301,0
94000,903,342,2204.5714285714284,7,0.0,3872,0.41599968382407165,11.321637426900585,0
94000,969,268,3564.875,8,0.001389317690645261,6478,1.1333948100888105,24.171641791044777,1
94000,1245,219,2028.3333333333333,6,0.0,3380,0.8856014819652218,15.4337899543379,0
94000,1266,268,3482.4,5,0.0,2454,0.4293533287986942,9.156716417910447,0
94000,1304,173,2313.1666666666665,6,0.0,2667,1.119800542233149,15.416184971098266,0
94000,1339,116,4140.2,5,0.0009389671361502347,1065,0.994588637358243,9.181034482758621,1
94000,1407,105,3051.2,5,0.0,994,1.1329680172946048,9.466666666666667,0
94000,1582,207,2919.8333333333335,6,0.0,1581,0.46366150765016345,7.63768115942029,0
94000,1616,227,2983.375,8,0.0006213753106876554,4828,1.1774037401487722,21.26872246696035,1
94000,1733,272,2902.5,6,0.0,2705,0.4594511314857478,9.944852941176471,0
94000,1803,142,3391.1666666666665,6,0.0,1743,1.0862519331892502,12.274647887323944,0
94000,1839,120,3907.4,5,0.0,1253,1.0934487763744476,10.441666666666666,0
94000,1842,130,2730.4,5,0.0,1355,1.007540365825839,10.423076923076923,0
94000,1952,192,2798.8333333333335,6,0.0002936857562408223,3405,1.1607121295001352,17.734375,1
94000,1972,121,3488.0,5,0.0,1346,1.155271828900174,11.12396694214876,0
94000,2010,172,2873.5,6,0.0,2470,1.0491798072426703,14.36046511627907,0
94000,2119,129,2664.6,5,0.0,1377,1.039834885882614,10.674418604651162,0
94000,2147,271,2927.5,8,0.0,6659,1.1394107095630197,24.571955719557195,0
94000,2175,255,2609.285714285714,7,0.0007037297677691766,4263,0.8238437205538355,16.71764705882353,1
94000,2198,221,4284.0,6,0.0,4175,1.0741917101400371,18.891402714932127,0
94000,2270,239,3033.125,8,0.001889168765743073,4764,1.0480592007634162,19.93305439330544,1
94000,2281,316,2604.6666666666665,6,0.0,3712,0.46713635355413047,11.746835443037975,0
94000,2320,64,4959.5,4,0.0,447,1.371378824369763,6.984375,0
94000,2403,156,4841.8,5,0.0,2155,1.1127764905466804,13.814102564102564,0
94000,2439,172,3645.2,5,0.0,2411,1.0241184272316104,14.017441860465116,0
94000,2521,139,3038.6,5,0.0,1619,1.0529969476035144,11.647482014388489,0
94000,2576,398,3778.4285714285716,7,0.0,4919,0.3902298998259689,12.359296482412061,0
94000,2585,71,3212.6,5,0.0,456,1.1367317992754973,6.422535211267606,0
94000,2602,351,3243.8333333333335,6,0.0,4232,0.43165948685455485,12.056980056980057,0
94000,2729,121,4241.2,5,0.0,1260,1.0814580270536547,10.413223140495868,0
94000,2744,219,3208.6666666666665,6,0.0,4013,1.0514552506291228,18.32420091324201,0
94000,2750,263,2775.5,8,0.0,5421,0.9848674276112286,20.61216730038023,0
94000,2754,136,2914.0,6,0.0,1556,1.0571622337771882,11.441176470588236,0
94000,2797,344,3846.0,6,0.0,4198,0.44579522578995234,12.203488372093023,0
94000,2804,187,3824.8333333333335,6,0.0,3083,1.1078990135282487,16.486631016042782,0
94000,2837,105,4188.4,5,0.0,917,1.0452028891943186,8.733333333333333,0
94000,2873,287,3029.875,8,0.0,6841,1.0436759141525465,23.83623693379791,0
94000,2907,226,2774.5714285714284,7,0.0,4300,1.0579409828832416,19.02654867256637,0
94000,2953,221,4084.3333333333335,6,0.0,4636,1.1928030582537033,20.97737556561086,0
94000,2970,101,3406.4,5,0.0,977,1.203543190886081,9.673267326732674,0
94000,3006,97,4488.5,4,0.0,713,0.9522608404759368,7.350515463917525,0
94000,3129,407,3627.4285714285716,7,0.0,5314,0.4031276581488849,13.056511056511056,0
94000,3137,250,2278.714285714286,7,0.0017685203379838867,5089,1.0232041609035814,20.356,1
94000,3150,113,2903.2,5,0.0024330900243309003,1233,1.2134337040884062,10.91150442477876,1
94000,3263,99,4148.6,5,0.0,816,1.0462359372836532,8.242424242424242,0
94000,3309,205,2781.1428571428573,7,0.0,3900,1.1661831147174486,19.024390243902438,0
94000,3311,177,3237.0,6,0.0,1489,0.5972525725296309,8.412429378531073,0
94000,3323,138,2703.0,5,0.0,1588,1.0478574110272194,11.507246376811594,0
94000,3350,311,3688.6666666666665,6,0.0,3251,0.4223826352837715,10.453376205787782,0
94000,3469,159,4025.8,5,0.0,2454,1.2198043387380804,15.433962264150944,0
94000,3478,135,3208.8,5,0.0,1647,1.1356275666309772,12.2,0
94000,3614,193,2936.3333333333335,6,0.0,3271,1.1035087728413877,16.94818652849741,0
94000,3619,175,3641.2,5,0.0,2425,0.9950513874227263,13.857142857142858,0
94000,3635,164,2749.4285714285716,7,0.0,2501,1.1685192187132767,15.25,0
94000,3655,75,3497.0,5,0.0,531,1.186265385995506,7.08,0
94000,3663,171,3114.0,7,0.0,2502,1.0752388521981686,14.631578947368421,0
94000,3792,221,2366.285714285714,7,0.0,3934,1.01218447609363,17.800904977375566,0
94000,3992,361,3549.0,6,0.0,4728,0.4559035018507391,13.096952908587257,0
94000,4042,253,3068.75,8,0.0,4955,0.9727751783991266,19.58498023715415,0
94000,4329,261,2642.25,8,0.0,6076,1.1208477246788264,23.279693486590038,0
94000,4352,460,3885.0,7,0.0,5441,0.32312676045712785,11.828260869565218,0
94000,4362,93,3059.0,5,0.0,778,1.1303776549857136,8.365591397849462,0
94000,4405,184,3977.2,5,0.0029293299157817647,2731,1.013668423553134,14.842391304347826,1
94000,4477,221,3968.2,5,0.0,1321,0.33988197583113505,5.97737556561086,0
94000,4490,300,4288.333333333333,6,0.0,3692,0.5155004478690451,12.306666666666667,0
94000,4501,179,2517.8333333333335,6,0.0,2734,1.0722654492574506,15.273743016759777,0
94000,4591,118,3524.0,5,0.0,1455,1.3131333843645931,12.330508474576272,0
94000,4596,181,3123.3333333333335,6,0.0,2893,1.1096886599109028,15.98342541436464,0
94000,4647,34,3456.2,5,0.0,105,1.1414090955949077,3.088235294117647,0
94000,4663,123,2978.8,5,0.0,1312,1.0897665573428008,10.666666666666666,0
94000,4773,250,3409.1428571428573,7,0.0,5091,1.0236062847632408,20.364,0
94000,4809,330,2959.1111111111113,9,0.0,7685,0.8868003505174494,23.28787878787879,0
94000,4843,188,3958.6,5,0.0,2780,0.9884141667020852,14.787234042553191,0
94000,4858,185,2335.3333333333335,6,0.0,2893,1.06222089663524,15.637837837837838,0
94000,4904,159,3796.8333333333335,6,0.0,2114,1.0508012926211499,13.29559748427673,0
94000,4920,177,3257.5,6,0.0,2514,1.00839017282706,14.203389830508474,0
96000,0,94,3767.777777777778,9,0.0,432,0.6143811798781307,4.595744680851064,0
96000,45,182,3355.5,6,0.0,3157,1.1976824063981377,17.346153846153847,0
96000,162,264,2110.4285714285716,7,0.0,3465,0.6247485390661521,13.125,0
96000,277,198,3198.6666666666665,6,0.0,3653,1.170925207995461,18.449494949494948,0
96000,308,275,2945.875,8,0.0,6250,1.0385430259800967,22.727272727272727,0
96000,336,164,3213.8333333333335,6,0.0,2371,1.107780514821743,14.457317073170731,0
96000,370,223,3425.1666666666665,6,0.0,4044,1.0219067900916667,18.134529147982065,0
96000,552,158,3937.6666666666665,6,0.0,2187,1.1008913849384518,13.841772151898734,0
96000,563,237,2995.714285714286,7,0.0,5509,1.2324972086828085,23.244725738396625,0
96000,717,245,3174.4285714285716,7,0.0,5127,1.0733491401885795,20.926530612244896,0
96000,775,166,4490.8,5,0.0,2271,1.0356447839022238,13.680722891566266,0
96000,903,344,2180.5714285714284,7,0.0,3946,0.41903476916797333,11.470930232558139,0
96000,969,267,3589.0,8,0.0006165228113440197,6488,1.1436632937194,24.299625468164795,1
96000,1245,228,3154.285714285714,7,0.0,3533,0.8540510037806047,15.49561403508772,0
96000,1266,269,3478.8,5,0.0,2436,0.42304112459168536,9.055762081784387,0
96000,1304,173,2305.1666666666665,6,0.0,2674,1.1227396512678816,15.45664739884393,0
96000,1339,113,4196.0,5,0.001998001998001998,1001,0.9851152780149998,8.858407079646017,1
96000,1407,102,3076.0,5,0.0,936,1.130538532779718,9.176470588235293,0
96000,1582,208,2921.5,6,0.0,1577,0.4580521093482899,7.581730769230769,0
96000,1616,230,2982.25,8,0.0014329580348004093,4885,1.160429498131277,21.23913043478261,1
96000,1733,272,2890.6666666666665,6,0.0,2744,0.4660753807012539,10.088235294117647,0
96000,1803,141,3398.1666666666665,6,0.0,1742,1.1010823203165674,12.354609929078014,0
96000,1839,118,3944.4,5,0.0,1192,1.0757766282904433,10.101694915254237,0
96000,1842,131,2738.4,5,0.0,1328,0.9724456719229055,10.13740458015267,0
96000,1952,193,2805.6666666666665,6,0.0023276112889147513,3437,1.1595107466389025,17.808290155440414,1
96000,1972,121,3502.8,5,0.0,1302,1.117506627955443,10.760330578512397,0
96000,2010,172,2867.6666666666665,6,0.0,2480,1.0534274987699686,14.418604651162791,0
96000,2119,116,3376.25,4,0.0,1240,1.158018695140114,10.689655172413794,0
96000,2147,275,2903.875,8,0.0,6801,1.1301009791505023,24.73090909090909,0
96000,2175,253,2600.5714285714284,7,0.0018713450292397662,4275,0.839276263906411,16.897233201581027,1
96000,2198,220,4299.5,6,0.0,4172,1.083200376097241,18.963636363636365,0
96000,2270,240,3024.75,8,0.0012461059190031153,4815,1.050470043544087,20.0625,1
96000,2281,319,2577.5,6,0.0,3785,0.46740610622290923,11.865203761755486,0
96000,2320,50,5027.75,4,0.0,264,1.3270087368763286,5.28,0
96000,2403,155,4879.0,5,0.0,2114,1.1057360032780559,13.638709677419355,0
96000,2439,171,3663.2,5,0.0,2393,1.0283959125940119,13.994152046783626,0
96000,2521,138,3047.4,5,0.0,1583,1.044558111874111,11.471014492753623,0
96000,2576,399,3791.8571428571427,7,0.0,4929,0.3890656513349562,12.353383458646617,0
96000,2585,57,3250.4,5,0.0,295,1.1409908683397834,5.175438596491228,0
96000,2602,352,3221.5,6,0.0,4304,0.43651261560725946,12.227272727272727,0
96000,2729,119,4268.0,5,0.0,1210,1.0737453882758703,10.168067226890756,0
96000,2744,221,3211.0,6,0.0,4076,1.0487198588097704,18.443438914027148,0
96000,2750,266,2756.875,8,0.0,5501,0.9769857644523405,20.68045112781955,0
96000,2754,134,2909.5,6,0.0,1546,1.0819563917241746,11.537313432835822,0
96000,2797,344,3880.3333333333335,6,0.0,4220,0.4481314561299664,12.267441860465116,0
96000,2804,188,3850.1666666666665,6,0.0,3094,1.1000551912864214,16.45744680851064,0
96000,2837,104,4208.8,5,0.0,852,0.9898805254654229,8.192307692307692,0
96000,2873,289,3015.875,8,0.0,6957,1.0467336402114051,24.07266435986159,0
96000,2907,227,2775.285714285714,7,0.0,4337,1.0576636331866662,19.105726872246695,0
96000,2953,222,4114.833333333333,6,0.0,4648,1.1851410318874571,20.936936936936938,0
96000,2970,96,3426.8,5,0.0,895,1.22036693791791,9.322916666666666,0
96000,3006,88,4548.75,4,0.0,601,0.9752568103344348,6.829545454545454,0
96000,3129,408,3637.714285714286,7,0.0,5357,0.40440003472896296,13.129901960784315,0
96000,3137,252,2274.714285714286,7,0.001749611197511664,5144,1.0179108471948788,20.41269841269841,1
96000,3150,111,2923.4,5,0.0051813471502590676,1158,1.181061372569428,10.432432432432432,1
96000,3263,92,4202.8,5,0.0,702,1.042248602466935,7.630434782608695,0
96000,3309,206,2775.5714285714284,7,0.0,3958,1.1720636933649167,19.21359223300971,0
96000,3311,175,3270.3333333333335,6,0.0,1469,0.6027754590201999,8.394285714285715,0
96000,3323,137,2708.0,5,0.0,1568,1.0498198691094454,11.445255474452555,0
96000,3350,311,3716.5,6,0.0,3250,0.42225271137258,10.45016077170418,0
96000,3469,158,4050.8,5,0.0,2432,1.2242194093142729,15.39240506329114,0
96000,3478,132,3231.2,5,0.0,1570,1.1323003824921891,11.893939393939394,0
96000,3614,194,2939.1666666666665,6,0.0,3283,1.0961684219083103,16.922680412371133,0
96000,3619,171,3679.2,5,0.0,2371,1.0189413743252829,13.865497076023392,0
96000,3635,167,2730.714285714286,7,0.0,2560,1.1534981093893464,15.32934131736527,0
96000,3655,67,3525.0,5,0.0,414,1.1589390586644457,6.17910447761194,0
96000,3663,172,3117.8571428571427,7,0.0,2530,1.0746659564064598,14.709302325581396,0
96000,3792,225,2840.1428571428573,7,0.0,4027,0.999600483239988,17.897777777777776,0
96000,3992,361,3571.6666666666665,6,0.0,4731,0.4561927807224718,13.105263157894736,0
96000,4042,255,3078.625,8,0.0,5010,0.9682047947395533,19.647058823529413,0
96000,4329,263,3076.875,8,0.0,6168,1.1205796520025932,23.452471482889734,0
96000,4352,464,3889.5714285714284,7,0.0,5480,0.3198559702302331,11.810344827586206,0
96000,4362,88,3079.4,5,0.0,690,1.1196791998847921,7.840909090909091,0
96000,4405,183,4011.4,5,0.002216475803472479,2707,1.0157713055949797,14.792349726775956,1
96000,4477,215,3993.0,5,0.0,1267,0.3444368105655613,5.8930232558139535,0
96000,4490,301,4314.0,6,0.0,3705,0.5138839872208997,12.308970099667775,0
96000,4501,179,2521.0,6,0.0,2733,1.07187325267762,15.268156424581006,0
96000,4591,118,3547.2,5,0.0,1420,1.2815459833661322,12.033898305084746,0
96000,4596,184,3105.5,6,0.0,2959,1.0982954468303638,16.081521739130434,0
96000,4663,121,2999.4,5,0.0,1266,1.0866078271824815,10.462809917355372,0
96000,4773,251,3413.0,7,0.0,5145,1.0262373106915437,20.49800796812749,0
96000,4809,332,2966.222222222222,9,0.0,7759,0.8845847510234869,23.370481927710845,0
96000,4843,187,3976.4,5,0.0,2760,0.9918265576834144,14.759358288770054,0
96000,4858,185,2317.3333333333335,6,0.0,2918,1.0714001301008054,15.772972972972973,0
96000,4904,160,3819.5,6,0.0,2098,1.029853341754904,13.1125,0
96000,4920,172,3963.0,5,0.0,2461,1.0453568848681019,14.30813953488372,0
98000,0,103,3764.8888888888887,9,0.0,498,0.5898814747809282,4.834951456310679,0
98000,45,182,3353.6666666666665,6,0.0,3174,1.2041317573353463,17.439560439560438,0
98000,162,267,2093.1428571428573,7,0.0,3496,0.6162526009314153,13.093632958801498,0
98000,277,201,3193.6666666666665,6,0.0,3726,1.158939058664446,18.53731343283582,0
98000,308,277,2936.875,8,0.0,6323,1.0355558054268015,22.826714801444044,0
98000,336,165,3222.6666666666665,6,0.0,2382,1.0994708835042626,14.436363636363636,0
98000,370,223,3425.5,6,0.0,4064,1.026960730695483,18.22421524663677,0
98000,552,159,3961.0,6,0.0,2198,1.0925549863676858,13.823899371069182,0
98000,563,237,2983.4285714285716,7,0.0,5542,1.2398801108223136,23.383966244725737,0
98000,717,246,3175.285714285714,7,0.0,5178,1.0752307991465364,21.048780487804876,0
98000,775,167,4528.6,5,0.0,2245,1.0115637717105792,13.44311377245509,0
98000,903,345,2150.285714285714,7,0.0,4038,0.4263222393680516,11.704347826086957,0
98000,969,267,3618.625,8,0.00030807147258163895,6492,1.1443683882284748,24.314606741573034,1
98000,1245,229,3149.1428571428573,7,0.0,3626,0.8688938015611136,15.83406113537118,0
98000,1266,267,3477.2,5,0.0,2417,0.42605335710847564,9.05243445692884,0
98000,1304,173,2297.0,6,0.0,2681,1.1256787603026142,15.497109826589595,0
98000,1339,109,4274.0,5,0.002176278563656148,919,0.9720136852618533,8.431192660550458,1
98000,1407,98,3104.0,5,0.0,867,1.1344276679143483,8.846938775510203,0
98000,1582,208,2926.6666666666665,6,0.0,1558,0.45253340923565993,7.490384615384615,0
98000,1616,231,2986.375,8,0.0010127607859023698,4937,1.1626500950711425,21.372294372294373,1
98000,1733,279,2875.8333333333335,6,0.0,2794,0.4510532944915857,10.014336917562725,0
98000,1803,142,3411.3333333333335,6,0.0,1724,1.0744109769467969,12.140845070422536,0
98000,1839,114,3991.2,5,0.0,1142,1.1042470946135867,10.017543859649123,0
98000,1842,133,2748.2,5,0.0,1287,0.914292440538202,9.676691729323307,0
98000,1952,193,2818.3333333333335,6,0.0020225368390638545,3461,1.1676074175493865,17.932642487046632,1
98000,1972,120,3517.8,5,0.0,1246,1.0873401239924674,10.383333333333333,0
98000,2010,174,2857.5,6,0.0,2490,1.0335005558777361,14.310344827586206,0
98000,2119,108,3425.25,4,0.0,1110,1.1958737467368554,10.277777777777779,0
98000,2147,288,3399.75,8,0.00043078690407811603,6964,1.0550757735146277,24.180555555555557,1
98000,2175,248,3030.5,6,0.0007083825265643448,4235,0.8652864781446914,17.076612903225808,1
98000,2198,220,4316.666666666667,6,0.0,4169,1.082421468827756,18.95,0
98000,2270,241,3022.125,8,0.00205761316872428,4860,1.051506709350486,20.16597510373444,1
98000,2281,329,2790.8571428571427,7,0.0,3941,0.45753519083516875,11.97872340425532,0
98000,2403,153,4930.2,5,0.0,2070,1.1112130877749364,13.529411764705882,0
98000,2439,172,3675.8,5,0.0,2383,1.0122248909551754,13.854651162790697,0
98000,2521,136,3054.0,5,0.0,1553,1.05512400324934,11.419117647058824,0
98000,2576,400,3808.4285714285716,7,0.0,4937,0.3877510732693202,12.3425,0
98000,2585,14,3075.25,4,0.0,26,1.6669675304762168,1.8571428571428572,0
98000,2602,360,3285.4285714285716,7,0.0,4431,0.4296418841992708,12.308333333333334,0
98000,2729,116,4298.2,5,0.0,1166,1.0889111278494943,10.051724137931034,0
98000,2744,224,3755.5714285714284,7,0.0007216742843396681,4157,1.0411033690188751,18.558035714285715,1
98000,2750,270,4053.0,7,0.0005323868677905945,5635,0.9713511441963504,20.87037037037037,1
98000,2754,135,2903.3333333333335,6,0.0,1540,1.0618496980034637,11.407407407407407,0
98000,2797,345,3916.0,6,0.0,4244,0.44807121938534195,12.30144927536232,0
98000,2804,187,3889.3333333333335,6,0.0,3102,1.1147268050485333,16.58823529411765,0
98000,2837,97,5292.75,4,0.0,743,0.9923279165127925,7.65979381443299,0
98000,2873,295,3689.75,8,0.0,7138,1.0307239694949242,24.196610169491525,0
98000,2907,228,2778.8571428571427,7,0.0,4371,1.0566252299816086,19.17105263157895,0
98000,2953,222,4160.0,6,0.0,4661,1.1884557550833557,20.995495495495497,0
98000,2970,92,3447.0,5,0.0,812,1.2055639105457996,8.826086956521738,0
98000,3006,78,4613.5,4,0.0,472,0.974905807031152,6.051282051282051,0
98000,3129,409,3650.1428571428573,7,0.0,5412,0.4065566188922342,13.232273838630807,0
98000,3137,253,2272.1428571428573,7,0.0017281105990783411,5208,1.02244462746774,20.58498023715415,1
98000,3150,110,2936.8,5,0.0054694621695533276,1097,1.1392816995001662,9.972727272727273,1
98000,3263,86,3934.5,4,0.0017667844522968198,566,0.9616773617803261,6.5813953488372094,1
98000,3309,206,2769.8571428571427,7,0.0,4030,1.1933847105256732,19.563106796116504,0
98000,3311,173,3293.8333333333335,6,0.0,1447,0.6075558247511684,8.364161849710984,0
98000,3323,135,2713.0,5,0.0,1548,1.0673658003307545,11.466666666666667,0
98000,3350,311,3745.5,6,0.0,3249,0.4221227874613884,10.446945337620578,0
98000,3469,159,4081.0,5,0.0,2408,1.196939220734025,15.144654088050315,0
98000,3478,128,3251.8,5,0.0,1495,1.1466506389445168,11.6796875,0
98000,3614,193,2951.5,6,0.0,3290,1.1099186373121877,17.04663212435233,0
98000,3619,168,3715.2,5,0.0,2318,1.0320594913578713,13.797619047619047,0
98000,3635,172,2699.8571428571427,7,0.0,2642,1.1222401015122003,15.36046511627907,0
98000,3655,55,3553.4,5,0.0,277,1.1507056727859473,5.036363636363636,0
98000,3663,174,3119.1428571428573,7,0.0,2565,1.0646300906933306,14.741379310344827,0
98000,3792,227,2836.0,7,0.0,4089,0.9971839050265803,18.013215859030836,0
98000,3992,361,3607.5,6,0.0,4731,0.4561927807224718,13.105263157894736,0
98000,4042,256,3093.75,8,0.0,5065,0.9712015863300966,19.78515625,0
98000,4329,263,3094.375,8,0.0,6240,1.1336603483294718,23.726235741444867,0
98000,4352,467,3889.285714285714,7,0.0,5535,0.31892879214668335,11.852248394004283,0
98000,4362,83,3101.6,5,0.0,579,1.0561661468593353,6.975903614457831,0
98000,4405,180,4049.6,5,0.0029906542056074765,2675,1.037501277574407,14.86111111111111,1
98000,4477,203,4023.0,5,0.0,1205,0.3674555701497926,5.935960591133005,0
98000,4490,299,4346.833333333333,6,0.0,3700,0.5200788724189768,12.37458193979933,0
98000,4501,179,2521.6666666666665,6,0.0,2741,1.0750108253162665,15.312849162011172,0
98000,4591,117,3566.4,5,0.0,1392,1.2778426397244478,11.897435897435898,0
98000,4596,185,3090.8333333333335,6,0.0,3010,1.1051797092540865,16.27027027027027,0
98000,4663,119,3027.2,5,0.0,1207,1.0710832096272525,10.142857142857142,0
98000,4773,252,3421.714285714286,7,0.0,5200,1.0289923027630967,20.634920634920636,0
98000,4809,334,2973.6666666666665,9,0.0,7829,0.8819078807040227,23.440119760479043,0
98000,4843,186,3997.8,5,0.0,2743,0.9963450859980116,14.74731182795699,0
98000,4858,186,2300.8333333333335,6,0.0,2933,1.0653591459103784,15.768817204301076,0
98000,4904,160,3849.0,6,0.0,2080,1.0210176124166828,13.0,0
98000,4920,171,4037.6,5,0.0,2413,1.0369909473837653,14.11111111111111,0
100000,0,109,4135.0,8,0.0,539,0.5700929013668542,4.944954128440367,0
100000,45,182,3353.5,6,0.0,3198,1.213236723364347,17.571428571428573,0
100000,162,270,2074.4285714285716,7,0.0,3530,0.6084950379792576,13.074074074074074,0
100000,277,207,3637.285714285714,7,0.0,3864,1.1331992824542894,18.666666666666668,0
100000,308,283,3016.5555555555557,9,0.0,6459,1.0134498844803392,22.823321554770317,0
100000,336,164,3220.0,6,0.0,2389,1.1161904892067245,14.567073170731707,0
100000,370,224,3432.6666666666665,6,0.0,4064,1.0178119056273054,18.142857142857142,0
100000,552,159,3987.6666666666665,6,0.0,2218,1.1024963420216227,13.949685534591195,0
100000,563,237,2969.285714285714,7,0.0,5585,1.2495002560343957,23.565400843881857,0
100000,717,248,3176.0,7,0.0,5233,1.0691957827936647,21.100806451612904,0
100000,775,165,4584.2,5,0.0,2219,1.0242342109554823,13.44848484848485,0
100000,903,353,2727.875,8,0.0,4217,0.4252693214836218,11.946175637393768,0
100000,969,267,3634.125,8,0.0010741138560687433,6517,1.1487752289101927,24.408239700374533,1
100000,1245,232,3149.5714285714284,7,0.0,3712,0.8666462492661499,16.0,0
100000,1266,268,3471.2,5,0.0,2401,0.42008041664452517,8.958955223880597,0
100000,1304,175,2288.1666666666665,6,0.0,2699,1.1074819359397685,15.422857142857143,0
100000,1339,104,5284.0,4,0.0,841,0.9771003778361745,8.086538461538462,0
100000,1407,96,3127.0,5,0.0,804,1.0962849364089382,8.375,0
100000,1582,206,2928.1666666666665,6,0.0,1555,0.4604747456246704,7.548543689320389,0
100000,1616,232,2976.5,8,0.0020056157240272766,4986,1.1640889544291548,21.49137931034483,1
100000,1733,280,2863.1666666666665,6,0.0,2840,0.4552103640915823,10.142857142857142,0
100000,1803,140,3422.6666666666665,6,0.0,1699,1.0892991670304202,12.135714285714286,0
100000,1839,111,4032.0,5,0.0,1080,1.1015080158678603,9.72972972972973,0
100000,1842,123,3494.75,4,0.0,1160,0.9635131147238178,9.43089430894309,0
100000,1952,194,2807.3333333333335,6,0.0014310246136233543,3494,1.1666196972731147,18.010309278350515,1
100000,1972,113,4414.5,4,0.0,1144,1.1258460320171426,10.123893805309734,0
100000,2010,173,2853.0,6,0.0,2482,1.0421240891723567,14.346820809248555,0
100000,2119,101,3470.5,4,0.0,986,1.2146300780078565,9.762376237623762,0
100000,2147,287,3470.1111111111113,9,0.0002800728189329226,7141,1.089444482234079,24.881533101045296,1
100000,2175,243,3044.8333333333335,6,0.0016579819990525818,4222,0.8984947540826166,17.374485596707817,1
100000,2198,219,4333.0,6,0.0,4167,1.0918051406358222,19.027397260273972,0
100000,2270,242,3020.0,8,0.0022371364653243847,4917,1.0550653013934166,20.318181818181817,1
100000,2281,336,3153.8571428571427,7,0.0,4047,0.4504685894656283,12.044642857142858,0
100000,2403,153,4966.6,5,0.0,2032,1.090814006936556,13.281045751633988,0
100000,2439,177,3679.4,5,0.0,2383,0.9558447819597787,13.463276836158192,0
100000,2521,135,3065.2,5,0.0,1512,1.0425433398579462,11.2,0
100000,2576,399,3823.1428571428573,7,0.0,4943,0.39017072723649593,12.388471177944862,0
100000,2602,363,3853.0,6,0.0,4450,0.4243816772829597,12.258953168044076,0
100000,2729,115,4333.4,5,0.0,1111,1.0556701514217801,9.660869565217391,0
100000,2744,226,3776.4285714285716,7,0.001177856301531213,4245,1.0444091796138046,18.783185840707965,1
100000,2750,269,4087.0,7,0.00035174111853675694,5686,0.9874432817850259,21.13754646840149,1
100000,2754,133,2897.8333333333335,6,0.0,1526,1.0840794594104866,11.473684210526315,0
100000,2797,345,3973.5,6,0.0,4263,0.4500771932704319,12.356521739130434,0
100000,2804,188,3909.8333333333335,6,0.0,3110,1.1057439059149226,16.54255319148936,0
100000,2837,85,5351.0,4,0.0,600,1.043574030258201,7.0588235294117645,0
100000,2873,295,3698.125,8,0.0,7238,1.0451639242370778,24.535593220338985,0
100000,2907,230,2790.0,7,0.0,4407,1.0468808184778993,19.160869565217393,0
100000,2953,223,4193.833333333333,6,0.0,4674,1.1811059191118818,20.95964125560538,0
100000,2970,87,3475.6,5,0.0,715,1.187072927634669,8.218390804597702,0
100000,3006,63,4682.5,4,0.0,307,0.9720019598408329,4.873015873015873,0
100000,3129,412,3673.1428571428573,7,0.0,5452,0.40361869986265325,13.233009708737864,0
100000,3137,255,2265.5714285714284,7,0.0018914318138831096,5287,1.021736277402798,20.733333333333334,1
100000,3150,106,2953.0,5,0.0009832841691248771,1017,1.1374153537560767,9.59433962264151,1
100000,3263,65,5201.0,3,0.002976190476190476,336,0.99936107134312,5.1692307692307695,1
100000,3309,208,2744.1428571428573,7,0.0,4119,1.1963960928380508,19.802884615384617,0
100000,3311,171,3314.6666666666665,6,0.0,1421,0.6106772218119895,8.309941520467836,0
100000,3323,134,2722.0,5,0.0,1521,1.064460331055931,11.350746268656716,0
100000,3350,311,3756.3333333333335,6,0.0,3255,0.42290233092853785,10.466237942122186,0
100000,3469,156,4122.2,5,0.0,2383,1.2305087596161204,15.275641025641026,0
100000,3478,125,3267.6,5,0.0,1435,1.1540954772227465,11.48,0
100000,3614,195,2944.3333333333335,6,0.0,3319,1.0968516520462352,17.02051282051282,0
100000,3619,163,3748.6,5,0.0,2276,1.0764823485370725,13.963190184049079,0
100000,3635,172,3254.285714285714,7,0.0,2703,1.1481510198287197,15.715116279069768,0
100000,3655,18,4216.0,4,0.0,41,1.5901888740392778,2.2777777777777777,0
100000,3663,175,3120.714285714286,7,0.0,2611,1.071372854664222,14.92,0
100000,3792,230,2827.285714285714,7,0.0,4158,0.9877309832609724,18.078260869565216,0
100000,3992,360,3633.1666666666665,6,0.0,4733,0.45892463053828675,13.147222222222222,0
100000,4042,258,3105.375,8,0.0,5117,0.9660194464526755,19.833333333333332,0
100000,4329,263,3115.25,8,0.0,6323,1.1487394843729568,24.041825095057035,0
100000,4352,473,3893.4285714285716,7,0.0,5578,0.31330411027133476,11.792811839323468,0
100000,4362,66,3825.5,4,0.0,390,1.1250882781451048,5.909090909090909,0
100000,4405,179,4090.6,5,0.001893939393939394,2640,1.035398970753354,14.748603351955307,1
100000,4477,194,4049.2,5,0.0,1142,0.38130500695074326,5.88659793814433,0
100000,4490,297,4377.5,6,0.0,3712,0.5288164214592757,12.498316498316498,0
100000,4501,179,2539.6666666666665,6,0.0,2738,1.073834235576774,15.296089385474861,0
100000,4591,115,3592.2,5,0.0,1343,1.2761161236358691,11.678260869565218,0
100000,4596,186,3073.3333333333335,6,0.0,3051,1.1082205094349011,16.403225806451612,0
100000,4663,115,3070.0,5,0.0,1155,1.0974788702899694,10.043478260869565,0
100000,4773,254,3435.5714285714284,7,0.0,5257,1.0239539078629514,20.69685039370079,0
100000,4809,337,2979.5555555555557,9,0.0,7901,0.8742429203748543,23.445103857566764,0
100000,4843,185,4014.6,5,0.0,2726,1.0009036170852623,14.735135135135135,0
100000,4858,187,2286.6666666666665,6,0.0,2963,1.0647761197159265,15.844919786096257,0
100000,4904,160,3879.0,6,0.0,2056,1.009236639965721,12.85,0
100000,4920,169,4088.6,5,0.0,2374,1.0445209845064485,14.04733727810651,0
102000,0,118,3771.4444444444443,9,0.0,588,0.5306683367741449,4.983050847457627,0
102000,45,184,3352.6666666666665,6,0.0,3218,1.1944287759040588,17.48913043478261,0
102000,162,271,2054.285714285714,7,0.0,3561,0.6093169449998368,13.140221402214022,0
102000,277,215,3979.714285714286,7,0.0,3988,1.0841468038953896,18.548837209302327,0
102000,308,286,3397.625,8,0.0,6544,1.0053588109487803,22.88111888111888,0
102000,336,166,3215.6666666666665,6,0.0,2414,1.1008571150770445,14.542168674698795,0
102000,370,223,3436.0,6,0.0,4072,1.0289823069370096,18.260089686098656,0
102000,552,159,3998.8333333333335,6,0.0,2239,1.1129347654582566,14.081761006289309,0
102000,563,238,2955.4285714285716,7,0.0,5627,1.248339937981058,23.642857142857142,0
102000,717,249,3180.8571428571427,7,0.0,5291,1.072380557097053,21.248995983935743,0
102000,775,165,4640.8,5,0.0,2203,1.0168490161040682,13.351515151515152,0
102000,903,360,2702.25,8,0.0,4407,0.42731477852994504,12.241666666666667,0
102000,969,268,3651.625,8,0.0003059507419305492,6537,1.143717485883074,24.39179104477612,1
102000,1245,236,3139.4285714285716,7,0.0,3793,0.855792942765447,16.072033898305083,0
102000,1266,269,3466.8,5,0.0,2380,0.4133160412677385,8.847583643122677,0
102000,1304,174,2276.3333333333335,6,0.0,2717,1.1277192812529353,15.614942528735632,0
102000,1339,99,4398.4,5,0.0013297872340425532,752,0.9641782167123863,7.595959595959596,1
102000,1407,90,3154.6,5,0.0,728,1.129421951512775,8.088888888888889,0
102000,1582,208,2930.0,6,0.0,1543,0.44817654072568885,7.418269230769231,0
102000,1616,234,2967.25,8,0.0009924573243350536,5038,1.1562089114460792,21.52991452991453,1
102000,1733,283,2846.0,6,0.0,2887,0.4529849537846013,10.201413427561837,0
102000,1803,140,3424.5,6,0.0,1684,1.079682046662288,12.028571428571428,0
102000,1839,108,4072.8,5,0.0,1026,1.1053751929297422,9.5,0
102000,1842,117,3552.75,4,0.0,1060,0.9730698262269504,9.05982905982906,0
102000,1952,195,2796.0,6,0.0008486562942008486,3535,1.168234585713601,18.128205128205128,1
102000,1972,106,4484.5,4,0.0,1006,1.1251129261343296,9.49056603773585,0
102000,2010,174,2826.3333333333335,6,0.0,2498,1.0368210395913997,14.35632183908046,0
102000,2119,92,3501.5,4,0.0,850,1.2619819260639527,9.23913043478261,0
102000,2147,291,3468.6666666666665,9,0.0012239902080783353,7353,1.0911600374037034,25.2680412371134,1
102000,2175,238,3057.0,6,0.0007119126720455624,4214,0.9348684021063053,17.705882352941178,1
102000,2198,219,4351.0,6,0.0,4165,1.0912811160902807,19.01826484018265,0
102000,2270,246,3017.75,8,0.0020193861066235864,4952,1.028301065541454,20.130081300813007,1
102000,2281,339,3150.0,7,0.0,4110,0.4494198904031134,12.123893805309734,0
102000,2403,151,5005.0,5,0.0,1992,1.09785580736825,13.19205298013245,0
102000,2439,176,4499.0,5,0.0,2354,0.954972766858261,13.375,0
102000,2521,134,3075.0,5,0.0,1474,1.0315677369996337,11.0,0
102000,2576,398,3836.5714285714284,7,0.0,4959,0.3934031456062166,12.459798994974875,0
102000,2602,364,3867.6666666666665,6,0.0,4482,0.4250881014789715,12.313186813186814,0
102000,2729,112,4374.4,5,0.0,1053,1.0548778903794809,9.401785714285714,0
102000,2744,226,3801.0,7,0.0009191176470588235,4352,1.0707346877925272,19.256637168141594,1
102000,2750,270,4126.714285714285,7,0.0005220114842526536,5747,0.9906575023418679,21.285185185185185,1
102000,2754,134,2889.1666666666665,6,0.0,1516,1.0609611189222825,11.313432835820896,0
102000,2797,346,4032.0,6,0.0,4291,0.45041845957278237,12.401734104046243,0
102000,2804,188,3931.1666666666665,6,0.0,3117,1.108232718564892,16.579787234042552,0
102000,2837,75,5414.25,4,0.0,452,1.0097776920338393,6.026666666666666,0
102000,2873,296,3711.125,8,0.0,7337,1.0523130615133451,24.78716216216216,0
102000,2907,231,2797.285714285714,7,0.0,4437,1.0449014526697709,19.207792207792206,0
102000,2953,223,4233.166666666667,6,0.0,4691,1.1854017686251257,21.03587443946188,0
102000,2970,81,3499.0,5,0.0,617,1.1817483110897133,7.617283950617284,0
102000,3006,35,4760.25,4,0.0,93,0.9540183405186963,2.657142857142857,0
102000,3129,414,3691.714285714286,7,0.0,5484,0.40207459012547375,13.246376811594203,0
102000,3137,257,2255.5714285714284,7,0.001863932898415657,5365,1.0207357923062719,20.875486381322958,1
102000,3150,102,2970.6,5,0.0010626992561105207,941,1.136577734343712,9.22549019607843,1
102000,3263,26,5370.666666666667,3,0.0,65,1.208304866765305,2.5,0
102000,3309,208,2714.1428571428573,7,0.0,4226,1.2274750882091776,20.317307692307693,0
102000,3311,166,3337.0,6,0.0,1394,0.6357062213825188,8.397590361445783,0
102000,3323,133,2728.6,5,0.0,1500,1.0656089050561794,11.278195488721805,0
102000,3350,311,3767.8333333333335,6,0.0,3258,0.4232921026621125,10.47588424437299,0
102000,3469,156,4150.6,5,0.0,2362,1.2196649979913037,15.14102564102564,0
102000,3478,122,3284.8,5,0.0,1367,1.1541405959304614,11.204918032786885,0
102000,3614,196,2942.3333333333335,6,0.0,3329,1.0889589695752209,16.98469387755102,0
102000,3619,162,3784.2,5,0.0,2230,1.0677871692585337,13.765432098765432,0
102000,3635,171,3247.1428571428573,7,0.0,2758,1.185255297507014,16.128654970760234,0
102000,3663,176,3124.5714285714284,7,0.0,2643,1.0722145381505455,15.017045454545455,0
102000,3792,226,3318.8333333333335,6,0.0,4154,1.0220201960225546,18.38053097345133,0
102000,3992,360,3653.0,6,0.0,4735,0.4591185560107306,13.152777777777779,0
102000,4042,259,3110.25,8,0.0,5167,0.9679408023791214,19.94980694980695,0
102000,4329,264,3118.125,8,0.0,6430,1.159345773793754,24.356060606060606,0
102000,4352,482,3893.8571428571427,7,0.0,5624,0.304201323733906,11.66804979253112,0
102000,4362,42,3929.25,4,0.0,168,1.1967972013675403,4.0,0
102000,4405,178,4130.0,5,0.0022997316979685703,2609,1.0347702604741535,14.657303370786517,1
102000,4477,178,4075.6,5,0.0,1070,0.4243787576494229,6.01123595505618,0
102000,4490,297,4413.666666666667,6,0.0,3718,0.5296711893818931,12.518518518518519,0
102000,4501,179,2558.3333333333335,6,0.0,2745,1.0765796116355897,15.335195530726256,0
102000,4591,113,3615.2,5,0.0,1305,1.2842911466629117,11.548672566371682,0
102000,4596,187,3056.5,6,0.0,3108,1.116882949739149,16.620320855614974,0
102000,4663,112,3117.2,5,0.0,1101,1.102963492220141,9.830357142857142,0
102000,4773,256,3440.4285714285716,7,0.0,5311,1.01837149555758,20.74609375,0
102000,4809,340,2986.222222222222,9,0.0,7971,0.8664925619987627,23.444117647058825,0
102000,4843,185,4037.0,5,0.0,2709,0.9946617383286779,14.643243243243242,0
102000,4858,189,2266.8333333333335,6,0.0,2987,1.0508034216592717,15.804232804232804,0
102000,4904,160,3918.5,6,0.0,2037,0.9999100367753764,12.73125,0
102000,4920,167,4144.2,5,0.0,2329,1.0494129284249172,13.946107784431138,0
104000,0,129,4638.181818181818,11,0.0,628,0.47423116073658794,4.868217054263566,0
104000,45,184,3351.1666666666665,6,0.0,3238,1.2018521989985527,17.597826086956523,0
104000,162,277,2039.5714285714287,7,0.0,3581,0.586481945157896,12.927797833935019,0
104000,277,220,3989.0,7,0.0,4075,1.0580157077172236,18.522727272727273,0
104000,308,285,3405.625,8,0.0,6613,1.0231013711635237,23.203508771929826,0
104000,336,170,3945.6666666666665,6,0.0,2470,1.074011606140732,14.529411764705882,0
104000,370,224,3436.5,6,0.0,4086,1.0233217141715478,18.241071428571427,0
104000,552,160,4010.1666666666665,6,0.0,2272,1.1152653920243767,14.2,0
104000,563,237,3454.1666666666665,6,0.0,5616,1.2564357095593852,23.696202531645568,0
104000,717,250,3188.285714285714,7,0.0,5343,1.0742738910803369,21.372,0
104000,775,165,4681.0,5,0.0,2171,1.00207862640124,13.157575757575758,0
104000,903,367,3415.4285714285716,7,0.0,4543,0.42385808567168604,12.378746594005449,0
104000,969,268,3672.375,8,0.000764642911760208,6539,1.144067407096439,24.399253731343283,1
104000,1245,239,3132.8571428571427,7,0.0,3899,0.857762977283073,16.313807531380753,0
104000,1266,269,3464.8,5,0.0,2361,0.41001645942568515,8.776951672862454,0
104000,1304,176,2257.6666666666665,6,0.0,2746,1.1139996677114632,15.602272727272727,0
104000,1339,94,5429.0,4,0.0015313935681470138,653,0.9286826631028225,6.946808510638298,1
104000,1407,86,3182.0,5,0.0,642,1.0908071842101932,7.465116279069767,0
104000,1582,203,3524.6,5,0.0,1468,0.4476554165808262,7.231527093596059,0
104000,1616,236,2953.75,8,0.001959247648902821,5104,1.1515863906867498,21.627118644067796,1
104000,1733,286,2826.1666666666665,6,0.0,2948,0.4529030829274151,10.307692307692308,0
104000,1803,139,3428.3333333333335,6,0.0,1665,1.0829153290672338,11.97841726618705,0
104000,1839,105,4105.0,5,0.0,958,1.0919349703905747,9.123809523809523,0
104000,1842,110,3594.5,4,0.0,948,0.9845387886291318,8.618181818181819,0
104000,1952,195,3167.4285714285716,7,0.002794076557697681,3579,1.1827755536828792,18.353846153846153,1
104000,1972,98,4543.5,4,0.0,879,1.1501290889235436,8.96938775510204,0
104000,2010,175,2801.1666666666665,6,0.0,2507,1.028698485884031,14.325714285714286,0
104000,2119,84,3538.5,4,0.0,718,1.2787208193182944,8.547619047619047,0
104000,2147,295,4002.375,8,0.0005372011818426001,7446,1.0751990301007572,25.240677966101696,1
104000,2175,235,3062.1666666666665,6,0.000949667616334283,4212,0.9584346406098838,17.92340425531915,1
104000,2198,219,4369.666666666667,6,0.0,4171,1.0928531897269054,19.04566210045662,0
104000,2270,245,3017.75,8,0.0023995200959808036,5001,1.0469707528931316,20.412244897959184,1
104000,2281,341,3129.714285714286,7,0.0,4174,0.4510799781936446,12.240469208211143,0
104000,2403,149,5031.8,5,0.0,1948,1.1026210511585814,13.073825503355705,0
104000,2439,175,4546.8,5,0.0,2327,0.954839001456777,13.297142857142857,0
104000,2521,130,3092.6,5,0.0,1413,1.0506675549165392,10.86923076923077,0
104000,2576,399,3851.1428571428573,7,0.0,4981,0.39317021896924664,12.483709273182958,0
104000,2602,367,3865.6666666666665,6,0.0,4501,0.4199395209351219,12.264305177111716,0
104000,2729,109,4406.8,5,0.0,987,1.04393635185359,9.055045871559633,0
104000,2744,227,3919.1428571428573,7,0.0013627072450601862,4403,1.0737590447131409,19.39647577092511,1
104000,2750,269,3701.25,8,0.000860733344809778,5809,1.008803732657266,21.594795539033456,1
104000,2754,133,2883.3333333333335,6,0.0,1502,1.0670297169295877,11.293233082706767,0
104000,2797,347,4073.3333333333335,6,0.0,4320,0.45085268587922517,12.44956772334294,0
104000,2804,188,3954.6666666666665,6,0.0,3124,1.1107215312148613,16.617021276595743,0
104000,2837,59,5485.0,4,0.0,278,1.0035768545796753,4.711864406779661,0
104000,2873,297,3704.625,8,0.0,7448,1.061051914609021,25.077441077441076,0
104000,2907,231,2799.8571428571427,7,0.0,4467,1.0519663712138534,19.337662337662337,0
104000,2953,224,4242.166666666667,6,0.0,4710,1.179599920153693,21.026785714285715,0
104000,2970,74,3530.6,5,0.0,503,1.1542886082948618,6.797297297297297,0
104000,3129,415,3704.0,7,0.0,5519,0.40269298545883736,13.298795180722891,0
104000,3137,260,2407.875,8,0.0016438356164383563,5475,1.0177644839292377,21.057692307692307,1
104000,3150,97,2990.8,5,0.003464203233256351,866,1.156602928263901,8.927835051546392,1
104000,3309,215,3613.285714285714,7,0.0,4357,1.1844602870040652,20.26511627906977,0
104000,3311,164,3361.5,6,0.0,1366,0.6382236116602703,8.329268292682928,0
104000,3323,131,2739.0,5,0.0,1464,1.0720334816981427,11.17557251908397,0
104000,3350,311,3779.3333333333335,6,0.0,3261,0.4236818743956872,10.485530546623794,0
104000,3469,155,4164.8,5,0.0,2334,1.2208078673845706,15.058064516129033,0
104000,3478,118,3302.4,5,0.0,1307,1.1795638029996725,11.076271186440678,0
104000,3614,196,2940.0,6,0.0,3345,1.0941927765782857,17.066326530612244,0
104000,3619,161,3815.8,5,0.0,2197,1.0650945657863162,13.645962732919255,0
104000,3635,167,3802.8333333333335,6,0.0,2723,1.226943496823121,16.305389221556887,0
104000,3663,177,3127.5714285714284,7,0.0,2681,1.0753755184364946,15.146892655367232,0
104000,3792,226,3346.3333333333335,6,0.0,4167,1.025218622249876,18.438053097345133,0
104000,3992,359,3674.3333333333335,6,0.0,4735,0.4616798818987336,13.18941504178273,0
104000,4042,260,3115.125,8,0.0,5214,0.9692463962022001,20.053846153846155,0
104000,4329,267,3661.625,8,0.0,6552,1.1549448058645977,24.53932584269663,0
104000,4352,489,3895.714285714286,7,0.0,5674,0.2981820369849321,11.603271983640083,0
104000,4405,178,4170.2,5,0.002320185614849188,2586,1.0256481002629978,14.52808988764045,1
104000,4477,166,4104.8,5,0.0,996,0.45420616678406645,6.0,0
104000,4490,296,4438.666666666667,6,0.0,3730,0.5349772004149894,12.60135135135135,0
104000,4501,179,2553.3333333333335,6,0.0,2757,1.0812859705935594,15.402234636871508,0
104000,4591,112,3638.0,5,0.0,1262,1.2642506150606885,11.267857142857142,0
104000,4596,190,3042.8333333333335,6,0.0,3145,1.0947710687578835,16.55263157894737,0
104000,4663,109,3153.0,5,0.0,1044,1.1042244694378398,9.577981651376147,0
104000,4773,257,3441.5714285714284,7,0.0,5372,1.022067600422981,20.90272373540856,0
104000,4809,342,2994.777777777778,9,0.0,8039,0.8636935584353594,23.505847953216374,0
104000,4843,184,4064.2,5,0.0,2690,0.9984504062094214,14.619565217391305,0
104000,4858,191,2250.0,6,0.0,3018,1.0395906503148484,15.801047120418849,0
104000,4904,161,3941.0,6,0.0,2008,0.9734683150199923,12.472049689440993,0
104000,4920,165,4187.2,5,0.0,2285,1.054698139717565,13.848484848484848,0
106000,0,139,4669.636363636364,11,0.0,688,0.4474749227617158,4.9496402877697845,0
106000,45,183,3354.1666666666665,6,0.0,3248,1.2187754712125949,17.74863387978142,0
106000,162,278,2019.2857142857142,7,0.0,3607,0.5864978366284552,12.974820143884893,0
106000,277,221,3990.714285714286,7,0.00048042277203939464,4163,1.0711042130090955,18.83710407239819,1
106000,308,288,3413.0,8,0.0001497454327643007,6678,1.011745550765463,23.1875,1
106000,336,169,3944.0,6,0.0,2479,1.0907192588843664,14.668639053254438,0
106000,370,225,3439.1666666666665,6,0.0,4099,1.0174726547804098,18.217777777777776,0
106000,552,160,4024.6666666666665,6,0.0,2299,1.1285189860317084,14.36875,0
106000,563,236,3459.0,6,0.0,5582,1.2594348026672095,23.652542372881356,0
106000,717,252,3185.5714285714284,7,0.0,5401,1.0687668129275933,21.432539682539684,0
106000,775,163,4704.6,5,0.0,2149,1.0164150118656277,13.184049079754601,0
106000,903,369,3405.285714285714,7,0.0,4608,0.42527475408499543,12.487804878048781,0
106000,969,271,3695.875,8,0.0004575960951799878,6556,1.1217865463125332,24.19188191881919,1
106000,1245,243,3122.0,7,0.0,3989,0.8489094206621405,16.415637860082306,0
106000,1266,271,3455.2,5,0.0,2358,0.4034735625693949,8.70110701107011,0
106000,1304,176,2237.8333333333335,6,0.0,2797,1.1346893920571606,15.892045454545455,0
106000,1339,84,5520.25,4,0.0,532,0.947464451082636,6.333333333333333,0
106000,1407,80,3211.4,5,0.0,554,1.087776456305466,6.925,0
106000,1582,194,3543.4,5,0.0,1369,0.457098559120462,7.056701030927835,0
106000,1616,238,2940.125,8,0.0009646922631680494,5183,1.1498393279821975,21.777310924369747,1
106000,1733,290,2802.5,6,0.0,3012,0.45005836254993853,10.386206896551725,0
106000,1803,139,3432.8333333333335,6,0.0,1644,1.0692569375294487,11.827338129496402,0
106000,1839,101,4138.6,5,0.0,890,1.0963699487089171,8.811881188118813,0
106000,1842,104,3628.25,4,0.0,836,0.9712912198228799,8.038461538461538,0
106000,1952,197,3170.5714285714284,7,0.0016483516483516484,3640,1.1786335395466874,18.477157360406093,1
106000,1972,92,4597.25,4,0.0,753,1.1179675180307724,8.184782608695652,0
106000,2010,176,2773.6666666666665,6,0.0,2522,1.0231271529382049,14.329545454545455,0
106000,2119,75,3578.5,4,0.0,569,1.27115820081251,7.586666666666667,0
106000,2147,294,4049.5,8,0.0010722423267658491,7461,1.0847065013852306,25.377551020408163,1
106000,2175,231,3071.0,6,0.001663102874792112,4209,0.9912080717347455,18.22077922077922,1
106000,2198,219,4391.0,6,0.0,4167,1.0918051406358222,19.027397260273972,0
106000,2270,250,3022.125,8,0.0003966679888932963,5042,1.013754250201583,20.168,1
106000,2281,344,3113.285714285714,7,0.0,4244,0.4506800710463454,12.337209302325581,0
106000,2403,148,5058.6,5,0.0,1904,1.0923287824022947,12.864864864864865,0
106000,2439,172,4598.0,5,0.000437636761487965,2285,0.9705975139876525,13.284883720930232,1
106000,2521,129,3113.2,5,0.0,1359,1.0262422729952596,10.534883720930232,0
106000,2576,398,3868.714285714286,7,0.0,4990,0.39586241108590864,12.537688442211055,0
106000,2602,368,3873.6666666666665,6,0.0,4517,0.41914502647285845,12.27445652173913,0
106000,2729,105,4424.4,5,0.0,924,1.0531815372034354,8.8,0
106000,2744,228,3946.8571428571427,7,0.0020288548241659153,4436,1.0723380279566268,19.45614035087719,1
106000,2750,270,3706.0,8,0.0008496176720475786,5885,1.014445693628309,21.796296296296298,1
106000,2754,132,2875.8333333333335,6,0.0,1485,1.070997495541975,11.25,0
106000,2797,348,4100.5,6,0.0,4348,0.45117072459401575,12.494252873563218,0
106000,2804,187,3969.3333333333335,6,0.0,3130,1.1247888136047415,16.737967914438503,0
106000,2837,16,5573.5,4,0.0,28,1.3744467859455345,1.75,0
106000,2873,298,3678.25,8,0.0,7586,1.0734706486253849,25.456375838926174,0
106000,2907,232,2805.285714285714,7,0.0,4503,1.051322214559664,19.40948275862069,0
106000,2953,224,4240.666666666667,6,0.0,4727,1.1838574994833349,21.102678571428573,0
106000,2970,63,3570.4,5,0.0,361,1.1429729886076243,5.73015873015873,0
106000,3129,416,3704.285714285714,7,0.0,5563,0.40395432534948267,13.372596153846153,0
106000,3137,263,2396.25,8,0.0017838030681412772,5606,1.0184775501177916,21.315589353612168,1
106000,3150,93,3020.0,5,0.007722007722007722,777,1.128924727408611,8.35483870967742,1
106000,3309,218,3601.714285714286,7,0.0,4425,1.1700654399574812,20.298165137614678,0
106000,3311,162,3382.8333333333335,6,0.0,1338,0.6406723015551201,8.25925925925926,0
106000,3323,129,2752.6,5,0.0,1437,1.085143595507129,11.13953488372093,0
106000,3350,310,3793.3333333333335,6,0.0,3258,0.42602742415798317,10.509677419354839,0
106000,3469,154,4174.6,5,0.0,2307,1.2224075310898386,14.980519480519481,0
106000,3478,117,3319.4,5,0.0,1248,1.1456520218219188,10.666666666666666,0
106000,3614,197,2937.8333333333335,6,0.0,3376,1.0931502278872574,17.13705583756345,0
106000,3619,158,3851.6,5,0.0,2151,1.082769716050576,13.613924050632912,0
106000,3635,167,3818.0,6,0.0,2714,1.2228882300322992,16.251497005988025,0
106000,3663,178,3133.8571428571427,7,0.0,2719,1.0783979832231596,15.275280898876405,0
106000,3792,226,3358.8333333333335,6,0.0,4196,1.03235357306467,18.56637168141593,0
106000,3992,359,3692.8333333333335,6,0.0,4743,0.4624599112662499,13.211699164345404,0
106000,4042,261,3124.0,8,0.0,5249,0.9682899451677354,20.11111111111111,0
106000,4329,270,3684.875,8,0.0,6625,1.142005559946907,24.537037037037038,0
106000,4352,497,3897.4285714285716,7,0.0,5724,0.29120358123223,11.517102615694165,0
106000,4405,177,4221.8,5,0.0027226760015558148,2571,1.0312534345021365,14.525423728813559,1
106000,4477,152,4137.4,5,0.0,910,0.49495313621307335,5.9868421052631575,0
106000,4490,296,4459.0,6,0.0,3748,0.5375588598271797,12.662162162162161,0
106000,4501,179,2534.6666666666665,6,0.0,2760,1.082462560333052,15.418994413407821,0
106000,4591,110,3663.2,5,0.0,1215,1.2618297765658177,11.045454545454545,0
106000,4596,190,3026.5,6,0.0,3193,1.1114798163891644,16.805263157894736,0
106000,4663,106,3174.4,5,0.0,984,1.1005080708908352,9.283018867924529,0
106000,4773,258,3439.5714285714284,7,0.0,5431,1.0252983415447487,21.050387596899224,0
106000,4809,343,3002.222222222222,9,0.0,8108,0.8660348404255385,23.638483965014576,0
106000,4843,183,4084.0,5,0.0,2676,1.0041389042379631,14.62295081967213,0
106000,4858,193,2230.3333333333335,6,0.0,3048,1.0282772056314735,15.792746113989637,0
106000,4904,161,3944.6666666666665,6,0.0,1987,0.9632876204904006,12.341614906832298,0
106000,4920,164,4220.6,5,0.0,2261,1.056386226913522,13.786585365853659,0
108000,0,150,4695.818181818182,11,0.0,740,0.4132939668722572,4.933333333333334,0
108000,45,184,3356.3333333333335,6,0.0,3276,1.215956702878091,17.804347826086957,0
108000,162,281,1994.857142857143,7,0.0,3650,0.5808849019441367,12.98932384341637,0
108000,277,224,3988.4285714285716,7,0.00023590469450342062,4239,1.0616399281383238,18.924107142857142,1
108000,308,288,3422.875,8,0.00044451029782189953,6749,1.0225023543150809,23.43402777777778,1
108000,336,168,3940.5,6,0.0,2478,1.103297420010701,14.75,0
108000,370,226,3436.3333333333335,6,0.0,4114,1.0121788845538735,18.20353982300885,0
108000,552,162,4042.8333333333335,6,0.0,2341,1.1209371135579493,14.450617283950617,0
108000,563,236,3462.6666666666665,6,0.0,5580,1.258983554081517,23.64406779661017,0
108000,717,253,3181.8571428571427,7,0.0,5466,1.0730956862017411,21.604743083003953,0
108000,775,162,4725.6,5,0.0,2120,1.0151160532861396,13.08641975308642,0
108000,903,372,3395.285714285714,7,0.0,4675,0.4245272764346249,12.567204301075268,0
108000,969,269,3720.75,8,0.001219884111009454,6558,1.1388767221150544,24.37918215613383,1
108000,1245,247,3109.1428571428573,7,0.0,4077,0.8397628709656336,16.506072874493928,0
108000,1266,270,3446.8,5,0.0,2349,0.40491638646268446,8.7,0
108000,1304,183,2715.8571428571427,7,0.0,2923,1.096822876340645,15.972677595628415,0
108000,1339,68,5740.0,3,0.00558659217877095,358,0.9729153719594689,5.264705882352941,1
108000,1407,70,3249.8,5,0.0,437,1.120715093566318,6.242857142857143,0
108000,1582,189,3561.2,5,0.0,1289,0.4534601976962843,6.8201058201058204,0
108000,1616,240,3896.875,8,0.001525262154432793,5245,1.1442814908387822,21.854166666666668,1
108000,1733,297,2777.3333333333335,6,0.0,3090,0.4402054801479423,10.404040404040405,0
108000,1803,138,3441.8333333333335,6,0.0,1613,1.0643539067927612,11.68840579710145,0
108000,1839,97,4156.4,5,0.0,817,1.0911600374037032,8.422680412371134,0
108000,1842,97,3656.25,4,0.0,719,0.960274255683308,7.412371134020619,0
108000,1952,193,3748.1666666666665,6,0.0008271298593879239,3627,1.223609391346901,18.792746113989637,1
108000,1972,85,4646.75,4,0.0,616,1.0714026710650866,7.247058823529412,0
108000,2010,178,2748.1666666666665,6,0.0,2534,1.0050240858725585,14.235955056179776,0
108000,2119,62,3623.75,4,0.0,399,1.304365732343733,6.435483870967742,0
108000,2147,294,4082.75,8,0.000936830835117773,7472,1.0863057201917226,25.41496598639456,1
108000,2175,230,3072.6666666666665,6,0.001656412683388547,4226,1.003884351914591,18.37391304347826,1
108000,2198,219,4415.333333333333,6,0.0,4171,1.0928531897269054,19.04566210045662,0
108000,2270,251,3030.5,8,0.0023612750885478157,5082,1.0136711395402187,20.247011952191237,1
108000,2281,344,3097.1428571428573,7,0.0,4298,0.456414454608198,12.494186046511627,0
108000,2403,147,5086.6,5,0.0,1866,1.0851426519688192,12.693877551020408,0
108000,2439,170,4653.6,5,0.001329198050509526,2257,0.9813944109553167,13.276470588235295,1
108000,2521,121,3916.75,4,0.0,1231,1.0565673264309912,10.173553719008265,0
108000,2576,398,3887.5714285714284,7,0.0,4999,0.3965763913864644,12.56030150753769,0
108000,2602,370,3876.1666666666665,6,0.0,4543,0.41701257634064076,12.278378378378378,0
108000,2729,101,4451.4,5,0.0,849,1.045863018487495,8.405940594059405,0
108000,2744,227,3959.1428571428573,7,0.001569506726457399,4460,1.0876596273950963,19.647577092511014,1
108000,2750,268,4266.857142857143,7,0.000680387821058003,5879,1.0285934066860323,21.936567164179106,1
108000,2754,133,2867.5,6,0.0,1463,1.039323885398127,11.0,0
108000,2797,349,4124.333333333333,6,0.0,4373,0.4511682063085908,12.530085959885387,0
108000,2804,187,3986.3333333333335,6,0.0,3137,1.1273043157437936,16.77540106951872,0
108000,2873,303,4480.333333333333,9,0.00012944983818770226,7725,1.0573605310582253,25.495049504950494,1
108000,2907,234,2814.5714285714284,7,0.0,4535,1.0407716183818914,19.38034188034188,0
108000,2953,224,4241.166666666667,6,0.0,4750,1.1896177538704973,21.205357142857142,0
108000,2970,35,4240.5,4,0.0,133,1.364348809558996,3.8,0
108000,3129,419,3710.0,7,0.0,5596,0.40055257123138927,13.355608591885442,0
108000,3137,273,2941.8,10,0.002044989775051125,5868,0.9894063084847459,21.494505494505493,1
108000,3150,88,3046.6,5,0.007309941520467836,684,1.1099428590162286,7.7727272727272725,1
108000,3309,220,3588.5714285714284,7,0.0,4506,1.1699187187665792,20.48181818181818,0
108000,3311,159,3407.8333333333335,6,0.0,1305,0.6486734564193948,8.20754716981132,0
108000,3323,128,2781.4,5,0.0,1401,1.0745535419138916,10.9453125,0
108000,3350,310,3804.1666666666665,6,0.0,3263,0.4266812415676793,10.525806451612903,0
108000,3469,154,4187.8,5,0.0,2287,1.211810153273715,14.85064935064935,0
108000,3478,114,3335.4,5,0.0,1189,1.1496933410644088,10.429824561403509,0
108000,3614,199,2919.0,6,0.0,3409,1.081759486486463,17.13065326633166,0
108000,3619,156,3888.0,5,0.0,2122,1.0957362937076827,13.602564102564102,0
108000,3635,165,3829.8333333333335,6,0.0,2684,1.2388664363247022,16.266666666666666,0
108000,3663,179,3150.8571428571427,7,0.0,2754,1.0801093808540672,15.385474860335195,0
108000,3792,228,3365.1666666666665,6,0.0,4234,1.0235074865573395,18.57017543859649,0
108000,3992,362,3713.0,6,0.0,4758,0.4562650055181538,13.143646408839778,0
108000,4042,261,3539.285714285714,7,0.0007607455306200076,5258,0.9699501870245669,20.1455938697318,1
108000,4329,271,3708.5,8,0.0,6685,1.1438595274709096,24.66789667896679,0
108000,4352,507,3900.5714285714284,7,0.0,5783,0.282713884367724,11.406311637080869,0
108000,4405,176,4250.4,5,0.0027418723070896985,2553,1.0357032598934326,14.505681818181818,1
108000,4477,139,4171.8,5,0.0,818,0.5320268703765749,5.884892086330935,0
108000,4490,298,4480.5,6,0.0,3758,0.5317825860182173,12.610738255033556,0
108000,4501,180,2518.6666666666665,6,0.0,2770,1.0743471173387318,15.38888888888889,0
108000,4591,108,3685.4,5,0.0,1171,1.2615929346205925,10.842592592592593,0
108000,4596,190,3012.5,6,0.0,3221,1.121226585840745,16.95263157894737,0
108000,4663,104,3194.6,5,0.0,925,1.074694232459526,8.89423076923077,0
108000,4773,260,3433.5714285714284,7,0.0,5512,1.0246425270169786,21.2,0
108000,4809,347,3010.0,9,0.0,8174,0.8530717255501822,23.556195965417867,0
108000,4843,182,4098.8,5,0.0,2656,1.0076162405427473,14.593406593406593,0
108000,4858,196,2208.6666666666665,6,0.0,3089,1.0104518645292453,15.760204081632653,0
108000,4904,160,3945.1666666666665,6,0.0,1955,0.9596583809012571,12.21875,0
108000,4920,164,4250.4,5,0.0,2228,1.040967940541056,13.585365853658537,0
110000,0,157,4722.0,11,0.0,785,0.400202885807617,5.0,0
110000,45,184,3357.5,6,0.0,3303,1.2259783240556577,17.95108695652174,0
110000,162,287,1972.857142857143,7,0.0,3695,0.5637161968708755,12.874564459930314,0
110000,277,224,3988.1428571428573,7,0.0013943760167325122,4303,1.0776684620852104,19.209821428571427,1
110000,308,290,3423.625,8,0.00014609203798392987,6845,1.0227919959011718,23.603448275862068,1
110000,336,168,3939.6666666666665,6,0.0,2475,1.1019617088484606,14.732142857142858,0
110000,370,226,3426.8333333333335,6,0.0,4140,1.0185757370085162,18.31858407079646,0
110000,552,162,4065.3333333333335,6,0.0,2380,1.139611418311798,14.691358024691358,0
110000,563,237,3462.1666666666665,6,0.0,5584,1.2492765317271382,23.561181434599156,0
110000,717,256,3172.4285714285716,7,0.0,5536,1.0615147052168636,21.625,0
110000,775,161,4742.0,5,0.0,2100,1.0180694529591552,13.043478260869565,0
110000,903,374,3384.0,7,0.0,4750,0.4267369700177734,12.70053475935829,0
110000,969,270,3739.25,8,0.0003045066991473812,6568,1.1321800026764202,24.325925925925926,1
110000,1245,252,3093.8571428571427,7,0.00023849272597185786,4193,0.8297239856703201,16.63888888888889,1
110000,1266,272,3433.2,5,0.0,2354,0.3998328885461923,8.654411764705882,0
110000,1304,188,3188.5,6,0.0,2995,1.0648562695225703,15.930851063829786,0
110000,1339,39,5876.333333333333,3,0.0,133,1.098834511314773,3.41025641025641,0
110000,1407,59,3295.2,5,0.0,307,1.1082665264602891,5.203389830508475,0
110000,1582,183,3578.2,5,0.0,1203,0.4514122204029408,6.573770491803279,0
110000,1616,241,3908.625,8,0.0013215027373985274,5297,1.1460557694299431,21.979253112033195,1
110000,1733,301,2746.6666666666665,6,0.0,3184,0.4416212187075155,10.578073089700997,0
110000,1803,139,3451.3333333333335,6,0.0,1588,1.0328345600953557,11.424460431654676,0
110000,1839,92,4175.6,5,0.0,735,1.0912431948905945,7.989130434782608,0
110000,1842,87,3691.5,4,0.0,588,0.9762222118170424,6.758620689655173,0
110000,1952,197,3787.3333333333335,6,0.001644286105782406,3649,1.1815477433532589,18.522842639593907,1
110000,1972,73,4698.5,4,0.0,464,1.0941632510907593,6.3561643835616435,0
110000,2010,182,2715.8333333333335,6,0.0,2572,0.9757488594412448,14.131868131868131,0
110000,2119,43,3693.25,4,0.0,196,1.3320760629607342,4.558139534883721,0
110000,2147,297,4113.25,8,0.0010682334089998666,7489,1.0668928287469062,25.215488215488215,1
110000,2175,229,3076.0,6,0.0018823529411764706,4250,1.0184221336554695,18.558951965065503,1
110000,2198,217,4441.5,6,0.0,4165,1.1114895964833815,19.193548387096776,0
110000,2270,253,3489.8571428571427,7,0.003148366784730421,5082,0.9977080638999721,20.08695652173913,1
110000,2281,346,3082.5714285714284,7,0.0,4370,0.45871094577792093,12.630057803468208,0
110000,2403,144,5113.6,5,0.0,1821,1.1035571416255812,12.645833333333334,0
110000,2439,169,4724.8,5,0.0009119927040583675,2193,0.9648839591502281,12.976331360946746,1
110000,2521,114,4018.25,4,0.0,1119,1.0820074420950996,9.81578947368421,0
110000,2576,399,3908.8571428571427,7,0.0,5008,0.39530143677935903,12.551378446115288,0
110000,2602,370,3885.6666666666665,6,0.0,4567,0.41921559237237643,12.343243243243244,0
110000,2729,97,4477.0,5,0.0,765,1.02171043893982,7.88659793814433,0
110000,2744,228,3972.5714285714284,7,0.002450434395188238,4489,1.0851500016901032,19.68859649122807,1
110000,2750,267,4297.142857142857,7,0.0005106382978723404,5875,1.0356075602036798,22.00374531835206,1
110000,2754,131,2859.6666666666665,6,0.0,1434,1.050065582483017,10.946564885496183,0
110000,2797,350,4149.0,6,0.0,4404,0.45177384641336976,12.582857142857144,0
110000,2804,187,4000.3333333333335,6,0.0,3140,1.128382388089102,16.79144385026738,0
110000,2873,305,4493.333333333333,9,0.0010198878123406426,7844,1.0596142015483296,25.718032786885246,1
110000,2907,234,2820.714285714286,7,0.0,4562,1.0469680535960724,19.495726495726494,0
110000,2953,226,4236.166666666667,6,0.0,4774,1.174560523787115,21.123893805309734,0
110000,3129,418,3716.0,7,0.0,5644,0.4059236037833564,13.502392344497608,0
110000,3137,279,3239.8,10,0.0030964797913950455,6136,0.9905737347889658,21.99283154121864,1
110000,3150,83,3072.2,5,0.006920415224913495,578,1.054342025707592,6.963855421686747,1
110000,3309,220,3575.4285714285716,7,0.0,4577,1.188352857477726,20.804545454545455,0
110000,3311,153,3438.5,6,0.0,1270,0.6817587543353475,8.300653594771243,0
110000,3323,126,2794.0,5,0.0,1384,1.0954810361724046,10.984126984126984,0
110000,3350,311,3820.1666666666665,6,0.0,3264,0.4240716461292619,10.495176848874598,0
110000,3469,152,4204.8,5,0.0,2252,1.2248730359910343,14.81578947368421,0
110000,3478,111,3346.8,5,0.0,1126,1.148424098025195,10.144144144144144,0
110000,3614,201,2896.0,6,0.0,3441,1.070292351278679,17.119402985074625,0
110000,3619,154,3928.4,5,0.0,2088,1.1063662440032869,13.558441558441558,0
110000,3635,165,3836.8333333333335,6,0.0,2679,1.2365585629336353,16.236363636363638,0
110000,3663,181,3163.4285714285716,7,0.0,2785,1.0682623290189643,15.386740331491712,0
110000,3792,233,3365.5,6,0.00023185717597959656,4313,0.9983377196067549,18.510729613733904,1
110000,3992,363,3735.1666666666665,6,0.0,4766,0.4545175447035024,13.129476584022038,0
110000,4042,261,3578.285714285714,7,0.00037979491074819596,5266,0.971425957563973,20.17624521072797,1
110000,4329,273,3741.5,8,0.0001484560570071259,6736,1.1357602068768315,24.673992673992675,1
110000,4352,520,3902.0,7,0.0,5845,0.2716362287016619,11.240384615384615,0
110000,4405,175,4276.2,5,0.002372479240806643,2529,1.0377257562029174,14.451428571428572,1
110000,4477,129,4211.8,5,0.0,714,0.5391736445317258,5.534883720930233,0
110000,4490,296,4503.0,6,0.0,3770,0.5407142213309678,12.736486486486486,0
110000,4501,179,2501.5,6,0.0,2770,1.08638452613136,15.474860335195531,0
110000,4591,105,3709.8,5,0.0,1116,1.2720244540249284,10.628571428571428,0
110000,4596,192,2997.0,6,0.0,3251,1.1082158980924932,16.932291666666668,0
110000,4663,99,3218.6,5,0.0,858,1.1000863164085473,8.666666666666666,0
110000,4773,262,3429.0,7,0.0,5591,1.0235210375980732,21.33969465648855,0
110000,4809,347,3017.4444444444443,9,0.0,8242,0.8601684807908735,23.7521613832853,0
110000,4843,181,4115.4,5,0.0,2638,1.011876489749382,14.574585635359115,0
110000,4858,201,3206.6666666666665,6,0.0,3145,0.9782241920289002,15.64676616915423,0
110000,4904,159,3946.1666666666665,6,0.0,1914,0.9513877360817791,12.037735849056604,0
110000,4920,161,4287.8,5,0.0,2183,1.0583074360999218,13.559006211180124,0
112000,0,183,4885.470588235294,17,0.0,879,0.32983486428444303,4.80327868852459,0
112000,45,187,3360.5,6,0.0,3335,1.1984570905341256,17.834224598930483,0
112000,162,294,2766.8571428571427,7,0.0,3731,0.5424259424565467,12.69047619047619,0
112000,277,225,3794.8571428571427,7,0.0011397310234784591,4387,1.0889613409420975,19.497777777777777,1
112000,308,292,3155.222222222222,9,0.0005792903692976104,6905,1.017672043208741,23.647260273972602,1
112000,336,168,3934.6666666666665,6,0.0,2484,1.1059688423351823,14.785714285714286,0
112000,370,227,3420.6666666666665,6,0.0,4157,1.0137670562962813,18.312775330396477,0
112000,552,166,4062.0,6,0.0,2450,1.1172742054427338,14.759036144578314,0
112000,563,237,3466.3333333333335,6,0.0,5578,1.2479341858835917,23.535864978902953,0
112000,717,258,3167.0,7,0.0,5612,1.059468660053237,21.751937984496124,0
112000,775,160,4767.4,5,0.0,2072,1.0170906215996955,12.95,0
112000,903,379,3371.5714285714284,7,0.0,4808,0.42062579565610725,12.686015831134565,0
112000,969,271,3761.75,8,0.0018250950570342205,6575,1.1250376055529139,24.2619926199262,1
112000,1245,261,3450.1428571428573,7,0.00023126734505087883,4324,0.7976539765489212,16.56704980842912,1
112000,1266,271,3421.0,5,0.0,2340,0.4003936117100865,8.634686346863468,0
112000,1304,190,3208.3333333333335,6,0.0,3023,1.0523030018617114,15.910526315789474,0
112000,1407,36,3544.25,4,0.0,102,0.9890199094634534,2.8333333333333335,0
112000,1582,175,3599.2,5,0.0,1121,0.4599804557941758,6.405714285714286,0
112000,1616,242,3916.875,8,0.002056459151243223,5349,1.1477617037123014,22.10330578512397,1
112000,1733,309,2692.0,6,0.0,3316,0.43642279571029857,10.731391585760518,0
112000,1803,138,3462.6666666666665,6,0.0,1551,1.0234425972942176,11.23913043478261,0
112000,1839,86,4200.2,5,0.0,647,1.0993025672647898,7.523255813953488,0
112000,1842,76,3729.0,4,0.0,440,0.9572719997088013,5.7894736842105265,0
112000,1952,196,4591.6,5,0.001379310344827586,3625,1.1857843991319243,18.494897959183675,1
112000,1972,57,4757.5,4,0.0,269,1.0404289612996667,4.719298245614035,0
112000,2010,186,4056.4,5,0.0,2621,0.9520307948963866,14.091397849462366,0
112000,2147,297,4146.875,8,0.0010682334089998666,7489,1.0668928287469062,25.215488215488215,1
112000,2175,227,3080.3333333333335,6,0.0018682858477347033,4282,1.0442507902479377,18.863436123348016,1
112000,2198,218,4470.666666666667,6,0.0,4166,1.1015802537543202,19.110091743119266,0
112000,2270,251,3521.285714285714,7,0.001970831690973591,5074,1.0120754352670345,20.215139442231077,1
112000,2281,346,3064.1428571428573,7,0.0,4441,0.46616368654456447,12.835260115606937,0
112000,2403,143,5133.0,5,0.0,1776,1.0913919610299716,12.41958041958042,0
112000,2439,167,4096.0,5,0.0013940520446096654,2152,0.9696593482054193,12.886227544910179,1
112000,2521,108,4095.5,4,0.0,1001,1.0784410995347677,9.268518518518519,0
112000,2576,400,3936.8571428571427,7,0.0,5031,0.3951338160052562,12.5775,0
112000,2602,371,3897.1666666666665,6,0.0,4579,0.41805429372898084,12.342318059299192,0
112000,2729,92,4507.0,5,0.0,677,1.0051314869944659,7.358695652173913,0
112000,2744,228,3989.0,7,0.0022177866489243737,4509,1.0899847087593395,19.776315789473685,1
112000,2750,267,4324.857142857143,7,0.0010190217391304348,5888,1.037899117358173,22.05243445692884,1
112000,2754,131,2851.5,6,0.0,1398,1.0237041034248657,10.67175572519084,0
112000,2797,351,4169.666666666667,6,0.0,4430,0.4518552757007746,12.621082621082621,0
112000,2804,188,4014.1666666666665,6,0.0,3145,1.1181879691647691,16.72872340425532,0
112000,2873,309,4601.444444444444,9,0.0012635835228708618,7914,1.0415711716680647,25.611650485436893,1
112000,2907,235,2820.1428571428573,7,0.0,4603,1.0474061373996428,19.58723404255319,0
112000,2953,227,4219.0,6,0.0,4813,1.1737456920745735,21.202643171806166,0
112000,3129,421,3732.0,7,0.00017568517217146873,5692,0.40356227699534764,13.520190023752969,1
112000,3137,280,3601.6666666666665,9,0.002378686964795433,6306,1.0107593506906751,22.521428571428572,1
112000,3150,76,3109.6,5,0.0,457,0.9942575087884594,6.0131578947368425,0
112000,3309,223,3562.5714285714284,7,0.0,4652,1.1755465844476838,20.8609865470852,0
112000,3311,149,3469.5,6,0.0,1241,0.7024397969649895,8.328859060402685,0
112000,3323,126,2804.6,5,0.0,1350,1.0685689297924468,10.714285714285714,0
112000,3350,311,3836.5,6,0.0,3264,0.4240716461292619,10.495176848874598,0
112000,3469,153,4220.0,5,0.0,2233,1.1987144082132528,14.594771241830065,0
112000,3478,107,3353.4,5,0.0,1061,1.1645488009289093,9.91588785046729,0
112000,3614,202,2871.1666666666665,6,0.0,3487,1.07388820537865,17.262376237623762,0
112000,3619,151,3979.6,5,0.0,2032,1.119901104704962,13.456953642384105,0
112000,3635,164,3843.8333333333335,6,0.0,2678,1.251217300165596,16.329268292682926,0
112000,3663,183,3160.0,7,0.0,2829,1.0615504335161425,15.459016393442623,0
112000,3792,237,3528.5,6,0.000690766751093714,4343,0.9716346664203009,18.324894514767934,1
112000,3992,363,3760.0,6,0.0,4774,0.45528047805592126,13.151515151515152,0
112000,4042,262,3256.625,8,0.00037821482602118004,5288,0.9680520920798804,20.18320610687023,1
112000,4329,275,3772.125,8,0.0002937720329024677,6808,1.1312641473396,24.756363636363638,1
112000,4352,527,3898.0,7,0.0,5922,0.26795202077649444,11.23719165085389,0
112000,4405,174,4300.4,5,0.0031872509960159364,2510,1.0418017651618947,14.425287356321839,1
112000,4477,116,4255.4,5,0.0,588,0.5491249941470864,5.068965517241379,0
112000,4490,296,4524.0,6,0.0,3782,0.5424353276057614,12.777027027027026,0
112000,4501,181,2484.0,6,0.0,2779,1.0659608661916344,15.353591160220995,0
112000,4591,104,3732.2,5,0.0,1066,1.2385124884344376,10.25,0
112000,4596,194,2976.3333333333335,6,0.0,3309,1.1048496217162955,17.056701030927837,0
112000,4663,96,3239.2,5,0.0,789,1.0758318592371297,8.21875,0
112000,4773,268,3454.0,8,0.0,5732,1.0028741975037143,21.388059701492537,0
112000,4809,351,3030.4444444444443,9,0.0,8301,0.846693147537727,23.64957264957265,0
112000,4843,180,4139.8,5,0.0,2618,1.015393773715812,14.544444444444444,0
112000,4858,202,3226.5,6,0.0,3161,0.9734902831092379,15.648514851485148,0
112000,4904,159,3948.8333333333335,6,0.0,1880,0.934487431470086,11.823899371069182,0
112000,4920,160,4330.6,5,0.0,2143,1.0519426651004573,13.39375,0
114000,0,209,5182.25,16,0.0,960,0.2761776467980313,4.5933014354066986,0
114000,45,186,3371.0,6,0.0,3356,1.2190062371889634,18.043010752688172,0
114000,162,291,3259.8333333333335,6,0.0,3731,0.5536676321981798,12.8213058419244,0
114000,277,230,4146.571428571428,7,0.0008820286659316428,4535,1.077287159472946,19.717391304347824,1
114000,308,293,3578.875,8,0.0005730659025787965,6980,1.021715650598458,23.822525597269625,1
114000,336,168,3932.8333333333335,6,0.0,2487,1.1073045534974228,14.803571428571429,0
114000,370,228,3413.1666666666665,6,0.0,4175,1.0092451007030923,18.31140350877193,0
114000,552,170,4785.166666666667,6,0.0,2582,1.1227117275527814,15.188235294117646,0
114000,563,236,3465.1666666666665,6,0.0,5588,1.2607885484242862,23.677966101694917,0
114000,717,261,3156.4285714285716,7,0.0,5705,1.0524088659138748,21.85823754789272,0
114000,775,159,4796.6,5,0.0,2036,1.0120300055707951,12.80503144654088,0
114000,903,388,3354.5714285714284,7,0.00020329335230737954,4919,0.41060405630269403,12.677835051546392,1
114000,969,269,3786.5,8,0.0007587253414264037,6590,1.1444339125858811,24.49814126394052,1
114000,1245,261,3440.0,7,0.0004563084645220169,4383,0.8085377842770402,16.79310344827586,1
114000,1266,271,3386.8,5,0.0,2347,0.4015913703775953,8.660516605166052,0
114000,1304,192,3215.8333333333335,6,0.0,3069,1.0461748973380074,15.984375,0
114000,1582,168,3625.0,5,0.0,1047,0.46616319562195485,6.232142857142857,0
114000,1616,244,3962.1111111111113,9,0.0031563312291125138,5386,1.136832708427481,22.07377049180328,1
114000,1733,324,3957.1428571428573,7,0.0,3508,0.419932442798087,10.82716049382716,0
114000,1803,139,3475.8333333333335,6,0.0,1510,0.9821033915264401,10.863309352517986,0
114000,1839,80,4220.2,5,0.0,554,1.087776456305466,6.925,0
114000,1842,57,3774.75,4,0.0,256,0.9901480077796085,4.491228070175438,0
114000,1952,196,4633.8,5,0.001385809312638581,3608,1.1802234791911677,18.408163265306122,1
114000,2010,180,4088.6,5,0.0,2558,0.9921227170225545,14.21111111111111,0
114000,2147,294,4173.875,8,0.001337255950788981,7478,1.0871780213589002,25.435374149659864,1
114000,2175,228,3411.8571428571427,7,0.0006914035492048859,4339,1.0488896986708305,19.030701754385966,1
114000,2198,218,4511.0,6,0.0,4168,1.102109096891024,19.119266055045873,0
114000,2270,251,3541.8571428571427,7,0.0033490937746256896,5076,1.0124743613353306,20.223107569721115,1
114000,2281,350,3046.285714285714,7,0.0,4530,0.4646992561881392,12.942857142857143,0
114000,2403,142,5134.6,5,0.0,1727,1.076280601616658,12.161971830985916,0
114000,2439,163,4146.4,5,0.0009546539379474941,2095,0.9908745695013913,12.85276073619632,1
114000,2521,103,4173.75,4,0.0,889,1.053021347550693,8.631067961165048,0
114000,2576,402,3960.8571428571427,7,0.0,5040,0.3919117589686532,12.537313432835822,0
114000,2602,373,3919.6666666666665,6,0.0,4606,0.4160218433952544,12.348525469168901,0
114000,2729,86,4543.2,5,0.0,566,0.9616773617803261,6.5813953488372094,0
114000,2744,229,4008.5714285714284,7,0.0015527950310559005,4508,1.0802463478867899,19.685589519650655,1
114000,2750,269,4337.857142857143,7,0.002542372881355932,5900,1.0246069930586796,21.933085501858734,1
114000,2754,122,3438.4,5,0.0,1285,1.084909045918539,10.532786885245901,0
114000,2797,352,4188.5,6,0.0,4459,0.45223274930129415,12.667613636363637,0
114000,2804,188,4029.8333333333335,6,0.0,3149,1.1196101478218943,16.75,0
114000,2873,306,4620.555555555556,9,0.0008825012607160867,7932,1.0645099290133813,25.92156862745098,1
114000,2907,235,2834.1428571428573,7,0.0,4635,1.0546876921241244,19.72340425531915,0
114000,2953,228,4187.0,6,0.0,4854,1.173383405703667,21.289473684210527,0
114000,3129,423,3751.714285714286,7,0.00017485574401119076,5719,0.4016513451901039,13.520094562647754,1
114000,3137,281,3617.6666666666665,9,0.002028397565922921,6409,1.019970229194513,22.80782918149466,1
114000,3150,64,3695.5,4,0.006644518272425249,301,0.923456434307156,4.703125,1
114000,3309,224,3545.1428571428573,7,0.0,4738,1.186612403755456,21.151785714285715,0
114000,3311,148,3483.0,6,0.0,1209,0.6936058287417933,8.16891891891892,0
114000,3323,123,2814.0,5,0.0,1319,1.0955808606213067,10.723577235772357,0
114000,3350,311,3845.3333333333335,6,0.0,3268,0.42459134177402813,10.508038585209004,0
114000,3469,153,4235.0,5,0.0,2206,1.1842203244596665,14.418300653594772,0
114000,3478,103,3355.8,5,0.0,997,1.180947450515232,9.679611650485437,0
114000,3614,205,2834.5,6,0.0,3547,1.060628591769946,17.302439024390242,0
114000,3619,149,4025.8,5,0.0,2002,1.1331865217759138,13.436241610738255,0
114000,3635,164,3851.5,6,0.0,2682,1.2530861833622584,16.353658536585368,0
114000,3663,184,3155.285714285714,7,0.0,2863,1.0626630159767931,15.559782608695652,0
114000,3792,237,3566.8333333333335,6,0.001384083044982699,4335,0.9698448719622392,18.29113924050633,1
114000,3992,363,3792.6666666666665,6,0.0,4782,0.45604341140834004,13.173553719008265,0
114000,4042,260,3740.1428571428573,7,0.0003800114003420103,5263,0.9783551559670464,20.24230769230769,1
114000,4329,275,3800.75,8,0.0002911208151382824,6870,1.1415664941573225,24.98181818181818,1
114000,4352,534,3836.375,8,0.0,6043,0.2663053823962059,11.316479400749063,0
114000,4405,173,4324.0,5,0.00201450443190975,2482,1.0421240891723567,14.346820809248555,1
114000,4477,87,3295.75,4,0.0,398,0.6607762590190185,4.574712643678161,0
114000,4490,297,4543.666666666667,6,0.0,3790,0.5399284044533015,12.760942760942761,0
114000,4501,182,2472.5,6,0.0,2794,1.0599697952095013,15.351648351648352,0
114000,4591,101,3744.2,5,0.0,1009,1.2429632339857275,9.990099009900991,0
114000,4596,195,2955.6666666666665,6,0.0,3339,1.1034611829413616,17.123076923076923,0
114000,4663,90,3270.8,5,0.0,709,1.0999452797013152,7.877777777777778,0
114000,4773,270,3864.5,8,0.0003390405153415833,5899,1.0168589883964987,21.848148148148148,1
114000,4809,352,3376.625,8,0.0,8342,0.8460474533912078,23.698863636363637,0
114000,4843,180,4156.4,5,0.0,2603,1.0095760095424977,14.46111111111111,0
114000,4858,202,3237.1666666666665,6,0.0,3180,0.9793416957568416,15.742574257425742,0
114000,4904,159,3948.8333333333335,6,0.0,1831,0.9101311101179401,11.515723270440251,0
114000,4920,159,4361.8,5,0.0,2109,1.0483159537076656,13.264150943396226,0
116000,0,251,5198.0,16,0.0,1094,0.2182125593579298,4.3585657370517925,0
116000,45,187,3393.3333333333335,6,0.0,3388,1.2175030353012348,18.11764705882353,0
116000,162,290,3303.3333333333335,6,0.0,3721,0.5559983954343696,12.831034482758621,0
116000,277,230,4173.142857142857,7,0.00109217999126256,4578,1.0875017896509696,19.904347826086955,1
116000,308,289,3617.125,8,0.0008582463166928909,6991,1.051849199183259,24.19031141868512,1
116000,336,166,3922.5,6,0.0,2472,1.1273068717773216,14.891566265060241,0
116000,370,231,3408.5,6,0.0,4191,0.9869691206082962,18.142857142857142,0
116000,552,170,4785.0,6,0.0,2632,1.1444528531831606,15.48235294117647,0
116000,563,236,3475.1666666666665,6,0.0,5604,1.2643985371098247,23.74576271186441,0
116000,717,264,3362.75,8,0.0,5847,1.0542293529350044,22.147727272727273,0
116000,775,159,4802.0,5,0.0,2014,1.0010945143514645,12.666666666666666,0
116000,903,392,3336.714285714286,7,0.0005984440454817474,5013,0.4099542891619542,12.78826530612245,1
116000,969,270,3831.875,8,0.00030289262456459186,6603,1.1382132395968947,24.455555555555556,1
116000,1245,264,3426.4285714285716,7,0.0006762849413886385,4436,0.7998223720916162,16.803030303030305,1
116000,1266,273,3405.6666666666665,6,0.0,2378,0.40095572624006914,8.71062271062271,0
116000,1304,191,3218.8333333333335,6,0.0,3098,1.0671477252072232,16.219895287958114,0
116000,1582,162,3648.2,5,0.0,964,0.46159050724898043,5.950617283950617,0
116000,1616,245,3482.5,8,0.0031319086219602065,5428,1.1363641765054826,22.155102040816328,1
116000,1733,342,3734.75,8,0.0,3749,0.40278481783482556,10.961988304093568,0
116000,1803,130,4210.0,5,0.0,1409,1.0476932660137321,10.838461538461539,0
116000,1839,70,4263.0,5,0.0,441,1.1309733552923256,6.3,0
116000,1952,198,4683.4,5,0.005295429208472687,3588,1.1500902398816628,18.12121212121212,1
116000,2010,177,4105.2,5,0.0,2500,1.0027746348717779,14.124293785310735,0
116000,2147,293,4203.625,8,0.0020064205457463883,7476,1.0943189403831048,25.515358361774744,1
116000,2175,229,3444.0,8,0.0026708212775428445,4493,1.0766519168268294,19.62008733624454,1
116000,2198,217,4567.666666666667,6,0.0,4171,1.1130907819765148,19.22119815668203,0
116000,2270,250,3567.5714285714284,7,0.0029452189279403104,5093,1.0240084086229002,20.372,1
116000,2281,353,3714.0,7,0.0,4672,0.4711544391680059,13.23512747875354,0
116000,2403,141,5148.4,5,0.0,1678,1.0606292385138922,11.900709219858156,0
116000,2439,162,4181.8,5,0.0024449877750611247,2045,0.9792039287595072,12.623456790123457,1
116000,2521,95,4217.0,4,0.0,777,1.081891409125438,8.178947368421053,0
116000,2576,401,3984.5714285714284,7,0.0,5053,0.3948847999350557,12.600997506234414,0
116000,2602,373,3961.6666666666665,6,0.0,4626,0.4178282777999233,12.402144772117962,0
116000,2729,70,5322.75,4,0.0,395,1.0130033454432394,5.642857142857143,0
116000,2744,230,4031.285714285714,7,0.001327433628318584,4520,1.0737239163875891,19.652173913043477,1
116000,2750,270,4372.857142857143,7,0.001525165226232842,5901,1.0172037447919544,21.855555555555554,1
116000,2754,115,4293.25,4,0.0,1152,1.0946282758216836,10.017391304347827,0
116000,2797,352,4201.666666666667,6,0.0,4491,0.4554781962574819,12.758522727272727,0
116000,2804,185,4874.8,5,0.0,3124,1.1470370138570651,16.886486486486486,0
116000,2873,306,4549.875,8,0.0008807247106190236,7948,1.066657200680579,25.973856209150327,1
116000,2907,236,2826.1428571428573,7,0.0,4652,1.04960421032029,19.71186440677966,0
116000,2953,230,4382.714285714285,7,0.0,4950,1.1758702181678242,21.52173913043478,0
116000,3129,422,3748.714285714286,7,0.0005205622071837585,5763,0.40666199013135323,13.656398104265403,1
116000,3137,283,3629.0,9,0.0027752081406105457,6486,1.0176863215264718,22.918727915194346,1
116000,3150,13,4541.333333333333,3,0.0,17,1.2640727836929346,1.3076923076923077,0
116000,3309,230,4175.428571428572,7,0.0,4890,1.161617245826396,21.26086956521739,0
116000,3311,142,3495.6666666666665,6,0.0,1169,0.7285304130225091,8.232394366197184,0
116000,3323,122,2817.0,5,0.0,1292,1.0908190562854105,10.59016393442623,0
116000,3350,310,3849.3333333333335,6,0.0,3269,0.4274658224593146,10.54516129032258,0
116000,3469,150,4236.6,5,0.0,2180,1.2175416861912443,14.533333333333333,0
116000,3478,101,3363.4,5,0.0,933,1.149340631624067,9.237623762376238,0
116000,3614,211,3011.0,7,0.0,3703,1.0451982297111928,17.549763033175356,0
116000,3619,146,4075.0,5,0.0,1973,1.163137981897666,13.513698630136986,0
116000,3635,163,4636.6,5,0.0,2662,1.2590492143258727,16.33128834355828,0
116000,3663,186,3143.285714285714,7,0.0,2901,1.0537357252935589,15.596774193548388,0
116000,3792,235,3596.1666666666665,6,0.0018471484645578389,4331,0.9855129222415495,18.429787234042553,1
116000,3992,364,3829.0,6,0.0,4794,0.4546792410732239,13.17032967032967,0
116000,4042,257,3775.714285714286,7,0.0007654037504783774,5226,0.9942898882744785,20.33463035019455,1
116000,4329,276,3823.25,8,0.00014442518775274407,6924,1.1422173668061189,25.08695652173913,1
116000,4352,549,3841.75,8,0.0,6210,0.258914739881986,11.311475409836065,0
116000,4405,173,4361.2,5,0.003250711093051605,2461,1.0333067620681589,14.22543352601156,1
116000,4477,32,4112.333333333333,3,0.0,99,1.214912784005428,3.09375,0
116000,4490,296,4567.0,6,0.0,3803,0.5454472635866501,12.847972972972974,0
116000,4501,182,2453.6666666666665,6,0.0,2813,1.0671778933157938,15.456043956043956,0
116000,4591,99,3755.0,5,0.0,944,1.210351378426187,9.535353535353535,0
116000,4596,196,2927.0,6,0.0,3384,1.106950181148257,17.26530612244898,0
116000,4663,86,3302.0,5,0.0,621,1.0551265753808878,7.22093023255814,0
116000,4773,272,3871.75,8,0.0,5993,1.017926296116113,22.033088235294116,0
116000,4809,351,3431.875,8,0.0,8352,0.851895093149632,23.794871794871796,0
116000,4843,180,4173.2,5,0.0,2588,1.0037582453691833,14.377777777777778,0
116000,4858,203,3242.5,6,0.0,3205,0.9773403338838882,15.788177339901479,0
116000,4904,152,4666.6,5,0.0005777007510109763,1731,0.9414987678954175,11.388157894736842,1
116000,4920,157,4383.4,5,0.0,2071,1.055821880901369,13.19108280254777,0
118000,0,288,5196.64705882353,17,0.0,1255,0.19013786556014614,4.357638888888889,0
118000,45,189,3377.5,6,0.0,3437,1.2091099297766714,18.185185185185187,0
118000,162,293,3337.5,6,0.0,3713,0.5435000301822457,12.672354948805461,0
118000,277,230,4201.571428571428,7,0.0006506180871828237,4611,1.095340924438755,20.047826086956523,1
118000,308,290,3657.5,8,0.0008572653236176596,6999,1.0458029480368591,24.13448275862069,1
118000,336,166,3912.1666666666665,6,0.0012165450121654502,2466,1.1245706900497068,14.855421686746988,1
118000,370,232,3400.1666666666665,6,0.0,4208,0.9824481187801613,18.137931034482758,0
118000,552,171,4790.333333333333,6,0.0,2663,1.1444288822556847,15.573099415204679,0
118000,563,236,3466.6666666666665,6,0.0,5632,1.2707160173095169,23.864406779661017,0
118000,717,265,3341.75,8,0.0,5993,1.0724137998128092,22.61509433962264,0
118000,775,157,4812.6,5,0.0,1981,1.0099387474966741,12.617834394904458,0
118000,903,397,3065.875,8,0.000392156862745098,5100,0.40662963493983073,12.846347607052897,1
118000,969,270,3857.25,8,0.0010606060606060607,6600,1.137696105003711,24.444444444444443,1
118000,1245,266,3412.714285714286,7,0.001112842198976185,4493,0.7979634684029024,16.89097744360902,1
118000,1266,269,4087.6,5,0.0,2384,0.4140106900765919,8.862453531598513,0
118000,1304,192,3227.0,6,0.0,3126,1.0656053206512253,16.28125,0
118000,1582,154,3669.2,5,0.0,884,0.468404099472656,5.740259740259741,0
118000,1616,243,4006.285714285714,7,0.0016642011834319527,5408,1.150890485570533,22.255144032921812,1
118000,1733,348,4250.142857142857,7,0.0,3932,0.40800443631639144,11.298850574712644,0
118000,1803,125,4254.2,5,0.0,1315,1.057585750904468,10.52,0
118000,1839,59,4291.8,5,0.0,301,1.0866065943470586,5.101694915254237,0
118000,1952,195,4730.4,5,0.0030916245081506464,3558,1.1758355462429964,18.246153846153845,1
118000,2010,175,4121.4,5,0.0,2452,1.0061303100868144,14.01142857142857,0
118000,2147,293,4195.571428571428,7,0.0014727540500736377,7469,1.093294297180499,25.49146757679181,1
118000,2175,226,3958.8571428571427,7,0.001763279700242451,4537,1.1162507533351782,20.075221238938052,1
118000,2198,218,4594.333333333333,6,0.0,4180,1.1052821557112478,19.174311926605505,0
118000,2270,250,3596.285714285714,7,0.0021598272138228943,5093,1.0240084086229002,20.372,1
118000,2281,358,3701.1428571428573,7,0.0,4736,0.46436075051968606,13.22905027932961,0
118000,2403,137,5168.4,5,0.0,1621,1.0853048519301092,11.832116788321168,0
118000,2439,160,4221.8,5,0.002002002002002002,1998,0.9807659565425635,12.4875,1
118000,2521,86,4264.0,4,0.0,649,1.1027007204866284,7.546511627906977,0
118000,2576,402,4000.8571428571427,7,0.0,5061,0.3935447246310226,12.58955223880597,0
118000,2602,376,3959.3333333333335,6,0.0,4638,0.4122540382341971,12.335106382978724,0
118000,2729,48,5411.25,4,0.0,195,1.0635600129340446,4.0625,0
118000,2744,233,3480.8333333333335,6,0.0021910604732690623,4564,1.0564371324565798,19.587982832618025,1
118000,2750,269,4389.571428571428,7,0.0008493290300662477,5887,1.0223493844299063,21.88475836431227,1
118000,2754,104,4366.5,4,0.0,988,1.1478896234270397,9.5,0
118000,2797,353,4219.833333333333,6,0.0,4531,0.4569350950064715,12.835694050991501,0
118000,2804,182,4937.4,5,0.0,3050,1.157089432852176,16.75824175824176,0
118000,2873,308,4577.625,8,0.0010037641154328732,7970,1.0557637649312974,25.876623376623378,1
118000,2907,239,2813.5714285714284,7,0.0,4695,1.032879502011805,19.644351464435147,0
118000,2953,231,4361.142857142857,7,0.0,5043,1.1876128072602332,21.83116883116883,0
118000,3129,424,3748.0,7,0.0005179558011049724,5792,0.4048617090065878,13.660377358490566,1
118000,3137,283,3640.4444444444443,9,0.0030432136335970784,6572,1.0311801580437823,23.2226148409894,1
118000,3309,235,4168.428571428572,7,0.0,4977,1.1325093082420208,21.17872340425532,0
118000,3311,139,3509.1666666666665,6,0.0,1134,0.7375531430403862,8.158273381294965,0
118000,3323,120,2824.2,5,0.0,1270,1.1082840750163991,10.583333333333334,0
118000,3350,310,3849.0,6,0.0,3272,0.4278581129051323,10.55483870967742,0
118000,3469,150,4240.2,5,0.0,2157,1.204696062896566,14.38,0
118000,3478,97,3372.0,5,0.0,858,1.1459183746540729,8.845360824742269,0
118000,3614,211,3480.8333333333335,6,0.0,3760,1.061286887311392,17.819905213270143,0
118000,3619,145,4119.6,5,0.0,1925,1.1505476067843714,13.275862068965518,0
118000,3635,161,4671.0,5,0.0,2590,1.2556189919829581,16.08695652173913,0
118000,3663,189,3134.8571428571427,7,0.0,2942,1.034972770847532,15.566137566137566,0
118000,3792,236,3632.0,6,0.0013908205841446453,4314,0.9733431993382912,18.279661016949152,1
118000,3992,364,3832.5,6,0.0,4801,0.4553431448461719,13.18956043956044,0
118000,4042,257,3810.4285714285716,7,0.0011503067484662577,5216,0.9923873052506085,20.295719844357976,1
118000,4329,276,3827.375,8,0.001002434483746241,6983,1.1519502993077886,25.30072463768116,1
118000,4352,554,4417.142857142857,7,0.0,6277,0.25700552707037927,11.330324909747292,0
118000,4405,173,4382.8,5,0.0028606456885982836,2447,1.0274285439986934,14.144508670520231,1
118000,4490,296,4580.833333333333,6,0.0,3811,0.5465946677698458,12.875,0
118000,4501,183,2438.8333333333335,6,0.0,2831,1.062300911023047,15.469945355191257,0
118000,4591,94,3770.6,5,0.0,881,1.2529393969273914,9.372340425531915,0
118000,4596,201,2896.8333333333335,6,0.0,3444,1.0712254745143186,17.134328358208954,0
118000,4663,80,3334.8,5,0.0,527,1.0347620802761381,6.5875,0
118000,4773,274,3866.875,8,0.0006569223189357859,6089,1.0191889641274574,22.222627737226276,1
118000,4809,349,3467.875,8,0.0,8375,0.8640598508654121,23.997134670487107,0
118000,4843,180,4192.0,5,0.0,2580,1.0006554378100823,14.333333333333334,0
118000,4858,204,3245.3333333333335,6,0.0,3234,0.9765388928978654,15.852941176470589,0
118000,4904,147,4710.2,5,0.0012135922330097086,1648,0.9583682156723549,11.210884353741497,1
118000,4920,155,4395.2,5,0.0,2021,1.0570919879966656,13.038709677419355,0
120000,0,324,5339.476190476191,21,0.0,1413,0.16914610652043813,4.361111111111111,0
120000,45,194,3533.1428571428573,7,0.0,3526,1.177304250882943,18.175257731958762,0
120000,162,292,3354.3333333333335,6,0.0,3710,0.5467868617385125,12.705479452054794,0
120000,277,230,4232.142857142857,7,0.0012944983818770227,4635,1.1010421133753263,20.152173913043477,1
120000,308,287,3697.25,8,0.001851324409000285,7022,1.071289616895071,24.466898954703833,1
120000,336,166,3903.0,6,0.0008186655751125665,2443,1.1140819934271833,14.716867469879517,1
120000,370,233,3397.3333333333335,6,0.0,4218,0.9763479019942712,18.103004291845494,0
120000,552,171,4790.833333333333,6,0.0,2698,1.1594701931377533,15.777777777777779,0
120000,563,241,4473.333333333333,6,0.0001755926251097454,5695,1.2321668127059706,23.630705394190873,1
120000,717,270,4025.25,8,0.0,6163,1.0623668325966473,22.825925925925926,0
120000,775,157,4826.2,5,0.0,1952,0.9951541822884946,12.433121019108281,0
120000,903,401,3078.0,8,0.000772499034376207,5178,0.40465337305832544,12.912718204488778,1
120000,969,272,3879.25,8,0.0006035003017501509,6628,1.1257826615480724,24.36764705882353,1
120000,1245,270,3153.375,8,0.0015486725663716814,4520,0.7791494537298143,16.74074074074074,1
120000,1266,269,4086.0,5,0.0,2386,0.41435801448101856,8.869888475836431,0
120000,1304,195,3229.1666666666665,6,0.0006299212598425197,3175,1.0492630296013246,16.28205128205128,1
120000,1582,146,3687.4,5,0.0,785,0.4627791767813826,5.376712328767123,0
120000,1616,244,4038.714285714286,7,0.0038997214484679664,5385,1.136621636628664,22.06967213114754,1
120000,1733,350,4244.0,7,0.0,4046,0.41504926943426296,11.56,0
120000,1803,121,4304.6,5,0.0,1229,1.0548507263880489,10.15702479338843,0
120000,1839,27,4011.0,3,0.0,70,1.206647384094845,2.5925925925925926,0
120000,1952,196,4767.4,5,0.0036775106082036777,3535,1.1563442347396833,18.035714285714285,1
120000,2010,171,4133.2,5,0.0,2401,1.0318339265099132,14.04093567251462,0
120000,2147,292,4218.857142857143,7,0.001738200294156973,7479,1.102269255779605,25.613013698630137,1
120000,2175,226,3989.8571428571427,7,0.0021949078138718174,4556,1.1209253762828018,20.15929203539823,1
120000,2198,218,4621.333333333333,6,0.0,4182,1.1058109988479516,19.18348623853211,0
120000,2270,252,3623.0,7,0.003127443315089914,5116,1.01237011941077,20.3015873015873,1
120000,2281,359,3684.4285714285716,7,0.0,4776,0.4656775324072548,13.303621169916434,0
120000,2403,135,5190.4,5,0.0,1568,1.081156056148981,11.614814814814816,0
120000,2439,157,4263.8,5,0.002560163850486431,1953,0.9956639948818802,12.439490445859873,1
120000,2521,77,4309.5,4,0.0,515,1.091529915060714,6.688311688311688,0
120000,2576,401,4025.8571428571427,7,0.0,5066,0.3959007315398758,12.633416458852867,0
120000,2602,377,3960.8333333333335,6,0.0,4650,0.4111308976828807,12.3342175066313,0
120000,2744,240,3535.25,8,0.00128783000643915,4659,1.0164361231301977,19.4125,1
120000,2750,269,5127.666666666667,6,0.002727582679849983,5866,1.0187024781834262,21.806691449814128,1
120000,2754,96,4418.5,4,0.0,833,1.1358275522744348,8.677083333333334,0
120000,2797,355,4243.166666666667,6,0.0,4575,0.4561884194460878,12.887323943661972,0
120000,2804,180,4991.0,5,0.0,2993,1.1608378780486728,16.627777777777776,0
120000,2873,308,4602.0,8,0.0015033826108744675,7982,1.057353371603716,25.915584415584416,1
120000,2907,240,2804.1428571428573,7,0.0,4733,1.0325804187111451,19.720833333333335,0
120000,2953,230,5070.333333333333,6,0.0,5115,1.2150658921067516,22.23913043478261,0
120000,3129,424,3454.0,8,0.0005135227661759672,5842,0.40835671685367503,13.778301886792454,1
120000,3137,284,3656.8888888888887,9,0.003468033775633293,6632,1.0332792342098547,23.35211267605634,1
120000,3309,234,4863.5,6,0.0,5017,1.1513894618350495,21.44017094017094,0
120000,3311,133,3517.6666666666665,6,0.0,1095,0.777894500691011,8.233082706766917,0
120000,3323,120,2831.6,5,0.0,1245,1.08646745936647,10.375,0
120000,3350,309,3852.6666666666665,6,0.0,3271,0.4305002909434218,10.585760517799352,0
120000,3469,149,4245.6,5,0.0,2128,1.204505953216356,14.281879194630873,0
120000,3478,93,3382.0,5,0.0,775,1.1260188722544062,8.333333333333334,0
120000,3614,215,3613.0,7,0.0,3848,1.046087487810797,17.89767441860465,0
120000,3619,142,4152.4,5,0.0,1888,1.1766171255658657,13.295774647887324,0
120000,3635,159,4694.6,5,0.0,2529,1.2570844224403444,15.90566037735849,0
120000,3663,191,3129.714285714286,7,0.0,2980,1.0265010397409702,15.602094240837696,0
120000,3792,232,3657.8333333333335,6,0.0020896215463199444,4307,1.0055617983807401,18.564655172413794,1
120000,3992,363,3834.8333333333335,6,0.0,4817,0.45938124482517234,13.269972451790634,0
120000,4042,254,3840.0,7,0.0015360983102918587,5208,1.0144097302929904,20.503937007874015,1
120000,4329,277,3563.6666666666665,9,0.0005693950177935943,7025,1.1505265749048363,25.36101083032491,1
120000,4352,554,4453.571428571428,7,0.0,6303,0.2580700712322129,11.37725631768953,0
120000,4405,171,4415.4,5,0.002474226804123711,2425,1.0421479682576176,14.181286549707602,1
120000,4490,295,5495.0,5,0.0,3806,0.5495846774863661,12.901694915254238,0
120000,4501,184,2415.5,6,0.0,2846,1.0563531063464735,15.467391304347826,0
120000,4591,91,3787.2,5,0.0,807,1.224617930900598,8.868131868131869,0
120000,4596,200,2865.8333333333335,6,0.0,3499,1.0992432694910685,17.495,0
120000,4663,71,3364.8,5,0.0,424,1.0569611466947608,5.971830985915493,0
120000,4773,275,3587.3333333333335,9,0.0011334196891191709,6176,1.0262466765524925,22.458181818181817,1
120000,4809,351,3488.0,8,0.0,8412,0.8580150291636379,23.965811965811966,0
120000,4843,183,4209.8,5,0.0007695267410542517,2599,0.9752455202221473,14.202185792349727,1
120000,4858,205,3247.5,6,0.0006116207951070336,3270,0.9777996884938607,15.951219512195122,1
120000,4904,143,4759.8,5,0.001954397394136808,1535,0.9432920383902063,10.734265734265735,1
120000,4920,158,4399.0,5,0.0,2005,1.0092762811164133,12.689873417721518,0
122000,0,373,4953.958333333333,24,0.0,1625,0.1467727953793505,4.35656836461126,0
122000,45,199,4121.833333333333,6,0.0,3580,1.1360219893286998,17.98994974874372,0
122000,162,293,3372.5,6,0.0,3700,0.5415971213774061,12.627986348122867,0
122000,277,230,4267.142857142857,7,0.001933404940923738,4655,1.1057931041558025,20.23913043478261,1
122000,308,287,3742.625,8,0.0017038193951441148,7043,1.0744934166607785,24.54006968641115,1
122000,336,164,3925.0,6,0.0008295313148071339,2411,1.1264693467883686,14.701219512195122,1
122000,370,233,3396.1666666666665,6,0.00023590469450342062,4239,0.9812088090454518,18.1931330472103,1
122000,552,172,4789.0,6,0.0,2725,1.1574959411887757,15.843023255813954,0
122000,563,239,4487.0,6,0.000175530981218185,5697,1.2533151273612892,23.83682008368201,1
122000,717,269,4014.0,8,0.0007988496564946477,6259,1.086951723653267,23.267657992565056,1
122000,775,156,4825.4,5,0.0,1919,0.9909132646677865,12.301282051282051,0
122000,903,403,3094.625,8,0.0007607455306200076,5258,0.40683691599788513,13.047146401985112,1
122000,969,272,3909.875,8,0.001808590806330068,6635,1.126971629355984,24.393382352941178,1
122000,1245,273,3169.625,8,0.0017605633802816902,4544,0.7661660302922095,16.644688644688646,1
122000,1266,267,4080.2,5,0.0,2393,0.42182279005402656,8.962546816479401,0
122000,1304,197,3229.3333333333335,6,0.001547029702970297,3232,1.0465229669821137,16.406091370558375,1
122000,1582,135,3707.4,5,0.0,689,0.47507431293791325,5.103703703703704,0
122000,1616,240,4062.5714285714284,7,0.002803738317757009,5350,1.1671889372712079,22.291666666666668,1
122000,1733,353,4237.0,7,0.0,4155,0.41901684390904637,11.770538243626062,0
122000,1803,117,4337.4,5,0.0,1155,1.0602789144265354,9.871794871794872,0
122000,1952,195,4812.2,5,0.003703703703703704,3510,1.1599726720946928,18.0,1
122000,2010,170,4141.2,5,0.0,2368,1.0296597098547586,13.929411764705883,0
122000,2147,291,4238.428571428572,7,0.00173703901656868,7484,1.1105999891104739,25.718213058419245,1
122000,2175,223,4024.0,7,0.0017594018033868484,4547,1.149013396277648,20.390134529147982,1
122000,2198,217,4635.666666666667,6,0.0,4186,1.1170937457093482,19.29032258064516,0
122000,2270,255,3652.285714285714,7,0.003486345148169669,5163,0.997772725596869,20.24705882352941,1
122000,2281,361,3664.285714285714,7,0.0,4809,0.46371403138752204,13.321329639889196,0
122000,2403,134,5192.8,5,0.0,1516,1.0609611189222825,11.313432835820896,0
122000,2439,154,4319.4,5,0.0015781167806417674,1901,1.0072807614225328,12.344155844155845,1
122000,2521,63,4357.25,4,0.0,353,1.1176439473088404,5.603174603174603,0
122000,2576,402,4037.714285714286,7,0.0,5063,0.39370024517029584,12.59452736318408,0
122000,2602,378,3953.8333333333335,6,0.0,4674,0.41106923274484736,12.365079365079366,0
122000,2744,242,4080.4285714285716,7,0.001471825063078217,4756,1.0205187255292025,19.65289256198347,1
122000,2750,265,5188.333333333333,6,0.0025853154084798345,5802,1.0382354190745735,21.89433962264151,1
122000,2754,86,4468.25,4,0.0,670,1.1383813293159337,7.790697674418604,0
122000,2797,358,4250.666666666667,6,0.0,4636,0.45455583602391564,12.949720670391061,0
122000,2804,179,5024.6,5,0.0,2941,1.1534501412824296,16.43016759776536,0
122000,2873,310,4622.75,8,0.001125703564727955,7995,1.0454540381040747,25.79032258064516,1
122000,2907,241,2797.1428571428573,7,0.0,4780,1.034197956933194,19.83402489626556,0
122000,2953,230,5064.5,6,0.0007779074290159471,5142,1.2214797296603943,22.356521739130436,1
122000,3129,429,3476.25,8,0.0011894647408666101,5885,0.40182943510143787,13.717948717948717,1
122000,3137,285,3678.222222222222,9,0.0038852361028093247,6692,1.035323510634553,23.480701754385965,1
122000,3309,236,4869.666666666667,6,0.0,5038,1.136695187358904,21.347457627118644,0
122000,3311,128,3530.6666666666665,6,0.0,1049,0.8045729232460188,8.1953125,0
122000,3323,120,2837.0,5,0.0,1244,1.085594794740473,10.366666666666667,0
122000,3350,309,3854.5,6,0.0,3282,0.43194801433088054,10.62135922330097,0
122000,3469,149,4254.4,5,0.0,2108,1.1931854085432698,14.14765100671141,0
122000,3478,87,3397.6,5,0.0,686,1.1389259137865495,7.885057471264368,0
122000,3614,218,4198.333333333333,6,0.00025510204081632655,3920,1.0365325479397347,17.98165137614679,1
122000,3619,141,4183.2,5,0.0,1857,1.1737714516807496,13.170212765957446,0
122000,3635,156,4711.0,5,0.0,2464,1.2723346973118426,15.794871794871796,0
122000,3663,195,3123.8571428571427,7,0.0,3017,0.9970477355298257,15.471794871794872,0
122000,3792,231,3690.1666666666665,6,0.0016282856478250756,4299,1.0124028273669925,18.61038961038961,1
122000,3992,365,3833.0,6,0.0,4831,0.4556812643120222,13.235616438356164,0
122000,4042,254,3875.285714285714,7,0.0017271157167530224,5211,1.014994067695233,20.515748031496063,1
122000,4329,278,3580.777777777778,9,0.0009931895573212259,7048,1.1460040899798594,25.35251798561151,1
122000,4352,555,4476.714285714285,7,0.0,6327,0.25812004505170194,11.4,0
122000,4405,170,4456.6,5,0.003751563151313047,2399,1.0431392077455934,14.111764705882353,1
122000,4490,290,5549.8,5,0.0,3742,0.5591362525437815,12.903448275862068,0
122000,4501,186,2393.3333333333335,6,0.0,2875,1.044291696042393,15.456989247311828,0
122000,4591,88,3801.0,5,0.0,734,1.1910790329209238,8.340909090909092,0
122000,4596,203,2835.8333333333335,6,0.0,3562,1.0862047642104242,17.54679802955665,0
122000,4663,59,3406.0,5,0.0,281,1.0144068206362906,4.762711864406779,0
122000,4773,278,3601.1111111111113,9,0.0009581603321622484,6262,1.0182005691620146,22.52517985611511,1
122000,4809,353,3503.75,8,0.0,8450,0.8521521855671341,23.937677053824363,0
122000,4843,182,3779.8333333333335,6,0.0007665772326561902,2609,0.9897856820692875,14.335164835164836,1
122000,4858,207,3254.0,6,0.0006079027355623101,3290,0.9648617078868043,15.893719806763285,1
122000,4904,138,4623.8,5,0.004874651810584958,1436,0.9475587167727247,10.405797101449275,1
122000,4920,159,4402.4,5,0.0010070493454179255,1986,0.9871766164359527,12.49056603773585,1
124000,0,434,4927.862068965517,29,0.0,1862,0.1242253078422603,4.290322580645161,0
124000,45,199,4125.833333333333,6,0.0,3600,1.1423684808891952,18.09045226130653,0
124000,162,295,3384.8333333333335,6,0.0,3707,0.5352891222916341,12.566101694915254,0
124000,277,231,4306.857142857143,7,0.001281777397991882,4681,1.1023627901616404,20.264069264069263,1
124000,308,287,3796.25,8,0.0014148273910582908,7068,1.078307464000906,24.627177700348433,1
124000,336,162,3969.5,6,0.0008378718056137411,2387,1.1429632166009505,14.734567901234568,1
124000,370,235,3387.0,6,0.00023435669088352472,4267,0.9709498127925865,18.157446808510638,1
124000,552,173,4786.333333333333,6,0.0,2750,1.1546499779306933,15.895953757225433,0
124000,563,239,4120.857142857143,7,0.0003511852502194908,5695,1.2528751360931265,23.828451882845187,1
124000,717,271,3767.4444444444443,9,0.0007910140800506249,6321,1.0815760767604516,23.324723247232473,1
124000,775,154,4826.0,5,0.0,1878,0.9950937769339908,12.194805194805195,0
124000,903,406,3547.285714285714,7,0.0007513148009015778,5324,0.40587831026504056,13.113300492610838,1
124000,969,271,3940.75,8,0.0012068185246643535,6629,1.134277458130839,24.461254612546124,1
124000,1245,279,2630.285714285714,7,0.001094331363536879,4569,0.737602899975682,16.376344086021504,1
124000,1266,268,4072.0,5,0.0,2405,0.4207802590712549,8.973880597014926,0
124000,1304,201,3034.714285714286,7,0.001212856276531231,3298,1.0258134770465224,16.407960199004975,1
124000,1582,123,3737.0,5,0.0,575,0.4776034835915476,4.67479674796748,0
124000,1616,238,4094.5714285714284,7,0.003197893152746426,5316,1.179345141337712,22.33613445378151,1
124000,1733,356,4232.428571428572,7,0.0,4256,0.4219990636812953,11.955056179775282,0
124000,1803,113,4362.4,5,0.0,1076,1.0589251140301095,9.52212389380531,0
124000,1952,195,4866.0,5,0.002001143510577473,3498,1.156006953557617,17.93846153846154,1
124000,2010,169,4155.2,5,0.0,2322,1.0216418391002415,13.7396449704142,0
124000,2147,291,4264.142857142857,7,0.002401601067378252,7495,1.1122323514675312,25.756013745704468,1
124000,2175,221,4057.5714285714284,7,0.002421307506053269,4543,1.1688749554889073,20.556561085972852,1
124000,2198,218,4646.833333333333,6,0.0,4199,1.1103061655099353,19.261467889908257,0
124000,2270,255,3688.714285714286,7,0.0027011383368705385,5183,1.0016378145978253,20.32549019607843,1
124000,2281,361,3649.714285714286,7,0.0,4832,0.46593183607080607,13.385041551246537,0
124000,2403,131,5194.8,5,0.0,1455,1.065443111933605,11.106870229007633,0
124000,2439,152,4380.0,5,0.0016198704103671706,1852,1.0073112178753976,12.18421052631579,1
124000,2521,41,4413.0,4,0.0,152,1.1362809835708472,3.707317073170732,0
124000,2576,403,4047.714285714286,7,0.0,5062,0.39167144708659085,12.560794044665013,0
124000,2602,378,3942.5,6,0.0,4697,0.4130920381263475,12.425925925925926,0
124000,2744,243,4144.571428571428,7,0.002714554186677803,4789,1.019159492492101,19.707818930041153,1
124000,2750,263,5244.5,6,0.0026037146328762367,5761,1.046637382488155,21.90494296577947,1
124000,2754,73,4520.0,4,0.0,491,1.1578322333740578,6.726027397260274,0
124000,2797,363,3697.75,8,0.0,4773,0.4551851113868689,13.148760330578513,0
124000,2804,177,5053.6,5,0.0,2895,1.1612130271815189,16.35593220338983,0
124000,2873,310,4652.25,8,0.002246069378587472,8014,1.04793854426092,25.851612903225806,1
124000,2907,242,2797.5714285714284,7,0.0,4844,1.039401326001568,20.016528925619834,0
124000,2953,229,4595.571428571428,7,0.00038654812524159255,5174,1.2398390869490352,22.593886462882097,1
124000,3129,431,3502.5,8,0.0013472549680026945,5938,0.40169415920491797,13.777262180974478,1
124000,3137,284,3746.25,8,0.003994082840236686,6760,1.0532218973550387,23.802816901408452,1
124000,3309,236,4875.0,6,0.0001972386587771203,5070,1.1439151647299808,21.483050847457626,1
124000,3311,122,3545.1666666666665,6,0.0,1000,0.8442871952673456,8.19672131147541,0
124000,3323,121,3149.0,6,0.0,1279,1.0977657274616066,10.570247933884298,0
124000,3350,309,3852.0,6,0.0,3280,0.4316847918967971,10.614886731391586,0
124000,3469,150,4275.0,5,0.0,2086,1.165042182291255,13.906666666666666,0
124000,3478,81,3413.8,5,0.0,587,1.1242889118471018,7.246913580246914,0
124000,3614,221,4180.833333333333,6,0.00025056376847907793,3991,1.0268500874656017,18.058823529411764,1
124000,3619,138,4223.2,5,0.0,1805,1.1910469942721227,13.079710144927537,0
124000,3635,156,4727.0,5,0.0,2421,1.250130804461027,15.51923076923077,0
124000,3663,192,3639.3333333333335,6,0.0,3008,1.0253809355466688,15.666666666666666,0
124000,3792,231,3728.6666666666665,6,0.002563505010487066,4291,1.0105188490885706,18.575757575757574,1
124000,3992,366,3825.6666666666665,6,0.0,4846,0.45460174980728413,13.240437158469945,0
124000,4042,253,3914.285714285714,7,0.0017264530980241703,5213,1.0234262371331275,20.604743083003953,1
124000,4329,279,3481.0,8,0.0009878633926051368,7086,1.143938312372003,25.397849462365592,1
124000,4352,557,4502.428571428572,7,0.0,6352,0.2572823317477557,11.40394973070018,0
124000,4405,170,4497.6,5,0.002943650126156434,2378,1.0340079349808342,13.988235294117647,1
124000,4490,288,5604.8,5,0.0,3701,0.5607173230582477,12.850694444444445,0
124000,4501,190,2700.285714285714,7,0.0,2950,1.026891781505805,15.526315789473685,0
124000,4591,83,3817.2,5,0.0,638,1.1637892948121864,7.686746987951807,0
124000,4596,205,2801.1666666666665,6,0.0,3643,1.0893346376706832,17.770731707317072,0
124000,4663,14,3000.6666666666665,3,0.0,21,1.3463968515384828,1.5,0
124000,4773,280,3617.5555555555557,9,0.0006292276230926538,6357,1.0189339030035875,22.70357142857143,1
124000,4809,353,3522.0,8,0.0,8510,0.8582029703167232,24.107648725212464,0
124000,4843,182,3816.1666666666665,6,0.001143728555089592,2623,0.9950969122528714,14.412087912087912,1
124000,4858,208,2429.3333333333335,6,0.0008987417615338526,3338,0.9695484724188914,16.048076923076923,1
124000,4904,131,4695.0,5,0.003014318010550113,1327,0.9717134086157346,10.129770992366412,1
124000,4920,157,4410.6,5,0.0005128205128205128,1950,0.9941345571017237,12.420382165605096,1
126000,0,503,4821.3125,32,0.0,2169,0.10772920276569231,4.312127236580517,0
126000,45,199,4128.833333333333,6,0.0,3615,1.1471283495595668,18.165829145728644,0
126000,162,298,3404.1666666666665,6,0.0,3712,0.5252732728311929,12.456375838926174,0
126000,277,232,4352.428571428572,7,0.0021272069772388853,4701,1.0975495737608216,20.262931034482758,1
126000,308,286,3860.375,8,0.002395715896279594,7096,1.0901629160288118,24.81118881118881,1
126000,336,160,4011.8333333333335,6,0.0016970725498515061,2357,1.156989669454866,14.73125,1
126000,370,236,3379.1666666666665,6,0.0002332089552238806,4288,0.9674769677242914,18.16949152542373,1
126000,552,172,5757.4,5,0.0,2740,1.1638674784797232,15.930232558139535,0
126000,563,240,3800.0,6,0.0005269629369401019,5693,1.2420199289504645,23.720833333333335,1
126000,717,270,3551.25,8,0.0004704406460718206,6377,1.0992557669104037,23.618518518518517,1
126000,775,152,4823.0,5,0.0,1843,1.0024160769677957,12.125,0
126000,903,409,3590.0,7,0.0011229646266142617,5343,0.4013732473653377,13.06356968215159,1
126000,969,272,3978.5,8,0.0007533524182612626,6637,1.1273113344439585,24.40073529411765,1
126000,1245,280,2657.714285714286,7,0.0010902747492368076,4586,0.735068566804224,16.37857142857143,1
126000,1266,270,4454.0,6,0.0012185215272136475,2462,0.42439512280592984,9.118518518518519,1
126000,1304,200,3597.5,6,0.0009074410163339383,3306,1.0386105312767855,16.53,1
126000,1582,108,3747.4,5,0.0,446,0.4805042261663401,4.12962962962963,0
126000,1616,237,4069.3333333333335,6,0.0030308770600492516,5279,1.1810406180135318,22.27426160337553,1
126000,1733,360,4233.571428571428,7,0.0,4362,0.4229514553999592,12.116666666666667,0
126000,1803,109,4382.2,5,0.0,996,1.053455528314261,9.137614678899082,0
126000,1952,195,4934.4,5,0.002008032128514056,3486,1.1520412350205411,17.876923076923077,1
126000,2010,167,4174.4,5,0.0,2280,1.0273342536748866,13.652694610778443,0
126000,2147,291,4292.0,7,0.001866915588745166,7499,1.112825937779188,25.769759450171822,1
126000,2175,222,3901.3333333333335,6,0.0017628911414720142,4538,1.157093374076007,20.44144144144144,1
126000,2198,218,4661.0,6,0.0,4202,1.1110994302149912,19.275229357798164,0
126000,2270,255,3735.714285714286,7,0.0032654629273914716,5206,1.0060826669489251,20.415686274509802,1
126000,2281,364,3632.0,7,0.0,4848,0.45980078446453676,13.31868131868132,0
126000,2403,129,5194.0,5,0.0,1390,1.0496517729679256,10.775193798449612,0
126000,2439,150,4463.0,5,0.0022172949002217295,1804,1.0075436705912866,12.026666666666667,1
126000,2576,399,4689.5,6,0.00019884668920262477,5029,0.39695905063166864,12.604010025062657,1
126000,2602,379,3933.5,6,0.0,4706,0.41170236987471726,12.41688654353562,0
126000,2744,244,4204.428571428572,7,0.0024922118380062306,4815,1.0163107113030672,19.733606557377048,1
126000,2750,262,5306.5,6,0.0027991602519244225,5716,1.0464042659471626,21.81679389312977,1
126000,2754,56,4435.333333333333,3,0.0,268,1.0739117744414088,4.785714285714286,0
126000,2797,366,4230.285714285715,7,0.0,4865,0.4563841338861818,13.292349726775956,0
126000,2804,177,5075.8,5,0.0,2859,1.1467730724393654,16.152542372881356,0
126000,2873,311,4689.0,8,0.0022429906542056075,8025,1.0426393873122937,25.80385852090032,1
126000,2907,248,3752.4285714285716,7,0.0,4929,1.0070831288725346,19.875,0
126000,2953,230,4628.0,7,0.00019264110961279138,5191,1.2331196570725607,22.569565217391304,1
126000,3129,434,3533.625,8,0.00033383408446002337,5991,0.39969592872340565,13.804147465437788,1
126000,3137,286,4384.875,8,0.004530176823030835,6843,1.0512943678671307,23.926573426573427,1
126000,3309,238,4490.285714285715,7,0.00039261876717707107,5094,1.1300948363382817,21.403361344537814,1
126000,3311,115,3563.5,6,0.0,950,0.902688248290451,8.26086956521739,0
126000,3323,116,3816.4,5,0.0,1236,1.1542831509622427,10.655172413793103,0
126000,3350,309,3847.6666666666665,6,0.0,3286,0.43247445919904737,10.63430420711974,0
126000,3469,149,4288.2,5,0.0,2067,1.1699782919634436,13.87248322147651,0
126000,3478,71,3433.2,5,0.0,452,1.1267604677029053,6.366197183098592,0
126000,3614,220,3875.4285714285716,7,0.0004935834155972359,4052,1.052044085317838,18.418181818181818,1
126000,3619,134,4266.6,5,0.0,1765,1.2352218831779873,13.171641791044776,0
126000,3635,154,4736.0,5,0.0,2373,1.257378877883046,15.409090909090908,0
126000,3663,193,3650.0,6,0.0,3003,1.013095947674316,15.55958549222798,0
126000,3792,230,3775.5,6,0.0025652985074626866,4288,1.0186124233340668,18.643478260869564,1
126000,3992,367,3816.8333333333335,6,0.0,4858,0.453247321195917,13.237057220708447,0
126000,4042,254,3958.714285714286,7,0.0009582215408202376,5218,1.0163575216337988,20.543307086614174,1
126000,4329,277,3510.0,8,0.001124701251230142,7113,1.164938865095815,25.67870036101083,1
126000,4352,558,4533.571428571428,7,0.0,6381,0.257531413041411,11.435483870967742,0
126000,4405,169,4555.4,5,0.0012733446519524619,2356,1.0366012803273768,13.940828402366863,1
126000,4490,287,5648.2,5,0.0,3671,0.5600547114243528,12.790940766550523,0
126000,4501,194,3147.6666666666665,6,0.0,2979,0.9946651626149425,15.355670103092784,0
126000,4591,76,3833.8,5,0.0,523,1.1378483087447797,6.881578947368421,0
126000,4596,210,2757.1666666666665,6,0.0,3744,1.0668592195047788,17.82857142857143,0
126000,4773,285,3517.3,10,0.0009256402344955261,6482,1.0028342791292848,22.743859649122808,1
126000,4809,355,3539.25,8,0.0,8565,0.8540445491925119,24.12676056338028,0
126000,4843,181,3861.0,6,0.001143728555089592,2623,1.0061228326810572,14.491712707182321,1
126000,4858,209,2443.1666666666665,6,0.001762114537444934,3405,0.9795675909867674,16.291866028708135,1
126000,4904,127,4771.8,5,0.006436041834271922,1243,0.9684418546499133,9.78740157480315,1
126000,4920,156,4038.8333333333335,6,0.0005211047420531526,1919,0.9909132646677865,12.301282051282051,1
128000,0,548,4836.28125,32,0.0,2466,0.10319099957046765,4.5,0
128000,45,200,4126.833333333333,6,0.0,3634,1.1416547703145308,18.17,0
128000,162,301,3425.3333333333335,6,0.0,3726,0.5167966899824756,12.378737541528238,0
128000,277,231,4392.857142857143,7,0.0014843087362171332,4716,1.1106051951297362,20.415584415584416,1
128000,308,286,3919.75,8,0.002249086308687096,7114,1.0929282672814216,24.874125874125873,1
128000,336,160,4053.3333333333335,6,0.0012903225806451613,2325,1.141281706186917,14.53125,1
128000,370,241,3366.6666666666665,6,0.000463284688441047,4317,0.934023552318117,17.91286307053942,1
128000,552,170,5788.0,5,0.0,2687,1.1683680913765777,15.805882352941177,0
128000,563,239,3845.6666666666665,6,0.0005278901988386416,5683,1.2502351884841507,23.778242677824267,1
128000,717,270,3575.25,8,0.0010878010878010878,6435,1.1092537023786182,23.833333333333332,1
128000,775,151,4822.0,5,0.0,1806,0.99534517475254,11.960264900662251,0
128000,903,414,3613.0,7,0.0011102886750555144,5404,0.39620916940883666,13.053140096618357,1
128000,969,271,4020.5,8,0.0021106588270767375,6633,1.1349618916551298,24.476014760147603,1
128000,1245,285,2683.1428571428573,7,0.0013009540329575022,4612,0.7135254081061804,16.182456140350876,1
128000,1266,269,5336.4,5,0.0015735641227380016,2542,0.44144931802629894,9.449814126394052,1
128000,1304,198,3684.6666666666665,6,0.001219884111009454,3279,1.0510440068483757,16.560606060606062,1
128000,1582,84,3771.4,5,0.0,268,0.4772941219739595,3.1904761904761907,0
128000,1616,236,4113.666666666667,6,0.003429224614212231,5249,1.1843019131494417,22.241525423728813,1
128000,1733,366,4939.166666666667,6,0.0,4466,0.4189540682293295,12.202185792349727,0
128000,1803,105,4401.4,5,0.0,908,1.034944627468311,8.647619047619047,0
128000,1952,192,4998.8,5,0.005205320994794679,3458,1.1787790143352328,18.010416666666668,1
128000,2010,165,4198.6,5,0.0,2242,1.03485042855439,13.587878787878788,0
128000,2147,290,4331.0,7,0.0018709073900841909,7483,1.118123083320448,25.80344827586207,1
128000,2175,222,3951.0,6,0.001983252534156016,4538,1.157093374076007,20.44144144144144,1
128000,2198,218,4677.666666666667,6,0.0,4206,1.1121571164883992,19.293577981651374,0
128000,2270,256,3777.5714285714284,7,0.00497131931166348,5230,1.002839940080238,20.4296875,1
128000,2281,365,3615.1428571428573,7,0.0,4863,0.4586996456943416,13.323287671232876,0
128000,2403,127,5200.8,5,0.0,1318,1.026875594874164,10.377952755905511,0
128000,2439,147,4544.2,5,0.003416856492027335,1756,1.0211738997091353,11.945578231292517,1
128000,2576,397,4749.5,6,0.0008008008008008008,4995,0.39825784833812833,12.581863979848867,1
128000,2602,382,3921.1666666666665,6,0.0,4735,0.4077585925481119,12.395287958115183,0
128000,2744,242,4264.0,7,0.002066115702479339,4840,1.038543025980097,20.0,1
128000,2750,259,5365.333333333333,6,0.0022867194371152155,5685,1.0649784133008138,21.94980694980695,1
128000,2797,367,4243.428571428572,7,0.0,4917,0.45875197165918563,13.397820163487738,0
128000,2804,175,5097.2,5,0.0,2823,1.1583629141007654,16.13142857142857,0
128000,2873,311,4719.875,8,0.000993418601763318,8053,1.0462772568256575,25.893890675241156,1
128000,2907,248,3742.8571428571427,7,0.0,4982,1.0179119797206262,20.088709677419356,0
128000,2953,230,4657.285714285715,7,0.0013407393219689715,5221,1.2402461432432748,22.7,1
128000,3129,440,3556.75,8,0.0008220979940808945,6082,0.39477616775068436,13.822727272727272,1
128000,3137,286,4424.5,8,0.005662843037607086,6887,1.05805411537351,24.08041958041958,1
128000,3309,237,4534.571428571428,7,0.0003913128546272745,5111,1.143454934394234,21.565400843881857,1
128000,3311,109,3599.6666666666665,6,0.0,891,0.9423984696064324,8.174311926605505,0
128000,3323,114,3836.8,5,0.0,1187,1.1477594582367143,10.412280701754385,0
128000,3350,309,3845.1666666666665,6,0.0,3290,0.43300090406721414,10.647249190938512,0
128000,3469,151,4287.6,5,0.0,2054,1.1320260182401536,13.602649006622517,0
128000,3478,46,4261.5,4,0.0,229,1.3599711109112713,4.978260869565218,0
128000,3614,222,3902.8571428571427,7,0.000731528895391368,4101,1.0456676789523367,18.472972972972972,1
128000,3619,133,4327.2,5,0.0,1726,1.2261606467513104,12.977443609022556,0
128000,3635,153,4748.8,5,0.0,2320,1.245417566974808,15.163398692810457,0
128000,3663,194,3649.1666666666665,6,0.0,3014,1.0063513931256922,15.536082474226804,0
128000,3792,228,3824.0,6,0.002334267040149393,4284,1.0355942542304304,18.789473684210527,1
128000,3992,368,3805.6666666666665,6,0.0,4871,0.4519936736659937,13.236413043478262,0
128000,4042,254,3990.4285714285716,7,0.0011448196908986834,5241,1.020837441717658,20.633858267716537,1
128000,4329,279,3533.625,8,0.0011185682326621924,7152,1.1545931146040878,25.634408602150536,1
128000,4352,559,4569.428571428572,7,0.0,6400,0.25737491857712536,11.449016100178891,0
128000,4405,169,4607.2,5,0.003847798204360838,2339,1.0291215597138093,13.840236686390533,1
128000,4490,285,5683.4,5,0.0,3641,0.563301390050868,12.775438596491227,0
128000,4501,197,3135.3333333333335,6,0.0,2992,0.9688108654735409,15.187817258883248,0
128000,4591,54,4784.75,4,0.0,314,1.3531688521635048,5.814814814814815,0
128000,4596,216,2810.714285714286,7,0.0,3927,1.0577018476206377,18.180555555555557,0
128000,4773,287,3932.1111111111113,9,0.0013605442176870747,6615,1.009196926197792,23.048780487804876,1
128000,4809,359,3550.625,8,0.0,8626,0.8410666655244934,24.027855153203344,0
128000,4843,181,3911.0,6,0.0022927015666794038,2617,1.0038213698537273,14.458563535911603,1
128000,4858,214,2637.0,7,0.0011198208286674132,3572,0.980152760819525,16.69158878504673,1
128000,4904,121,4844.4,5,0.0060189165950128975,1163,0.9982029249709526,9.611570247933884,1
128000,4920,154,4095.8333333333335,6,0.0005310674455655868,1883,0.9977431213880217,12.227272727272727,1
130000,0,595,4852.46875,32,0.0,2777,0.09857160142949065,4.667226890756303,0
130000,45,201,4125.833333333333,6,0.0002737476047084588,3653,1.1362330599305477,18.17412935323383,1
130000,162,306,3411.0,6,0.0,3740,0.5019247522075196,12.222222222222221,0
130000,277,232,4441.285714285715,7,0.001266891891891892,4736,1.1057210766499153,20.413793103448278,1
130000,308,286,3981.875,8,0.0025150202598854267,7157,1.0995343841626557,25.024475524475523,1
130000,336,154,4938.8,5,0.0017937219730941704,2230,1.1816076264977633,14.480519480519481,1
130000,370,246,3974.1666666666665,6,0.00045651677699155445,4381,0.9097308093976392,17.808943089430894,1
130000,552,168,5816.8,5,0.0,2649,1.179432956258413,15.767857142857142,0
130000,563,239,3895.1666666666665,6,0.0005283550545966889,5678,1.249135210313744,23.757322175732217,1
130000,717,270,3602.25,8,0.0012343774108933806,6481,1.1171830994740988,24.003703703703703,1
130000,775,150,4826.2,5,0.0,1755,0.9801769079200153,11.7,0
130000,903,431,4195.5,8,0.0008960573476702509,5580,0.37747615499552745,12.94663573085847,1
130000,969,271,4065.125,8,0.0010532651218778213,6646,1.1371863006090748,24.523985239852397,1
130000,1245,287,2707.0,7,0.0019409100711667026,4637,0.7074295006468876,16.156794425087107,1
130000,1266,267,5349.4,5,0.001187178472497032,2527,0.4454434561080339,9.464419475655431,1
130000,1304,195,3773.5,6,0.0012285012285012285,3256,1.0760316297265868,16.6974358974359,1
130000,1616,237,4163.0,6,0.0028680688336520078,5230,1.1700781269579033,22.067510548523206,1
130000,1733,366,4956.0,6,0.0,4476,0.4198921651129599,12.229508196721312,0
130000,1803,99,4424.2,5,0.0,815,1.044953785399727,8.232323232323232,0
130000,1952,194,5059.4,5,0.0023228803716608595,3444,1.1499250822577582,17.75257731958763,1
130000,2010,163,4206.4,5,0.0,2197,1.0391176273005045,13.478527607361963,0
130000,2147,289,4372.142857142857,7,0.0033404596472474614,7484,1.1260248042751408,25.896193771626297,1
130000,2175,220,4005.1666666666665,6,0.0022007042253521128,4544,1.1797848775133901,20.654545454545456,1
130000,2198,219,4681.333333333333,6,0.0,4208,1.1025476438194242,19.21461187214612,0
130000,2270,256,4467.333333333333,6,0.00345489443378119,5210,0.9990049881105239,20.3515625,1
130000,2281,366,3601.285714285714,7,0.0,4877,0.4575098501465383,13.325136612021858,0
130000,2403,123,5194.6,5,0.0,1252,1.0399296720984654,10.178861788617887,0
130000,2439,145,4615.8,5,0.0029291154071470417,1707,1.0202518258602191,11.772413793103448,1
130000,2576,395,4788.5,6,0.0018079550020088388,4978,0.40093185655042435,12.60253164556962,1
130000,2602,381,3908.3333333333335,6,0.0,4768,0.41275862724329904,12.514435695538058,0
130000,2744,242,4339.285714285715,7,0.0022657054582904223,4855,1.0417616510606138,20.06198347107438,1
130000,2750,261,5425.166666666667,6,0.0028338646829613886,5646,1.041525058185756,21.632183908045977,1
130000,2797,369,4269.285714285715,7,0.0,4956,0.45739185790912273,13.43089430894309,0
130000,2804,173,5121.6,5,0.0,2780,1.1672461595081192,16.069364161849713,0
130000,2873,312,4750.25,8,0.0017376194613379669,8057,1.0400974691803486,25.82371794871795,1
130000,2907,250,3733.714285714286,7,0.0,5023,1.0099340735348181,20.092,0
130000,2953,230,4687.571428571428,7,0.0007646721468170522,5231,1.2426216386335127,22.743478260869566,1
130000,3129,460,4258.25,8,0.0014432328415651058,6236,0.3703397313381087,13.556521739130435,1
130000,3137,287,4458.5,8,0.005928282244071718,6916,1.0551180561729296,24.097560975609756,1
130000,3309,239,4580.857142857143,7,0.0009721952167995333,5143,1.131437546080237,21.518828451882847,1
130000,3311,102,3637.0,6,0.0,826,0.9976760983718451,8.098039215686274,0
130000,3323,113,3844.4,5,0.0,1132,1.114036458254725,10.017699115044248,0
130000,3350,311,3847.8333333333335,6,0.0,3294,0.4279693634650088,10.591639871382636,0
130000,3469,150,5391.4,5,0.0,2065,1.153313569717853,13.766666666666667,0
130000,3614,221,3931.4285714285716,7,0.0016875602700096432,4148,1.0672448415954188,18.76923076923077,1
130000,3619,130,4372.0,5,0.0,1668,1.2402784724704792,12.830769230769231,0
130000,3635,150,4766.0,5,0.0,2260,1.2622221150422992,15.066666666666666,0
130000,3663,198,3648.8333333333335,6,0.0,3026,0.9699479001900534,15.282828282828282,0
130000,3792,227,3877.8333333333335,6,0.0034997666822211854,4286,1.0452262697343906,18.88105726872247,1
130000,3992,370,3792.6666666666665,6,0.0,4899,0.44969064747805393,13.240540540540541,0
130000,4042,253,4020.285714285714,7,0.001904036557501904,5252,1.031082792523151,20.75889328063241,1
130000,4329,278,3558.0,8,0.0011091085539997228,7213,1.172833073357651,25.946043165467625,1
130000,4352,560,4584.857142857143,7,0.0,6423,0.2573781838521332,11.469642857142857,0
130000,4405,167,4661.4,5,0.002589555459646094,2317,1.0440059060371545,13.874251497005988,1
130000,4490,284,5720.6,5,0.0,3615,0.5632244317956309,12.72887323943662,0
130000,4501,192,3751.2,5,0.0,2961,1.009359358428752,15.421875,0
130000,4591,25,4902.75,4,0.0,66,1.3270087368763286,2.64,0
130000,4596,228,3237.3333333333335,6,0.0,4102,0.9915984199003794,17.99122807017544,0
130000,4773,289,3977.222222222222,9,0.0015010507355148605,6662,1.0023486432497313,23.05190311418685,1
130000,4809,363,3541.5,8,0.0,8716,0.8312158874602869,24.011019283746556,0
130000,4843,179,3964.3333333333335,6,0.0019105846388995033,2617,1.0263784494172452,14.620111731843576,1
130000,4858,225,3259.714285714286,7,0.0007963897000265463,3767,0.9350620860106865,16.74222222222222,1
130000,4904,117,4918.0,5,0.008302583025830259,1084,0.9951015958773718,9.264957264957266,1
130000,4920,151,4158.166666666667,6,0.0,1829,1.0080212207211494,12.112582781456954,0
132000,0,635,4791.735294117647,34,0.0,3094,0.09642346253537673,4.87244094488189,0
132000,45,202,4124.333333333333,6,0.0008174386920980927,3670,1.1302465482476758,18.168316831683168,1
132000,162,311,3399.1666666666665,6,0.0,3757,0.48812413434670254,12.080385852090032,0
132000,277,232,4490.142857142857,7,0.0008431703204047217,4744,1.107588848738851,20.448275862068964,1
132000,308,286,4022.0,8,0.0026440300584469802,7186,1.1039896722918603,25.125874125874127,1
132000,336,151,5021.8,5,0.0009315323707498836,2147,1.1832813345480087,14.218543046357615,1
132000,370,247,3981.6666666666665,6,0.0009090909090909091,4400,0.9062930174757882,17.813765182186234,1
132000,552,166,5837.2,5,0.0,2605,1.1879589000727844,15.69277108433735,0
132000,563,239,3943.0,6,0.0008795074758135445,5685,1.2506751797523135,23.786610878661087,1
132000,717,271,3627.0,8,0.0012239902080783353,6536,1.118364378691079,24.118081180811807,1
132000,775,149,4830.4,5,0.0,1722,0.974698896352709,11.557046979865772,0
132000,903,432,4229.75,8,0.0008890469416785206,5624,0.3786933531333375,13.018518518518519,1
132000,969,272,4103.125,8,0.0010515247108307045,6657,1.1307083853237052,24.47426470588235,1
132000,1245,293,2728.8571428571427,7,0.0021399529210357373,4673,0.6840225265396267,15.948805460750853,1
132000,1266,268,4982.833333333333,6,0.00398247710075667,2511,0.43932608337959295,9.369402985074627,1
132000,1304,195,3834.0,6,0.0012353304508956147,3238,1.0700830519209732,16.605128205128207,1
132000,1616,235,4211.166666666667,6,0.004029163468917882,5212,1.185983225749932,22.17872340425532,1
132000,1733,367,4971.333333333333,6,0.0,4496,0.41947302513315,12.250681198910081,0
132000,1803,93,4447.4,5,0.0,708,1.0286727245885414,7.612903225806452,0
132000,1952,193,5116.6,5,0.005261619409529378,3421,1.1541129660319132,17.72538860103627,1
132000,2010,161,4215.0,5,0.0,2152,1.0432787917943342,13.366459627329192,0
132000,2147,287,4399.857142857143,7,0.002273335116341268,7478,1.1408578403790006,26.05574912891986,1
132000,2175,220,4056.1666666666665,6,0.00263042525208242,4562,1.1844583211303004,20.736363636363638,1
132000,2198,219,4687.333333333333,6,0.0,4210,1.1030716683649655,19.22374429223744,0
132000,2270,252,4540.333333333333,6,0.005214368482039398,5178,1.0246388737898682,20.547619047619047,1
132000,2281,368,3587.8571428571427,7,0.0,4877,0.45255043039808074,13.252717391304348,0
132000,2403,121,5199.4,5,0.0,1181,1.0136523253574334,9.760330578512397,0
132000,2439,142,4684.0,5,0.0012070006035003018,1657,1.0326560259865676,11.669014084507042,1
132000,2576,392,4567.142857142857,7,0.0006064281382656155,4947,0.40455692569004337,12.619897959183673,1
132000,2602,385,4375.0,7,0.0004161464835622139,4806,0.40744798227431395,12.483116883116883,1
132000,2744,242,4399.571428571428,7,0.002462548737943772,4873,1.045624001157234,20.136363636363637,1
132000,2750,257,5488.0,6,0.0024915465385299874,5619,1.0690614011125708,21.863813229571985,1
132000,2797,370,4265.571428571428,7,0.0,5002,0.45914525794758637,13.518918918918919,0
132000,2804,173,5142.2,5,0.0,2753,1.155909596088436,15.913294797687861,0
132000,2873,310,4778.375,8,0.0023526498266468548,8076,1.0560458801411519,26.051612903225806,1
132000,2907,250,3712.714285714286,7,0.0,5061,1.0175744268683484,20.244,0
132000,2953,229,4721.428571428572,7,0.0003817522427944264,5239,1.2554149548755307,22.87772925764192,1
132000,3129,464,4292.0,8,0.0011119936457505957,6295,0.3674257906203134,13.566810344827585,1
132000,3137,285,4493.5,8,0.004335260115606936,6920,1.0705975334117017,24.280701754385966,1
132000,3309,239,4630.0,7,0.0011639185257032007,5155,1.134077493689213,21.569037656903767,1
132000,3311,95,3642.8333333333335,6,0.0,753,1.048473913862876,7.926315789473684,0
132000,3323,111,3836.8,5,0.0,1091,1.1127270789924402,9.82882882882883,0
132000,3350,311,3843.5,6,0.0,3292,0.42770951564262566,10.585209003215434,0
132000,3469,147,5420.2,5,0.0,2014,1.1712097004636666,13.700680272108844,0
132000,3614,222,3962.5714285714284,7,0.0011918951132300357,4195,1.0696356774457578,18.896396396396398,1
132000,3619,128,4384.2,5,0.0,1615,1.2386894862176552,12.6171875,0
132000,3635,148,5526.25,4,0.0009099181073703367,2198,1.2609971973320608,14.85135135135135,1
132000,3663,193,4403.2,5,0.0,2948,0.9945410768377901,15.27461139896373,0
132000,3792,228,3931.1666666666665,6,0.0037365716954694066,4282,1.0351107835235067,18.780701754385966,1
132000,3992,371,3777.0,6,0.0,4933,0.45037384384473955,13.296495956873315,0
132000,4042,253,4048.8571428571427,7,0.0015165876777251184,5275,1.0355981969839338,20.849802371541504,1
132000,4329,282,3717.5555555555557,9,0.0011008669327095088,7267,1.148330255703286,25.76950354609929,1
132000,4352,561,4601.142857142857,7,0.0,6444,0.2572999330801901,11.48663101604278,0
132000,4405,165,4712.4,5,0.00394563787812363,2281,1.0528518410047114,13.824242424242424,1
132000,4490,282,5756.8,5,0.0,3593,0.567765323894579,12.74113475177305,0
132000,4501,193,3758.4,5,0.0,2935,0.9901553800946112,15.207253886010363,0
132000,4596,229,3890.6,5,0.0,4120,0.9872703978024788,17.99126637554585,0
132000,4773,290,4010.5555555555557,9,0.0020876826722338203,6706,1.002022370272207,23.124137931034483,1
132000,4809,364,4013.5,8,0.0,8795,0.8341476690110564,24.162087912087912,0
132000,4843,180,4003.1666666666665,6,0.0038197097020626434,2618,1.015393773715812,14.544444444444444,1
132000,4858,231,4539.0,7,0.0010282776349614395,3890,0.9160844378826705,16.83982683982684,1
132000,4904,111,4993.0,5,0.003,1000,1.019914829507278,9.00900900900901,1
132000,4920,148,4626.4,5,0.001693002257336343,1772,1.0166001063113794,11.972972972972974,1
134000,0,683,4784.2,35,0.0,3390,0.0913204735431652,4.963396778916545,0
134000,45,203,4121.333333333333,6,0.0005421523448088912,3689,1.1249324467075392,18.17241379310345,1
134000,162,314,3385.1666666666665,6,0.0,3787,0.48266507278772147,12.060509554140127,0
134000,277,233,4535.285714285715,7,0.0016813787305590584,4758,1.1013426547389147,20.4206008583691,1
134000,308,286,4059.75,8,0.0031820697288323188,7228,1.1104421585479498,25.272727272727273,1
134000,336,146,5095.8,5,0.001452081316553727,2066,1.2179640499749507,14.150684931506849,1
134000,370,246,3893.285714285714,7,0.0004534119247336205,4411,0.9159604200531811,17.93089430894309,1
134000,552,165,5860.6,5,0.0,2565,1.1839390496173103,15.545454545454545,0
134000,563,240,3986.0,6,0.001053001053001053,5698,1.2431107597329614,23.741666666666667,1
134000,717,275,3647.0,8,0.0016661617691608604,6602,1.0970337692032959,24.007272727272728,1
134000,775,149,4833.6,5,0.0,1683,0.9526238342401914,11.295302013422818,0
134000,903,431,4261.375,8,0.00088386070355312,5657,0.38268505534224,13.125290023201856,1
134000,969,273,4142.875,8,0.0025525525525525524,6660,1.122945810243423,24.395604395604394,1
134000,1245,298,2747.714285714286,7,0.0012706480304955528,4722,0.6681951493289042,15.845637583892618,1
134000,1266,265,5038.0,6,0.0016070711128967456,2489,0.4453926160076893,9.39245283018868,1
134000,1304,195,3883.1666666666665,6,0.0024783147459727386,3228,1.0667782864734099,16.553846153846155,1
134000,1616,234,4261.5,6,0.0030781069642170067,5198,1.1929285275301151,22.213675213675213,1
134000,1733,368,4980.166666666667,6,0.0,4512,0.41868106252945253,12.26086956521739,0
134000,1803,84,4381.25,4,0.0017391304347826088,575,1.024045224384428,6.845238095238095,1
134000,1952,200,5171.4,5,0.0017376194613379669,3453,1.0847919432845556,17.265,1
134000,2010,160,4224.6,5,0.0,2115,1.038198197241002,13.21875,0
134000,2147,287,4419.857142857143,7,0.0021393234389624283,7479,1.1410104022726055,26.05923344947735,1
134000,2175,223,4223.857142857143,7,0.0026086956521739132,4600,1.1624063388777612,20.62780269058296,1
134000,2198,219,4697.166666666667,6,0.0,4211,1.1033336806377363,19.228310502283104,0
134000,2270,250,4597.0,6,0.005821851348728896,5153,1.0360721244126851,20.612,1
134000,2281,366,4078.1666666666665,6,0.0008228759514503189,4861,0.4560088951327297,13.281420765027322,1
134000,2403,117,5202.4,5,0.0,1101,1.0107074327130872,9.41025641025641,0
134000,2439,140,4748.4,5,0.0024922118380062306,1605,1.029031879390126,11.464285714285714,1
134000,2576,389,4626.285714285715,7,0.001425952332450601,4909,0.4076652503346474,12.619537275064268,1
134000,2602,386,4368.714285714285,7,0.000412796697626419,4845,0.4086288600134916,12.55181347150259,1
134000,2744,242,4449.285714285715,7,0.003481466311693631,4883,1.0477697512109119,20.177685950413224,1
134000,2750,255,5546.5,6,0.002691548537591961,5573,1.077007050116473,21.854901960784314,1
134000,2797,371,4258.857142857143,7,0.0,5030,0.4592297657691141,13.557951482479785,0
134000,2804,172,5169.0,5,0.0,2719,1.1549473262723968,15.80813953488372,0
134000,2873,309,4807.75,8,0.0022249690976514215,8090,1.064734745867405,26.181229773462782,1
134000,2907,251,3697.4285714285716,7,0.0,5100,1.0172614741548829,20.318725099601593,0
134000,2953,228,4753.428571428572,7,0.0009525623928367308,5249,1.2688688703210853,23.021929824561404,1
134000,3129,466,4322.125,8,0.002049503389563298,6343,0.3670563503052194,13.611587982832617,1
134000,3137,287,4533.875,8,0.003754512635379061,6925,1.0564911132153756,24.128919860627178,1
134000,3309,241,4674.714285714285,7,0.0011596443757247777,5174,1.119443562588357,21.46887966804979,1
134000,3311,90,3653.5,6,0.0,665,1.0316835134010927,7.388888888888889,0
134000,3323,107,3837.2,5,0.0,1036,1.1371089140078698,9.682242990654206,0
134000,3350,312,3836.3333333333335,6,0.0,3292,0.4249721817725838,10.551282051282051,0
134000,3469,145,5450.0,5,0.0,1978,1.1822250214127201,13.641379310344828,0
134000,3614,222,3986.8571428571427,7,0.0028308563340410475,4239,1.080854740570338,19.094594594594593,1
134000,3619,126,4391.2,5,0.0,1558,1.2332076982345421,12.365079365079366,0
134000,3635,145,5549.75,4,0.0009372071227741331,2134,1.275464204092389,14.717241379310344,1
134000,3663,189,4415.4,5,0.0,2906,1.0223082501981398,15.375661375661375,0
134000,3792,225,3984.8333333333335,6,0.003747072599531616,4270,1.0599190621889119,18.977777777777778,1
134000,3992,376,3874.5714285714284,7,0.00020012007204322593,4997,0.444164171853446,13.289893617021276,1
134000,4042,255,4073.1428571428573,7,0.0013227513227513227,5292,1.022702549653037,20.75294117647059,1
134000,4329,281,3740.777777777778,9,0.0016395682470282825,7319,1.1647935883093525,26.04626334519573,1
134000,4352,561,4615.142857142857,7,0.0,6467,0.25821829100397103,11.527629233511586,0
134000,4405,164,4770.8,5,0.003105590062111801,2254,1.0531156813193625,13.74390243902439,1
134000,4490,281,5782.0,5,0.0,3567,0.5676757384204755,12.693950177935942,0
134000,4501,190,3760.2,5,0.0,2922,1.0171450120542245,15.378947368421052,0
134000,4596,229,3883.4,5,0.0,4151,0.9946988886597304,18.12663755458515,0
134000,4773,289,4042.0,9,0.0020774595637334916,6739,1.013933879744812,23.31833910034602,1
134000,4809,367,4016.625,8,0.0,8841,0.8248578770467481,24.08991825613079,0
134000,4843,180,4037.3333333333335,6,0.0022988505747126436,2610,1.0122909661567112,14.5,1
134000,4858,231,4582.857142857143,7,0.0010147133434804667,3942,0.9283302966924132,17.064935064935064,1
134000,4904,106,5066.0,5,0.00437636761487965,914,1.0222198951160808,8.622641509433961,1
134000,4920,148,4713.6,5,0.003498542274052478,1715,0.9838990870903023,11.587837837837839,1
136000,0,768,4767.631578947368,38,0.0,3766,0.08023571732190729,4.903645833333333,0
136000,45,205,4063.714285714286,7,0.0008103727714748784,3702,1.1069768950471781,18.058536585365854,1
136000,162,320,3481.1428571428573,7,0.0,3840,0.4712388980384689,12.0,0
136000,277,233,4591.571428571428,7,0.0018840276324052752,4777,1.1057406182614113,20.50214592274678,1
136000,308,288,4108.375,8,0.002343211578221916,7255,1.099163517640526,25.19097222222222,1
136000,336,145,5179.4,5,0.0025,2000,1.1953741369188273,13.793103448275861,1
136000,370,246,3942.5714285714284,7,0.0006787330316742081,4420,0.9178293032498437,17.96747967479675,1
136000,552,164,5880.4,5,0.0,2538,1.1858063882824055,15.475609756097562,0
136000,563,240,4040.6666666666665,6,0.0012239902080783353,5719,1.2476922490194462,23.829166666666666,1
136000,717,275,3677.875,8,0.0013499325033748313,6667,1.107834616673489,24.243636363636362,1
136000,775,147,4840.2,5,0.0,1626,0.945574465220418,11.061224489795919,0
136000,903,432,4301.125,8,0.0007032348804500703,5688,0.38300280807653336,13.166666666666666,1
136000,969,272,4192.0,8,0.0015015015015015015,6660,1.1312179429556672,24.485294117647058,1
136000,1245,302,2775.8571428571427,7,0.0020959966464053656,4771,0.6573632099590765,15.798013245033113,1
136000,1266,264,5109.333333333333,6,0.003256003256003256,2457,0.4430035095196351,9.306818181818182,1
136000,1304,193,3942.8333333333335,6,0.0012445550715619166,3214,1.084279179428988,16.65284974093264,1
136000,1616,233,4327.333333333333,6,0.0027032245607260088,5179,1.1987922675268683,22.2274678111588,1
136000,1733,370,4983.833333333333,6,0.0,4541,0.4168289916713294,12.272972972972973,0
136000,1803,74,4418.25,4,0.009153318077803204,437,1.002831256113031,5.905405405405405,1
136000,1952,201,5231.6,5,0.002586206896551724,3480,1.0824229533419945,17.313432835820894,1
136000,2010,157,4240.8,5,0.0,2067,1.053782630527827,13.165605095541402,0
136000,2147,284,4456.0,7,0.0022763792179967862,7468,1.1635297528768387,26.295774647887324,1
136000,2175,223,4273.142857142857,7,0.0030152918371742408,4643,1.1732723111759666,20.820627802690584,1
136000,2198,217,4707.0,6,0.0,4213,1.124299080428448,19.4147465437788,0
136000,2270,250,4661.5,6,0.0038955979742890533,5134,1.0322519477459198,20.536,1
136000,2281,364,4090.1666666666665,6,0.0004133085348212441,4839,0.458947193899318,13.293956043956044,1
136000,2403,114,5201.4,5,0.0,1017,0.9833794178826776,8.921052631578947,0
136000,2439,139,4823.8,5,0.002560819462227913,1562,1.0159241705723838,11.237410071942445,1
136000,2576,387,5042.0,6,0.0018472906403940886,4872,0.40878524683451106,12.589147286821705,1
136000,2602,388,4287.75,8,0.00040966816878328555,4882,0.40751555252485305,12.582474226804123,1
136000,2744,240,4511.857142857143,7,0.0038942406230784996,4879,1.0644326775600417,20.329166666666666,1
136000,2750,259,5606.833333333333,6,0.004492362982929021,5565,1.0424986578749391,21.486486486486488,1
136000,2797,371,4249.571428571428,7,0.0,5055,0.4615122198733344,13.625336927223719,0
136000,2804,171,5194.6,5,0.0,2689,1.1556024274823644,15.725146198830409,0
136000,2873,308,4849.5,8,0.0019809335149189055,8077,1.0699377577603626,26.224025974025974,1
136000,2907,253,3678.8571428571427,7,0.0,5137,1.008505770219236,20.304347826086957,0
136000,2953,227,4791.857142857143,7,0.0018986140117714068,5267,1.284462613786989,23.202643171806166,1
136000,3129,466,4358.875,8,0.002348888192922017,6386,0.3695446717718952,13.703862660944205,1
136000,3137,286,4583.0,8,0.004916847433116414,6915,1.0623557728775694,24.178321678321677,1
136000,3309,239,4731.857142857143,7,0.0005771450557906887,5198,1.1435373059547098,21.748953974895397,1
136000,3311,81,4108.6,5,0.0,539,1.032353873058923,6.654320987654321,0
136000,3323,104,3840.0,5,0.0,975,1.1327858125924735,9.375,0
136000,3350,309,3822.0,6,0.0,3291,0.4331325152842559,10.650485436893204,0
136000,3469,143,5476.6,5,0.0,1938,1.1909446061239217,13.552447552447552,0
136000,3614,222,4024.4285714285716,7,0.0016385767790262173,4272,1.0892690379137728,19.243243243243242,1
136000,3619,121,5369.5,4,0.0,1466,1.2582678314767124,12.115702479338843,0
136000,3635,144,5572.25,4,0.001447178002894356,2073,1.256273451175085,14.395833333333334,1
136000,3663,188,4421.4,5,0.0,2877,1.0229019991373738,15.303191489361701,0
136000,3792,226,4052.1666666666665,6,0.002577319587628866,4268,1.0500679337082965,18.884955752212388,1
136000,3992,378,3848.75,8,0.0007911392405063291,5056,0.44466539168976216,13.375661375661375,1
136000,4042,254,4102.285714285715,7,0.001504324934185784,5318,1.0358354350418824,20.937007874015748,1
136000,4329,282,3774.3333333333335,9,0.0014925373134328358,7370,1.164606300334831,26.134751773049647,1
136000,4352,562,4625.714285714285,7,0.0,6501,0.25865292791361866,11.567615658362989,0
136000,4405,163,4843.8,5,0.0031517334533993696,2221,1.0504689350179428,13.625766871165645,1
136000,4490,279,5802.6,5,0.0,3535,0.570677665006355,12.670250896057349,0
136000,4501,190,3758.6,5,0.0,2917,1.0154045175092994,15.352631578947369,0
136000,4596,233,3854.6666666666665,6,0.0,4221,0.977042317287297,18.11587982832618,0
136000,4773,289,4082.8888888888887,9,0.0025136773621174035,6763,1.0175448625484738,23.401384083044984,1
136000,4809,366,4022.875,8,0.00011266336187471834,8876,0.8326547939103289,24.25136612021858,1
136000,4843,177,3929.6,5,0.004248744689069139,2589,1.0384734118732133,14.627118644067796,1
136000,4858,232,4644.0,7,0.001254075746175069,3987,0.9308509148233134,17.185344827586206,1
136000,4904,101,5151.4,5,0.010856453558504222,829,1.0212254915502161,8.207920792079207,1
136000,4920,144,4816.0,5,0.006024096385542169,1660,1.005988388302287,11.527777777777779,1
138000,0,851,4704.625,40,0.0,4173,0.07241009688431917,4.903642773207991,0
138000,45,204,4112.428571428572,7,0.0008101539292465569,3703,1.1181581695735296,18.151960784313726,1
138000,162,327,3466.1428571428573,7,0.0,3914,0.459976008235388,11.969418960244647,0
138000,277,232,4656.285714285715,7,0.0016701461377870565,4790,1.118328538250231,20.646551724137932,1
138000,308,287,4149.375,8,0.0027386005751061206,7303,1.1141595089981065,25.445993031358885,1
138000,336,142,5264.8,5,0.0005173305742369374,1933,1.204661495613781,13.612676056338028,1
138000,370,245,3993.1428571428573,7,0.0004515692029803567,4429,0.9272212486630034,18.077551020408162,1
138000,552,163,5906.6,5,0.0,2499,1.1819549160782705,15.331288343558283,0
138000,563,242,4098.333333333333,6,0.0005225570458108344,5741,1.2318751058164745,23.723140495867767,1
138000,717,275,3717.25,8,0.001639099985099091,6711,1.1151459595763888,24.403636363636362,1
138000,775,146,4845.0,5,0.0,1571,0.9261478811764993,10.76027397260274,0
138000,903,430,4341.25,8,0.0014017872787804452,5707,0.3878652087406587,13.272093023255813,1
138000,969,273,4246.0,8,0.0021062133293214985,6647,1.1207538739771823,24.347985347985347,1
138000,1245,304,2807.8571428571427,7,0.0010364842454394694,4824,0.6559488816186445,15.868421052631579,1
138000,1266,263,5191.0,6,0.0033277870216306157,2404,0.43674991624744397,9.140684410646388,1
138000,1304,193,4007.3333333333335,6,0.0015600624024961,3205,1.0812429278375566,16.60621761658031,1
138000,1616,234,4394.5,6,0.004258614014711576,5166,1.1855846043133078,22.076923076923077,1
138000,1733,377,4978.333333333333,6,0.0008695652173913044,4600,0.40671013534220457,12.20159151193634,1
138000,1803,59,4455.0,4,0.007272727272727273,275,0.9927468885230601,4.661016949152542,1
138000,1952,199,5307.4,5,0.001718213058419244,3492,1.1080974264625194,17.547738693467338,1
138000,2010,157,4253.0,5,0.0,2032,1.0359391897593346,12.94267515923567,0
138000,2147,286,4498.142857142857,7,0.002411575562700965,7464,1.1466989860821661,26.097902097902097,1
138000,2175,222,4322.857142857143,7,0.004267121826328142,4687,1.1950852014751532,21.11261261261261,1
138000,2198,217,4718.333333333333,6,0.0,4216,1.1250996731750147,19.428571428571427,0
138000,2270,249,4730.333333333333,6,0.0050820953870211105,5116,1.0369115347020457,20.546184738955823,1
138000,2281,366,4113.571428571428,7,0.00041467965996267884,4823,0.45244412697493425,13.1775956284153,1
138000,2403,109,5210.0,5,0.0,910,0.9624945088011824,8.34862385321101,0
138000,2439,136,4904.8,5,0.0026472534745201853,1511,1.0265887758594674,11.110294117647058,1
138000,2576,390,5109.0,6,0.002868264699856587,4881,0.4032640037389028,12.515384615384615,1
138000,2602,388,3892.4285714285716,7,0.0014250814332247557,4912,0.4100197447771566,12.65979381443299,1
138000,2744,237,4576.571428571428,7,0.0030762920426579163,4876,1.0908797221886686,20.573839662447256,1
138000,2750,260,5677.5,6,0.0035919540229885057,5568,1.0350525381768028,21.415384615384614,1
138000,2797,373,4239.0,7,0.0,5082,0.45901498222637493,13.624664879356569,0
138000,2804,171,5220.8,5,0.0,2654,1.1405611166002956,15.52046783625731,0
138000,2873,310,4895.75,8,0.0014829461196243204,8092,1.058138095852179,26.10322580645161,1
138000,2907,252,3662.285714285714,7,0.0,5171,1.023253691843841,20.51984126984127,0
138000,2953,227,4830.714285714285,7,0.0007561436672967864,5290,1.2900716208340939,23.303964757709252,1
138000,3129,464,4404.0,8,0.0026570803376055017,6398,0.37343768203157507,13.788793103448276,1
138000,3137,285,4638.0,8,0.0043396499349052505,6913,1.069514559028193,24.256140350877192,1
138000,3309,240,4792.142857142857,7,0.0007665772326561902,5218,1.1383910046133014,21.741666666666667,1
138000,3311,67,4157.2,5,0.0,370,1.035766791560012,5.522388059701493,0
138000,3323,101,3841.8,5,0.0,912,1.123471228339924,9.029702970297029,0
138000,3350,309,3798.6666666666665,6,0.00030376670716889426,3292,0.4332641265012976,10.653721682847896,1
138000,3469,141,5496.4,5,0.0,1901,1.2015829454200888,13.4822695035461,0
138000,3614,222,4064.0,7,0.0027945971122496508,4294,1.094878569476063,19.34234234234234,1
138000,3619,114,5439.75,4,0.0,1358,1.3131064400045982,11.912280701754385,0
138000,3635,142,5310.8,5,0.0019851116625310174,2015,1.2557645699233155,14.190140845070422,1
138000,3663,187,4428.8,5,0.0,2848,1.0234500131457842,15.229946524064172,0
138000,3792,226,4126.333333333333,6,0.00375234521575985,4264,1.0490838025614282,18.86725663716814,1
138000,3992,379,3881.875,8,0.0005841121495327102,5136,0.4493207334629299,13.551451187335092,1
138000,4042,256,4135.428571428572,7,0.0013069454817027633,5356,1.0270001374894369,20.921875,1
138000,4329,282,3672.75,8,0.0020193861066235864,7428,1.1737714516807496,26.340425531914892,1
138000,4352,561,4640.857142857143,7,0.00015328019619865113,6524,0.2604942215107325,11.629233511586452,1
138000,4405,162,4918.8,5,0.0027359781121751026,2193,1.0500705211587282,13.537037037037036,1
138000,4490,278,5820.6,5,0.0,3509,0.5705630465010395,12.622302158273381,0
138000,4501,191,3754.6,5,0.0,2903,0.9999773551570593,15.198952879581151,0
138000,4596,236,3836.0,6,0.0,4327,0.9762763151452912,18.334745762711865,0
138000,4773,287,4135.111111111111,9,0.002369668246445498,6752,1.030097905621692,23.526132404181183,1
138000,4809,368,4034.375,8,0.0,8918,0.8275260894587008,24.233695652173914,0
138000,4843,177,3987.8,5,0.004260263361735089,2582,1.0356656428955722,14.587570621468927,1
138000,4858,231,4716.571428571428,7,0.0007449714427613609,4027,0.9483475659006464,17.432900432900432,1
138000,4904,93,5244.0,5,0.008287292817679558,724,1.0519195658221807,7.78494623655914,1
138000,4920,142,4925.8,5,0.0068322981366459624,1610,1.0033652394920782,11.338028169014084,1
140000,0,949,4710.175,40,0.0,4629,0.06458990115919104,4.877766069546891,0
140000,45,205,4853.833333333333,6,0.0016229375169055991,3697,1.1054817884898478,18.034146341463416,1
140000,162,327,4008.0,6,0.0,3945,0.46361914984379293,12.064220183486238,0
140000,277,234,4723.428571428572,7,0.0016663195167673402,4801,1.101817980121601,20.517094017094017,1
140000,308,290,4200.625,8,0.002595273869689933,7321,1.0939167570478419,25.244827586206895,1
140000,336,141,5354.2,5,0.000531632110579479,1881,1.1889413573567529,13.340425531914894,1
140000,370,249,4046.714285714286,7,0.0011261261261261261,4440,0.8998997681933312,17.83132530120482,1
140000,552,162,5932.6,5,0.0,2466,1.1807906544356699,15.222222222222221,0
140000,563,244,4340.285714285715,7,0.0012089810017271157,5790,1.2221057151494827,23.729508196721312,1
140000,717,276,3764.625,8,0.002070393374741201,6762,1.1154930436659412,24.5,1
140000,775,142,5868.5,4,0.0,1504,0.9373051678236558,10.591549295774648,0
140000,903,431,4387.25,8,0.0006988120195667365,5724,0.3872174751244443,13.280742459396752,1
140000,969,273,4306.75,8,0.00286144578313253,6640,1.1195736006030526,24.32234432234432,1
140000,1245,312,3036.0,8,0.002228073728985214,4937,0.6373291802585802,15.823717948717949,1
140000,1266,259,4982.2,5,0.002553191489361702,2350,0.44022854375671283,9.073359073359073,1
140000,1304,193,4080.5,6,0.0015625,3200,1.0795561213978726,16.580310880829014,1
140000,1616,233,4473.5,6,0.0036972173574625414,5139,1.1895333969531912,22.05579399141631,1
140000,1733,377,4966.0,6,0.0010778184953653806,4639,0.41015832996793194,12.305039787798409,1
140000,1803,18,4781.0,3,0.06896551724137931,29,1.1247677401741234,1.6111111111111112,1
140000,1952,199,5394.0,5,0.0034383954154727794,3490,1.1074627773064698,17.537688442211056,1
140000,2010,155,4268.8,5,0.0,1986,1.0387851005251745,12.812903225806451,0
140000,2147,282,4552.857142857143,7,0.003497444175410277,7434,1.1747195707854998,26.361702127659573,1
140000,2175,222,4377.714285714285,7,0.0031625553447185324,4743,1.209364009088255,21.364864864864863,1
140000,2198,218,4734.833333333333,6,0.0,4215,1.1145369106035667,19.334862385321102,0
140000,2270,247,4807.333333333333,6,0.00548159749412686,5108,1.0521238030150741,20.68016194331984,1
140000,2281,362,4195.571428571428,7,0.0006229235880398671,4816,0.46182687401753436,13.303867403314918,1
140000,2403,102,6164.0,4,0.0,785,0.9481546455470926,7.696078431372549,0
140000,2439,134,4987.0,5,0.002050580997949419,1463,1.0238694703056066,10.917910447761194,1
140000,2576,390,5185.666666666667,6,0.0022531749283080703,4882,0.4033466228750919,12.517948717948718,1
140000,2602,389,3949.5714285714284,7,0.0006085192697768763,4930,0.4094091839783687,12.673521850899743,1
140000,2744,236,4700.333333333333,6,0.003909465020576132,4860,1.096534063232289,20.593220338983052,1
140000,2750,260,5755.166666666667,6,0.004137434790429933,5559,1.033379500668974,21.380769230769232,1
140000,2797,374,4228.571428571428,7,0.0,5105,0.45862994356647013,13.649732620320856,0
140000,2804,169,5255.6,5,0.0,2624,1.1545168758824433,15.52662721893491,0
140000,2873,309,4664.142857142857,7,0.0018486566428395365,8114,1.0678934150764061,26.258899676375403,1
140000,2907,254,3646.714285714286,7,0.0,5210,1.014799288561152,20.511811023622048,0
140000,2953,227,4876.571428571428,7,0.0022467702677401234,5341,1.3025089842863695,23.52863436123348,1
140000,3129,466,4452.125,8,0.00264797507788162,6420,0.37151218176880163,13.776824034334764,1
140000,3137,284,4216.285714285715,7,0.005780346820809248,6920,1.078150226286519,24.366197183098592,1
140000,3309,240,4864.428571428572,7,0.0009541984732824427,5240,1.1431906600562858,21.833333333333332,1
140000,3311,36,4291.25,4,0.0,115,1.1150714665519328,3.1944444444444446,0
140000,3323,98,3846.4,5,0.0,851,1.1134924399020882,8.683673469387756,0
140000,3350,309,3771.0,6,0.00030330603579011223,3297,0.4339221825865061,10.669902912621358,1
140000,3469,142,5513.2,5,0.0,1878,1.1703850433329959,13.225352112676056,0
140000,3614,225,4148.714285714285,7,0.0020665901262916187,4355,1.081018153590799,19.355555555555554,1
140000,3619,110,5508.75,4,0.0,1257,1.3054485836569818,11.427272727272728,0
140000,3635,137,5417.4,5,0.002553626149131767,1958,1.3109357804313102,14.291970802919709,1
140000,3663,186,4432.6,5,0.0,2826,1.0264933332228878,15.193548387096774,0
140000,3792,225,4214.666666666667,6,0.002816240319173903,4261,1.0576850407463592,18.93777777777778,1
140000,3992,385,3961.5555555555557,9,0.0009532888465204957,5245,0.44466597316453943,13.623376623376624,1
140000,4042,258,4376.125,8,0.0014784697837737942,5411,1.021522615742706,20.972868217054263,1
140000,4329,281,3718.375,8,0.0017398286937901498,7472,1.1891430102264628,26.590747330960856,1
140000,4352,563,4656.285714285715,7,0.0,6546,0.25951894993388985,11.626998223801065,0
140000,4405,162,5001.2,5,0.0032287822878228783,2168,1.0380998129831842,13.382716049382717,1
140000,4490,277,5833.6,5,0.0,3488,0.5712507748424297,12.592057761732852,0
140000,4501,190,3753.6,5,0.0,2891,1.006353945875689,15.215789473684211,0
140000,4596,244,3957.285714285714,7,0.0,4491,0.9479234484864123,18.40573770491803,0
140000,4773,287,4410.625,8,0.0023745918670228555,6738,1.0279620391112203,23.477351916376307,1
140000,4809,368,4049.875,8,0.00011160714285714285,8960,0.83142338658331,24.347826086956523,1
140000,4843,175,4062.8,5,0.005070202808112325,2564,1.052087322619328,14.651428571428571,1
140000,4858,231,4807.714285714285,7,0.001235483073881888,4047,0.9530575115967012,17.51948051948052,1
140000,4904,85,5346.0,5,0.006430868167202572,622,1.0818384113676685,7.317647058823529,1
140000,4920,139,5053.0,5,0.004475703324808184,1564,1.0172249697664586,11.251798561151078,1
142000,0,1028,4710.195121951219,41,0.0,5132,0.06102535049063127,4.992217898832685,0
142000,45,200,4953.0,6,0.0016560861164780568,3623,1.1381990183955821,18.115,1
142000,162,327,4027.0,6,0.0,3950,0.46420675332901956,12.079510703363914,0
142000,277,234,4798.428571428572,7,0.0016590626296142678,4822,1.1066374297326307,20.60683760683761,1
142000,308,287,4255.5,8,0.002718129926610492,7358,1.1225504131463875,25.637630662020907,1
142000,336,138,5452.0,5,0.00275178866263071,1817,1.198965312239583,13.166666666666666,1
142000,370,247,4802.666666666667,6,0.002716776092370387,4417,0.9097946041342173,17.88259109311741,1
142000,552,161,5968.8,5,0.0,2429,1.177567000589423,15.08695652173913,0
142000,563,246,4404.285714285715,7,0.0006793478260869565,5888,1.2226649179943618,23.934959349593495,1
142000,717,276,3816.625,8,0.0014677821811243212,6813,1.1239062565063673,24.684782608695652,1
142000,775,137,5928.0,4,0.0,1398,0.9360001128922224,10.204379562043796,0
142000,903,431,4435.625,8,0.0012186629526462396,5744,0.38857043625346055,13.327146171693736,1
142000,969,274,4353.625,8,0.0028605841613971697,6642,1.11175120705117,24.240875912408757,1
142000,1245,316,3528.1428571428573,7,0.003369005152596116,5046,0.6350134806126461,15.968354430379748,1
142000,1266,259,5089.0,5,0.0034707158351409977,2305,0.43179863547200986,8.8996138996139,1
142000,1304,192,4157.166666666667,6,0.002190237797246558,3196,1.0894672440183353,16.645833333333332,1
142000,1616,233,4559.5,6,0.0035087719298245615,5130,1.1874501510741136,22.01716738197425,1
142000,1733,376,4978.714285714285,7,0.0017156337122024449,4663,0.41447619238595534,12.40159574468085,1
142000,1952,198,5489.4,5,0.005170927894283252,3481,1.115792676986641,17.58080808080808,1
142000,2010,154,4283.0,5,0.0,1950,1.0332443370720352,12.662337662337663,0
142000,2147,281,4609.428571428572,7,0.002705993776214315,7391,1.1762521397997574,26.302491103202847,1
142000,2175,221,5190.4,5,0.004045135192676176,4697,1.208497835335989,21.25339366515837,1
142000,2198,217,4740.333333333333,6,0.0,4212,1.1240322161795926,19.410138248847925,0
142000,2270,246,4886.833333333333,6,0.006079623455579526,5099,1.0588261577536093,20.727642276422763,1
142000,2281,362,4262.0,7,0.0008324661810613944,4805,0.4607720368883415,13.273480662983426,1
142000,2403,89,6233.5,4,0.0,611,0.9693286763506443,6.865168539325842,0
142000,2439,130,5089.8,5,0.0035460992907801418,1410,1.048436838239434,10.846153846153847,1
142000,2576,388,5272.666666666667,6,0.0026683087027914616,4872,0.4066808217740852,12.556701030927835,1
142000,2602,390,3996.285714285714,7,0.0010096930533117932,4952,0.4091299624083276,12.697435897435897,1
142000,2744,235,4773.333333333333,6,0.004333470903838217,4846,1.1027004435886745,20.621276595744682,1
142000,2750,258,5840.333333333333,6,0.004325883201153569,5548,1.0473863374866998,21.503875968992247,1
142000,2797,374,4218.857142857143,7,0.0,5127,0.46060640953286824,13.70855614973262,0
142000,2804,168,5274.8,5,0.0,2599,1.1571711035544037,15.470238095238095,0
142000,2873,309,4726.714285714285,7,0.004801772962324551,8122,1.0689463048127397,26.284789644012946,1
142000,2907,256,3632.0,7,0.0,5240,1.004757416065095,20.46875,0
142000,2953,233,4918.571428571428,7,0.0016574585635359116,5430,1.2568916803766934,23.30472103004292,1
142000,3129,463,4188.285714285715,7,0.003108003108003108,6435,0.377221496127711,13.898488120950324,1
142000,3137,286,4295.857142857143,7,0.003896103896103896,6930,1.0646602322547443,24.23076923076923,1
142000,3309,241,4950.714285714285,7,0.0015217804831653035,5257,1.1374013932212974,21.813278008298756,1
142000,3323,93,3852.6,5,0.0,774,1.1245659446773038,8.32258064516129,0
142000,3350,307,4530.5,6,0.0015295197308045274,3269,0.4358610228049118,10.648208469055374,1
142000,3469,139,5535.4,5,0.0,1837,1.1947840597576627,13.215827338129497,0
142000,3614,230,4902.833333333333,6,0.003166704365528161,4421,1.0502065120242325,19.221739130434784,1
142000,3619,106,5555.5,4,0.0,1157,1.2939917053055858,10.915094339622641,0
142000,3635,138,5530.8,5,0.002617801047120419,1910,1.2603322764873985,13.840579710144928,1
142000,3663,185,4433.2,5,0.0,2800,1.0280741481433362,15.135135135135135,0
142000,3792,225,4311.333333333333,6,0.004449648711943794,4270,1.0599190621889119,18.977777777777778,1
142000,3992,386,4479.714285714285,7,0.0013240022697181767,5287,0.4459072823305118,13.696891191709845,1
142000,4042,258,4416.5,8,0.0014561339643247178,5494,1.037191877821184,21.294573643410853,1
142000,4329,282,3774.5,8,0.0018646776771443793,7508,1.1864130397440855,26.624113475177303,1
142000,4352,566,4651.142857142857,7,0.0007614986293024672,6566,0.2575596818972716,11.60070671378092,1
142000,4405,160,5096.8,5,0.0046882325363338025,2133,1.0470339265792232,13.33125,1
142000,4490,276,5832.8,5,0.0,3466,0.5717685432336811,12.557971014492754,0
142000,4501,191,3744.4,5,0.0,2900,0.9989439648485952,15.18324607329843,0
142000,4596,248,4415.428571428572,7,0.0004341219882787063,4607,0.9412927520218637,18.576612903225808,1
142000,4773,286,4190.714285714285,7,0.0023742395014097048,6739,1.0353167828520522,23.562937062937063,1
142000,4809,368,4056.625,8,0.00033325927571650743,9002,0.8353206837079193,24.46195652173913,1
142000,4843,173,4134.0,5,0.004300234558248631,2558,1.0740344158351687,14.786127167630058,1
142000,4858,231,4893.285714285715,7,0.0014752889107450208,4067,0.957767457292756,17.606060606060606,1
142000,4904,73,5464.8,5,0.008456659619450317,473,1.1153862451851921,6.47945205479452,1
142000,4920,137,5181.4,5,0.005266622778143515,1519,1.0170129981997753,11.087591240875913,1
144000,0,1109,4813.266666666666,45,0.0,5675,0.05798459626296227,5.117222723174031,0
144000,45,198,5043.666666666667,6,0.0014029180695847362,3564,1.1423973285781066,18.0,1
144000,162,324,4019.3333333333335,6,0.0,3963,0.4743991649968126,12.231481481481481,0
144000,277,233,4882.857142857143,7,0.0018618121638394704,4834,1.1189345088289016,20.746781115879827,1
144000,308,290,4315.125,8,0.003108108108108108,7400,1.1057210766499153,25.517241379310345,1
144000,336,134,5562.6,5,0.001707455890722823,1757,1.2296231437641494,13.111940298507463,1
144000,370,244,4898.166666666667,6,0.0022727272727272726,4400,0.9287159147940802,18.0327868852459,1
144000,552,160,6002.4,5,0.0,2398,1.1771154973919256,14.9875,0
144000,563,243,4477.142857142857,7,0.0010045203415369162,5973,1.2711295988004425,24.580246913580247,1
144000,717,278,3872.5,8,0.0021827706635622816,6872,1.1173865077102147,24.719424460431654,1
144000,775,130,5985.75,4,0.0,1304,0.9696181823150509,10.03076923076923,0
144000,903,432,4492.125,8,0.001389612645475074,5757,0.3876489391871665,13.32638888888889,1
144000,969,273,4408.0,8,0.0021081162475530793,6641,1.119742211085071,24.326007326007325,1
144000,1245,318,3598.285714285714,7,0.003553800592300099,5065,0.6294120798398917,15.927672955974844,1
144000,1266,256,5202.4,5,0.003535130357931949,2263,0.43392481537315075,8.83984375,1
144000,1304,192,4235.333333333333,6,0.0021806853582554517,3210,1.0942396286917573,16.71875,1
144000,1616,231,4639.5,6,0.0039100684261974585,5115,1.2045686117660308,22.142857142857142,1
144000,1733,375,5045.285714285715,7,0.0021326508850501172,4689,0.4190130617651922,12.504,1
144000,1952,197,5597.4,5,0.005191808479953851,3467,1.1226160663759244,17.598984771573605,1
144000,2010,151,4280.4,5,0.0,1900,1.047151623493813,12.582781456953642,0
144000,2147,281,5403.333333333333,6,0.0028567541831043394,7351,1.1698862778606436,26.160142348754448,1
144000,2175,220,5302.8,5,0.004072883172561629,4665,1.211200804049288,21.204545454545453,1
144000,2198,217,4739.5,6,0.0,4209,1.1232316234330257,19.3963133640553,0
144000,2270,247,4969.333333333333,6,0.005491272798587958,5099,1.0502700218429646,20.643724696356276,1
144000,2281,362,4329.571428571428,7,0.0004169272461955389,4797,0.4600048826125649,13.251381215469614,1
144000,2403,73,6310.75,4,0.014150943396226415,424,0.99983883289328,5.808219178082192,1
144000,2439,128,5198.0,5,0.005886681383370125,1359,1.042339945368293,10.6171875,1
144000,2576,389,5370.833333333333,6,0.003907053259304956,4863,0.40384520521030565,12.501285347043702,1
144000,2602,390,4050.4285714285716,7,0.0010048231511254019,4976,0.41111282167686547,12.75897435897436,1
144000,2744,235,4858.333333333333,6,0.004556752278376139,4828,1.0986045690561537,20.54468085106383,1
144000,2750,257,5926.833333333333,6,0.003428365211115121,5542,1.0544115118287716,21.56420233463035,1
144000,2797,375,4210.142857142857,7,0.0,5152,0.46038713888126903,13.738666666666667,0
144000,2804,167,5291.0,5,0.0,2565,1.1557510353842475,15.359281437125748,0
144000,2873,310,4794.571428571428,7,0.001959103710052651,8167,1.067945356997621,26.34516129032258,1
144000,2907,257,3621.4285714285716,7,0.0,5254,0.9996171207413147,20.443579766536963,0
144000,2953,232,4965.285714285715,7,0.0050706265845708075,5522,1.2892296843878446,23.801724137931036,1
144000,3129,461,4259.857142857143,7,0.003561474140600805,6458,0.38186165803629535,14.008676789587852,1
144000,3137,284,4383.428571428572,7,0.005185078496327236,6943,1.0817336735704193,24.447183098591548,1
144000,3309,240,5040.857142857143,7,0.0007577192650123129,5279,1.1516991401597583,21.995833333333334,1
144000,3323,89,3864.8,5,0.0,683,1.0835539868207695,7.674157303370786,0
144000,3350,305,4706.0,6,0.001539882968894364,3247,0.4386240836852914,10.645901639344263,1
144000,3469,138,5558.0,5,0.0,1795,1.184448395965906,13.007246376811594,0
144000,3614,227,4976.5,6,0.0031638418079096044,4425,1.0791241818886324,19.493392070484582,1
144000,3619,101,5586.0,4,0.0,1057,1.302093298635197,10.465346534653465,0
144000,3635,135,5656.4,5,0.001081665765278529,1849,1.2749091503950678,13.696296296296296,1
144000,3663,186,4430.0,5,0.0,2787,1.0123272893461388,14.983870967741936,0
144000,3792,224,4398.0,6,0.0018748535270681978,4267,1.0686524117400866,19.049107142857142,1
144000,3992,384,4544.428571428572,7,0.0020762551906379767,5298,0.45150167856767376,13.796875,1
144000,4042,256,4464.75,8,0.0008958967926894822,5581,1.0701433471487205,21.80078125,1
144000,4329,283,3832.5,8,0.001455989410986102,7555,1.185417847538158,26.69611307420495,1
144000,4352,566,4774.125,8,0.0004562043795620438,6576,0.25795194458672827,11.618374558303888,1
144000,4405,158,5199.4,5,0.0023957834211787254,2087,1.0505534158054637,13.208860759493671,1
144000,4490,276,5831.0,5,0.0,3460,0.5707787534877486,12.53623188405797,0
144000,4501,192,3728.2,5,0.0,2921,0.9957239736475461,15.213541666666666,0
144000,4596,249,4752.142857142857,7,0.0012883830792355595,4657,0.9438813559631404,18.70281124497992,1
144000,4773,285,4264.142857142857,7,0.002815649081209247,6748,1.0439873057026248,23.67719298245614,1
144000,4809,370,4235.888888888889,9,0.0003320420586607637,9035,0.8293437436138431,24.41891891891892,1
144000,4843,174,4211.4,5,0.00505443234836703,2572,1.0675355139427862,14.781609195402298,1
144000,4858,231,4980.428571428572,7,0.0012285012285012285,4070,0.9584739491471643,17.61904761904762,1
144000,4904,58,5160.25,4,0.010169491525423728,295,1.101985532472044,5.086206896551724,1
144000,4920,135,5303.6,5,0.00878972278566599,1479,1.019789417757872,10.955555555555556,1
146000,0,1178,4923.295454545455,44,0.0,6231,0.05642571024676512,5.2894736842105265,0
146000,45,200,5131.166666666667,6,0.001411631846414455,3542,1.1127521179015047,17.71,1
146000,162,326,4009.5,6,0.0,3981,0.47072454190752255,12.21165644171779,0
146000,277,234,4966.142857142857,7,0.0022685089709218397,4849,1.1128338649468117,20.72222222222222,1
146000,308,289,4377.0,8,0.003365643511039311,7428,1.117599177733264,25.70242214532872,1
146000,336,134,5684.2,5,0.0017647058823529412,1700,1.1897321254405542,12.686567164179104,1
146000,370,242,4997.0,6,0.0029693924166285975,4378,0.9394093735001786,18.09090909090909,1
146000,552,159,6034.4,5,0.0,2368,1.177056509426151,14.89308176100629,0
146000,563,246,5001.875,8,0.0009794319294809011,6126,1.2720864958616613,24.902439024390244,1
146000,717,282,4477.857142857143,7,0.0015827338129496403,6950,1.098237963002317,24.645390070921987,1
146000,775,125,6057.0,4,0.0,1207,0.9707269972180174,9.656,0
146000,903,431,4544.125,8,0.0012114918656974732,5778,0.39087047017278814,13.406032482598608,1
146000,969,274,4465.375,8,0.0018053257108469987,6647,1.1125881170233554,24.259124087591243,1
146000,1245,319,3672.4285714285716,7,0.004128981517892253,5086,0.6280653781373094,15.943573667711599,1
146000,1266,254,5315.6,5,0.0031362007168458782,2232,0.43474702726842446,8.78740157480315,1
146000,1304,193,4321.0,6,0.003115264797507788,3210,1.0829297342772408,16.632124352331605,1
146000,1616,233,4721.833333333333,6,0.0031329547679655374,5107,1.182126300494249,21.918454935622318,1
146000,1733,374,5115.857142857143,7,0.0021240441801189465,4708,0.4229637168091952,12.588235294117647,1
146000,1952,197,5718.4,5,0.00404040404040404,3465,1.1219684655300197,17.588832487309645,1
146000,2010,150,4279.4,5,0.0,1861,1.0393784761476632,12.406666666666666,0
146000,2147,282,5514.0,6,0.00437636761487965,7312,1.1554411489889125,25.929078014184398,1
146000,2175,220,5413.4,5,0.0036709134096307495,4631,1.2023731883284572,21.05,1
146000,2198,217,4740.166666666667,6,0.0,4204,1.1218973021887482,19.37327188940092,0
146000,2270,248,5057.833333333333,6,0.00608320251177394,5096,1.04120422494105,20.548387096774192,1
146000,2281,362,4398.428571428572,7,0.0010451505016722408,4784,0.45875825691442784,13.215469613259668,1
146000,2403,47,6680.0,3,0.0,173,0.9841476307307092,3.6808510638297873,0
146000,2439,126,5308.6,5,0.00306044376434583,1307,1.0345330305472058,10.373015873015873,1
146000,2576,386,5473.0,6,0.0039231881065455295,4843,0.40846017936952317,12.546632124352332,1
146000,2602,391,4107.571428571428,7,0.001,5000,0.41098536163287697,12.787723785166241,1
146000,2744,234,4955.833333333333,6,0.00459674049310489,4786,1.0983755161137227,20.45299145299145,1
146000,2750,257,6015.0,6,0.003078037298569618,5523,1.0507966040834185,21.490272373540854,1
146000,2797,377,4204.0,7,0.0,5173,0.4573720717663531,13.721485411140584,0
146000,2804,167,5304.4,5,0.0,2539,1.144035820210762,15.203592814371257,0
146000,2873,310,5012.25,8,0.0030306703842890048,8249,1.0786679625166369,26.60967741935484,1
146000,2907,257,3603.714285714286,7,0.0,5285,1.0055151281153119,20.56420233463035,0
146000,2953,233,6249.0,6,0.002677137247902909,5603,1.2969362956078478,24.047210300429185,1
146000,3129,461,4337.285714285715,7,0.002934816187828236,6474,0.3828077383287359,14.043383947939262,1
146000,3137,285,4474.285714285715,7,0.004175665946724262,6945,1.0744652990670909,24.36842105263158,1
146000,3309,243,5146.0,7,0.001321003963011889,5299,1.127693913283701,21.80658436213992,1
146000,3323,82,3874.2,5,0.0,598,1.1175921516042215,7.2926829268292686,0
146000,3350,303,4796.333333333333,6,0.002484472049689441,3220,0.4407379818779916,10.627062706270626,1
146000,3469,137,5577.4,5,0.0,1755,1.1750216009483907,12.81021897810219,0
146000,3614,225,5053.166666666667,6,0.002724177071509648,4405,1.0934293838272031,19.57777777777778,1
146000,3619,95,5616.5,4,0.0,953,1.3269530410508912,10.031578947368422,0
146000,3635,134,5780.4,5,0.0016629711751662971,1804,1.262515737820447,13.462686567164178,1
146000,3663,184,4428.4,5,0.0,2781,1.0322269812893685,15.11413043478261,0
146000,3792,224,4487.0,6,0.0037418147801683817,4276,1.0709064243263675,19.089285714285715,1
146000,3992,382,4613.857142857143,7,0.0017029328287606433,5285,0.45512231501938155,13.835078534031414,1
146000,4042,257,4518.5,8,0.001412180052956752,5665,1.077813283022373,22.042801556420233,1
146000,4329,285,3903.5,8,0.002503953610964681,7588,1.1739442317236983,26.62456140350877,1
146000,4352,568,4845.625,8,0.001061893203883495,6592,0.2567617879942461,11.605633802816902,1
146000,4405,156,5309.2,5,0.003883495145631068,2060,1.063721378434414,13.205128205128204,1
146000,4490,279,5833.6,5,0.0005733944954128441,3488,0.5630901543259309,12.501792114695341,1
146000,4501,190,3717.8,5,0.0,2922,1.0171450120542245,15.378947368421052,0
146000,4596,249,4827.142857142857,7,0.0008507018290089324,4702,0.9530019617218566,18.883534136546185,1
146000,4773,284,4337.0,7,0.0031124944419742106,6747,1.051196470629356,23.757042253521128,1
146000,4809,370,4301.555555555556,9,0.0005509641873278236,9075,0.8330154370000693,24.527027027027028,1
146000,4843,177,5391.6,5,0.0072353389185072356,2626,1.0533144764693156,14.836158192090396,1
146000,4858,231,5067.571428571428,7,0.0009789525208027412,4086,0.9622419057040081,17.68831168831169,1
146000,4920,133,5425.0,5,0.00766016713091922,1436,1.0201429251071157,10.796992481203008,1
148000,0,1268,4922.25,44,0.0,6818,0.0532878691005364,5.3769716088328074,0
148000,45,199,5218.333333333333,6,0.0014208581983518045,3519,1.1166651900691884,17.683417085427134,1
148000,162,322,3999.6666666666665,6,0.0,3998,0.48455258011079794,12.416149068322982,0
148000,277,234,5047.428571428572,7,0.0018480492813141684,4870,1.1176533145578416,20.811965811965813,1
148000,308,291,4447.875,8,0.0025479415314469626,7457,1.1065932815067883,25.625429553264606,1
148000,336,131,5785.6,5,0.0018203883495145632,1648,1.2067699302175814,12.580152671755725,1
148000,370,240,5096.5,6,0.0029850746268656717,4355,0.9501136115544131,18.145833333333332,1
148000,552,158,6058.6,5,0.0,2329,1.172371301107295,14.740506329113924,0
148000,563,248,5776.142857142857,7,0.0014416146083613647,6243,1.2755569027289984,25.173387096774192,1
148000,717,286,4540.0,7,0.0024226877583012683,7017,1.078026096642358,24.534965034965033,1
148000,775,122,6108.25,4,0.0,1115,0.9413802227230904,9.139344262295081,0
148000,903,431,4604.5,8,0.0012087722327749958,5791,0.39174989490664874,13.436194895591647,1
148000,969,273,4525.125,8,0.004370761115297664,6635,1.11873054819296,24.304029304029303,1
148000,1245,324,3750.1428571428573,7,0.004692999608916699,5114,0.6121820160973251,15.783950617283951,1
148000,1266,253,5434.8,5,0.0031847133757961785,2198,0.43151560890439566,8.687747035573123,1
148000,1304,193,4410.833333333333,6,0.0024837007140639552,3221,1.086640708444546,16.689119170984455,1
148000,1616,232,4806.666666666667,6,0.0041216879293424925,5095,1.1895373491409034,21.961206896551722,1
148000,1733,376,5187.714285714285,7,0.0025391451544646637,4726,0.42007602084838624,12.569148936170214,1
148000,1952,198,5842.0,5,0.0031746031746031746,3465,1.110664069450937,17.5,1
148000,2010,148,4285.0,5,0.0,1808,1.0372533816089018,12.216216216216216,0
148000,2147,279,5603.5,6,0.0035743744844652188,7274,1.1742883550936989,26.07168458781362,1
148000,2175,218,5526.4,5,0.004130434782608695,4600,1.2163392144190766,21.10091743119266,1
148000,2198,216,4737.666666666667,6,0.0,4196,1.1301545588531183,19.425925925925927,0
148000,2270,245,5150.333333333333,6,0.004724409448818898,5080,1.0635095830228172,20.73469387755102,1
148000,2281,362,4471.0,7,0.0006284038542103058,4774,0.45779931406970703,13.187845303867404,1
148000,2439,123,5427.4,5,0.0015885623510722795,1259,1.0457439753769713,10.235772357723578,1
148000,2576,385,5581.666666666667,6,0.0030998140111593306,4839,0.4102456900177705,12.568831168831169,1
148000,2602,391,4165.428571428572,7,0.000994431185361973,5028,0.4132868796580211,12.859335038363172,1
148000,2744,232,5055.833333333333,6,0.005904681568958245,4742,1.107121905716617,20.439655172413794,1
148000,2750,256,6102.333333333333,6,0.005080747595717656,5511,1.056721015254721,21.52734375,1
148000,2797,378,4194.142857142857,7,0.0,5185,0.4560106914381758,13.716931216931217,0
148000,2804,166,5316.2,5,0.0,2510,1.1446360227188823,15.120481927710843,0
148000,2873,312,5792.571428571428,7,0.0032498796340876264,8308,1.0724996616545035,26.628205128205128,1
148000,2907,259,3588.0,7,0.0,5319,0.9964151592518959,20.536679536679536,0
148000,2953,230,7132.0,5,0.002164111812443643,5545,1.317212193886987,24.108695652173914,1
148000,3129,460,4403.571428571428,7,0.0026153846153846153,6500,0.3860180009136797,14.130434782608695,1
148000,3137,284,4560.571428571428,7,0.005751258087706686,6955,1.0836032982402803,24.489436619718308,1
148000,3309,242,5248.142857142857,7,0.0011263375258119017,5327,1.14304105359421,22.012396694214875,1
148000,3323,74,3890.0,5,0.0,485,1.112982057699817,6.554054054054054,0
148000,3350,300,4890.5,6,0.0021936696960200563,3191,0.4455476514491124,10.636666666666667,1
148000,3469,136,5601.8,5,0.0,1727,1.173341373864527,12.698529411764707,0
148000,3614,225,5135.0,6,0.004340872743888508,4377,1.0864790948948166,19.453333333333333,1
148000,3619,89,5644.75,4,0.0,839,1.3310421595060402,9.426966292134832,0
148000,3635,130,5915.0,5,0.0017172295363480253,1747,1.2990206783009155,13.438461538461539,1
148000,3663,185,4420.2,5,0.0,2783,1.0218322693867516,15.043243243243243,0
148000,3792,225,4582.833333333333,6,0.004425809457255998,4293,1.065628228097658,19.08,1
148000,3992,381,4684.142857142857,7,0.0009493070058857034,5267,0.45595631075722654,13.824146981627296,1
148000,4042,256,5234.0,7,0.001932536893886156,5692,1.0914273305806337,22.234375,1
148000,4329,283,3975.75,8,0.0018353434714210803,7628,1.1968719180702938,26.954063604240282,1
148000,4352,566,4917.5,8,0.000758150113722517,6595,0.258697243696696,11.651943462897526,1
148000,4405,156,5418.6,5,0.0019665683382497543,2034,1.0502957688036882,13.038461538461538,1
148000,4490,281,5829.2,5,0.000854457419538593,3511,0.5587635317057161,12.494661921708184,1
148000,4501,192,3701.4,5,0.0,2942,1.0028825506576793,15.322916666666666,0
148000,4596,248,4904.857142857143,7,0.0012631578947368421,4750,0.9705102175176585,19.153225806451612,1
148000,4773,283,4415.0,7,0.0034018636296405855,6761,1.060835217366709,23.890459363957596,1
148000,4809,371,4368.0,9,0.0005491488193300384,9105,0.8312697847570147,24.54177897574124,1
148000,4843,171,5495.75,4,0.005893909626719057,2545,1.0937181769961388,14.883040935672515,1
148000,4858,231,5158.857142857143,7,0.00146163215590743,4105,0.9667163541152602,17.77056277056277,1
148000,4920,130,5555.8,5,0.0021536252692031586,1393,1.0357961104025046,10.715384615384615,1
150000,0,1365,4883.555555555556,45,0.0,7492,0.05052918925131368,5.488644688644689,0
150000,45,199,5441.8,5,0.0025802752293577983,3488,1.1068281281504202,17.527638190954775,1
150000,162,323,3981.6666666666665,6,0.0,4032,0.48565218028636514,12.48297213622291,0
150000,277,233,5135.857142857143,7,0.001639344262295082,4880,1.1295822099886306,20.94420600858369,1
150000,308,289,4525.125,8,0.004008016032064128,7485,1.1261752618919603,25.899653979238753,1
150000,336,127,5909.6,5,0.003158559696778269,1583,1.2333414769998494,12.464566929133857,1
150000,370,238,5213.166666666667,6,0.0032235781717706653,4343,0.9634868225789472,18.247899159663866,1
150000,552,155,6070.2,5,0.0,2303,1.2045931956241072,14.858064516129032,0
150000,563,249,5852.0,7,0.0020690752825083558,6283,1.2734392440447522,25.23293172690763,1
150000,717,284,4612.571428571428,7,0.0015580736543909348,7060,1.099962514101564,24.859154929577464,1
150000,775,115,6126.75,4,0.0,1026,0.9749033081536871,8.921739130434782,0
150000,903,432,4677.75,8,0.0010334137099552187,5806,0.39094836562805085,13.439814814814815,1
150000,969,273,4599.75,8,0.003472222222222222,6624,1.116875832890756,24.263736263736263,1
150000,1245,322,3845.714285714286,7,0.003911597887737141,5113,0.6196891801166857,15.878881987577639,1
150000,1266,250,5571.2,5,0.003234750462107209,2164,0.435098016151572,8.656,1
150000,1304,193,4510.166666666667,6,0.002469898116702686,3239,1.0927132116274092,16.78238341968912,1
150000,1616,232,4902.0,6,0.0043315613309706635,5079,1.185801804963032,21.892241379310345,1
150000,1733,375,5273.857142857143,7,0.0033798056611744824,4734,0.4230343003617872,12.624,1
150000,1952,195,5965.0,5,0.0046430644225188625,3446,1.1388221732302881,17.671794871794873,1
150000,2010,146,4281.6,5,0.0,1767,1.0416952934684114,12.102739726027398,0
150000,2147,280,5690.333333333333,6,0.0031794304672380425,7234,1.159504145717784,25.835714285714285,1
150000,2175,218,5654.8,5,0.0048045424765232585,4579,1.2107863614836851,21.004587155963304,1
150000,2198,216,4730.666666666667,6,0.0,4198,1.1306932407210177,19.435185185185187,0
150000,2270,245,5257.166666666667,6,0.00689112029927151,5079,1.0633002307426944,20.73061224489796,1
150000,2281,360,4555.714285714285,7,0.000629458665547629,4766,0.46212440083360967,13.238888888888889,1
150000,2439,120,5561.2,5,0.002497918401332223,1201,1.0480702158225947,10.008333333333333,1
150000,2576,383,5702.0,6,0.003935376967688484,4828,0.4135990928162717,12.605744125326371,1
150000,2602,391,4243.714285714285,7,0.0019817677368212444,5046,0.4147664269598994,12.90537084398977,1
150000,2744,231,5501.8,5,0.0036116422349691947,4707,1.1084857195665117,20.376623376623378,1
150000,2750,254,6191.5,6,0.0032727272727272726,5500,1.0712852374445943,21.653543307086615,1
150000,2797,380,4186.714285714285,7,0.0,5192,0.4518323838625542,13.663157894736843,0
150000,2804,165,5322.6,5,0.0,2480,1.1447052019691735,15.030303030303031,0
150000,2873,312,5873.0,7,0.004583283078036425,8291,1.0703050908494813,26.57371794871795,1
150000,2907,259,3573.285714285714,7,0.0,5341,1.0005364477466396,20.62162162162162,0
150000,2953,230,7272.0,5,0.004204753199268739,5470,1.2993959784602016,23.782608695652176,1
150000,3129,461,4479.857142857143,7,0.0036714089031665903,6537,0.3865329294802204,14.18004338394794,1
150000,3137,282,4655.142857142857,7,0.00488575944819658,6959,1.099660141659442,24.677304964539008,1
150000,3309,241,5349.0,7,0.0016850777008050927,5341,1.1555755832594539,22.16182572614108,1
150000,3323,65,3912.2,5,0.0,350,1.0410011159824166,5.384615384615385,0
150000,3350,299,4997.166666666667,6,0.003778337531486146,3176,0.44642445913585677,10.622073578595318,1
150000,3469,133,5632.0,5,0.0,1686,1.1977444092831457,12.676691729323307,0
150000,3614,221,5227.6,5,0.0041417395306028535,4346,1.1181885442559523,19.665158371040725,1
150000,3619,84,5672.25,4,0.0,728,1.296530301481502,8.666666666666666,0
150000,3635,129,6060.6,5,0.002347417840375587,1704,1.2867673533362196,13.209302325581396,1
150000,3663,186,4407.6,5,0.0,2798,1.0163228401831705,15.043010752688172,0
150000,3792,224,4685.166666666667,6,0.00372006510113927,4301,1.0771675703993702,19.200892857142858,1
150000,3992,380,4838.0,6,0.001714939024390244,5248,0.4567057685883444,13.810526315789474,1
150000,4042,254,5319.142857142857,7,0.0019345761519521632,5686,1.1075141563836297,22.385826771653544,1
150000,4329,283,4049.0,8,0.0023504831548707234,7658,1.2015790703437743,27.060070671378092,1
150000,4352,568,4997.375,8,0.0004542701393095094,6604,0.25722919416171136,11.626760563380282,1
150000,4405,153,5544.0,5,0.003992015968063872,2004,1.0757831052661704,13.098039215686274,1
150000,4490,280,6103.166666666667,6,0.0011366865586814436,3519,0.564044109590943,12.567857142857143,1
150000,4501,195,3675.0,5,0.0,2991,0.9884553453661614,15.338461538461539,0
150000,4596,248,4995.0,7,0.0010444955086693127,4787,0.9780699813172697,19.302419354838708,1
150000,4773,281,4505.571428571428,7,0.0031060494009761868,6761,1.0759898142587145,24.060498220640568,1
150000,4809,373,4441.666666666667,9,0.0005472854640980736,9136,0.8251792360527668,24.493297587131366,1
150000,4843,167,5668.0,4,0.005647438483259379,2479,1.117000708271949,14.844311377245509,1
150000,4858,230,5267.714285714285,7,0.000970638194612958,4121,0.9789416503170916,17.917391304347827,1
150000,4920,130,5697.0,5,0.010256410256410256,1365,1.0149760880828562,10.5,1
152000,0,1450,4879.733333333334,45,0.0,8109,0.048466444381373854,5.592413793103448,0
152000,45,198,5558.0,5,0.0037528868360277136,3464,1.1103435314799555,17.494949494949495,1
152000,162,327,3962.8333333333335,6,0.0002455795677799607,4072,0.47854427836854874,12.452599388379205,1
152000,277,234,5216.142857142857,7,0.0020420665713702267,4897,1.1238497497720226,20.927350427350426,1
152000,308,292,4595.0,8,0.002398720682302772,7504,1.1059538033654441,25.698630136986303,1
152000,336,125,6027.8,5,0.001314060446780552,1522,1.2240650288034982,12.176,1
152000,370,237,5318.833333333333,6,0.003468208092485549,4325,0.9676076288896619,18.248945147679326,1
152000,552,156,6081.4,5,0.0,2272,1.1731917338849458,14.564102564102564,0
152000,563,247,5924.285714285715,7,0.002849002849002849,6318,1.3013543828209158,25.57894736842105,1
152000,717,285,4684.428571428572,7,0.0018327928944029325,7093,1.0973624717469943,24.887719298245614,1
152000,775,109,6147.75,4,0.0,926,0.9794174891757086,8.495412844036696,0
152000,903,432,4749.25,8,0.0013752793536187038,5817,0.3916890531964126,13.465277777777779,1
152000,969,273,4663.5,8,0.002416918429003021,6620,1.116201390962682,24.249084249084248,1
152000,1245,324,3930.8571428571427,7,0.004876145894285157,5127,0.6137382081601459,15.824074074074074,1
152000,1266,249,5695.8,5,0.003754106053496011,2131,0.43191135270720465,8.558232931726907,1
152000,1304,195,4590.666666666667,6,0.001828710758914965,3281,1.084293543345495,16.825641025641026,1
152000,1616,232,4986.0,6,0.0033517350157728706,5072,1.1841675043852133,21.862068965517242,1
152000,1733,374,5353.142857142857,7,0.0029479890503263844,4749,0.42664713065566434,12.697860962566844,1
152000,1952,195,6077.0,5,0.0023249055507120024,3441,1.1371697905065066,17.646153846153847,1
152000,2010,143,4288.6,5,0.0,1711,1.0514479984922755,11.965034965034965,0
152000,2147,279,5770.0,6,0.004439511653718091,7208,1.1636335528616142,25.835125448028673,1
152000,2175,218,5772.2,5,0.004163014899211218,4564,1.2068200379584055,20.93577981651376,1
152000,2198,216,4724.333333333333,6,0.0,4189,1.12826917231547,19.39351851851852,0
152000,2270,244,5353.166666666667,6,0.007884880741178789,5073,1.0707672353978113,20.790983606557376,1
152000,2281,359,4634.571428571428,7,0.0010504201680672268,4760,0.4641174736722221,13.259052924791087,1
152000,2439,118,5684.4,5,0.0017452006980802793,1146,1.0342617584067517,9.711864406779661,1
152000,2576,382,5810.0,6,0.004349627174813587,4828,0.4157673674387084,12.638743455497382,1
152000,2602,390,4311.571428571428,7,0.002370604504148558,5062,0.4182180673891265,12.97948717948718,1
152000,2744,231,5617.0,5,0.005548442168160478,4686,1.103540276585654,20.285714285714285,1
152000,2750,253,6278.0,6,0.004928806133625411,5478,1.0754515493986712,21.652173913043477,1
152000,2797,377,4864.833333333333,6,0.0,5154,0.45569218207689616,13.671087533156498,0
152000,2804,163,5329.4,5,0.0,2450,1.1587793294885007,15.030674846625766,0
152000,2873,309,5950.285714285715,7,0.00398406374501992,8283,1.0901357107564544,26.805825242718445,1
152000,2907,260,3553.8571428571427,7,0.0,5356,0.9956432102146114,20.6,0
152000,2953,227,7402.2,5,0.004250600628349658,5411,1.319579875299297,23.837004405286343,1
152000,3129,458,4551.571428571428,7,0.0039597928723728295,6566,0.393350572328342,14.336244541484715,1
152000,3137,283,4745.571428571428,7,0.003015941404566997,6963,1.0925300426748108,24.604240282685513,1
152000,3309,244,5438.714285714285,7,0.0020503261882572226,5365,1.1324002006523273,21.987704918032787,1
152000,3323,36,3652.0,4,0.0,108,1.0471975511965976,3.0,0
152000,3350,297,5095.666666666667,6,0.003179650238473768,3145,0.44804085277193484,10.58922558922559,1
152000,3469,131,5670.0,5,0.0,1642,1.2023763503745561,12.534351145038167,0
152000,3614,220,5337.4,5,0.0037122969837587007,4310,1.1190301104935545,19.59090909090909,1
152000,3619,74,5707.75,4,0.0,596,1.3677057863692599,8.054054054054054,0
152000,3635,127,6197.0,5,0.0018159806295399517,1652,1.2871005180061599,13.007874015748031,1
152000,3663,187,4163.666666666667,6,0.0,2864,1.0291997323207605,15.315508021390375,0
152000,3792,224,4779.833333333333,6,0.003929727230698105,4326,1.0834287164723728,19.3125,1
152000,3992,379,4929.333333333333,6,0.0019083969465648854,5240,0.45841912837728827,13.825857519788919,1
152000,4042,255,5395.428571428572,7,0.0015825567082820467,5687,1.099038057421924,22.301960784313724,1
152000,4329,283,4115.5,8,0.0024710625568994666,7689,1.2064431276930374,27.169611307420496,1
152000,4352,568,5074.625,8,0.0007571168988491823,6604,0.25722919416171136,11.626760563380282,1
152000,4405,152,5663.0,5,0.0040858018386108275,1958,1.0649650996760414,12.881578947368421,1
152000,4490,279,6200.833333333333,6,0.0011341083073433513,3527,0.5693861738267083,12.6415770609319,1
152000,4501,201,3490.1666666666665,6,0.0,3107,0.9664046310441313,15.457711442786069,0
152000,4596,248,5080.142857142857,7,0.002073828287017835,4822,0.9852211092358208,19.443548387096776,1
152000,4773,282,4588.428571428572,7,0.0032486709982279976,6772,1.0701104295613943,24.01418439716312,1
152000,4809,376,4507.666666666667,9,0.000326512842838485,9188,0.816686093854205,24.43617021276596,1
152000,4843,165,5822.5,4,0.004510045100451004,2439,1.125780640162425,14.781818181818181,1
152000,4858,230,5380.285714285715,7,0.0012065637065637065,4144,0.9844052897146391,18.017391304347825,1
152000,4920,127,5826.4,5,0.007513148009015778,1331,1.0370041098463672,10.48031496062992,1
154000,0,1536,4873.155555555555,45,0.0,8771,0.046717171842169995,5.710286458333333,0
154000,45,195,5685.8,5,0.0038022813688212928,3419,1.1298993065218674,17.533333333333335,1
154000,162,336,3935.8333333333335,6,0.0007211538461538462,4160,0.46304653624339354,12.380952380952381,1
154000,277,234,5312.571428571428,7,0.0028501628664495114,4912,1.1272922137799009,20.99145299145299,1
154000,308,293,4660.5,8,0.0030463576158940397,7550,1.1051508828106529,25.7679180887372,1
154000,336,124,6155.8,5,0.002050580997949419,1463,1.1956685879817555,11.798387096774194,1
154000,370,235,5423.5,6,0.004174397031539889,4312,0.9811894991238888,18.348936170212767,1
154000,552,154,6097.6,5,0.0,2232,1.1826673642793757,14.493506493506494,0
154000,563,245,6005.714285714285,7,0.0020572875454977053,6319,1.3228970580947208,25.791836734693877,1
154000,717,285,4761.285714285715,7,0.002242466713384723,7135,1.103860318048048,25.035087719298247,1
154000,775,105,6173.25,4,0.0,831,0.9471794993680247,7.914285714285715,0
154000,903,433,4825.125,8,0.0013717421124828531,5832,0.39088732364534823,13.468822170900692,1
154000,969,274,4733.75,8,0.003933434190620273,6610,1.1063949832291828,24.124087591240876,1
154000,1245,321,4025.8571428571427,7,0.003510825043885313,5127,0.6252635566407496,15.97196261682243,1
154000,1266,247,5828.0,5,0.0023775558725630053,2103,0.43316686721626874,8.51417004048583,1
154000,1304,196,5218.5,6,0.002112888620585572,3313,1.0837251625721558,16.903061224489797,1
154000,1616,232,5079.833333333333,6,0.003754198774945663,5061,1.181599317762927,21.814655172413794,1
154000,1733,373,5442.857142857143,7,0.002101281781886951,4759,0.4298410665909717,12.758713136729222,1
154000,1952,193,6191.6,5,0.0070072992700729924,3425,1.1554624111836604,17.746113989637305,1
154000,2010,141,4297.6,5,0.0,1666,1.0530442856758906,11.815602836879433,0
154000,2147,281,5852.666666666667,6,0.004314544189283229,7185,1.1434679508133212,25.569395017793596,1
154000,2175,217,5899.4,5,0.004176742141129918,4549,1.2139654680439143,20.963133640552996,1
154000,2198,215,4720.333333333333,6,0.0,4181,1.1366142896405778,19.446511627906975,0
154000,2270,243,5457.333333333333,6,0.003764612641172974,5047,1.0740651406572632,20.76954732510288,1
154000,2281,360,4721.0,7,0.001053740779768177,4745,0.46008818337294966,13.180555555555555,1
154000,2439,114,5821.0,5,0.003693444136657433,1083,1.0471975511965976,9.5,1
154000,2576,383,5926.166666666667,6,0.003737541528239203,4816,0.41257109175707635,12.574412532637076,1
154000,2602,391,4383.285714285715,7,0.0013763271726307512,5086,0.41805430985296244,13.007672634271099,1
154000,2744,230,5741.4,5,0.005153532316942238,4657,1.10626820323385,20.247826086956522,1
154000,2750,253,6366.166666666667,6,0.003847563209967021,5458,1.0715251107371206,21.57312252964427,1
154000,2797,374,4890.5,6,0.0,5118,0.45979785527388717,13.684491978609625,0
154000,2804,163,5335.4,5,0.0,2423,1.1460091083063824,14.865030674846626,0
154000,2873,308,6037.285714285715,7,0.0031561058509346927,8238,1.091264980615311,26.746753246753247,1
154000,2907,255,4144.833333333333,6,0.0,5319,1.0279204198043281,20.858823529411765,0
154000,2953,225,7529.6,5,0.005416511019798282,5354,1.3289945337141533,23.795555555555556,1
154000,3129,461,4633.142857142857,7,0.0019723865877712033,6591,0.38972595046720704,14.297180043383948,1
154000,3137,283,4836.571428571428,7,0.0053176200057487785,6958,1.0917455172958974,24.586572438162545,1
154000,3309,244,5529.714285714285,7,0.002228826151560178,5384,1.1364105648298473,22.065573770491802,1
154000,3350,295,5199.666666666667,6,0.00224791265253693,3114,0.44966019067066315,10.55593220338983,1
154000,3469,130,5701.6,5,0.0,1600,1.1897155611227619,12.307692307692308,0
154000,3614,219,5451.6,5,0.004667444574095682,4285,1.1227225888227739,19.5662100456621,1
154000,3619,65,5745.25,4,0.0,451,1.3414042951659142,6.938461538461539,0
154000,3635,126,6339.8,5,0.0024968789013732834,1602,1.26803513002037,12.714285714285714,1
154000,3663,186,5007.2,5,0.0,2884,1.0475607830908733,15.505376344086022,0
154000,3792,226,4878.666666666667,6,0.003454629203132197,4342,1.0682743599253568,19.212389380530972,1
154000,3992,378,5025.333333333333,6,0.0022935779816513763,5232,0.4601442502612412,13.841269841269842,1
154000,4042,256,5465.857142857143,7,0.0010436597669159853,5749,1.1023569436943188,22.45703125,1
154000,4329,283,4181.625,8,0.003500583430571762,7713,1.2102088495118217,27.25441696113074,1
154000,4352,568,5152.375,8,0.001965824890367458,6613,0.2575797487873103,11.642605633802816,1
154000,4405,152,5782.8,5,0.0025906735751295338,1930,1.0497357724079468,12.697368421052632,1
154000,4490,277,6300.666666666667,6,0.0008503401360544217,3528,0.5778018158383291,12.736462093862816,1
154000,4501,205,4011.0,6,0.0,3216,0.961652537674696,15.68780487804878,0
154000,4596,249,5172.857142857143,7,0.0033085194375516956,4836,0.9801610988700338,19.42168674698795,1
154000,4773,281,4686.428571428572,7,0.003394332939787485,6776,1.0783770124858825,24.11387900355872,1
154000,4809,376,4569.222222222223,9,0.0009755040104053761,9226,0.8200637681648775,24.53723404255319,1
154000,4843,164,5990.0,4,0.005,2400,1.1213299179975467,14.634146341463415,1
154000,4858,230,5484.142857142857,7,0.0016814797021378813,4163,0.9889187309560914,18.1,1
154000,4920,125,5962.2,5,0.003869969040247678,1292,1.0390880533601312,10.336,1
156000,0,1637,4866.0888888888885,45,0.0,9484,0.044473780727585996,5.793524740378742,0
156000,45,194,5823.4,5,0.0017657445556209534,3398,1.1345660364436303,17.515463917525775,1
156000,162,338,3907.0,6,0.000709891150023663,4226,0.4648426369549548,12.502958579881657,1
156000,277,233,5411.0,7,0.002028809089064719,4929,1.1409243264413853,21.15450643776824,1
156000,308,292,4736.75,8,0.002771545466543487,7577,1.116712682316094,25.948630136986303,1
156000,336,121,6289.6,5,0.0014275517487508922,1401,1.2024783300810873,11.578512396694215,1
156000,370,235,5539.166666666667,6,0.002328288707799767,4295,0.9773211731765079,18.27659574468085,1
156000,552,154,6110.2,5,0.0,2203,1.1673011664459967,14.305194805194805,0
156000,563,247,5735.833333333333,6,0.0025224657102317517,6343,1.3065037749656645,25.68016194331984,1
156000,717,284,4845.571428571428,7,0.0036312849162011174,7160,1.1155427196837393,25.211267605633804,1
156000,775,96,6198.0,4,0.0,722,0.9844747812030514,7.520833333333333,0
156000,903,433,4898.5,8,0.001541623843782117,5838,0.39128947109765827,13.482678983833718,1
156000,969,272,4812.875,8,0.0034901365705614566,6590,1.1193282648765537,24.227941176470587,1
156000,1245,322,4005.6666666666665,6,0.003909304143862392,5116,0.6200527763498855,15.888198757763975,1
156000,1266,246,5972.6,5,0.002407318247472316,2077,0.4312967110520193,8.44308943089431,1
156000,1304,198,5340.166666666667,6,0.0030165912518853697,3315,1.0625833738037103,16.742424242424242,1
156000,1616,231,5176.5,6,0.002966185485465691,5057,1.1909097692474715,21.89177489177489,1
156000,1733,373,5537.0,7,0.0037649027400125496,4781,0.43182814443610756,12.817694369973191,1
156000,1952,190,6157.5,4,0.00678866587957497,3388,1.1793591036412432,17.83157894736842,1
156000,2010,140,4305.6,5,0.0,1611,1.032878727537379,11.507142857142858,0
156000,2147,279,5942.333333333333,6,0.004054809843400447,7152,1.1545931146040878,25.634408602150536,1
156000,2175,218,6033.2,5,0.005291005291005291,4536,1.1994162340445502,20.807339449541285,1
156000,2198,215,4714.0,6,0.0,4174,1.134711323836348,19.413953488372094,0
156000,2270,244,5567.333333333333,6,0.005747126436781609,5046,1.0650682968297565,20.68032786885246,1
156000,2281,359,4813.142857142857,7,0.0008449514152936206,4734,0.461582378227794,13.186629526462395,1
156000,2439,112,5968.0,5,0.0019646365422396855,1018,1.0198154723706663,9.089285714285714,1
156000,2576,380,6048.5,6,0.004584288393415295,4799,0.4176316660547761,12.628947368421052,1
156000,2602,391,4462.428571428572,7,0.0023515579071134627,5103,0.4194516600825142,13.051150895140665,1
156000,2744,229,5878.2,5,0.004524886877828055,4641,1.1121169699517728,20.266375545851528,1
156000,2750,252,6463.5,6,0.004407713498622589,5445,1.0774736708740504,21.607142857142858,1
156000,2797,374,4898.833333333333,6,0.0,5096,0.45782138930748906,13.62566844919786,0
156000,2804,163,5337.6,5,0.0,2398,1.1341848294340509,14.71165644171779,0
156000,2873,306,6089.333333333333,6,0.0045166015625,8192,1.0994030936053478,26.77124183006536,1
156000,2907,254,4146.166666666667,6,0.0,5305,1.0333033062988315,20.885826771653544,0
156000,2953,225,7666.2,5,0.005100113335851908,5294,1.3141010574304683,23.52888888888889,1
156000,3129,460,4719.0,7,0.00393999090771329,6599,0.3918973520045188,14.345652173913043,1
156000,3137,283,5187.666666666667,6,0.005454284483995981,6967,1.0931576629779416,24.618374558303888,1
156000,3309,244,5631.0,7,0.0022242817423540314,5395,1.1387323546168326,22.110655737704917,1
156000,3350,293,5307.5,6,0.0032414910858995136,3085,0.45157489714845894,10.52901023890785,1
156000,3469,129,5715.0,5,0.0,1559,1.1772713050769756,12.085271317829458,0
156000,3614,217,5584.0,5,0.0037602820211515863,4255,1.1355073788803813,19.608294930875577,1
156000,3619,51,5784.5,4,0.0,278,1.3431184278323145,5.450980392156863,0
156000,3635,123,6492.6,5,0.0019342359767891683,1551,1.2882834835660704,12.609756097560975,1
156000,3663,186,5022.0,5,0.0,2858,1.0381167538397074,15.365591397849462,0
156000,3792,226,4984.166666666667,6,0.004346831388698238,4371,1.0754093107401508,19.34070796460177,1
156000,3992,379,5135.5,6,0.002105263157894737,5225,0.45710685988002503,13.786279683377309,1
156000,4042,256,5548.571428571428,7,0.0013857613026156245,5773,1.1069588860579758,22.55078125,1
156000,4329,283,4256.5,8,0.0024525622821737446,7747,1.215543622088433,27.374558303886925,1
156000,4352,569,5242.375,8,0.0006037735849056604,6625,0.25714093210772615,11.64323374340949,1
156000,4405,150,5913.0,5,0.0031628887717448603,1897,1.0594846691306379,12.646666666666667,1
156000,4490,277,6419.333333333333,6,0.0011337868480725624,3528,0.5778018158383291,12.736462093862816,1
156000,4501,205,3995.1666666666665,6,0.0,3256,0.9736133901333366,15.882926829268293,0
156000,4596,250,5287.666666666667,6,0.002263840296357275,4859,0.9769599170427394,19.436,1
156000,4773,280,4785.142857142857,7,0.0025011034279829336,6797,1.0894594523698888,24.275,1
156000,4809,378,4631.111111111111,9,0.001186367558239862,9272,0.8154544129247379,24.52910052910053,1
156000,4843,162,6161.0,4,0.005894736842105263,2375,1.1372172766766893,14.660493827160494,1
156000,4858,230,5589.857142857143,7,0.001678254615200192,4171,0.9908191272682818,18.13478260869565,1
156000,4920,124,6107.0,5,0.010342084327764518,1257,1.0273106049850078,10.137096774193548,1
158000,0,1715,4849.934782608696,46,0.0,10158,0.04340000941806916,5.923032069970845,0
158000,45,194,5951.0,5,0.005654761904761905,3360,1.1218781290319593,17.31958762886598,1
158000,162,343,4768.571428571428,7,0.0006938020351526364,4324,0.46185676492353583,12.606413994169095,1
158000,277,235,5503.142857142857,7,0.0016145307769929364,4955,1.1275032393689397,21.085106382978722,1
158000,308,294,4811.125,8,0.0032808398950131233,7620,1.1078224823154346,25.918367346938776,1
158000,336,117,6424.2,5,0.0037537537537537537,1332,1.222763215598394,11.384615384615385,1
158000,370,233,5651.833333333333,6,0.004197761194029851,4288,0.9925509254982064,18.40343347639485,1
158000,552,152,6125.2,5,0.0,2169,1.1797289587320396,14.269736842105264,0
158000,563,247,5831.5,6,0.002987421383647799,6360,1.3100053616240936,25.748987854251013,1
158000,717,284,4925.857142857143,7,0.0023660403618649965,7185,1.119437771079283,25.299295774647888,1
158000,775,89,6223.0,4,0.0,598,0.9487046619602052,6.719101123595506,0
158000,903,434,4969.875,8,0.0015392508978963571,5847,0.3900888157646057,13.472350230414747,1
158000,969,273,4886.375,8,0.004563431700638881,6574,1.1084453087898294,24.08058608058608,1
158000,1245,321,4117.166666666667,6,0.004885675200312683,5117,0.6240440061109256,15.940809968847352,1
158000,1266,245,6110.4,5,0.002932551319648094,2046,0.4283347651308433,8.351020408163265,1
158000,1304,197,5449.166666666667,6,0.0024125452352231603,3316,1.073722202510114,16.83248730964467,1
158000,1616,230,5271.166666666667,6,0.00535077288941736,5046,1.1986749739141094,21.93913043478261,1
158000,1733,378,5622.428571428572,7,0.0037476577139287947,4803,0.42241453249326105,12.706349206349206,1
158000,1952,192,6305.5,4,0.004740740740740741,3375,1.1504855909142309,17.578125,1
158000,2010,137,4320.8,5,0.0,1557,1.0424550613542134,11.364963503649635,0
158000,2147,279,6029.5,6,0.004759904801903962,7143,1.1531401870269855,25.602150537634408,1
158000,2175,217,6161.8,5,0.0055273048861375195,4523,1.2070269975736698,20.84331797235023,1
158000,2198,215,4706.833333333333,6,0.0,4166,1.1325365057743713,19.376744186046512,0
158000,2270,244,5668.666666666667,6,0.007125890736342043,5052,1.0663347276226576,20.704918032786885,1
158000,2281,356,4898.714285714285,7,0.0006346519991537973,4727,0.4687005578057995,13.27808988764045,1
158000,2439,107,6109.0,5,0.0,953,1.0460084894300195,8.906542056074766,0
158000,2576,379,6165.5,6,0.004172751929897768,4793,0.419313527158844,12.646437994722955,1
158000,2602,391,4534.714285714285,7,0.003125,5120,0.420849010312066,13.09462915601023,1
158000,2744,228,6006.4,5,0.003250975292587776,4614,1.1153669208728305,20.236842105263158,1
158000,2750,251,6558.5,6,0.004234167893961708,5432,1.0834832014920244,21.641434262948206,1
158000,2797,374,4907.166666666667,6,0.0,5082,0.45656363823796303,13.588235294117647,0
158000,2804,161,5341.6,5,0.0,2363,1.1455705320678495,14.677018633540373,0
158000,2873,306,6192.333333333333,6,0.005147058823529412,8160,1.0951085502709519,26.666666666666668,1
158000,2907,254,4144.5,6,0.0,5293,1.0309659566898615,20.838582677165356,0
158000,2953,225,7801.2,5,0.004573170731707317,5248,1.3026827256129765,23.324444444444445,1
158000,3129,461,4802.571428571428,7,0.004073627036813518,6628,0.3919137611434757,14.377440347071584,1
158000,3137,280,5297.666666666667,6,0.005603448275862069,6960,1.1155859627033142,24.857142857142858,1
158000,3309,242,5724.142857142857,7,0.0020340236686390532,5408,1.1604216290290008,22.34710743801653,1
158000,3350,290,5412.5,6,0.003939592908732764,3046,0.45513870263184353,10.50344827586207,1
158000,3469,127,5733.4,5,0.0,1523,1.1865944848204488,11.992125984251969,0
158000,3614,218,5703.8,5,0.004964539007092199,4230,1.1185032341288466,19.40366972477064,1
158000,3619,15,5848.25,4,0.0,28,1.5638150097869192,1.8666666666666667,0
158000,3635,121,6638.4,5,0.0026720106880427524,1497,1.2848751321423182,12.37190082644628,1
158000,3663,185,5042.0,5,0.0,2831,1.0394563976406375,15.302702702702703,0
158000,3792,225,5086.5,6,0.004318181818181818,4400,1.0921882608035627,19.555555555555557,1
158000,3992,380,5234.333333333333,6,0.0021064726158559937,5222,0.45444312567994183,13.742105263157894,1
158000,4042,256,5622.857142857143,7,0.0018972059330803726,5798,1.1117525760201183,22.6484375,1
158000,4329,286,4324.25,8,0.002828127008612932,7779,1.1950926330028364,27.1993006993007,1
158000,4352,570,5328.375,8,0.0010554885404101327,6632,0.2565102182654049,11.635087719298246,1
158000,4405,148,6041.0,5,0.003767491926803014,1858,1.065938486188794,12.554054054054054,1
158000,4490,276,6534.166666666667,6,0.0008539709649871904,3513,0.5795218962434858,12.728260869565217,1
158000,4501,205,3982.0,6,0.0,3279,0.9804908802970547,15.995121951219513,0
158000,4596,256,5388.5,6,0.002649276543713063,4907,0.9409054657693552,19.16796875,1
158000,4773,279,4886.857142857143,7,0.003524229074889868,6810,1.0993818666741946,24.408602150537636,1
158000,4809,386,4680.888888888889,9,0.000961641200983011,9359,0.7893410734502101,24.246113989637305,1
158000,4843,161,6325.75,4,0.006823027718550106,2345,1.1368442224710567,14.565217391304348,1
158000,4858,229,5701.571428571428,7,0.0023957834211787254,4174,1.0002103496183365,18.22707423580786,1
158000,4920,123,6244.0,5,0.008210180623973728,1218,1.0116887704600088,9.902439024390244,1
160000,0,1779,4843.065217391304,46,0.0,10843,0.04305339717587598,6.094997189432266,0
160000,45,193,6080.4,5,0.0026929982046678637,3342,1.127461424284903,17.316062176165804,1
160000,162,347,6188.142857142857,7,0.000457351932311914,4373,0.4563839804050583,12.602305475504323,1
160000,277,235,5591.142857142857,7,0.0024057738572574178,4988,1.1350123426785614,21.22553191489362,1
160000,308,296,4885.75,8,0.0030026109660574412,7660,1.098639505409871,25.87837837837838,1
160000,336,116,6556.2,5,0.002362204724409449,1270,1.186035276474149,10.948275862068966,1
160000,370,237,5749.5,6,0.0037148827490132343,4307,0.963580591359023,18.172995780590718,1
160000,552,150,6141.0,5,0.0,2135,1.192408944962526,14.233333333333333,0
160000,563,246,5926.333333333333,6,0.002192638997650744,6385,1.32586880118784,25.95528455284553,1
160000,717,284,5008.285714285715,7,0.0036081043574798777,7206,1.1227096142515398,25.37323943661972,1
160000,775,78,6248.75,4,0.0,457,0.9439236309602469,5.858974358974359,0
160000,903,434,5041.0,8,0.0010256410256410256,5850,0.39028896395124746,13.47926267281106,1
160000,969,272,4964.625,8,0.0038138825324180014,6555,1.1133834258369968,24.09926470588235,1
160000,1245,322,4220.166666666667,6,0.0054655475307437045,5123,0.6209011675606847,15.909937888198758,1
160000,1266,242,6232.4,5,0.00396235760277365,2019,0.4332269358375652,8.34297520661157,1
160000,1304,196,5564.5,6,0.0024140012070006035,3314,1.0840522755098474,16.908163265306122,1
160000,1616,231,5364.333333333333,6,0.003572846367606193,5038,1.1864353208362195,21.80952380952381,1
160000,1733,373,6683.666666666667,6,0.0018919487071683834,4757,0.4296604231505048,12.753351206434317,1
160000,1952,190,6459.5,4,0.00714711137581894,3358,1.1689161363716924,17.673684210526314,1
160000,2010,134,4326.2,5,0.0,1497,1.0476641128144175,11.171641791044776,0
160000,2147,278,6119.166666666667,6,0.003930927979783799,7123,1.1581990824243102,25.62230215827338,1
160000,2175,217,6291.0,5,0.004661487236403996,4505,1.2022234410942698,20.76036866359447,1
160000,2198,214,4696.666666666667,6,0.0,4157,1.140676099307605,19.425233644859812,0
160000,2270,243,5777.833333333333,6,0.006723353767055566,5057,1.0761932665551377,20.810699588477366,1
160000,2281,357,4987.285714285715,7,0.0006362672322375398,4715,0.46489527141604486,13.207282913165265,1
160000,2439,105,6249.8,5,0.0,886,1.0098688765825148,8.438095238095238,0
160000,2576,377,6284.0,6,0.0048167539267015705,4775,0.42218280353457105,12.6657824933687,1
160000,2602,392,4607.571428571428,7,0.003111024693758507,5143,0.4205854596369301,13.119897959183673,1
160000,2744,228,6135.0,5,0.004568196649989123,4597,1.1112574198639795,20.162280701754387,1
160000,2750,251,6655.333333333333,6,0.004994450610432853,5406,1.078297162604176,21.53784860557769,1
160000,2797,373,4915.333333333333,6,0.0,5063,0.4572988695419394,13.57372654155496,0
160000,2804,160,5343.4,5,0.0,2333,1.1452086970039042,14.58125,0
160000,2873,306,6293.833333333333,6,0.0036891293654697493,8132,1.0913508248533554,26.575163398692812,1
160000,2907,254,4140.666666666667,6,0.0,5284,1.029212944483134,20.80314960629921,0
160000,2953,224,7937.8,5,0.004986574606827772,5214,1.3058246249854257,23.276785714285715,1
160000,3129,462,4883.285714285715,7,0.003758833258156668,6651,0.391573110305761,14.396103896103897,1
160000,3137,281,5408.666666666667,6,0.005176876617773943,6954,1.1067050981149387,24.747330960854093,1
160000,3309,245,5819.0,7,0.0022132054592401327,5422,1.135108062824747,22.13061224489796,1
160000,3350,288,5526.5,6,0.003667889296432144,2999,0.45436132176484323,10.413194444444445,1
160000,3469,125,5751.0,5,0.0,1471,1.18304839511823,11.768,0
160000,3614,216,5826.8,5,0.00523934270064301,4199,1.1309625816549675,19.439814814814813,1
160000,3635,121,6785.2,5,0.0027624309392265192,1448,1.2428184310902317,11.96694214876033,1
160000,3663,184,5055.8,5,0.0,2813,1.0441044582405585,15.28804347826087,0
160000,3792,226,5190.0,6,0.0038452838724270526,4421,1.0877109500760025,19.561946902654867,1
160000,3992,379,5336.666666666667,6,0.0017251293847038527,5217,0.45640698334815133,13.765171503957784,1
160000,4042,255,5699.142857142857,7,0.001890359168241966,5819,1.1245476448282357,22.819607843137256,1
160000,4329,284,4394.0,8,0.0037165192874535433,7803,1.2157234415771254,27.475352112676056,1
160000,4352,571,5407.125,8,0.0010558069381598793,6630,0.2555354607954255,11.611208406304728,1
160000,4405,147,6170.2,5,0.0027397260273972603,1825,1.0612997533993007,12.414965986394558,1
160000,4490,274,6647.333333333333,6,0.0014232849416453174,3513,0.5880129464575067,12.821167883211679,1
160000,4501,205,3965.8333333333335,6,0.0,3310,0.9897605409525012,16.146341463414632,0
160000,4596,253,6623.0,5,0.003909465020576132,4860,0.9541245947567619,19.209486166007906,1
160000,4773,279,4970.142857142857,7,0.0030755711775043936,6828,1.1022877218283993,24.473118279569892,1
160000,4809,388,5226.111111111111,9,0.0009565309809756616,9409,0.7853981633974483,24.25,1
160000,4843,160,6492.5,4,0.00432152117545376,2314,1.1358820938135594,14.4625,1
160000,4858,229,5800.428571428572,7,0.0019125029882859192,4183,1.0023670082543128,18.266375545851528,1
160000,4920,120,6382.2,5,0.007575757575757576,1188,1.0367255756846316,9.9,1
162000,0,1848,4834.978260869565,46,0.0,11584,0.042625008549296496,6.268398268398268,0
162000,45,191,6216.2,5,0.004820729135281711,3319,1.1432741445974095,17.376963350785342,1
162000,162,347,6281.285714285715,7,0.0006808896958692692,4406,0.4598279939777468,12.697406340057636,1
162000,277,235,5688.857142857143,7,0.001988466892026248,5029,1.1443418346693035,21.4,1
162000,308,296,4969.625,8,0.003898635477582846,7695,1.1036593987113523,25.99662162162162,1
162000,336,113,6704.2,5,0.0033112582781456954,1208,1.188830425416703,10.690265486725664,1
162000,370,237,5851.666666666667,6,0.004170528266913809,4316,0.9655941101243424,18.21097046413502,1
162000,552,149,6163.0,5,0.0,2102,1.189789245141344,14.10738255033557,0
162000,563,248,6025.333333333333,6,0.004047322540473225,6424,1.3125384499649344,25.903225806451612,1
162000,717,284,5098.571428571428,7,0.003320420586607637,7228,1.1261372594796184,25.450704225352112,1
162000,775,61,6287.0,4,0.0,285,0.9624874026047741,4.672131147540983,0
162000,903,434,5120.375,8,0.0015355741341068077,5861,0.39102284063560017,13.504608294930875,1
162000,969,272,5046.375,8,0.004440361353544633,6531,1.1093069647813008,24.011029411764707,1
162000,1245,322,4329.333333333333,6,0.003711662434069154,5119,0.6204163725830851,15.897515527950311,1
162000,1266,241,6370.6,5,0.004515805318615153,1993,0.43120429459578574,8.269709543568466,1
162000,1304,197,5684.333333333333,6,0.0024176488365064974,3309,1.0714555995494472,16.79695431472081,1
162000,1616,232,5463.5,6,0.003572846367606193,5038,1.1762294730072367,21.71551724137931,1
162000,1733,372,6815.666666666667,6,0.0044472681067344345,4722,0.42879525119236334,12.693548387096774,1
162000,1952,188,6626.5,4,0.009930785434848028,3323,1.181474919406845,17.675531914893618,1
162000,2010,132,4328.6,5,0.0,1433,1.033494552937138,10.856060606060606,0
162000,2147,280,6216.5,6,0.0044994375703037125,7112,1.1399493343025822,25.4,1
162000,2175,218,6428.2,5,0.004669779853235491,4497,1.1891037928788233,20.628440366972477,1
162000,2198,215,4688.0,6,0.0,4155,1.1295461309391532,19.325581395348838,0
162000,2270,242,5893.833333333333,6,0.006943066851815116,5041,1.0816726020590224,20.830578512396695,1
162000,2281,358,5082.571428571428,7,0.0010626992561105207,4705,0.4613212270259972,13.14245810055866,1
162000,2439,101,6404.0,5,0.0024691358024691358,810,0.9978198409598009,8.01980198019802,1
162000,2576,376,6413.5,6,0.005453020134228188,4768,0.4238092398233401,12.680851063829786,1
162000,2602,392,4684.714285714285,7,0.002711076684740511,5164,0.4223028025598108,13.173469387755102,1
162000,2744,227,6283.0,5,0.003934426229508197,4575,1.11570466263062,20.154185022026432,1
162000,2750,251,6760.166666666667,6,0.005373355567908097,5397,1.0765019952968438,21.50199203187251,1
162000,2797,373,4912.5,6,0.0,5067,0.4576601564228732,13.584450402144773,0
162000,2804,159,5346.4,5,0.0,2305,1.1457412391162491,14.49685534591195,0
162000,2873,303,6403.333333333333,6,0.005558987029030266,8095,1.1080043364292989,26.716171617161717,1
162000,2907,254,4134.0,6,0.0,5286,1.0296025027512956,20.811023622047244,0
162000,2953,223,8088.6,5,0.006208769887466045,5154,1.3024004936034743,23.112107623318387,1
162000,3129,462,4975.857142857143,7,0.003895714713814804,6674,0.3929272196933768,14.445887445887445,1
162000,3137,280,5528.666666666667,6,0.0050323508267433505,6955,1.11478453600597,24.839285714285715,1
162000,3309,244,5925.0,7,0.002208317997791682,5434,1.146964154770689,22.270491803278688,1
162000,3350,282,5644.0,6,0.004758667573079538,2942,0.4648944010291822,10.432624113475176,1
162000,3469,123,5766.8,5,0.0,1425,1.1836260245529657,11.585365853658537,0
162000,3614,214,5967.0,5,0.0060139523694972335,4157,1.140676099307605,19.425233644859812,1
162000,3635,117,6946.4,5,0.002167630057803468,1384,1.2704987165076407,11.82905982905983,1
162000,3663,183,5064.4,5,0.0,2775,1.0412875408297262,15.163934426229508,0
162000,3792,227,5303.333333333333,6,0.004483299708585519,4461,1.0879034972667094,19.651982378854626,1
162000,3992,379,5448.666666666667,6,0.002111324376199616,5210,0.45579459138276185,13.7467018469657,1
162000,4042,255,5782.0,7,0.002393162393162393,5850,1.130538532779718,22.941176470588236,1
162000,4329,284,4468.875,8,0.002804333970681963,7845,1.2222671279216388,27.62323943661972,1
162000,4352,571,5491.125,8,0.0009057971014492754,6624,0.25530420698475087,11.600700525394046,1
162000,4405,146,6303.4,5,0.004471771939631079,1789,1.0546649009705649,12.253424657534246,1
162000,4490,273,6768.166666666667,6,0.0002852253280091272,3506,0.5911483499569732,12.842490842490843,1
162000,4501,206,3953.8333333333335,6,0.0,3318,0.9825435408248594,16.106796116504853,0
162000,4596,252,6786.8,5,0.002902155887230514,4824,0.954588243947919,19.142857142857142,1
162000,4773,278,5059.714285714285,7,0.002628888564334745,6847,1.113321510228731,24.6294964028777,1
162000,4809,388,5299.555555555556,9,0.000847457627118644,9440,0.7879858287248286,24.329896907216494,1
162000,4843,159,6673.5,4,0.006550218340611353,2290,1.1382852223757962,14.40251572327044,1
162000,4858,230,5898.428571428572,7,0.0033428844317096467,4188,0.9948574694316864,18.208695652173912,1
162000,4920,117,6530.8,5,0.008695652173913044,1150,1.0556889624160308,9.82905982905983,1
164000,0,1912,4831.586956521739,46,0.0,12265,0.04216010081261578,6.414748953974895,0
164000,45,189,6345.8,5,0.0015211439002129601,3287,1.1563410937375382,17.391534391534393,1
164000,162,349,6367.571428571428,7,0.0004508566275924256,4436,0.4576679998136082,12.710601719197708,1
164000,277,237,6686.285714285715,7,0.0019470404984423676,5136,1.1490480420756772,21.670886075949365,1
164000,308,297,5052.875,8,0.0032333160889808587,7732,1.1015109296129093,26.033670033670035,1
164000,336,109,6844.4,5,0.0026431718061674008,1135,1.2004739203179582,10.412844036697248,1
164000,370,237,5949.666666666667,6,0.0057670126874279125,4335,0.9698448719622392,18.29113924050633,1
164000,552,148,6197.2,5,0.0,2059,1.1812526065999605,13.912162162162161,0
164000,563,248,6950.5,6,0.0032193775869998466,6523,1.3327659260774076,26.302419354838708,1
164000,717,284,5181.142857142857,7,0.0028921636138272964,7261,1.1312787273217362,25.566901408450704,1
164000,903,434,5192.25,8,0.001702127659574468,5875,0.39195686550659464,13.536866359447005,1
164000,969,272,5441.857142857143,7,0.0040024630541871924,6496,1.1033621257417439,23.88235294117647,1
164000,1245,323,4428.166666666667,6,0.005083088954056696,5115,0.6160989340686402,15.8359133126935,1
164000,1266,240,6495.8,5,0.0050916496945010185,1964,0.42847833136460795,8.183333333333334,1
164000,1304,196,5796.833333333333,6,0.0018143332325370426,3307,1.0817624849460064,16.872448979591837,1
164000,1616,231,5556.0,6,0.00438159729137622,5021,1.1824318669945728,21.735930735930737,1
164000,1733,368,6938.333333333333,6,0.004490057729313663,4677,0.4339918726618461,12.709239130434783,1
164000,1952,187,6775.5,4,0.007263922518159807,3304,1.187317009632609,17.668449197860962,1
164000,2010,129,4326.0,5,0.0,1372,1.0360591600805713,10.635658914728682,0
164000,2147,279,6307.0,6,0.005207600281491907,7105,1.1470056039236638,25.46594982078853,1
164000,2175,217,6557.2,5,0.0046822742474916385,4485,1.1968861561171587,20.668202764976957,1
164000,2198,214,4679.666666666667,6,0.0,4147,1.1379321106155011,19.378504672897197,0
164000,2270,243,6001.0,6,0.007730426164519326,5045,1.0736395154776885,20.761316872427983,1
164000,2281,356,5168.428571428572,7,0.0004253509145044662,4702,0.46622170992233325,13.207865168539326,1
164000,2439,95,6543.8,5,0.006858710562414266,729,1.0150564186003141,7.673684210526316,1
164000,2576,376,6535.0,6,0.003987408184679958,4765,0.4235425813251291,12.672872340425531,1
164000,2602,394,4755.142857142857,7,0.0030840400925212026,5188,0.41996914856924544,13.16751269035533,1
164000,2744,228,6415.0,5,0.0043859649122807015,4560,1.1023132117858923,20.0,1
164000,2750,250,6858.0,6,0.0037160906726124115,5382,1.082115306343697,21.528,1
164000,2797,372,4915.333333333333,6,0.0,5052,0.4587618824701016,13.580645161290322,0
164000,2804,158,5351.6,5,0.0,2260,1.137638102405533,14.30379746835443,0
164000,2873,305,6508.166666666667,6,0.0053336641032001985,8062,1.0890629389192545,26.432786885245903,1
164000,2907,254,4128.0,6,0.0,5285,1.0294077236172148,20.80708661417323,0
164000,2953,225,8243.2,5,0.004684755026351747,5123,1.271654650021966,22.76888888888889,1
164000,3129,461,5058.714285714285,7,0.004170390229371462,6714,0.3969989427153433,14.563991323210413,1
164000,3137,281,5638.5,6,0.005888266551773661,6963,1.1081374170512395,24.77935943060498,1
164000,3309,244,6029.714285714285,7,0.0027548209366391185,5445,1.1492859445576742,22.315573770491802,1
164000,3350,282,5602.6,5,0.0031088082901554403,2895,0.45746746804197225,10.26595744680851,1
164000,3469,120,5787.4,5,0.0,1376,1.2007865253720986,11.466666666666667,0
164000,3614,213,6088.0,5,0.004594921402660218,4135,1.1453182236852295,19.413145539906104,1
164000,3635,116,7092.8,5,0.0037509377344336083,1333,1.2448700972756226,11.491379310344827,1
164000,3663,182,5072.8,5,0.0,2744,1.0410011159824168,15.076923076923077,0
164000,3792,227,5413.5,6,0.00445335114673792,4491,1.0952195934151068,19.784140969162994,1
164000,3992,378,5547.666666666667,6,0.003075148952527388,5203,0.4575937565193498,13.764550264550264,1
164000,4042,255,6834.666666666667,6,0.002214650766609881,5870,1.1344036217806743,23.019607843137255,1
164000,4329,285,5186.142857142857,7,0.003560528992878942,7864,1.216644364559194,27.59298245614035,1
164000,4352,571,5565.625,8,0.0021132075471698114,6625,0.25534274928653,11.60245183887916,1
164000,4405,144,6426.2,5,0.004561003420752566,1754,1.0629539958326577,12.180555555555555,1
164000,4490,272,6878.333333333333,6,0.001713796058269066,3501,0.5946537564996683,12.871323529411764,1
164000,4501,206,3939.8333333333335,6,0.0,3331,0.9863931689233293,16.16990291262136,0
164000,4596,252,6942.0,5,0.00395503746877602,4804,0.950630581244984,19.063492063492063,1
164000,4773,278,5139.428571428572,7,0.0032074646449919814,6859,1.1152727090198433,24.672661870503596,1
164000,4809,389,5366.333333333333,9,0.0010547410610695074,9481,0.78734451791053,24.372750642673523,1
164000,4843,157,6843.75,4,0.004860804242156429,2263,1.1537058988313849,14.414012738853502,1
164000,4858,228,5997.285714285715,7,0.0035773908895778677,4193,1.0135963370654049,18.390350877192983,1
164000,4920,116,6665.4,5,0.0036036036036036037,1110,1.0366135093592956,9.568965517241379,1
166000,0,1975,4821.282608695652,46,0.0,12959,0.041749103487641215,6.561518987341772,0
166000,45,192,6474.0,5,0.0027506112469437654,3272,1.1153744751026262,17.041666666666668,1
166000,162,349,6457.0,7,0.001347103726986978,4454,0.4595250836721846,12.7621776504298,1
166000,277,244,6785.857142857143,7,0.002126425671757201,5173,1.0918744152794948,21.200819672131146,1
166000,308,300,5132.5,8,0.003854059609455293,7784,1.086851431801909,25.946666666666665,1
166000,336,108,6982.2,5,0.004672897196261682,1070,1.1527791973048966,9.907407407407407,1
166000,370,236,6048.833333333333,6,0.006000461573967228,4333,0.9776300609023681,18.360169491525422,1
166000,552,147,6203.6,5,0.0,2029,1.1799327121354417,13.802721088435375,0
166000,563,253,7051.166666666667,6,0.003051571559353067,6554,1.286693949390086,25.90513833992095,1
166000,717,285,5265.285714285715,7,0.0030240549828178696,7275,1.125519805718227,25.526315789473685,1
166000,903,434,5266.875,8,0.0020429009193054137,5874,0.3918901494443808,13.534562211981568,1
166000,969,272,5534.571428571428,7,0.0037100015458339775,6469,1.0987761070540858,23.783088235294116,1
166000,1245,323,4529.333333333333,6,0.0056640625,5120,0.6167011813160191,15.85139318885449,1
166000,1266,237,6628.0,5,0.0030943785456420837,1939,0.4338014317727294,8.181434599156118,1
166000,1304,196,5910.666666666667,6,0.002721499848805564,3307,1.0817624849460064,16.872448979591837,1
166000,1616,230,5650.333333333333,6,0.0035935316430425234,5009,1.1898856409702285,21.778260869565216,1
166000,1733,367,7058.5,6,0.005139186295503212,4670,0.4357070790417728,12.724795640326976,1
166000,1952,188,6930.25,4,0.004549590536851683,3297,1.1722307581355305,17.53723404255319,1
166000,2010,126,4328.0,5,0.0,1300,1.0289923027630967,10.317460317460318,0
166000,2147,279,6396.166666666667,6,0.004655099449851883,7089,1.1444226215643707,25.408602150537636,1
166000,2175,217,6687.0,5,0.004915102770330653,4476,1.1944843778774588,20.62672811059908,1
166000,2198,214,4668.166666666667,6,0.0,4141,1.1362857174002388,19.350467289719628,0
166000,2270,245,6106.5,6,0.005553351844506148,5042,1.0555541963781583,20.579591836734693,1
166000,2281,354,5256.714285714285,7,0.0008532423208191126,4688,0.4701007488278895,13.242937853107344,1
166000,2439,90,6694.0,5,0.0,639,0.9913470151327791,7.1,0
166000,2576,374,6659.666666666667,6,0.0052565180824222036,4756,0.4272760061904274,12.716577540106952,1
166000,2602,395,4826.714285714285,7,0.003263582261470532,5209,0.4195367699419768,13.187341772151898,1
166000,2744,228,6543.6,5,0.004174906613931004,4551,1.100137593604736,19.960526315789473,1
166000,2750,249,6959.5,6,0.005977956286194657,5353,1.084946725031284,21.497991967871485,1
166000,2797,372,4910.5,6,0.0,5041,0.45776299476084364,13.551075268817204,0
166000,2804,156,5351.4,5,0.0,2229,1.1509878410341303,14.288461538461538,0
166000,2873,303,6598.666666666667,6,0.002985445950988929,8039,1.100339328048812,26.53135313531353,1
166000,2907,253,4124.5,6,0.0,5291,1.0387393479131743,20.91304347826087,0
166000,2953,222,8383.2,5,0.004132231404958678,5082,1.2958017908889967,22.89189189189189,1
166000,3129,461,5143.0,7,0.003404381290704559,6756,0.3994824034829996,14.655097613882864,1
166000,3137,279,5740.0,6,0.006179936763437769,6958,1.123274453497657,24.939068100358423,1
166000,3309,244,6114.285714285715,7,0.0025655121861828845,5457,1.1518188061434762,22.364754098360656,1
166000,3350,279,5738.6,5,0.0038569424964936885,2852,0.46041660554402386,10.222222222222221,1
166000,3469,118,5809.8,5,0.0,1325,1.1958087520845953,11.228813559322035,0
166000,3614,213,6213.8,5,0.00535279805352798,4110,1.1383936878709293,19.295774647887324,1
166000,3635,112,7227.4,5,0.0015735641227380016,1271,1.2732666654058122,11.348214285714286,1
166000,3663,180,5079.0,5,0.0,2706,1.0495246568659233,15.033333333333333,0
166000,3792,229,5502.5,6,0.004406256884776382,4539,1.0876748387440416,19.820960698689955,1
166000,3992,377,5650.5,6,0.0017321016166281756,5196,0.4594056224430641,13.782493368700266,1
166000,4042,252,6952.0,6,0.002236751548520303,5812,1.1500967814729073,23.063492063492063,1
166000,4329,284,5289.285714285715,7,0.0037065439672801636,7824,1.2189952847493821,27.549295774647888,1
166000,4352,575,5645.625,8,0.0010583610523132749,6614,0.25138442417654916,11.502608695652174,1
166000,4405,142,6555.2,5,0.0029171528588098016,1714,1.0681788947139268,12.070422535211268,1
166000,4490,270,6989.0,6,0.0011458034947006588,3491,0.601772288267872,12.92962962962963,1
166000,4501,205,3924.0,6,0.0,3344,0.9999272655423457,16.31219512195122,0
166000,4596,249,7089.8,5,0.0033578174186778592,4765,0.9657708097840592,19.136546184738958,1
166000,4773,278,5223.142857142857,7,0.003629500580720093,6888,1.119988106098364,24.776978417266186,1
166000,4809,391,5434.0,9,0.0013688533221017163,9497,0.7806255958854865,24.28900255754476,1
166000,4843,156,7015.0,4,0.006269592476489028,2233,1.1530533194388575,14.314102564102564,1
166000,4858,228,6087.0,7,0.0042796005706134095,4206,1.0167388966604085,18.44736842105263,1
166000,4920,114,6792.8,5,0.012126865671641791,1072,1.0365611956442777,9.403508771929825,1
168000,0,2049,4810.760869565217,46,0.0,13676,0.04093408050397664,6.674475353831137,0
168000,45,188,6610.6,5,0.004936747917309472,3241,1.1523202569357762,17.23936170212766,1
168000,162,348,6547.714285714285,7,0.0015618027666220438,4482,0.46507525014498124,12.879310344827585,1
168000,277,245,6886.857142857143,7,0.0017314351673720662,5198,1.0882131520772842,21.216326530612246,1
168000,308,303,5208.25,8,0.0030706243602865915,7816,1.0698161696765163,25.795379537953796,1
168000,336,103,7128.0,5,0.003006012024048096,998,1.1821319514686073,9.689320388349515,1
168000,370,235,6152.5,6,0.006708304418228082,4323,0.9836925335604292,18.395744680851063,1
168000,552,147,6205.0,5,0.0,1997,1.1613236205689883,13.585034013605442,0
168000,563,254,7161.5,6,0.004423428920073216,6556,1.2769720030339566,25.811023622047244,1
168000,717,284,5359.285714285715,7,0.003702180172768408,7293,1.136264393108032,25.679577464788732,1
168000,903,436,5340.875,8,0.0015303519809556198,5881,0.3887658108694885,13.488532110091743,1
168000,969,272,5634.571428571428,7,0.004032258064516129,6448,1.0952092036303516,23.705882352941178,1
168000,1245,324,4633.833333333333,6,0.002927400468384075,5124,0.6133790869148795,15.814814814814815,1
168000,1266,236,6761.2,5,0.004697286012526096,1916,0.43229614509322345,8.11864406779661,1
168000,1304,196,6023.333333333333,6,0.0030248033877797943,3306,1.0814353720083147,16.867346938775512,1
168000,1616,231,5750.666666666667,6,0.004995004995004995,5005,1.178663910437729,21.666666666666668,1
168000,1733,366,7188.833333333333,6,0.004537597234226448,4628,0.4341512377441417,12.6448087431694,1
168000,1952,189,7094.25,4,0.00701219512195122,3280,1.1538785480557119,17.354497354497354,1
168000,2010,121,4331.6,5,0.0,1218,1.045409426151866,10.066115702479339,0
168000,2147,280,6492.166666666667,6,0.0036671368124118475,7090,1.136423056834267,25.321428571428573,1
168000,2175,217,6823.8,5,0.0047032474804031355,4465,1.1915488711400477,20.57603686635945,1
168000,2198,214,4662.166666666667,6,0.0,4132,1.133816127577345,19.30841121495327,0
168000,2270,247,6211.5,6,0.006519162386408534,5062,1.0426489214687362,20.493927125506072,1
168000,2281,354,5351.428571428572,7,0.000855431993156544,4676,0.4688974192660434,13.209039548022599,1
168000,2439,84,6846.0,5,0.0,532,0.947464451082636,6.333333333333333,0
168000,2576,375,6785.333333333333,6,0.004835996635828428,4756,0.4250002392312336,12.682666666666666,1
168000,2602,397,4900.285714285715,7,0.002102446483180428,5232,0.4171541666676852,13.178841309823678,1
168000,2744,227,6681.4,5,0.004861878453038674,4525,1.1035111690499575,19.933920704845814,1
168000,2750,250,7066.666666666667,6,0.0054368203974503185,5334,1.0724643337118693,21.336,1
168000,2797,372,4906.166666666667,6,0.0,5033,0.4570365309722924,13.529569892473118,0
168000,2804,155,5355.6,5,0.0,2201,1.1512416949929047,14.2,0
168000,2873,303,6698.333333333333,6,0.006236746912810278,8017,1.097328074756478,26.458745874587457,1
168000,2907,254,4116.833333333333,6,0.0,5297,1.0317450732261846,20.85433070866142,0
168000,2953,222,8526.4,5,0.0047553001783237564,5047,1.286877536130808,22.734234234234233,1
168000,3129,462,5231.0,7,0.00354295837023915,6774,0.3988146518134454,14.662337662337663,1
168000,3137,280,5850.166666666667,6,0.0043159257660768235,6951,1.1141433946480945,24.825,1
168000,3309,246,6201.714285714285,7,0.0023705324580598104,5484,1.138772827833064,22.29268292682927,1
168000,3350,275,5877.8,5,0.003937007874015748,2794,0.4642702743341425,10.16,1
168000,3469,117,5825.6,5,0.0,1271,1.1667658010702395,10.863247863247864,0
168000,3614,212,6344.2,5,0.004648886713971128,4087,1.1427277656836494,19.278301886792452,1
168000,3635,109,7373.8,5,0.0041356492969396195,1209,1.2787427045501423,11.091743119266056,1
168000,3663,177,5083.0,5,0.0,2664,1.0685566509193665,15.05084745762712,0
168000,3792,231,5591.5,6,0.004348771472059143,4599,1.0830520128078154,19.90909090909091,1
168000,3992,377,5756.666666666667,6,0.002695936838051223,5193,0.4591403767026236,13.774535809018568,1
168000,4042,253,7065.833333333333,6,0.0034704147145583897,5763,1.1314033003257653,22.778656126482215,1
168000,4329,287,5393.714285714285,7,0.0037174721189591076,7801,1.1901353320134505,27.181184668989548,1
168000,4352,576,5724.125,8,0.0015119443604475356,6614,0.250512319285818,11.48263888888889,1
168000,4405,141,6694.2,5,0.00357355568790947,1679,1.061261317917059,11.907801418439716,1
168000,4490,269,7102.166666666667,6,0.001435544071202986,3483,0.6048654503090476,12.947955390334572,1
168000,4501,206,3908.6666666666665,6,0.0,3360,0.9949808008353007,16.310679611650485,0
168000,4596,248,7239.4,5,0.004005903436643475,4743,0.9690799919339482,19.125,1
168000,4773,278,5301.142857142857,7,0.002889755815633579,6921,1.1253539027739226,24.89568345323741,1
168000,4809,390,5501.666666666667,9,0.001994960100797984,9524,0.7868646530648045,24.42051282051282,1
168000,4843,155,7185.25,4,0.00946372239747634,2219,1.1606566656925288,14.316129032258065,1
168000,4858,225,6185.428571428572,7,0.00357824427480916,4192,1.0405575430201215,18.63111111111111,1
168000,4920,112,6925.4,5,0.0019342359767891683,1034,1.035844006317553,9.232142857142858,1
170000,0,2117,4800.978260869565,46,0.0,14375,0.04030658476779917,6.790269248937175,0
170000,45,189,6741.0,5,0.004343779087806391,3223,1.1338263903608414,17.052910052910054,1
170000,162,352,6634.571428571428,7,0.001110864252388358,4501,0.45649239843129064,12.786931818181818,1
170000,277,245,6992.142857142857,7,0.0017261219792865361,5214,1.0915627885592458,21.281632653061223,1
170000,308,303,5280.75,8,0.0038095238095238095,7875,1.0778918035059577,25.99009900990099,1
170000,336,99,7277.8,5,0.0021810250817884407,917,1.1757332775601839,9.262626262626263,1
170000,370,234,6667.2,5,0.006482982171799027,4319,0.991200136668443,18.457264957264957,1
170000,552,143,6214.0,5,0.0,1958,1.2032350561355205,13.692307692307692,0
170000,563,255,7265.5,6,0.0032080659945004585,6546,1.265043630012997,25.67058823529412,1
170000,717,285,5446.285714285715,7,0.0028739564800875873,7307,1.130470545757125,25.63859649122807,1
170000,903,437,5417.125,8,0.0013582342954159593,5890,0.38758082682830997,13.478260869565217,1
170000,969,270,5729.428571428572,7,0.006072874493927126,6422,1.1070127858081564,23.785185185185185,1
170000,1245,322,4741.0,6,0.005079117015042001,5119,0.6204163725830851,15.897515527950311,1
170000,1266,236,6895.2,5,0.004779607010090282,1883,0.4248505434293005,7.978813559322034,1
170000,1304,196,6135.666666666667,6,0.00211864406779661,3304,1.0807811461329317,16.857142857142858,1
170000,1616,230,5846.166666666667,6,0.004607371794871795,4992,1.185847298806824,21.704347826086956,1
170000,1733,363,7311.0,6,0.005633802816901409,4615,0.4401171776765975,12.713498622589531,1
170000,1952,187,7249.25,4,0.00644765121277249,3257,1.1704272095561161,17.41711229946524,1
170000,2010,117,4331.0,5,0.0,1127,1.0345751831677104,9.632478632478632,0
170000,2147,280,6579.333333333333,6,0.005075426476808121,7093,1.1369039128526734,25.332142857142856,1
170000,2175,218,6957.4,5,0.004714863044454423,4454,1.1777336654396884,20.431192660550458,1
170000,2198,214,4652.0,6,0.0,4120,1.1305233411468205,19.252336448598133,0
170000,2270,247,6315.166666666667,6,0.007107601184600198,5065,1.043266848526106,20.506072874493928,1
170000,2281,353,5441.285714285715,7,0.00042826552462526765,4670,0.47095274634301965,13.229461756373938,1
170000,2439,76,7001.8,5,0.004962779156327543,403,0.8767741270060156,5.302631578947368,1
170000,2576,373,6909.833333333333,6,0.0054656295984864415,4757,0.4296604231505048,12.753351206434317,1
170000,2602,396,4976.857142857143,7,0.00228310502283105,5256,0.421186893869706,13.272727272727273,1
170000,2744,227,6814.0,5,0.0035374751271280125,4523,1.103023429306731,19.92511013215859,1
170000,2750,248,7172.0,6,0.005080918328942416,5314,1.0857455359765973,21.427419354838708,1
170000,2797,371,4905.833333333333,6,0.0,5020,0.458316784127426,13.53099730458221,0
170000,2804,155,5355.8,5,0.0,2170,1.1350270232324415,14.0,0
170000,2873,302,6792.333333333333,6,0.005510331872260488,7985,1.1001981202102757,26.44039735099338,1
170000,2907,254,4114.166666666667,6,0.0,5302,1.0327189688965888,20.874015748031496,0
170000,2953,223,8661.2,5,0.007007007007007007,4995,1.2622216658031344,22.39910313901345,1
170000,3129,464,5320.714285714285,7,0.003812316715542522,6820,0.3980689264544142,14.698275862068966,1
170000,3137,280,5954.0,6,0.006466446328495474,6959,1.1154256773638453,24.853571428571428,1
170000,3309,246,6287.571428571428,7,0.002183406113537118,5496,1.1412646720952808,22.341463414634145,1
170000,3350,273,6013.6,5,0.004699927693420101,2766,0.4663765932632596,10.131868131868131,1
170000,3469,115,5851.2,5,0.0,1220,1.159241750436158,10.608695652173912,0
170000,3614,213,6471.6,5,0.006151574803149607,4064,1.1256525419726173,19.079812206572768,1
170000,3635,109,7518.0,5,0.003472222222222222,1152,1.2184545869658923,10.568807339449542,1
170000,3663,176,5081.6,5,0.0,2638,1.070186133802928,14.988636363636363,0
170000,3792,232,5671.833333333333,6,0.00470286447199658,4678,1.0921797290051316,20.163793103448278,1
170000,3992,378,5861.166666666667,6,0.0021210952564596993,5186,0.45609863949824103,13.71957671957672,1
170000,4042,252,7172.833333333333,6,0.0024475524475524478,5720,1.1318915330394066,22.6984126984127,1
170000,4329,288,5494.285714285715,7,0.004619530347747979,7793,1.180672817777067,27.05902777777778,1
170000,4352,575,5802.125,8,0.0012104705704342564,6609,0.2511943845453301,11.49391304347826,1
170000,4405,141,6822.2,5,0.004863221884498481,1645,1.0397706182093878,11.666666666666666,1
170000,4490,267,7215.666666666667,6,0.002016709881878421,3471,0.6118457602496976,13.0,1
170000,4501,206,3895.6666666666665,6,0.0,3369,0.9976459279803952,16.354368932038835,0
170000,4596,245,7382.0,5,0.0038232795242141037,4708,0.9856305348172093,19.216326530612246,1
170000,4773,279,5379.0,7,0.0033074489502444636,6954,1.1226287079078336,24.9247311827957,1
170000,4809,394,5567.555555555556,9,0.0020955574182732607,9544,0.7725878091643945,24.223350253807105,1
170000,4843,154,7354.75,4,0.008593396653098146,2211,1.171540117572446,14.357142857142858,1
170000,4858,224,6605.666666666667,6,0.005274514504914889,4171,1.0446096108197567,18.620535714285715,1
170000,4920,109,7061.8,5,0.012012012012012012,999,1.0566285871344847,9.1651376146789,1
172000,0,2179,4894.711111111111,45,0.0,15057,0.03985050725981643,6.910050481872418,0
172000,45,188,6870.0,5,0.003740648379052369,3208,1.1405872830144925,17.06382978723404,1
172000,162,352,6722.714285714285,7,0.0015517623586787852,4511,0.45750660060509935,12.815340909090908,1
172000,277,245,7108.428571428572,7,0.0022957719533193035,5227,1.0942843682008396,21.33469387755102,1
172000,308,305,5290.222222222223,9,0.003908712646576724,7931,1.071366679306451,26.003278688524592,1
172000,336,96,7423.8,5,0.0048134777376654635,831,1.1331004753181935,8.65625,1
172000,370,231,6791.4,5,0.005831583858175881,4287,1.0095768599493595,18.558441558441558,1
172000,552,142,6220.6,5,0.0,1932,1.204038287390494,13.605633802816902,0
172000,563,257,7373.166666666667,6,0.00336494340776996,6538,1.2439087810062266,25.439688715953306,1
172000,717,286,5533.285714285715,7,0.003962831374692539,7318,1.1242689148109983,25.587412587412587,1
172000,903,437,5490.375,8,0.0013568521031207597,5896,0.3879756460067429,13.491990846681922,1
172000,969,271,5819.285714285715,7,0.0057758351545426165,6406,1.09612028915163,23.638376383763838,1
172000,1245,323,4845.166666666667,6,0.004879953152449736,5123,0.6170625296644465,15.860681114551083,1
172000,1266,233,7021.8,5,0.004308023694130318,1857,0.4298430663829686,7.969957081545064,1
172000,1304,195,6243.833333333333,6,0.0024220405691795337,3303,1.0915640273301341,16.93846153846154,1
172000,1616,229,5943.5,6,0.004624974864267042,4973,1.1916737107455648,21.716157205240176,1
172000,1733,362,7443.0,6,0.004371584699453552,4575,0.43871635145976323,12.638121546961326,1
172000,1952,187,7400.75,4,0.003998769609350969,3251,1.1682710648655,17.385026737967916,1
172000,2010,106,5377.5,4,0.0,996,1.1139289010236504,9.39622641509434,0
172000,2147,280,6667.166666666667,6,0.0047873838355392846,7102,1.1383464809078934,25.364285714285714,1
172000,2175,218,7090.4,5,0.005628095452498875,4442,1.1745606066194647,20.376146788990827,1
172000,2198,213,4642.833333333333,6,0.0,4112,1.1389476507360734,19.305164319248828,0
172000,2270,246,6413.333333333333,6,0.0066929133858267716,5080,1.0548807376717662,20.650406504065042,1
172000,2281,352,5528.428571428572,7,0.001287001287001287,4662,0.4728210534296105,13.244318181818182,1
172000,2439,49,6602.333333333333,3,0.015873015873015872,189,0.9891895235792935,3.857142857142857,1
172000,2576,374,7043.5,6,0.004209640075773522,4751,0.4268268093798824,12.703208556149733,1
172000,2602,397,5047.285714285715,7,0.003595760787282362,5284,0.42130019431805205,13.309823677581864,1
172000,2744,226,6941.4,5,0.005097517730496454,4512,1.1100999336672523,19.964601769911503,1
172000,2750,247,7274.666666666667,6,0.005479969765684051,5292,1.090023329200425,21.425101214574898,1
172000,2797,370,4903.833333333333,6,0.0,5007,0.45960421962086473,13.532432432432433,0
172000,2804,153,5357.6,5,0.0,2136,1.1466430702837025,13.96078431372549,0
172000,2873,303,6891.333333333333,6,0.0050244944102499686,7961,1.089663066375991,26.273927392739274,1
172000,2907,252,4113.166666666667,6,0.0,5298,1.0483848500074782,21.023809523809526,0
172000,2953,223,8795.2,5,0.0050342327829238824,4966,1.2548934519276007,22.269058295964125,1
172000,3129,465,5403.857142857143,7,0.004659289458357601,6868,0.39914826398158765,14.76989247311828,1
172000,3137,281,6058.333333333333,6,0.0071766901105210276,6967,1.108774003245151,24.793594306049823,1
172000,3309,245,6369.857142857143,7,0.0027198549410698096,5515,1.154577824876149,22.510204081632654,1
172000,3350,273,6141.2,5,0.005137614678899082,2725,0.4594635635004997,9.981684981684982,1
172000,3469,113,5874.8,5,0.0,1165,1.1465127861013733,10.309734513274336,0
172000,3614,210,6594.4,5,0.005688844917140737,4043,1.1520597821735632,19.252380952380953,1
172000,3635,105,7662.4,5,0.0027675276752767526,1084,1.2355506345546796,10.323809523809524,1
172000,3663,176,5082.4,5,0.0,2609,1.058421388586747,14.823863636363637,0
172000,3792,237,6170.75,8,0.0039361922519163045,4827,1.07991723113304,20.367088607594937,1
172000,3992,378,5964.833333333333,6,0.0023161551823972205,5181,0.4556588991979149,13.706349206349206,1
172000,4042,253,7280.333333333333,6,0.0028169014084507044,5680,1.1151085798803309,22.450592885375492,1
172000,4329,287,5600.428571428572,7,0.003849114703618168,7794,1.1890673987582148,27.156794425087107,1
172000,4352,575,5876.875,8,0.0018143332325370426,6614,0.25138442417654916,11.502608695652174,1
172000,4405,139,6953.4,5,0.003101736972704715,1612,1.0484441504242525,11.597122302158274,1
172000,4490,266,7328.0,6,0.0011577424023154848,3455,0.6136131278281833,12.988721804511279,1
172000,4501,206,3879.6666666666665,6,0.0,3381,1.0011994308405214,16.4126213592233,0
172000,4596,245,7515.2,5,0.006824482832160375,4689,0.9816528414948797,19.13877551020408,1
172000,4773,280,5354.625,8,0.003546602354943964,7049,1.1298513579160434,25.175,1
172000,4809,394,5629.777777777777,9,0.0024033437826541273,9570,0.774692511913585,24.289340101522843,1
172000,4843,154,7518.5,4,0.00819672131147541,2196,1.1635920842103533,14.25974025974026,1
172000,4858,221,6718.0,6,0.0036135870874488074,4151,1.0680167158781542,18.782805429864254,1
172000,4920,108,7196.6,5,0.010471204188481676,955,1.0288823676880152,8.842592592592593,1
174000,0,2223,4892.288888888889,45,0.0,15692,0.03990333902982623,7.058929374718848,0
174000,45,190,6986.8,5,0.005004691898654989,3197,1.1128722120251044,16.826315789473686,1
174000,162,351,6800.428571428572,7,0.00220799293442261,4529,0.4619531701238845,12.903133903133902,1
174000,277,247,7221.285714285715,7,0.0028625954198473282,5240,1.0793125935393477,21.214574898785425,1
174000,308,306,6031.25,8,0.0037443834248627058,8012,1.0752462873493709,26.18300653594771,1
174000,336,92,7563.4,5,0.0026917900403768506,743,1.1031206718417845,8.076086956521738,1
174000,370,229,6904.0,5,0.00935672514619883,4275,1.024412852088737,18.66812227074236,1
174000,552,143,6230.4,5,0.0,1894,1.1639056160984045,13.244755244755245,0
174000,563,256,7473.833333333333,6,0.004140469253182027,6521,1.2503860897252832,25.47265625,1
174000,717,286,5616.857142857143,7,0.004093886462882096,7328,1.125805221062448,25.622377622377623,1
174000,903,439,5556.5,8,0.0015246484838217856,5903,0.3849050479011742,13.446469248291573,1
174000,969,268,5905.571428571428,7,0.005786675007819831,6394,1.1186981191274858,23.85820895522388,1
174000,1245,326,4938.333333333333,6,0.003310613437195716,5135,0.6071767200942296,15.751533742331288,1
174000,1266,232,7140.8,5,0.004904632152588556,1835,0.4284202228996188,7.9094827586206895,1
174000,1304,196,6344.166666666667,6,0.0030257186081694403,3305,1.0811082590706234,16.862244897959183,1
174000,1616,230,6031.833333333333,6,0.0040233353450010055,4971,1.180858758487324,21.61304347826087,1
174000,1733,360,7563.333333333333,6,0.005270092226613966,4554,0.4415683007545654,12.65,1
174000,1952,187,7542.0,4,0.006174745291756715,3239,1.1639587754842677,17.32085561497326,1
174000,2010,95,5447.25,4,0.0,834,1.161257960374022,8.778947368421052,0
174000,2147,282,6747.0,6,0.004632879404745192,7123,1.125575397189281,25.25886524822695,1
174000,2175,219,7214.6,5,0.004967261232783924,4429,1.1604523561017657,20.22374429223744,1
174000,2198,212,4633.833333333333,6,0.0,4102,1.1469217751001541,19.349056603773583,0
174000,2270,246,6506.5,6,0.007074081351935547,5089,1.0567496208684286,20.6869918699187,1
174000,2281,350,5611.428571428572,7,0.0010759629868732515,4647,0.47670142240756797,13.277142857142858,1
174000,2576,374,7166.166666666667,6,0.004420122079562197,4751,0.4268268093798824,12.703208556149733,1
174000,2602,398,5109.142857142857,7,0.0030097817908201654,5316,0.42172436419492787,13.35678391959799,1
174000,2744,225,7061.0,5,0.00445136879590474,4493,1.1152731490432743,19.968888888888888,1
174000,2750,247,7373.5,6,0.005687203791469194,5275,1.086521742541996,21.356275303643724,1
174000,2797,370,4898.0,6,0.0,4998,0.4587780886089638,13.508108108108107,0
174000,2804,152,5358.8,5,0.0,2108,1.1465507814694051,13.868421052631579,0
174000,2873,304,6983.166666666667,6,0.005542957923910304,7938,1.0793785701262022,26.111842105263158,1
174000,2907,254,4112.833333333333,6,0.0,5292,1.0307711775557804,20.834645669291337,0
174000,2953,221,8920.4,5,0.005272764145203813,4931,1.2687040293893466,22.312217194570135,1
174000,3129,465,5485.0,7,0.003909643788010426,6906,0.4013567138987834,14.851612903225806,1
174000,3137,279,6151.833333333333,6,0.005883197015353709,6969,1.1250502538696712,24.978494623655912,1
174000,3309,248,6444.857142857143,7,0.001985201227215304,5541,1.1321257084769147,22.342741935483872,1
174000,3350,268,6265.2,5,0.0037369207772795215,2676,0.4681945834821946,9.985074626865671,1
174000,3469,109,5901.8,5,0.0,1101,1.1645125870220898,10.100917431192661,0
174000,3614,210,6712.8,5,0.004970178926441352,4024,1.146645699595948,19.16190476190476,1
174000,3635,101,7799.2,5,0.003929273084479371,1018,1.2540501211075028,10.07920792079208,1
174000,3663,175,5085.2,5,0.0,2574,1.056190627309731,14.708571428571428,0
174000,3792,241,7121.0,7,0.005610098176718092,4991,1.0798497914338014,20.70954356846473,1
174000,3992,378,6058.5,6,0.002125193199381762,5176,0.4552191588975888,13.693121693121693,1
174000,4042,250,7375.666666666667,6,0.002482709700301472,5639,1.1337882223099418,22.556,1
174000,4329,289,5701.571428571428,7,0.004871794871794872,7800,1.1735694111900188,26.98961937716263,1
174000,4352,575,5947.25,8,0.0013626040878122634,6605,0.2510423528403549,11.486956521739131,1
174000,4405,138,7077.0,5,0.0025526483726866626,1567,1.0340003545841643,11.355072463768115,1
174000,4490,264,7428.333333333333,6,0.0017457084666860634,3437,0.6197000660231933,13.018939393939394,1
174000,4501,206,3862.1666666666665,6,0.0,3396,1.0056413094156789,16.485436893203882,0
174000,4596,243,7644.6,5,0.004497751124437781,4669,0.9936219817176071,19.213991769547324,1
174000,4773,282,6194.714285714285,7,0.00336417157275021,7134,1.1273136155479897,25.29787234042553,1
174000,4809,395,5688.888888888889,9,0.001564945226917058,9585,0.7719830946235069,24.265822784810126,1
174000,4843,154,7667.25,4,0.006383948928408573,2193,1.162002477537935,14.24025974025974,1
174000,4858,220,6819.0,6,0.005794302269435055,4142,1.0754113034023904,18.827272727272728,1
174000,4920,104,7323.8,5,0.003303964757709251,908,1.054943095214324,8.73076923076923,1
176000,0,2283,4884.555555555556,45,0.0,16377,0.03948502252194085,7.173455978975033,0
176000,45,186,7117.0,5,0.0041087231352718075,3164,1.1492657134880455,17.010752688172044,1
176000,162,352,6879.142857142857,7,0.0013218770654329147,4539,0.4603463666917637,12.894886363636363,1
176000,277,246,7316.285714285715,7,0.0038102495713469233,5249,1.089974211031319,21.33739837398374,1
176000,308,306,6124.75,8,0.00462211118051218,8005,1.0743068559949718,26.16013071895425,1
176000,336,86,7715.2,5,0.001557632398753894,642,1.0908071842101932,7.465116279069767,1
176000,370,227,7035.0,5,0.008490566037735849,4240,1.034008255640181,18.6784140969163,1
176000,552,140,6225.6,5,0.0,1856,1.1899583602168686,13.257142857142858,0
176000,563,255,7584.666666666667,6,0.005066789497927222,6513,1.2586662331614193,25.541176470588237,1
176000,717,285,5709.857142857143,7,0.0036749693752552064,7347,1.1366589708057475,25.778947368421054,1
176000,903,440,5626.75,8,0.002195945945945946,5920,0.3842609196126358,13.454545454545455,1
176000,969,272,5994.285714285715,7,0.004231311706629055,6381,1.0838290831832003,23.459558823529413,1
176000,1245,324,5027.5,6,0.004874244492103724,5129,0.6139776223236567,15.830246913580247,1
176000,1266,229,7280.6,5,0.004986149584487534,1805,0.4325298708819112,7.882096069868996,1
176000,1304,197,6449.833333333333,6,0.0030165912518853697,3315,1.0733984020871616,16.82741116751269,1
176000,1616,231,6131.666666666667,6,0.004633360193392426,4964,1.1690085217608166,21.48917748917749,1
176000,1733,364,7677.666666666667,6,0.006997594576864203,4573,0.4337188505272951,12.563186813186814,1
176000,1952,187,7687.75,4,0.0046353522867737945,3236,1.1628807031389596,17.3048128342246,1
176000,2010,85,5475.25,4,0.0,670,1.1653243337883246,7.882352941176471,0
176000,2147,284,6830.833333333333,6,0.0051813471502590676,7141,1.112582480623126,25.1443661971831,1
176000,2175,217,7352.0,5,0.005436013590033975,4415,1.17820565869727,20.34562211981567,1
176000,2198,212,4626.333333333333,6,0.0,4094,1.1446849700780182,19.31132075471698,0
176000,2270,246,6602.5,6,0.007456828885400314,5096,1.058203196688055,20.715447154471544,1
176000,2281,351,5698.857142857143,7,0.0017200602021070737,4651,0.47439704001902994,13.250712250712251,1
176000,2576,373,7290.666666666667,6,0.00484006734006734,4752,0.42920881454933757,12.73994638069705,1
176000,2602,400,5184.285714285715,7,0.005431728788162577,5339,0.4193240794378977,13.3475,1
176000,2744,226,7192.6,5,0.004912907548012505,4478,1.1017348189188734,19.8141592920354,1
176000,2750,248,7475.5,6,0.006089438629876308,5255,1.0736907774853253,21.18951612903226,1
176000,2797,370,4886.333333333333,6,0.0,4992,0.4582273346010299,13.491891891891893,0
176000,2804,151,5366.0,5,0.0,2077,1.1447020642087629,13.754966887417218,0
176000,2873,302,7087.333333333333,6,0.006471259992386753,7881,1.0858686769414132,26.096026490066226,1
176000,2907,254,4097.5,6,0.0,5297,1.0317450732261846,20.85433070866142,0
176000,2953,221,9051.8,5,0.003258655804480652,4910,1.2633009094101992,22.217194570135746,1
176000,3129,466,5560.857142857143,7,0.0031668346048654094,6947,0.40200858672085127,14.907725321888412,1
176000,3137,280,6257.666666666667,6,0.005450372920252439,6972,1.1175093867769408,24.9,1
176000,3309,247,6530.0,7,0.00305316091954023,5568,1.146872618478452,22.54251012145749,1
176000,3350,268,6390.2,5,0.00640542577241899,2654,0.4643454501351811,9.902985074626866,1
176000,3469,107,5913.4,5,0.0,1039,1.1404017004383946,9.710280373831775,0
176000,3614,210,6835.0,5,0.003988035892323031,4012,1.1432262790206122,19.104761904761904,1
176000,3635,99,7946.8,5,0.004228329809725159,946,1.2129156821940392,9.555555555555555,1
176000,3663,175,5077.0,5,0.0,2539,1.0418290608933205,14.508571428571429,0
176000,3792,242,7200.428571428572,7,0.004348685510970548,5059,1.0855349521556426,20.90495867768595,1
176000,3992,378,6161.666666666667,6,0.0027079303675048355,5170,0.45469147053719744,13.677248677248677,1
176000,4042,251,7474.666666666667,6,0.0023193577163247102,5605,1.117990306399631,22.330677290836654,1
176000,4329,290,5796.857142857143,7,0.003974868572893961,7799,1.1653403617287417,26.893103448275863,1
176000,4352,576,6020.75,8,0.0013621916149538368,6607,0.25024718680396124,11.47048611111111,1
176000,4405,135,7210.8,5,0.004578155657292348,1529,1.0542650573034391,11.325925925925926,1
176000,4490,262,7530.333333333333,6,0.0017548990933021352,3419,0.6259020618042948,13.049618320610687,1
176000,4501,206,3850.3333333333335,6,0.0,3398,1.0062335598923666,16.49514563106796,0
176000,4596,243,7767.2,5,0.007499464323976859,4667,0.9931963565380321,19.20576131687243,1
176000,4773,282,6282.142857142857,7,0.0034848062447727906,7174,1.1336344095796578,25.43971631205674,1
176000,4809,395,5758.777777777777,9,0.002300292764533668,9564,0.7702917388606385,24.212658227848102,1
176000,4843,154,7828.25,4,0.00730260155180283,2191,1.1609427397563226,14.227272727272727,1
176000,4858,220,6926.333333333333,6,0.005344995140913508,4116,1.0686607737335196,18.70909090909091,1
176000,4920,104,7459.6,5,0.013856812933025405,866,1.0061461679026482,8.326923076923077,1
178000,0,2375,4874.777777777777,45,0.0,17114,0.03812713426156549,7.205894736842105,0
178000,45,186,7255.8,5,0.001901743264659271,3155,1.145996626439565,16.962365591397848,1
178000,162,348,6527.333333333333,6,0.0024250440917107582,4536,0.47067856641178824,13.03448275862069,1
178000,277,243,7422.285714285715,7,0.003249856623972472,5231,1.113222657178154,21.526748971193417,1
178000,308,308,6220.625,8,0.0036177644710578844,8016,1.0618572571755684,26.025974025974026,1
178000,336,79,7882.6,5,0.001893939393939394,528,1.0631379080887107,6.6835443037974684,1
178000,370,226,7167.8,5,0.008989827300686065,4227,1.039980589452898,18.70353982300885,1
178000,552,139,6224.6,5,0.0,1823,1.1856784653991395,13.115107913669064,0
178000,563,253,7703.333333333333,6,0.0049489638107021346,6466,1.269417619279264,25.557312252964426,1
178000,717,286,5807.0,7,0.003943968448252414,7353,1.1296459866910729,25.70979020979021,1
178000,903,440,5705.875,8,0.0010130001688333614,5923,0.3844556464300071,13.461363636363636,1
178000,969,269,6095.428571428572,7,0.0053509600251809885,6354,1.103449632863534,23.62081784386617,1
178000,1245,323,5118.333333333333,6,0.005260081823495032,5133,0.6182670241592044,15.891640866873065,1
178000,1266,228,7424.8,5,0.004501969611705121,1777,0.4295637231016514,7.793859649122807,1
178000,1304,196,6573.0,6,0.0027165710836100213,3313,1.0837251625721558,16.903061224489797,1
178000,1616,230,6234.5,6,0.00464740351586179,4949,1.1756326686288006,21.517391304347825,1
178000,1733,364,7795.666666666667,6,0.005478851632697786,4563,0.4327704165659409,12.535714285714286,1
178000,1952,187,7850.25,4,0.004345127250155183,3222,1.1578496988608555,17.22994652406417,1
178000,2010,73,5499.5,4,0.0,501,1.1814133379234275,6.863013698630137,0
178000,2147,287,6919.0,6,0.004734716613285058,7181,1.0955469579782833,25.020905923344948,1
178000,2175,217,7494.8,5,0.005221339387060159,4405,1.1755370162087144,20.29953917050691,1
178000,2198,211,4616.333333333333,6,0.0,4082,1.1521736898949742,19.345971563981042,0
178000,2270,245,6706.666666666667,6,0.007833920877399139,5106,1.0689527423060048,20.84081632653061,1
178000,2281,351,5794.428571428572,7,0.0006454388984509467,4648,0.4740910432183297,13.242165242165242,1
178000,2576,373,7422.0,6,0.004832948098339987,4759,0.4298410665909717,12.758713136729222,1
178000,2602,401,5261.571428571428,7,0.0033507073715562173,5372,0.4198141985456401,13.396508728179551,1
178000,2744,226,7332.4,5,0.004702194357366771,4466,1.098782425478269,19.761061946902654,1
178000,2750,246,7589.833333333333,6,0.0066844919786096255,5236,1.087274713080584,21.284552845528456,1
178000,2797,370,4884.333333333333,6,0.0,4981,0.45721761891981766,13.462162162162162,0
178000,2804,149,5368.0,5,0.0,2038,1.1535635021874688,13.677852348993289,0
178000,2873,303,7204.166666666667,6,0.007395129414764758,7843,1.0735117987171081,25.884488448844884,1
178000,2907,253,4083.5,6,0.0,5301,1.0407025672439496,20.952569169960473,0
178000,2953,221,9191.4,5,0.007392197125256674,4870,1.253009252307061,22.036199095022624,1
178000,3129,467,5642.857142857143,7,0.004142265390658477,7001,0.4034002662726161,14.991434689507495,1
178000,3137,280,6376.5,6,0.005593001577513266,6973,1.1176696721164094,24.90357142857143,1
178000,3309,249,6615.0,7,0.003040057224606581,5592,1.1333872756164658,22.457831325301203,1
178000,3350,265,6532.8,5,0.004967520061138708,2617,0.4682974994343604,9.875471698113207,1
178000,3469,102,5930.2,5,0.0,966,1.1667737421636832,9.470588235294118,0
178000,3614,211,6971.8,5,0.004766683391871551,3986,1.1250770034104278,18.89099526066351,1
178000,3635,96,8107.4,5,0.0034285714285714284,875,1.1930961683554986,9.114583333333334,1
178000,3663,179,5063.4,5,0.0007803355442840422,2563,1.0051998341063813,14.318435754189943,1
178000,3792,243,7287.285714285715,7,0.00429352068696331,5124,1.090451710070897,21.08641975308642,1
178000,3992,377,6273.833333333333,6,0.0027105517909002904,5165,0.4566647497918449,13.70026525198939,1
178000,4042,249,7575.0,6,0.0026776151374509104,5602,1.1354140768961805,22.497991967871485,1
178000,4329,292,5888.571428571428,7,0.005249007809499424,7811,1.1512000477195474,26.75,1
178000,4352,578,6100.0,8,0.0013623978201634877,6606,0.24848075417696355,11.429065743944637,1
178000,4405,133,7349.0,5,0.0026755852842809363,1495,1.062056875372659,11.240601503759398,1
178000,4490,260,7643.0,6,0.0008802816901408451,3408,0.6335235362978707,13.107692307692307,1
178000,4501,206,3841.1666666666665,6,0.0,3410,1.0097870627524927,16.553398058252426,0
178000,4596,241,7898.0,5,0.005378657487091222,4648,1.0056385154446623,19.286307053941908,1
178000,4773,281,6373.285714285715,7,0.0030534351145038168,7205,1.146650881782878,25.640569395017792,1
178000,4809,394,5995.0,8,0.002936241610738255,9536,0.7719402083184898,24.20304568527919,1
178000,4843,154,7999.0,4,0.008204193254329991,2194,1.1625323464287411,14.246753246753247,1
178000,4858,217,7046.666666666667,6,0.007848908511160166,4077,1.0880055425840927,18.788018433179722,1
178000,4920,99,7609.4,5,0.009779951100244499,818,1.0488002410515054,8.262626262626263,1
180000,0,2458,4968.5,44,0.0,17802,0.03702669115788402,7.242473555736371,0
180000,45,185,7384.6,5,0.0025437201907790143,3145,1.1547475699681402,17.0,1
180000,162,348,6616.166666666667,6,0.0026425897379431843,4541,0.4711973919920482,13.048850574712644,1
180000,277,242,7701.833333333333,6,0.004415434824342484,5209,1.117721202960811,21.524793388429753,1
180000,308,308,6317.875,8,0.0048652694610778445,8016,1.0618572571755684,26.025974025974026,1
180000,336,70,5614.75,4,0.007731958762886598,388,0.9950513874227263,5.542857142857143,1
180000,370,226,7297.4,5,0.008066429418742586,4215,1.0370281960122936,18.650442477876105,1
180000,552,137,6220.2,5,0.0,1780,1.1917598003921,12.992700729927007,0
180000,563,253,8332.4,5,0.004670714619336758,6423,1.2609757761569305,25.387351778656125,1
180000,717,285,5902.0,7,0.0028486163863266412,7372,1.1405267364611364,25.866666666666667,1
180000,903,443,5785.125,8,0.0016891891891891893,5920,0.37907410502477107,13.363431151241535,1
180000,969,267,6190.857142857143,7,0.005679129200189304,6339,1.1173985232563621,23.741573033707866,1
180000,1245,321,5203.166666666667,6,0.0052662375658279695,5127,0.6252635566407496,15.97196261682243,1
180000,1266,227,7562.2,5,0.004009163802978236,1746,0.42579679583673496,7.691629955947136,1
180000,1304,196,6688.166666666667,6,0.0024176488365064974,3309,1.0824167108213896,16.882653061224488,1
180000,1616,230,6328.666666666667,6,0.004867166903265057,4931,1.171356776926372,21.43913043478261,1
180000,1733,362,7908.5,6,0.006130939347492884,4567,0.43794919718398656,12.616022099447514,1
180000,1952,187,7997.25,4,0.006211180124223602,3220,1.1571309839639834,17.219251336898395,1
180000,2010,57,5535.5,4,0.0,305,1.1796685248936742,5.350877192982456,0
180000,2147,294,6990.0,6,0.0050943136444995185,7263,1.0559205628683728,24.70408163265306,1
180000,2175,218,7632.0,5,0.005684402000909504,4398,1.162926057611978,20.174311926605505,1
180000,2198,211,4608.5,6,0.0,4075,1.1501978898388092,19.312796208530806,0
180000,2270,245,6807.0,6,0.005667383232362712,5117,1.0712556173873533,20.885714285714286,1
180000,2281,351,5884.428571428572,7,0.0006471095772217428,4636,0.4728670560155285,13.207977207977208,1
180000,2576,372,7554.666666666667,6,0.005043076276528682,4759,0.4321551462144128,12.793010752688172,1
180000,2602,403,5332.0,7,0.0033234859675036928,5416,0.41906214093658156,13.439205955334987,1
180000,2744,227,7455.2,5,0.0047053551422809765,4463,1.0883912370099358,19.66079295154185,1
180000,2750,245,7704.166666666667,6,0.005590900327742433,5187,1.0859102769959355,21.17142857142857,1
180000,2797,370,4876.5,6,0.0,4973,0.45648328024257245,13.44054054054054,0
180000,2804,148,5370.4,5,0.0,2014,1.1554360124780576,13.608108108108109,0
180000,2873,303,7316.833333333333,6,0.004872419540966791,7799,1.06748929213244,25.739273927392738,1
180000,2907,254,4067.5,6,0.0,5310,1.0342772019692357,20.905511811023622,0
180000,2953,218,9331.8,5,0.0059867877786952935,4844,1.280858077096958,22.220183486238533,1
180000,3129,470,5711.857142857143,7,0.005231160752156087,7073,0.40236278567389056,15.048936170212766,1
180000,3137,278,6483.833333333333,6,0.00558659217877095,6981,1.1351098967294833,25.111510791366907,1
180000,3309,250,6693.285714285715,7,0.002492433683460922,5617,1.1293648598536874,22.468,1
180000,3350,264,6664.8,5,0.006556112610875434,2593,0.4675246642997207,9.821969696969697,1
180000,3469,99,5948.6,5,0.0,895,1.1475259361138108,9.04040404040404,0
180000,3614,208,7092.6,5,0.00604991177211999,3967,1.1522464919370108,19.072115384615383,1
180000,3635,91,8257.0,5,0.003787878787878788,792,1.2018555158280964,8.703296703296703,1
180000,3663,179,5049.6,5,0.00078003120124805,2564,1.005592030686212,14.324022346368714,1
180000,3792,247,7361.857142857143,7,0.004794783275795934,5214,1.073957225708809,21.10931174089069,1
180000,3992,376,6380.0,6,0.002329192546583851,5152,0.45794152759434736,13.702127659574469,1
180000,4042,250,7665.666666666667,6,0.0034019695613249777,5585,1.1229308780991356,22.34,1
180000,4329,293,5974.428571428572,7,0.005502943434860507,7814,1.1437945693089329,26.668941979522184,1
180000,4352,579,6171.875,8,0.0018159806295399517,6608,0.24769815452073407,11.412780656303973,1
180000,4405,132,7481.8,5,0.0034317089910775567,1457,1.0508036033701398,11.037878787878787,1
180000,4490,260,7747.5,6,0.0017678255745433118,3394,0.6309210335079147,13.053846153846154,1
180000,4501,207,3828.5,6,0.0,3424,1.0041600266882729,16.541062801932366,0
180000,4596,239,8020.0,5,0.0064710957722174285,4636,1.019899759601007,19.397489539748953,1
180000,4773,283,6457.714285714285,7,0.0030303030303030303,7260,1.1391308501822672,25.653710247349824,1
180000,4809,395,6074.0,8,0.003791868548556983,9494,0.7646538863177439,24.035443037974684,1
180000,4843,154,8158.75,4,0.008624602814344077,2203,1.1673011664459967,14.305194805194805,1
180000,4858,215,7153.666666666667,6,0.007905138339920948,4048,1.100457939360215,18.827906976744185,1
180000,4920,96,7750.4,5,0.003926701570680628,764,1.0417433972841155,7.958333333333333,1
182000,0,2521,4912.044444444445,45,0.0,18562,0.03670193324802087,7.362951209837366,0
182000,45,185,7530.2,5,0.0038338658146964857,3130,1.1492400298888008,16.91891891891892,1
182000,162,351,7584.833333333333,6,0.0028126352228472523,4622,0.47143907094559373,13.168091168091168,1
182000,277,242,7846.166666666667,6,0.004243008678881389,5185,1.112571402831984,21.425619834710744,1
182000,308,308,6434.25,8,0.003995006242197253,8010,1.0610624538393594,26.006493506493506,1
182000,336,51,5657.25,4,0.004830917874396135,207,1.0000917789974426,4.0588235294117645,1
182000,370,223,7438.0,5,0.008101024541339052,4197,1.060569435710862,18.820627802690584,1
182000,552,137,6215.0,5,0.0,1746,1.1689958491486556,12.744525547445255,0
182000,563,251,8483.2,5,0.003606146127312637,6378,1.2721752317960477,25.410358565737052,1
182000,717,286,6005.285714285715,7,0.0025717379534380075,7388,1.1350230585711474,25.832167832167833,1
182000,903,445,5868.375,8,0.0015236160487557136,5907,0.3748493938594603,13.274157303370787,1
182000,969,269,6295.714285714285,7,0.005062490112323999,6321,1.0977187801904937,23.49814126394052,1
182000,1245,318,6365.0,5,0.005515067953515856,5077,0.6309032831879823,15.965408805031446,1
182000,1266,225,7706.0,5,0.005807200929152149,1722,0.4274427693417579,7.653333333333333,1
182000,1304,196,6816.0,6,0.0030257186081694403,3305,1.0811082590706234,16.862244897959183,1
182000,1616,230,6435.166666666667,6,0.004467912266450041,4924,1.1696939301532054,21.408695652173915,1
182000,1733,360,8048.833333333333,6,0.005715541877335678,4549,0.44108348707345585,12.636111111111111,1
182000,1952,186,8167.25,4,0.0037418147801683817,3207,1.1648846849418968,17.241935483870968,1
182000,2147,300,6373.714285714285,7,0.005439956480348157,7353,1.0266724791931445,24.51,1
182000,2175,218,7782.4,5,0.005234410559854347,4394,1.16186837133857,20.155963302752294,1
182000,2198,211,4601.0,6,0.0,4061,1.1462462897264796,19.246445497630333,0
182000,2270,244,6918.0,6,0.008802816901408451,5112,1.0789990355516677,20.950819672131146,1
182000,2281,348,5987.142857142857,7,0.0012984202553559835,4621,0.4794986012762067,13.278735632183908,1
182000,2576,371,7700.833333333333,6,0.00588606264452386,4757,0.434305366951029,12.822102425876011,1
182000,2602,403,5411.142857142857,7,0.003297307199120718,5459,0.42238925911610026,13.54590570719603,1
182000,2744,226,7591.6,5,0.004721223021582734,4448,1.0943538353173623,19.68141592920354,1
182000,2750,245,7832.833333333333,6,0.005825242718446602,5150,1.0781642426313993,21.020408163265305,1
182000,2797,370,4867.833333333333,6,0.0,4959,0.4551981875573932,13.402702702702703,0
182000,2804,147,5375.6,5,0.0,1979,1.1508560065628581,13.462585034013605,0
182000,2873,299,7442.666666666667,6,0.005669372503543358,7761,1.0909005753631564,25.956521739130434,1
182000,2907,255,4051.6666666666665,6,0.0,5325,1.029079946504615,20.88235294117647,0
182000,2953,219,9488.4,5,0.0060228452751817235,4815,1.2615890933912848,21.986301369863014,1
182000,3129,475,5781.714285714285,7,0.0033542976939203353,7155,0.39850363100604935,15.063157894736841,1
182000,3137,277,6603.166666666667,6,0.00501002004008016,6986,1.1441393099338344,25.220216606498195,1
182000,3309,252,6779.571428571428,7,0.0028323597096831295,5649,1.1178418304439872,22.416666666666668,1
182000,3350,264,6801.4,5,0.00546875,2560,0.4615746782133764,9.696969696969697,1
182000,3469,95,5969.0,5,0.001226993865030675,815,1.1348024432911608,8.578947368421053,1
182000,3614,208,7232.0,5,0.005317801975183591,3949,1.1470182497250456,18.985576923076923,1
182000,3635,87,8422.4,5,0.00423728813559322,708,1.175451234636847,8.137931034482758,1
182000,3663,178,7293.833333333333,6,0.0015655577299412916,2555,1.013353014761005,14.353932584269662,1
182000,3792,253,8084.857142857143,7,0.00428385174147886,5369,1.0540524586932212,21.221343873517785,1
182000,3992,380,6492.333333333333,6,0.0025198681915099825,5159,0.4489605678634278,13.576315789473684,1
182000,4042,247,7769.666666666667,6,0.005027832644999102,5569,1.1470785941642418,22.546558704453442,1
182000,4329,294,6080.428571428572,7,0.004602991944764097,7821,1.137044571415881,26.602040816326532,1
182000,4352,578,6254.0,8,0.001666414179669747,6601,0.24829268215593953,11.420415224913494,1
182000,4405,130,7625.2,5,0.0035161744022503515,1422,1.0573597049478545,10.938461538461539,1
182000,4490,257,7861.5,6,0.0014792899408284023,3380,0.6430730620680707,13.151750972762645,1
182000,4501,209,3811.0,6,0.0,3448,0.9919380480829292,16.497607655502392,0
182000,4596,239,8174.0,5,0.007766990291262136,4635,1.0196797639669257,19.393305439330543,1
182000,4773,287,7644.833333333333,6,0.004100041000410004,7317,1.116295375508578,25.494773519163765,1
182000,4809,392,6463.0,7,0.0030626254092301192,9469,0.774358101750358,24.15561224489796,1
182000,4843,153,8133.0,5,0.004516711833785004,2214,1.1885148677940625,14.470588235294118,1
182000,4858,214,6833.8,5,0.006965174129353234,4020,1.1030834542257812,18.785046728971963,1
182000,4920,92,7895.8,5,0.011235955056179775,712,1.057095448655923,7.739130434782608,1
184000,0,2581,4904.866666666667,45,0.0,19256,0.036324524019235166,7.46067415730337,0
184000,45,185,7660.4,5,0.007080785323463148,3107,1.1407951351004806,16.794594594594596,1
184000,162,348,7697.333333333333,6,0.0017364879531148252,4607,0.47804588965147893,13.238505747126437,1
184000,277,243,7953.5,6,0.004447022428460944,5172,1.1006667143806947,21.28395061728395,1
184000,308,309,6525.5,8,0.0036295369211514395,7990,1.0515736241632343,25.857605177993527,1
184000,370,223,7567.6,5,0.006695361071257772,4182,1.0567789802579994,18.753363228699552,1
184000,552,135,6205.8,5,0.0,1706,1.1763088212947461,12.637037037037038,0
184000,563,251,8622.6,5,0.005845181674565561,6330,1.2626010061569428,25.219123505976096,1
184000,717,287,6101.571428571428,7,0.004058990664321472,7391,1.127584955635356,25.752613240418118,1
184000,903,441,6804.714285714285,7,0.002571134727459719,5834,0.376963334023228,13.229024943310657,1
184000,969,269,6392.857142857143,7,0.00554850982878884,6308,1.0954611715617206,23.449814126394052,1
184000,1245,317,6490.2,5,0.005545652604476134,5049,0.6313885622495942,15.927444794952681,1
184000,1266,222,7844.0,5,0.00591016548463357,1692,0.4314239728815786,7.621621621621622,1
184000,1304,195,6932.666666666667,6,0.0021199273167777106,3302,1.0912335507853776,16.933333333333334,1
184000,1616,230,6533.0,6,0.0040683482506102524,4916,1.167793533841015,21.37391304347826,1
184000,1733,359,8151.666666666667,6,0.006375027478566718,4549,0.4435441991039787,12.671309192200557,1
184000,1952,186,8324.0,4,0.004061230865354577,3201,1.1627052935762434,17.20967741935484,1
184000,2147,303,7467.285714285715,7,0.005344735435595938,7484,1.0243736199922016,24.699669966996698,1
184000,2175,218,7924.2,5,0.005709065996802923,4379,1.1579020478132904,20.087155963302752,1
184000,2198,211,4590.5,6,0.0,4046,1.1420124324632692,19.175355450236967,0
184000,2270,243,7018.666666666667,6,0.008787346221441126,5121,1.0898132723015348,21.074074074074073,1
184000,2281,348,6076.142857142857,7,0.0012978585334198572,4623,0.47970613150831065,13.28448275862069,1
184000,2576,371,7834.166666666667,6,0.006710002096875656,4769,0.43540094492105474,12.8544474393531,1
184000,2602,406,5480.857142857143,7,0.0039934652387003085,5509,0.4199818954263916,13.568965517241379,1
184000,2744,225,7704.6,5,0.0047286647151542445,4441,1.1023654695974139,19.73777777777778,1
184000,2750,244,7959.833333333333,6,0.006248779535247022,5121,1.0808986817410193,20.987704918032787,1
184000,2797,369,4852.333333333333,6,0.0,4943,0.45619208104212944,13.395663956639567,0
184000,2804,146,5379.6,5,0.0,1939,1.1430940430307017,13.280821917808218,0
184000,2873,300,7568.0,6,0.0060747059583818016,7737,1.0802889938144102,25.79,1
184000,2907,255,4031.3333333333335,6,0.0,5334,1.0308192365550455,20.91764705882353,0
184000,2953,219,9639.6,5,0.006663890045814244,4802,1.2581829338452648,21.926940639269407,1
184000,3129,477,6894.571428571428,7,0.004378762999452655,7308,0.4036190395498456,15.320754716981131,1
184000,3137,280,6710.5,6,0.005580197453140649,6989,1.1202342375479115,24.960714285714285,1
184000,3309,250,6853.714285714285,7,0.003693281744635948,5686,1.14323813301194,22.744,1
184000,3350,261,6929.8,5,0.00631163708086785,2535,0.4676347896742635,9.71264367816092,1
184000,3469,90,5990.2,5,0.0013966480446927375,716,1.110805106158169,7.955555555555556,1
184000,3614,207,7355.8,5,0.0071337579617834395,3925,1.1510888156400325,18.96135265700483,1
184000,3635,81,8579.8,5,0.004901960784313725,612,1.172171744549278,7.555555555555555,1
184000,3663,177,7403.166666666667,6,0.0003933910306845004,2542,1.019621248737624,14.361581920903955,1
184000,3792,253,8173.0,7,0.005185185185185185,5400,1.0601384386186246,21.343873517786562,1
184000,3992,379,6595.166666666667,6,0.0021350931677018635,5152,0.4507204865266773,13.593667546174142,1
184000,4042,247,7865.0,6,0.003246753246753247,5544,1.1419292020194929,22.445344129554655,1
184000,4329,295,6158.428571428572,7,0.006389776357827476,7825,1.1299264585735194,26.52542372881356,1
184000,4352,578,6326.75,8,0.0009090909090909091,6600,0.24825506775173473,11.418685121107266,1
184000,4405,129,7760.4,5,0.004325883201153569,1387,1.0473863374866998,10.751937984496124,1
184000,4490,257,7965.0,6,0.0017809439002671415,3369,0.6409802207418137,13.108949416342412,1
184000,4501,210,3778.5,6,0.0,3485,0.9930567254204471,16.595238095238095,0
184000,4596,236,8295.6,5,0.00801212646167172,4618,1.0419329843635208,19.56779661016949,1
184000,4773,290,7761.833333333333,6,0.004649890590809628,7312,1.0925719611438083,25.213793103448275,1
184000,4809,391,6553.857142857143,7,0.0025415651805570263,9443,0.7761869539798515,24.15089514066496,1
184000,4843,155,10359.75,4,0.00858563036601898,2213,1.1575183421259874,14.27741935483871,1
184000,4858,214,6967.8,5,0.007017543859649123,3990,1.0948514881494693,18.64485981308411,1
184000,4920,89,8034.8,5,0.013782542113323124,653,1.0359601074582174,7.337078651685394,1
186000,0,2640,4892.688888888889,45,0.0,19940,0.03595234017021377,7.553030303030303,0
186000,45,182,7790.6,5,0.0019373587342589602,3097,1.1749199913256356,17.016483516483518,1
186000,162,347,7802.833333333333,6,0.002173913043478261,4600,0.480074619223249,13.256484149855908,1
186000,277,241,8055.166666666667,6,0.0034937888198757765,5152,1.1146836556736015,21.37759336099585,1
186000,308,311,6602.5,8,0.004770273663068039,7966,1.0349738765519916,25.614147909967844,1
186000,370,221,7696.0,5,0.00646242221158449,4178,1.0749635844227723,18.90497737556561,1
186000,552,132,6195.0,5,0.0,1664,1.2000941633547788,12.606060606060606,0
186000,563,252,8763.2,5,0.004761904761904762,6300,1.2466637514245211,25.0,1
186000,717,289,6193.0,7,0.0033738191632928477,7410,1.1148909406305176,25.640138408304498,1
186000,903,437,7959.333333333333,6,0.0026010057222125888,5767,0.37948703367043524,13.196796338672769,1
186000,969,267,6492.571428571428,7,0.006035578144853875,6296,1.1098187572838074,23.580524344569287,1
186000,1245,313,6608.0,5,0.004997001798920648,5003,0.6417290386105701,15.984025559105431,1
186000,1266,222,7977.6,5,0.004822182037371911,1659,0.42300967553814356,7.472972972972973,1
186000,1304,195,7047.166666666667,6,0.0018110473890733474,3313,1.0948687927776972,16.98974358974359,1
186000,1616,230,6628.833333333333,6,0.005912334352701326,4905,1.1651804889117532,21.32608695652174,1
186000,1733,357,8254.0,6,0.007700770077007701,4545,0.44813340585067307,12.731092436974789,1
186000,1952,186,8473.25,4,0.0028169014084507044,3195,1.1605259022105896,17.177419354838708,1
186000,2147,305,7546.571428571428,7,0.004378399893856973,7537,1.0181428145167974,24.711475409836066,1
186000,2175,219,8066.4,5,0.005259547221587012,4373,1.1457796688266022,19.968036529680365,1
186000,2198,209,4581.833333333333,6,0.0,4038,1.1616722268442192,19.320574162679424,0
186000,2270,243,7115.666666666667,6,0.009149308935176173,5137,1.093218273738134,21.13991769547325,1
186000,2281,348,6168.0,7,0.0008669267446900737,4614,0.47877224546384284,13.258620689655173,1
186000,2576,371,7958.333333333333,6,0.006284038542103058,4774,0.4358574357418988,12.867924528301886,1
186000,2602,408,5545.285714285715,7,0.002514367816091954,5568,0.4203284288539977,13.647058823529411,1
186000,2744,225,7815.2,5,0.0047436187034108875,4427,1.098890325131221,19.675555555555555,1
186000,2750,243,8144.6,5,0.006297972839992128,5081,1.0813007687100367,20.909465020576132,1
186000,2797,368,4837.833333333333,6,0.0,4927,0.4571900698321394,13.388586956521738,0
186000,2804,144,5389.0,5,0.0,1910,1.157492663649017,13.26388888888889,0
186000,2873,299,8195.0,5,0.007401636151149201,7701,1.0824668639185242,25.755852842809364,1
186000,2907,256,4012.0,6,0.0,5353,1.0264248946939796,20.91015625,0
186000,2953,219,9777.6,5,0.007311468560685189,4787,1.254252749753703,21.858447488584474,1
186000,3129,479,6964.285714285715,7,0.004198266522210184,7384,0.40441804479769583,15.41544885177453,1
186000,3137,279,6820.5,6,0.00500858614768174,6988,1.128117545421332,25.046594982078854,1
186000,3309,254,6930.428571428572,7,0.003486750348675035,5736,1.1172531130876715,22.58267716535433,1
186000,3350,259,7055.2,5,0.003992015968063872,2505,0.46926489451513437,9.671814671814673,1
186000,3469,85,6061.0,4,0.0016666666666666668,600,1.043574030258201,7.0588235294117645,1
186000,3614,206,7479.2,5,0.005876341338783853,3914,1.1590341828777877,19.0,1
186000,3635,75,8739.0,5,0.00597609561752988,502,1.1214787641614765,6.693333333333333,1
186000,3663,175,7513.5,6,0.001589825119236884,2516,1.0323914601053936,14.377142857142857,1
186000,3792,254,8259.57142857143,7,0.0040680473372781065,5408,1.0533655571091576,21.291338582677167,1
186000,3992,380,6698.333333333333,6,0.002720031086069555,5147,0.4479162711364727,13.544736842105262,1
186000,4042,248,7957.5,6,0.0025380710659898475,5516,1.1270177599636642,22.241935483870968,1
186000,4329,298,6232.142857142857,7,0.00612479265024882,7837,1.1089888575371925,26.298657718120804,1
186000,4352,577,6400.25,8,0.0019723865877712033,6591,0.24877661218830835,11.422876949740035,1
186000,4405,128,7894.6,5,0.004454342984409799,1347,1.0331360606409794,10.5234375,1
186000,4490,254,8066.166666666667,6,0.001487652484379649,3361,0.6546526696456876,13.23228346456693,1
186000,4501,216,3746.0,6,0.0002824060999717594,3541,0.9537362471160372,16.39351851851852,1
186000,4596,236,8415.6,5,0.006736201651455889,4602,1.0383229956779825,19.5,1
186000,4773,290,7872.166666666667,6,0.004645443366580134,7319,1.0936179135136121,25.23793103448276,1
186000,4809,390,6640.285714285715,7,0.0032926181625066385,9415,0.7778591672201947,24.141025641025642,1
186000,4843,152,10567.75,4,0.010156971375807941,2166,1.1780972450961724,14.25,1
186000,4858,213,7101.6,5,0.005576679340937896,3945,1.092691751496549,18.52112676056338,1
186000,4920,85,8170.6,5,0.020442930153321975,587,1.0209632596026068,6.905882352941177,1
188000,0,2711,4852.304347826087,46,0.0,20643,0.03529584970125487,7.614533382515677,0
188000,45,183,7926.0,5,0.002917341977309562,3085,1.157611554399894,16.85792349726776,1
188000,162,345,7915.0,6,0.002624097966324076,4573,0.4828062408692669,13.255072463768116,1
188000,277,240,8163.0,6,0.003892565200467108,5138,1.1209377120933581,21.408333333333335,1
188000,308,310,6869.428571428572,7,0.003526448362720403,7940,1.0382620465974175,25.612903225806452,1
188000,370,221,7833.8,5,0.009110525053943897,4171,1.073162544429723,18.873303167420815,1
188000,552,132,6186.6,5,0.0,1628,1.1741305877052763,12.333333333333334,0
188000,563,253,8906.6,5,0.004462862607586867,6274,1.2317238081283794,24.798418972332016,1
188000,717,289,6282.142857142857,7,0.0036358739563695126,7426,1.1172982624996255,25.695501730103807,1
188000,903,433,8098.0,6,0.0022759103641456584,5712,0.3828443745991476,13.191685912240185,1
188000,969,267,6597.714285714285,7,0.004619305511309334,6278,1.1066458319929706,23.51310861423221,1
188000,1245,309,6728.0,5,0.005014039310068191,4986,0.6562135281699483,16.135922330097088,1
188000,1266,217,8115.4,5,0.004917025199754148,1627,0.434188132887986,7.497695852534562,1
188000,1304,196,7169.333333333333,6,0.003626473254759746,3309,1.0824167108213896,16.882653061224488,1
188000,1616,229,6729.166666666667,6,0.004495300367797303,4894,1.1727430404964396,21.37117903930131,1
188000,1733,356,8357.666666666666,6,0.006185111552904793,4527,0.4488697747380695,12.71629213483146,1
188000,1952,187,8620.25,4,0.004702194357366771,3190,1.1463502605109028,17.058823529411764,1
188000,2147,303,7631.0,7,0.006524633821571238,7510,1.027932373883142,24.785478547854787,1
188000,2175,218,8211.6,5,0.005716899153898925,4373,1.1563155184031786,20.059633027522935,1
188000,2198,209,4574.5,6,0.0,4032,1.1599461165517315,19.291866028708135,0
188000,2270,243,7217.833333333333,6,0.009300523154427436,5161,1.0983257758930327,21.238683127572017,1
188000,2281,347,6261.0,7,0.001087429317094389,4598,0.4798658911279346,13.250720461095101,1
188000,2576,372,8092.833333333333,6,0.005435918879364416,4783,0.43433453758006646,12.85752688172043,1
188000,2602,411,5609.571428571428,7,0.0031931878658861094,5637,0.419347690063063,13.715328467153284,1
188000,2744,226,7934.6,5,0.006781193490054249,4424,1.0884490484361535,19.575221238938052,1
188000,2750,242,8274.6,5,0.007514336563179751,5057,1.085105802144907,20.89669421487603,1
188000,2797,367,4826.666666666667,6,0.0,4917,0.45875197165918563,13.397820163487738,0
188000,2804,144,5398.4,5,0.0,1870,1.1332519795935403,12.98611111111111,0
188000,2873,299,8316.8,5,0.007723524021468779,7639,1.0737520287590712,25.548494983277592,1
188000,2907,257,3989.6666666666665,6,0.0,5371,1.021877342120594,20.898832684824903,0
188000,2953,218,9898.4,5,0.006942983378918578,4753,1.2567957143769284,21.80275229357798,1
188000,3129,483,7024.571428571428,7,0.005195843325339729,7506,0.40431901131806447,15.540372670807454,1
188000,3137,278,6933.333333333333,6,0.004431103487707261,6996,1.1375488952183734,25.165467625899282,1
188000,3309,256,7005.857142857143,7,0.0029376188007603247,5787,1.1096433524367757,22.60546875,1
188000,3350,260,7190.2,5,0.0048134777376654635,2493,0.4634313896686008,9.588461538461539,1
188000,3469,76,6101.25,4,0.0041928721174004195,477,1.037769872411587,6.276315789473684,1
188000,3614,206,7610.4,5,0.005125576627370579,3902,1.1554806800176616,18.941747572815533,1
188000,3635,66,8905.4,5,0.002717391304347826,368,1.0616217598907656,5.575757575757576,1
188000,3663,174,7626.5,6,0.0007987220447284345,2504,1.039311402376647,14.39080459770115,1
188000,3792,252,8420.833333333334,6,0.0049843086579287425,5417,1.0719329430899416,21.496031746031747,1
188000,3992,380,6803.333333333333,6,0.0021363371528452125,5149,0.44809032059096526,13.55,1
188000,4042,247,8053.0,6,0.00564868804664723,5488,1.130394563615256,22.218623481781375,1
188000,4329,301,6305.857142857143,7,0.005596540320529127,7862,1.090460433881434,26.119601328903656,1
188000,4352,579,6474.375,8,0.0019720873786407767,6592,0.24709840111995746,11.385146804835925,1
188000,4405,124,8033.2,5,0.0030651340996168583,1305,1.0665396495667743,10.524193548387096,1
188000,4490,253,8174.833333333333,6,0.0014952153110047847,3344,0.656500544211237,13.217391304347826,1
188000,4501,215,6133.285714285715,7,0.0002787068004459309,3588,0.975405900796554,16.688372093023254,1
188000,4596,236,8537.8,5,0.00936003482803657,4594,1.0365180013352133,19.466101694915253,1
188000,4773,290,7980.5,6,0.0043697938003550455,7323,1.0942156005820716,25.251724137931035,1
188000,4809,389,6731.571428571428,7,0.0038346825734980826,9388,0.7796213832026216,24.133676092544988,1
188000,4843,147,10771.25,4,0.00854295206454675,2107,1.2252923728286722,14.333333333333334,1
188000,4858,212,7242.2,5,0.008175779253960144,3914,1.0943568570799618,18.462264150943398,1
188000,4920,81,8324.2,5,0.019455252918287938,514,0.9844710403567466,6.345679012345679,1
