timestamp,grain_id,perimeter,avg_area_of_neighbors,number_of_neighbors,vulnerable,area,circularity,area_perimeter_ratio,is_vulnerable
0,10,56,376.4,5,0.0,273,1.0939474418750172,4.875,0
0,27,97,329.14285714285717,7,0.0,364,0.48614718924718237,3.752577319587629,0
0,38,27,305.0,5,0.0,82,1.413501221368247,3.037037037037037,0
0,45,90,304.0,8,0.0,715,1.1092537023786184,7.944444444444445,0
0,51,75,444.2857142857143,7,0.0,538,1.201903536093375,7.173333333333333,0
0,57,62,422.0,6,0.0,317,1.0363005943683292,5.112903225806452,0
0,62,46,530.75,4,0.0,177,1.0511567101803279,3.847826086956522,0
0,64,69,529.0,5,0.0,490,1.2933252680184824,7.101449275362318,0
0,67,30,406.8,5,0.0,97,1.3543754995475996,3.2333333333333334,0
0,74,37,508.6,5,0.0,144,1.3218096190414323,3.891891891891892,0
0,98,27,271.8,5,0.0,67,1.1549339247764945,2.4814814814814814,0
0,133,67,347.2857142857143,7,0.0,442,1.2373214104581765,6.597014925373134,0
0,134,65,598.6,5,0.0,375,1.1153583385525891,5.769230769230769,0
0,138,69,378.8333333333333,6,0.0,448,1.1824688164740411,6.492753623188406,0
0,140,57,406.4,5,0.0,322,1.2454205410352888,5.649122807017544,0
0,149,55,280.1666666666667,6,0.0,283,1.1756307054094697,5.1454545454545455,0
0,162,69,263.8333333333333,6,0.0,465,1.2273392849563147,6.739130434782608,0
0,165,78,452.2857142857143,7,0.0,510,1.0533939864107789,6.538461538461538,0
0,181,41,350.2,5,0.0,176,1.3156937704504545,4.2926829268292686,0
0,183,53,363.0,5,0.0,269,1.2034011019090842,5.0754716981132075,0
0,192,66,423.0,5,0.0,329,0.9491129320762552,4.984848484848484,0
0,193,14,327.0,4,0.0,22,1.4105109873260293,1.5714285714285714,0
0,196,58,255.5,6,0.0,329,1.2289940345196695,5.672413793103448,0
0,200,30,379.2,5,0.0,96,1.340412865531645,3.2,0
0,224,76,369.2857142857143,7,0.0,491,1.068228526947776,6.4605263157894735,0
0,225,7,294.4,5,0.0,8,2.0516523452014974,1.1428571428571428,0
0,241,38,376.4,5,0.0,136,1.1835362905490634,3.5789473684210527,0
0,248,18,468.75,4,0.0,35,1.3574783071067007,1.9444444444444444,0
0,262,60,277.2857142857143,7,0.0,316,1.1030480872604163,5.266666666666667,0
0,268,71,400.0,5,0.0,228,0.5683658996377486,3.211267605633803,0
0,271,32,506.0,3,0.0,93,1.141281706186917,2.90625,0
0,274,46,430.8,5,0.0,213,1.2649512953017503,4.630434782608695,0
0,276,38,337.4,5,0.0,138,1.2009412359983143,3.6315789473684212,0
0,277,88,325.25,8,0.0,742,1.2040608207456749,8.431818181818182,0
0,284,56,247.66666666666666,6,0.0,278,1.1139831093086257,4.964285714285714,0
0,288,97,472.0,5,0.0,322,0.43005328279558436,3.3195876288659796,0
0,308,92,332.625,8,0.0,802,1.190717064356812,8.717391304347826,0
0,319,76,382.57142857142856,7,0.0,502,1.092160326940496,6.605263157894737,0
0,336,82,349.42857142857144,7,0.0,673,1.2577583913539148,8.207317073170731,0
0,349,76,400.42857142857144,7,0.0,548,1.1922387632736888,7.2105263157894735,0
0,351,55,361.6,5,0.0,289,1.200555738032992,5.254545454545455,0
0,358,69,379.6666666666667,6,0.0,451,1.1903871344415011,6.536231884057971,0
0,359,41,410.8,5,0.0,184,1.3754980327436572,4.487804878048781,0
0,370,83,394.57142857142856,7,0.0,647,1.1802063851778755,7.795180722891566,0
0,374,74,306.0,7,0.0,522,1.197889967256298,7.054054054054054,0
0,383,50,291.8,5,0.0,251,1.261663609681661,5.02,0
0,390,41,474.75,4,0.0,147,1.0989033196375957,3.5853658536585367,0
0,392,68,263.85714285714283,7,0.0,455,1.2365265202278166,6.6911764705882355,0
0,395,71,249.125,8,0.0,433,1.079396642733093,6.098591549295775,0
0,397,47,447.8,5,0.0,208,1.1832526427282517,4.425531914893617,0
0,400,34,477.4,5,0.0,105,1.1414090955949077,3.088235294117647,0
0,411,57,423.0,5,0.0,285,1.1023132117858923,5.0,0
0,426,48,358.8,5,0.0,198,1.0799224746714915,4.125,0
0,430,92,410.6666666666667,6,0.0,512,0.7601585248761692,5.565217391304348,0
0,432,71,350.2857142857143,7,0.0,519,1.2937802715438227,7.309859154929577,0
0,457,46,313.3333333333333,6,0.0,196,1.163992741216634,4.260869565217392,0
0,458,65,413.0,5,0.0,386,1.1480755164834653,5.938461538461539,0
0,465,37,325.0,5,0.0,139,1.2759134517136048,3.7567567567567566,0
0,467,22,431.4,5,0.0,54,1.4020330850731308,2.4545454545454546,0
0,485,78,312.0,8,0.0,512,1.0575249432202327,6.564102564102564,0
0,487,62,313.5,6,0.0,310,1.0134169850289656,5.0,0
0,490,38,510.0,5,0.0,139,1.2096437087229397,3.6578947368421053,0
0,491,78,435.2857142857143,7,0.0,504,1.0410011159824166,6.461538461538462,0
0,500,64,367.85714285714283,7,0.0,403,1.2363885150358267,6.296875,0
0,504,91,360.375,8,0.0,725,1.1001833951709212,7.967032967032967,0
0,513,48,379.3333333333333,6,0.0,222,1.210822168571066,4.625,0
0,520,60,451.6,5,0.0,306,1.0681415022205296,5.1,0
0,521,44,259.1666666666667,6,0.0,176,1.1423973285781064,4.0,0
0,525,53,365.8333333333333,6,0.0,257,1.1497177813778239,4.849056603773585,0
0,533,71,428.2,5,0.0,428,1.0669324782673528,6.028169014084507,0
0,534,69,489.3333333333333,6,0.0,427,1.1270405907018204,6.188405797101449,0
0,547,80,447.57142857142856,7,0.0,615,1.2075496762235767,7.6875,0
0,550,85,464.3333333333333,6,0.0,649,1.1287992427292877,7.635294117647059,0
0,552,94,277.3333333333333,9,0.0,850,1.208851858556507,9.042553191489361,0
0,554,93,383.2857142857143,7,0.0,396,0.575359320532574,4.258064516129032,0
0,563,100,425.22222222222223,9,0.0,856,1.0756813245891452,8.56,0
0,573,42,353.6,5,0.0,170,1.2110447870981063,4.0476190476190474,0
0,580,87,554.3333333333334,6,0.0,673,1.1173427696477372,7.735632183908046,0
0,582,91,433.7142857142857,7,0.0,714,1.0834909574510867,7.846153846153846,0
0,588,51,334.3333333333333,6,0.0,233,1.1257071715285225,4.568627450980392,0
0,618,54,307.8333333333333,6,0.0,288,1.241123023640412,5.333333333333333,0
0,626,35,371.5,4,0.0,134,1.3746070712850034,3.8285714285714287,0
0,632,59,279.8333333333333,6,0.0,306,1.1046565377747506,5.186440677966102,0
0,634,46,321.8333333333333,6,0.0,199,1.1818089566434193,4.326086956521739,0
0,660,73,308.6666666666667,6,0.0,251,0.5918857241891823,3.4383561643835616,0
0,662,69,322.0,7,0.0,400,1.0557757289946794,5.797101449275362,0
0,666,44,409.0,5,0.0,180,1.168360904227609,4.090909090909091,0
0,674,39,342.0,5,0.0,147,1.2145013019794861,3.769230769230769,0
0,678,137,369.42857142857144,7,0.0,688,0.46063524869087913,5.021897810218978,0
0,687,15,349.5,4,0.0,24,1.340412865531645,1.6,0
0,689,73,432.6666666666667,6,0.0,440,1.0375686001722717,6.027397260273973,0
0,692,51,480.0,5,0.0,266,1.28514209281797,5.215686274509804,0
0,697,70,415.1666666666667,6,0.0,446,1.1437961824498348,6.371428571428571,0
0,713,56,302.3333333333333,6,0.0,288,1.1540544441758425,5.142857142857143,0
0,717,109,335.5,10,0.0,979,1.035474861666327,8.98165137614679,0
0,724,54,333.6666666666667,6,0.0,279,1.2023379291516492,5.166666666666667,0
0,728,50,363.4,5,0.0,225,1.1309733552923256,4.5,0
0,731,50,344.3333333333333,6,0.0,249,1.2516105131901736,4.98,0
0,732,54,340.0,6,0.0,262,1.1290771951173193,4.851851851851852,0
0,753,46,500.0,5,0.0,231,1.3718485878624618,5.021739130434782,0
0,754,45,289.6,5,0.0,196,1.2163005631676038,4.355555555555555,0
0,773,115,398.0,6,0.0,408,0.3876808476868463,3.5478260869565217,0
0,775,80,251.71428571428572,7,0.0,611,1.1996956945896022,7.6375,0
0,777,65,401.5,6,0.0,372,1.1064354718441685,5.723076923076923,0
0,779,118,611.4,5,0.0,534,0.4819334895193765,4.52542372881356,0
0,782,29,338.75,4,0.0,78,1.1654897834958566,2.689655172413793,0
0,792,39,425.3333333333333,6,0.0,158,1.305382351787475,4.051282051282051,0
0,806,76,349.42857142857144,7,0.0,495,1.0769309996724015,6.5131578947368425,0
0,808,43,464.5,4,0.0,201,1.3660575951791205,4.674418604651163,0
0,818,24,336.6,5,0.0,57,1.2435470920459597,2.375,0
0,819,68,464.6666666666667,6,0.0,433,1.1767384247442738,6.367647058823529,0
0,840,93,428.6666666666667,6,0.0,353,0.5128834347171682,3.795698924731183,0
0,846,33,386.2,5,0.0,105,1.2116335303101131,3.1818181818181817,0
0,849,79,508.8,5,0.0,532,1.0711919831499888,6.734177215189874,0
0,869,42,470.6,5,0.0,172,1.2252923728286722,4.095238095238095,0
0,877,98,425.125,8,0.0,864,1.1305023126620497,8.816326530612244,0
0,879,81,361.14285714285717,7,0.0,523,1.00170886012953,6.45679012345679,0
0,886,62,512.0,6,0.0,358,1.1703331633560312,5.774193548387097,0
0,893,43,397.25,4,0.0,168,1.1417794825377723,3.9069767441860463,0
0,897,66,449.85714285714283,7,0.0,421,1.2145183720489465,6.378787878787879,0
0,899,67,306.125,8,0.0,385,1.0777573371637963,5.746268656716418,0
0,903,140,331.3333333333333,9,0.0,674,0.4321292752080654,4.814285714285714,0
0,908,42,541.4,5,0.0,180,1.282282715750936,4.285714285714286,0
0,930,71,306.6666666666667,6,0.0,489,1.2189952847493821,6.887323943661972,0
0,943,77,300.42857142857144,7,0.0,549,1.1635920842103533,7.12987012987013,0
0,944,43,529.1666666666666,6,0.0,197,1.3388723694044113,4.5813953488372094,0
0,948,78,316.3333333333333,6,0.0,501,1.0348046807682356,6.423076923076923,0
0,953,47,461.6,5,0.0,205,1.166186498842748,4.361702127659575,0
0,954,67,393.2857142857143,7,0.0,462,1.2933088045965555,6.895522388059701,0
0,959,68,454.6666666666667,6,0.0,435,1.1821737061518685,6.397058823529412,0
0,962,53,266.3333333333333,6,0.0,279,1.248137202351801,5.264150943396227,0
0,969,101,328.8,10,0.0,900,1.1086887121775566,8.910891089108912,0
0,973,74,359.5,8,0.0,573,1.3149251939422582,7.743243243243243,0
0,987,56,437.1666666666667,6,0.0,316,1.2662541818040494,5.642857142857143,0
0,1004,59,406.8,5,0.0,329,1.1876862775421337,5.576271186440678,0
0,1007,46,334.3333333333333,6,0.0,195,1.158054002741039,4.239130434782608,0
0,1031,59,409.4,5,0.0,265,0.9566470016676761,4.491525423728813,0
0,1032,62,333.0,6,0.0,344,1.1245659446773038,5.548387096774194,0
0,1043,47,256.6666666666667,6,0.0,226,1.2856495060412734,4.808510638297872,0
0,1049,34,493.0,4,0.0,103,1.1196679699645282,3.0294117647058822,0
0,1066,46,249.83333333333334,6,0.0,220,1.306522464630916,4.782608695652174,0
0,1075,36,339.0,5,0.0,131,1.2702118445069843,3.638888888888889,0
0,1076,38,410.8333333333333,6,0.0,137,1.1922387632736888,3.6052631578947367,0
0,1078,30,394.0,4,0.0,64,0.8936085770210968,2.1333333333333333,0
0,1079,44,302.6666666666667,6,0.0,189,1.2267789494389896,4.295454545454546,0
0,1099,40,295.4,5,0.0,179,1.4058627124814325,4.475,0
0,1103,65,345.5,6,0.0,382,1.1361783608722376,5.876923076923077,0
0,1105,72,500.6666666666667,6,0.0,461,1.1174955349574804,6.402777777777778,0
0,1111,84,550.1666666666666,6,0.0,392,0.6981317007977318,4.666666666666667,0
0,1112,66,419.5,6,0.0,325,0.9375735651209207,4.924242424242424,0
0,1114,53,388.2857142857143,7,0.0,274,1.2257691521304426,5.169811320754717,0
0,1121,64,316.5,6,0.0,359,1.1013982057018903,5.609375,0
0,1123,39,503.6,5,0.0,146,1.206239388360578,3.7435897435897436,0
0,1129,63,299.5,6,0.0,376,1.1904649410428443,5.968253968253968,0
0,1133,60,292.85714285714283,7,0.0,323,1.127482696788337,5.383333333333334,0
0,1138,67,411.57142857142856,7,0.0,344,0.9629831791801192,5.134328358208955,0
0,1143,32,563.4,5,0.0,108,1.325359400733194,3.375,0
0,1148,51,396.8,5,0.0,239,1.1546953390356947,4.686274509803922,0
0,1183,32,390.6,5,0.0,93,1.141281706186917,2.90625,0
0,1189,37,257.8,5,0.0,129,1.1841211170579498,3.4864864864864864,0
0,1196,65,423.5,6,0.0,428,1.2729956504013553,6.584615384615384,0
0,1201,57,251.42857142857142,7,0.0,276,1.0675033208873905,4.842105263157895,0
0,1219,81,312.0,6,0.0,568,1.0878979589934477,7.012345679012346,0
0,1240,102,460.3333333333333,6,0.0,365,0.4408617141715781,3.5784313725490198,0
0,1242,60,515.0,5,0.0,311,1.085594794740473,5.183333333333334,0
0,1243,65,448.2,5,0.0,373,1.1094097607469755,5.7384615384615385,0
0,1245,78,341.75,8,0.0,560,1.1566679066471295,7.17948717948718,0
0,1248,77,355.0,6,0.0,584,1.2377737289232176,7.584415584415584,0
0,1266,82,276.5,8,0.0,573,1.070870071687657,6.987804878048781,0
0,1268,87,366.75,8,0.0,695,1.1538680904980347,7.988505747126437,0
0,1274,55,257.1666666666667,6,0.0,268,1.1133181238506638,4.872727272727273,0
0,1277,82,428.57142857142856,7,0.0,578,1.0802144876709698,7.048780487804878,0
0,1280,49,495.4,5,0.0,231,1.2090094177080255,4.714285714285714,0
0,1294,42,397.3333333333333,6,0.0,171,1.2181685799633892,4.071428571428571,0
0,1304,74,233.375,8,0.0,480,1.10150801586786,6.486486486486487,0
0,1310,49,267.8333333333333,6,0.0,215,1.1252685056589846,4.387755102040816,0
0,1311,48,304.4,5,0.0,235,1.2817261694333357,4.895833333333333,0
0,1315,48,358.6666666666667,6,0.0,245,1.3362677085581585,5.104166666666667,0
0,1328,67,307.1666666666667,6,0.0,411,1.1505409495436891,6.134328358208955,0
0,1332,17,553.75,4,0.0,30,1.3044675378227513,1.7647058823529411,0
0,1333,57,534.4285714285714,7,0.0,324,1.253156072346067,5.684210526315789,0
0,1339,78,394.0,7,0.0,571,1.1793881690991268,7.32051282051282,0
0,1346,61,470.3333333333333,6,0.0,341,1.1516077343446594,5.590163934426229,0
0,1364,67,536.5714285714286,7,0.0,382,1.0693592280430395,5.701492537313433,0
0,1367,40,442.75,4,0.0,130,1.0210176124166828,3.25,0
0,1371,80,294.2857142857143,7,0.0,574,1.1270463644753383,7.175,0
0,1375,74,578.3333333333334,6,0.0,463,1.0624962736392067,6.256756756756757,0
0,1380,95,439.5,6,0.0,322,0.44835139477270397,3.389473684210526,0
0,1389,64,520.8333333333334,6,0.0,380,1.1658253987930873,5.9375,0
0,1393,49,387.4,5,0.0,233,1.2194770317141554,4.755102040816326,0
0,1400,60,362.5,6,0.0,367,1.281071670963838,6.116666666666666,0
0,1407,78,326.5,8,0.0,607,1.2537453916692993,7.782051282051282,0
0,1422,30,292.8,5,0.0,92,1.2845623294678266,3.066666666666667,0
0,1425,45,335.0,5,0.0,194,1.2038893329311997,4.311111111111111,0
0,1429,73,358.42857142857144,7,0.0,468,1.103595692910507,6.410958904109589,0
0,1432,49,325.0,5,0.0,239,1.2508798737325457,4.877551020408164,0
0,1444,49,330.6666666666667,6,0.0,230,1.2037756107049604,4.6938775510204085,0
0,1457,51,297.8,5,0.0,236,1.1402012552821086,4.627450980392157,0
0,1470,63,355.5,6,0.0,363,1.1493052489323206,5.761904761904762,0
0,1486,59,545.8,5,0.0,292,1.0541166961772128,4.9491525423728815,0
0,1488,39,380.6,5,0.0,169,1.3962634015954636,4.333333333333333,0
0,1489,50,467.4,5,0.0,238,1.1963184824869932,4.76,0
0,1492,13,343.6,5,0.0,20,1.4871444514034524,1.5384615384615385,0
0,1511,31,524.4,5,0.0,99,1.2945584711982916,3.193548387096774,0
0,1514,2,363.0,3,0.0,2,6.283185307179586,1.0,0
0,1520,30,283.4,5,0.0,91,1.270599695451872,3.033333333333333,0
0,1524,63,333.5,6,0.0,370,1.1714681600687562,5.873015873015873,0
0,1533,2,510.0,3,0.0,2,6.283185307179586,1.0,0
0,1537,81,361.0,8,0.0,624,1.1951555042463227,7.703703703703703,0
0,1545,68,342.57142857142856,7,0.0,442,1.2011971910784505,6.5,0
0,1575,41,491.0,5,0.0,154,1.151232049144148,3.7560975609756095,0
0,1578,69,364.1666666666667,6,0.0,401,1.058415168317166,5.811594202898551,0
0,1582,70,381.2857142857143,7,0.0,410,1.0514718269157675,5.857142857142857,0
0,1605,41,526.25,4,0.0,181,1.3530714343837063,4.414634146341464,0
0,1616,95,391.5,8,0.0,763,1.062397870222277,8.031578947368422,0
0,1622,93,461.85714285714283,7,0.0,730,1.0606371312847955,7.849462365591398,0
0,1625,14,424.75,4,0.0,23,1.4746251231135763,1.6428571428571428,0
0,1647,58,319.0,6,0.0,330,1.2327295786975405,5.689655172413793,0
0,1650,34,443.4,5,0.0,120,1.3044675378227513,3.5294117647058822,0
0,1665,60,498.0,6,0.0,326,1.1379546723003027,5.433333333333334,0
0,1666,30,661.75,4,0.0,89,1.2426744274199626,2.966666666666667,0
0,1669,30,299.4,5,0.0,100,1.3962634015954636,3.3333333333333335,0
0,1672,37,460.8,5,0.0,126,1.1565834166612534,3.4054054054054053,0
0,1674,50,341.6666666666667,6,0.0,261,1.3119290921390976,5.22,0
0,1686,53,386.4,5,0.0,218,0.975246989651228,4.113207547169812,0
0,1687,46,360.8333333333333,6,0.0,216,1.2827675107285355,4.695652173913044,0
0,1697,69,462.3333333333333,6,0.0,396,1.0452179717047327,5.739130434782608,0
0,1710,54,355.2,5,0.0,265,1.142005559946907,4.907407407407407,0
0,1711,84,294.2857142857143,7,0.0,640,1.1398068584452765,7.619047619047619,0
0,1713,46,304.6666666666667,6,0.0,223,1.324338680057701,4.8478260869565215,0
0,1716,54,467.2,5,0.0,260,1.1204582852309275,4.814814814814815,0
0,1723,48,340.6666666666667,6,0.0,214,1.1671889372712079,4.458333333333333,0
0,1733,125,344.5,8,0.0,711,0.5718201284357998,5.688,0
0,1744,61,414.6666666666667,6,0.0,340,1.1482305855635901,5.573770491803279,0
0,1757,50,602.0,5,0.0,210,1.0555751316061706,4.2,0
0,1758,76,394.42857142857144,7,0.0,496,1.0791066178535578,6.526315789473684,0
0,1761,42,530.5,4,0.0,139,0.9902072082743338,3.3095238095238093,0
0,1788,66,450.3333333333333,6,0.0,379,1.0933550190179353,5.742424242424242,0
0,1796,44,413.6,5,0.0,186,1.2073062677018624,4.2272727272727275,0
0,1799,37,370.2,5,0.0,131,1.202479583989081,3.5405405405405403,0
0,1803,86,391.5,8,0.0,694,1.1791591679779971,8.069767441860465,0
0,1806,87,410.0,8,0.0,714,1.185412685777837,8.206896551724139,0
0,1818,40,595.5,4,0.0,181,1.4215706757493813,4.525,0
0,1819,49,514.2,5,0.0,246,1.287516522754001,5.020408163265306,0
0,1828,61,232.0,6,0.0,303,1.0232760806640229,4.967213114754099,0
0,1829,130,352.1666666666667,6,0.0,477,0.3546839516597234,3.669230769230769,0
0,1839,94,283.9,10,0.0,852,1.2116962158707576,9.063829787234043,0
0,1842,94,357.375,8,0.0,812,1.1548090695857456,8.638297872340425,0
0,1848,34,346.6,5,0.0,123,1.3370792262683202,3.6176470588235294,0
0,1849,40,395.8,5,0.0,182,1.4294246573833558,4.55,0
0,1850,32,340.8,5,0.0,111,1.3621749396424494,3.46875,0
0,1852,73,285.42857142857144,7,0.0,439,1.0352104897173346,6.013698630136986,0
0,1868,60,297.7142857142857,7,0.0,355,1.239183768915974,5.916666666666667,0
0,1869,60,335.0,5,0.0,362,1.2636183784438946,6.033333333333333,0
0,1881,22,452.4,5,0.0,53,1.3760695094236284,2.409090909090909,0
0,1882,72,408.57142857142856,7,0.0,468,1.1344640137963142,6.5,0
0,1904,69,425.14285714285717,7,0.0,420,1.1085645154444135,6.086956521739131,0
0,1907,53,174.57142857142858,7,0.0,274,1.2257691521304426,5.169811320754717,0
0,1922,27,447.6,5,0.0,75,1.2928364829587626,2.7777777777777777,0
0,1927,18,578.0,3,0.0,31,1.2023379291516492,1.7222222222222223,0
0,1952,104,359.6666666666667,9,0.0,980,1.1385949706057683,9.423076923076923,0
0,1955,50,479.8,5,0.0,213,1.0706547763434016,4.26,0
0,1961,67,444.1666666666667,6,0.0,460,1.2877100651827178,6.865671641791045,0
0,1963,60,367.14285714285717,7,0.0,355,1.239183768915974,5.916666666666667,0
0,1972,78,340.2857142857143,7,0.0,567,1.1711262554802186,7.269230769230769,0
0,1977,155,390.0,6,0.0,482,0.25211199317881877,3.109677419354839,0
0,1987,23,413.2,5,0.0,58,1.3777873263380567,2.5217391304347827,0
0,2010,78,368.2857142857143,7,0.0,565,1.1669952986707648,7.243589743589744,0
0,2018,55,482.8,5,0.0,266,1.105009779642823,4.836363636363636,0
0,2033,46,485.0,5,0.0,212,1.2590125568261552,4.608695652173913,0
0,2042,55,326.6666666666667,6,0.0,264,1.0967014354349824,4.8,0
0,2043,35,399.4,5,0.0,119,1.220733145394891,3.4,0
0,2052,46,378.25,4,0.0,96,0.5701188936571269,2.0869565217391304,0
0,2061,53,538.6,5,0.0,255,1.1407705612892804,4.811320754716981,0
0,2076,75,278.85714285714283,7,0.0,533,1.1907334288806113,7.1066666666666665,0
0,2084,85,322.0,9,0.0,656,1.1409742730822998,7.7176470588235295,0
0,2087,62,246.0,6,0.0,376,1.229176730228681,6.064516129032258,0
0,2090,110,363.5,8,0.0,530,0.5504278037694513,4.818181818181818,0
0,2092,39,431.8,5,0.0,160,1.321906179025291,4.102564102564102,0
0,2094,51,321.4,5,0.0,225,1.0870562815189595,4.411764705882353,0
0,2096,44,436.1666666666667,6,0.0,173,1.1229246468409797,3.9318181818181817,0
0,2097,122,382.75,8,0.0,510,0.4305864695863463,4.180327868852459,0
0,2115,62,334.0,6,0.0,295,0.9643806793017575,4.758064516129032,0
0,2119,68,355.875,8,0.0,410,1.1142326885569336,6.029411764705882,0
0,2128,54,477.0,5,0.0,285,1.2281946588108246,5.277777777777778,0
0,2129,16,334.0,5,0.0,21,1.030835089459151,1.3125,0
0,2134,74,538.8333333333334,6,0.0,525,1.2047743923554721,7.094594594594595,0
0,2135,64,342.57142857142856,7,0.0,364,1.1167380135807468,5.6875,0
0,2142,103,445.375,8,0.0,872,1.032884831343312,8.466019417475728,0
0,2144,46,660.0,5,0.0,196,1.163992741216634,4.260869565217392,0
0,2147,102,404.7142857142857,7,0.0,759,0.9167507974143226,7.4411764705882355,0
0,2162,3,397.25,4,0.0,3,4.1887902047863905,1.0,0
0,2169,68,425.0,7,0.0,409,1.1115150478531362,6.014705882352941,0
0,2170,85,433.75,8,0.0,645,1.1218420825275663,7.588235294117647,0
0,2175,104,389.375,8,0.0,931,1.0816652220754799,8.951923076923077,0
0,2178,34,522.8,5,0.0,118,1.2827264121923723,3.4705882352941178,0
0,2182,72,471.3333333333333,6,0.0,484,1.1732491082850771,6.722222222222222,0
0,2185,41,472.2,5,0.0,158,1.1811341802907491,3.8536585365853657,0
0,2198,87,326.5,8,0.0,585,0.9712414862465473,6.724137931034483,0
0,2207,41,372.6,5,0.0,182,1.3605469671703565,4.439024390243903,0
0,2213,5,373.0,4,0.0,5,2.5132741228718345,1.0,0
0,2230,48,224.33333333333334,6,0.0,236,1.287180323345818,4.916666666666667,0
0,2233,52,300.1666666666667,6,0.0,252,1.1711262554802189,4.846153846153846,0
0,2234,76,384.8333333333333,6,0.0,480,1.0442967269550558,6.315789473684211,0
0,2241,87,545.4285714285714,7,0.0,663,1.10074035107942,7.620689655172414,0
0,2252,34,305.8,5,0.0,116,1.260985286561993,3.411764705882353,0
0,2257,58,455.0,6,0.0,308,1.1505476067843714,5.310344827586207,0
0,2266,69,416.0,7,0.0,453,1.1956660130864745,6.565217391304348,0
0,2270,83,224.0,8,0.0,656,1.1966234755435645,7.903614457831325,0
0,2271,10,359.8,5,0.0,13,1.6336281798666925,1.3,0
0,2278,71,312.0,6,0.0,520,1.2962731044369706,7.323943661971831,0
0,2281,118,363.625,8,0.0,812,0.7328277031642954,6.88135593220339,0
0,2290,64,324.6666666666667,6,0.0,393,1.205708899278114,6.140625,0
0,2301,74,497.8333333333333,6,0.0,568,1.3034511521103014,7.675675675675675,0
0,2318,19,667.25,4,0.0,34,1.1835362905490634,1.7894736842105263,0
0,2320,83,346.0,7,0.0,634,1.1564928102052134,7.63855421686747,0
0,2326,85,477.6,5,0.0,272,0.4730868937170512,3.2,0
0,2331,62,476.3333333333333,6,0.0,362,1.1834095115499532,5.838709677419355,0
0,2332,70,424.3333333333333,6,0.0,468,1.200216621942876,6.685714285714286,0
0,2333,51,671.0,4,0.0,272,1.3141302603251424,5.333333333333333,0
0,2335,79,418.14285714285717,7,0.0,566,1.1396516211708527,7.1645569620253164,0
0,2341,43,529.1666666666666,6,0.0,178,1.2097425469745446,4.1395348837209305,0
0,2352,53,310.5,6,0.0,309,1.3823455036799517,5.830188679245283,0
0,2354,59,258.6666666666667,6,0.0,295,1.0649466622338282,5.0,0
0,2357,72,402.14285714285717,7,0.0,443,1.073862303657622,6.152777777777778,0
0,2376,51,401.2,5,0.0,252,1.2175030353012348,4.9411764705882355,0
0,2377,33,310.4,5,0.0,124,1.4308815024614667,3.757575757575758,0
0,2380,75,412.7142857142857,7,0.0,539,1.2041375575359279,7.1866666666666665,0
0,2389,58,307.57142857142856,7,0.0,331,1.236465122875412,5.706896551724138,0
0,2390,20,524.25,4,0.0,36,1.1309733552923256,1.8,0
0,2403,102,241.66666666666666,9,0.0,933,1.1269150118413214,9.147058823529411,0
0,2406,30,224.4,5,0.0,81,1.1309733552923256,2.7,0
0,2408,91,444.8,5,0.0,331,0.5022906259332068,3.6373626373626373,0
0,2419,71,403.5,6,0.0,456,1.1367317992754973,6.422535211267606,0
0,2427,44,397.6,5,0.0,165,1.0709974955419748,3.75,0
0,2430,39,448.0,5,0.0,141,1.1649298202660376,3.6153846153846154,0
0,2436,61,362.6,5,0.0,157,0.5302123586278931,2.5737704918032787,0
0,2438,58,251.66666666666666,6,0.0,343,1.2812916530098681,5.913793103448276,0
0,2439,97,262.7,10,0.0,911,1.2167035423191843,9.391752577319588,0
0,2457,54,388.6,5,0.0,257,1.10752992040134,4.7592592592592595,0
0,2459,25,459.0,4,0.0,67,1.3471149298593033,2.68,0
0,2464,33,480.2,5,0.0,116,1.3385665668187916,3.515151515151515,0
0,2477,47,398.1666666666667,6,0.0,202,1.1491203549572444,4.297872340425532,0
0,2483,81,509.3333333333333,6,0.0,537,1.028523246442749,6.62962962962963,0
0,2495,61,329.57142857142856,7,0.0,341,1.1516077343446594,5.590163934426229,0
0,2505,18,353.0,5,0.0,38,1.4738335905729893,2.111111111111111,0
0,2520,37,457.5,4,0.0,149,1.3677057863692599,4.027027027027027,0
0,2521,81,323.85714285714283,7,0.0,599,1.1472726715441464,7.395061728395062,0
0,2529,72,409.6666666666667,6,0.0,470,1.1393121506074095,6.527777777777778,0
0,2541,66,645.3333333333334,6,0.0,399,1.1510518537946073,6.045454545454546,0
0,2544,42,221.0,6,0.0,148,1.0543213440618806,3.5238095238095237,0
0,2574,54,340.57142857142856,7,0.0,278,1.1980284742084533,5.148148148148148,0
0,2576,132,379.875,8,0.0,847,0.6108652381980154,6.416666666666667,0
0,2578,18,308.4,5,0.0,36,1.3962634015954636,2.0,0
0,2579,58,323.0,6,0.0,305,1.1393409742507574,5.258620689655173,0
0,2582,71,452.0,7,0.0,443,1.104324971664573,6.23943661971831,0
0,2585,68,323.7142857142857,7,0.0,449,1.2202206760050323,6.602941176470588,0
0,2602,125,339.0,8,0.0,646,0.5195440266800656,5.168,0
0,2606,41,329.2,5,0.0,158,1.1811341802907491,3.8536585365853657,0
0,2617,78,400.57142857142856,7,0.0,467,0.964578415007517,5.987179487179487,0
0,2623,72,225.28571428571428,7,0.0,487,1.18052131350172,6.763888888888889,0
0,2645,52,360.5,6,0.0,252,1.1711262554802189,4.846153846153846,0
0,2650,56,423.1666666666667,6,0.0,277,1.1099759758219039,4.946428571428571,0
0,2651,42,357.8333333333333,6,0.0,174,1.239539958559238,4.142857142857143,0
0,2658,78,310.57142857142856,7,0.0,564,1.1649298202660376,7.230769230769231,0
0,2659,18,615.5,4,0.0,32,1.241123023640412,1.7777777777777777,0
0,2668,50,394.6,5,0.0,258,1.2968494474018666,5.16,0
0,2687,55,346.6,5,0.0,265,1.1008556075389027,4.818181818181818,0
0,2689,56,374.0,5,0.0,343,1.3744467859455347,6.125,0
0,2690,55,267.4,5,0.0,272,1.1299348122663455,4.945454545454545,0
0,2710,42,420.4,5,0.0,172,1.2252923728286722,4.095238095238095,0
0,2715,73,393.5,6,0.0,468,1.103595692910507,6.410958904109589,0
0,2719,60,238.14285714285714,7,0.0,354,1.2356931104119855,5.9,0
0,2723,51,367.4,5,0.0,230,1.1112130877749364,4.509803921568627,0
0,2729,88,328.42857142857144,7,0.0,702,1.1391518816219188,7.9772727272727275,0
0,2743,38,295.5,4,0.0,112,0.9746769451580521,2.9473684210526314,0
0,2744,89,308.625,8,0.0,695,1.1025915385657903,7.808988764044944,0
0,2745,62,356.2857142857143,7,0.0,361,1.1801404245014726,5.82258064516129,0
0,2750,85,422.85714285714283,7,0.0,671,1.1670636238387548,7.894117647058824,0
0,2754,85,307.125,8,0.0,665,1.156627883536173,7.823529411764706,0
0,2777,24,367.2,5,0.0,54,1.1780972450961724,2.25,0
0,2783,68,428.0,6,0.0,441,1.1984795503746528,6.485294117647059,0
0,2789,75,365.7142857142857,7,0.0,496,1.10807463550616,6.613333333333333,0
0,2790,72,447.6,5,0.0,197,0.4775414758928929,2.736111111111111,0
0,2792,62,373.8333333333333,6,0.0,346,1.1311041187742648,5.580645161290323,0
0,2793,50,430.14285714285717,7,0.0,258,1.2968494474018666,5.16,0
0,2797,85,348.14285714285717,7,0.0,649,1.1287992427292877,7.635294117647059,0
0,2804,67,275.2857142857143,7,0.0,472,1.321302501665745,7.044776119402985,0
0,2806,82,443.2857142857143,7,0.0,582,1.08769002045762,7.097560975609756,0
0,2807,77,345.7142857142857,7,0.0,516,1.0936493906239388,6.701298701298701,0
0,2809,89,386.0,8,0.0,708,1.1232155529562295,7.955056179775281,0
0,2815,49,491.2,5,0.0,239,1.2508798737325457,4.877551020408164,0
0,2837,104,388.22222222222223,9,0.0,956,1.1107110121419534,9.192307692307692,0
0,2841,8,579.0,4,0.0,10,1.9634954084936207,1.25,0
0,2847,50,630.2,5,0.0,251,1.261663609681661,5.02,0
0,2862,60,369.14285714285717,7,0.0,351,1.2252211349000193,5.85,0
0,2871,65,307.7142857142857,7,0.0,398,1.1837669833171482,6.123076923076923,0
0,2873,103,427.2857142857143,7,0.0,932,1.1039548885458337,9.048543689320388,0
0,2877,41,371.4,5,0.0,158,1.1811341802907491,3.8536585365853657,0
0,2883,60,283.1666666666667,6,0.0,326,1.1379546723003027,5.433333333333334,0
0,2884,51,336.0,6,0.0,260,1.2561539253107976,5.098039215686274,0
0,2886,69,503.1666666666667,6,0.0,441,1.163992741216634,6.391304347826087,0
0,2888,58,410.5,6,0.0,325,1.214051857808184,5.603448275862069,0
0,2889,50,433.1666666666667,6,0.0,243,1.2214512237157116,4.86,0
0,2896,28,497.5,4,0.0,78,1.2502256478571625,2.7857142857142856,0
0,2907,86,245.66666666666666,9,0.0,665,1.1298859462613373,7.732558139534884,0
0,2911,56,182.16666666666666,6,0.0,296,1.1861115120696157,5.285714285714286,0
0,2923,53,335.4,5,0.0,267,1.1944538818205408,5.037735849056604,0
0,2925,38,247.83333333333334,6,0.0,135,1.1748338178244377,3.5526315789473686,0
0,2932,66,480.1666666666667,6,0.0,362,1.044312709457764,5.484848484848484,0
0,2941,28,448.6,5,0.0,89,1.4265395212729164,3.1785714285714284,0
0,2946,56,383.6666666666667,6,0.0,298,1.194125779043059,5.321428571428571,0
0,2953,95,395.77777777777777,9,0.0,875,1.2183461814475651,9.210526315789474,0
0,2960,77,444.8333333333333,6,0.0,520,1.1021272928768375,6.753246753246753,0
0,2961,76,301.7142857142857,7,0.0,521,1.1334970723824669,6.855263157894737,0
0,2970,79,318.57142857142856,7,0.0,578,1.163813846354687,7.3164556962025316,0
0,2971,42,365.6666666666667,6,0.0,177,1.260911337155087,4.214285714285714,0
0,2974,33,550.4,5,0.0,106,1.2231728972654474,3.212121212121212,0
0,2981,61,433.0,5,0.0,360,1.2157735611849778,5.901639344262295,0
0,2984,28,165.4,5,0.0,77,1.2341971139102759,2.75,0
0,2989,54,558.25,4,0.0,286,1.2325041137540205,5.296296296296297,0
0,2992,49,563.25,4,0.0,240,1.2561136807356106,4.8979591836734695,0
0,2998,54,406.5,6,0.0,290,1.2497419335268038,5.37037037037037,0
0,3006,87,283.14285714285717,7,0.0,647,1.074176481370113,7.436781609195402,0
0,3007,51,521.5,6,0.0,244,1.1788521452916718,4.784313725490196,0
0,3020,58,466.6666666666667,6,0.0,295,1.101985532472044,5.086206896551724,0
0,3025,54,385.2,5,0.0,295,1.2712892082427834,5.462962962962963,0
0,3036,45,266.3333333333333,6,0.0,194,1.2038893329311997,4.311111111111111,0
0,3042,69,540.3333333333334,6,0.0,396,1.0452179717047327,5.739130434782608,0
0,3046,36,459.6,5,0.0,139,1.34778203348451,3.861111111111111,0
0,3050,76,329.25,8,0.0,545,1.1857119087302197,7.171052631578948,0
0,3059,53,398.1666666666667,6,0.0,265,1.1855066617319974,5.0,0
0,3066,80,290.0,6,0.0,550,1.0799224746714915,6.875,0
0,3071,101,326.3333333333333,6,0.0,435,0.5358662108858191,4.306930693069307,0
0,3080,78,432.14285714285717,7,0.0,563,1.1628643418613107,7.217948717948718,0
0,3082,53,384.0,6,0.0,274,1.2257691521304426,5.169811320754717,0
0,3083,70,350.42857142857144,7,0.0,418,1.0719883503677825,5.9714285714285715,0
0,3090,49,324.2,5,0.0,200,1.046761400613009,4.081632653061225,0
0,3093,77,415.85714285714283,7,0.0,507,1.0745741105549165,6.584415584415584,0
0,3095,55,252.0,6,0.0,306,1.2711766637996387,5.5636363636363635,0
0,3097,62,396.875,8,0.0,331,1.0820678130470567,5.338709677419355,0
0,3099,61,273.0,7,0.0,349,1.1786249245932146,5.721311475409836,0
0,3100,76,389.42857142857144,7,0.0,558,1.2139949450852525,7.342105263157895,0
0,3110,95,488.3333333333333,6,0.0,363,0.5054396158462471,3.8210526315789473,0
0,3115,51,393.8,5,0.0,279,1.34794978908351,5.470588235294118,0
0,3118,63,406.0,6,0.0,379,1.199963331529888,6.015873015873016,0
0,3119,42,320.4,5,0.0,172,1.2252923728286722,4.095238095238095,0
0,3126,75,347.0,7,0.0,554,1.237647879174219,7.386666666666667,0
0,3128,67,505.5,6,0.0,372,1.0413655309738499,5.552238805970149,0
0,3129,143,355.125,8,0.0,634,0.3896072653676813,4.433566433566433,0
0,3131,66,331.8333333333333,6,0.0,444,1.2808697320421196,6.7272727272727275,0
0,3137,91,334.125,8,0.0,724,1.0986659008327546,7.956043956043956,0
0,3138,58,313.7142857142857,7,0.0,316,1.180431960207342,5.448275862068965,0
0,3141,54,285.8333333333333,6,0.0,275,1.1851001093788658,5.092592592592593,0
0,3150,82,296.375,8,0.0,587,1.097034436440933,7.158536585365853,0
0,3161,20,277.75,4,0.0,48,1.5079644737231006,2.4,0
0,3163,74,396.3333333333333,6,0.0,477,1.094623590768686,6.445945945945946,0
0,3167,45,340.4,5,0.0,128,0.7943187351298637,2.8444444444444446,0
0,3183,86,372.75,8,0.0,697,1.184256397810755,8.104651162790697,0
0,3188,95,449.14285714285717,7,0.0,836,1.1640427516459024,8.8,0
0,3194,56,227.85714285714286,7,0.0,289,1.158061577662564,5.160714285714286,0
0,3203,18,425.5,4,0.0,33,1.279908118129175,1.8333333333333333,0
0,3208,65,290.7142857142857,7,0.0,378,1.12428120526101,5.815384615384615,0
0,3211,69,618.0,6,0.0,458,1.2088632096989078,6.63768115942029,0
0,3214,39,471.5,4,0.0,151,1.2475489564551183,3.871794871794872,0
0,3218,84,401.0,7,0.0,646,1.1504925477432009,7.690476190476191,0
0,3225,51,411.8,5,0.0,239,1.1546953390356947,4.686274509803922,0
0,3230,60,336.0,7,0.0,330,1.1519173063162573,5.5,0
0,3234,59,281.14285714285717,7,0.0,316,1.1407564246301347,5.3559322033898304,0
0,3236,68,385.57142857142856,7,0.0,450,1.2229383167088295,6.617647058823529,0
0,3238,54,411.6666666666667,6,0.0,265,1.142005559946907,4.907407407407407,0
0,3241,45,530.5,6,0.0,193,1.1976837178129978,4.288888888888889,0
0,3245,53,385.0,5,0.0,234,1.0468247503595751,4.415094339622642,0
0,3249,84,371.1666666666667,6,0.0,702,1.2502256478571625,8.357142857142858,0
0,3254,66,455.42857142857144,7,0.0,367,1.0587369181519322,5.5606060606060606,0
0,3256,60,461.14285714285717,7,0.0,332,1.1588986233242349,5.533333333333333,0
0,3259,45,381.6,5,0.0,201,1.2473286387586142,4.466666666666667,0
0,3263,69,312.5,6,0.0,452,1.1930265737639878,6.550724637681159,0
0,3271,76,350.57142857142856,7,0.0,519,1.1291458360201543,6.828947368421052,0
0,3273,26,386.25,4,0.0,61,1.1339476441951324,2.3461538461538463,0
0,3285,20,783.0,4,0.0,47,1.4765485471872029,2.35,0
0,3295,58,286.0,5,0.0,265,0.9899192071359039,4.568965517241379,0
0,3303,63,502.0,5,0.0,352,1.1144778171464924,5.587301587301587,0
0,3309,94,388.0,7,0.0,768,1.0922332086722324,8.170212765957446,0
0,3311,62,283.2857142857143,7,0.0,383,1.2520603395680443,6.17741935483871,0
0,3323,88,400.25,8,0.0,674,1.0937156242352895,7.659090909090909,0
0,3328,45,229.5,6,0.0,205,1.2721510992314224,4.555555555555555,0
0,3350,126,327.14285714285717,7,0.0,542,0.4290106369981526,4.301587301587301,0
0,3358,45,353.1666666666667,6,0.0,183,1.135627566630977,4.066666666666666,0
0,3367,57,489.0,6,0.0,313,1.210610650136787,5.491228070175438,0
0,3368,19,218.2,5,0.0,37,1.287965963244569,1.9473684210526316,0
0,3372,37,441.75,4,0.0,132,1.2116588174546463,3.5675675675675675,0
0,3396,23,396.4,5,0.0,60,1.4252972341428172,2.608695652173913,0
0,3398,23,398.5,4,0.0,46,1.0927278795094932,2.0,0
0,3403,49,201.71428571428572,7,0.0,223,1.167138961683505,4.551020408163265,0
0,3409,68,460.2,5,0.0,407,1.1060797664455415,5.985294117647059,0
0,3422,72,242.83333333333334,6,0.0,360,0.8726646259971648,5.0,0
0,3447,68,433.57142857142856,7,0.0,447,1.2147853945974372,6.573529411764706,0
0,3448,36,360.2,5,0.0,141,1.3671745807288913,3.9166666666666665,0
0,3454,71,269.2857142857143,7,0.0,441,1.0993393058782772,6.211267605633803,0
0,3456,71,313.8333333333333,6,0.0,479,1.194066955817902,6.746478873239437,0
0,3463,66,469.0,6,0.0,415,1.197209321615945,6.287878787878788,0
0,3469,85,323.7142857142857,7,0.0,687,1.1948922646456404,8.08235294117647,0
0,3478,66,360.375,8,0.0,416,1.2000941633547788,6.303030303030303,0
0,3481,51,264.6666666666667,6,0.0,240,1.15952670028689,4.705882352941177,0
0,3487,65,302.0,7,0.0,381,1.1332040719694305,5.861538461538461,0
0,3498,84,361.85714285714283,7,0.0,684,1.2181685799633892,8.142857142857142,0
0,3504,106,381.6666666666667,6,0.0,418,0.46749224962639147,3.943396226415094,0
0,3509,79,345.42857142857144,7,0.0,551,1.1094488396910598,6.974683544303797,0
0,3518,76,437.85714285714283,7,0.0,534,1.1617801087374997,7.026315789473684,0
0,3523,19,551.75,4,0.0,49,1.705684654026591,2.5789473684210527,0
0,3524,78,376.14285714285717,7,0.0,568,1.1731917338849458,7.282051282051282,0
0,3527,34,465.8,5,0.0,105,1.1414090955949077,3.088235294117647,0
0,3530,26,339.5,4,0.0,85,1.5800909796161682,3.269230769230769,0
0,3531,56,411.0,6,0.0,269,1.0779189079281306,4.803571428571429,0
0,3532,72,321.7142857142857,7,0.0,493,1.1950657239350062,6.847222222222222,0
0,3535,7,401.25,4,0.0,9,2.308108888351685,1.2857142857142858,0
0,3545,99,335.1666666666667,6,0.0,394,0.505167842266862,3.9797979797979797,0
0,3547,51,299.3333333333333,6,0.0,240,1.15952670028689,4.705882352941177,0
0,3550,29,424.6,5,0.0,84,1.2551428437647687,2.896551724137931,0
0,3552,25,399.0,5,0.0,68,1.3672211228422781,2.72,0
0,3567,50,306.3333333333333,6,0.0,231,1.1611326447667876,4.62,0
0,3571,33,383.0,4,0.0,131,1.5116570711488078,3.9696969696969697,0
0,3580,58,308.85714285714283,7,0.0,319,1.191638592740956,5.5,0
0,3584,56,325.3333333333333,6,0.0,291,1.1660758446360073,5.196428571428571,0
0,3595,88,419.2857142857143,7,0.0,636,1.0320521320677214,7.2272727272727275,0
0,3596,67,424.5,6,0.0,410,1.14774157983677,6.119402985074627,0
0,3605,70,343.6666666666667,6,0.0,421,1.079682046662288,6.014285714285714,0
0,3614,78,304.625,8,0.0,590,1.2186322587889402,7.564102564102564,0
0,3617,84,351.1666666666667,6,0.0,251,0.4470180022965069,2.988095238095238,0
0,3618,79,399.0,7,0.0,554,1.1154893959870185,7.012658227848101,0
0,3619,74,312.0,6,0.0,495,1.135930141363731,6.6891891891891895,0
0,3631,55,384.0,6,0.0,273,1.134088984370266,4.963636363636364,0
0,3635,69,357.57142857142856,7,0.0,438,1.1560744232491742,6.3478260869565215,0
0,3639,66,298.7142857142857,7,0.0,399,1.1510518537946073,6.045454545454546,0
0,3655,95,415.55555555555554,9,0.0,848,1.1807514992771833,8.926315789473684,0
0,3660,31,446.0,4,0.0,87,1.1376422928712258,2.806451612903226,0
0,3663,81,284.875,8,0.0,625,1.1970708175544098,7.716049382716049,0
0,3676,22,535.75,4,0.0,50,1.2981787824751212,2.272727272727273,0
0,3684,66,395.7142857142857,7,0.0,440,1.269330365086785,6.666666666666667,0
0,3692,97,442.625,8,0.0,708,0.9455829944697943,7.298969072164948,0
0,3694,53,414.8,5,0.0,255,1.1407705612892804,4.811320754716981,0
0,3702,57,407.6666666666667,6,0.0,300,1.1603296966167287,5.2631578947368425,0
0,3713,28,331.0,4,0.0,74,1.1861115120696157,2.642857142857143,0
0,3718,124,304.2857142857143,7,0.0,558,0.4560376432630345,4.5,0
0,3723,51,418.8,5,0.0,271,1.3092988990739467,5.313725490196078,0
0,3725,61,307.1666666666667,6,0.0,359,1.2123964124039082,5.885245901639344,0
0,3726,55,594.6,5,0.0,234,0.9720762723173707,4.254545454545455,0
0,3727,70,352.6666666666667,6,0.0,475,1.2181685799633892,6.785714285714286,0
0,3736,25,467.0,4,0.0,72,1.4476458947741766,2.88,0
0,3742,31,539.5,4,0.0,77,1.0068788109320044,2.4838709677419355,0
0,3744,29,533.0,4,0.0,97,1.449391141014078,3.3448275862068964,0
0,3767,74,283.0,6,0.0,237,0.543869582834756,3.2027027027027026,0
0,3772,14,436.75,4,0.0,24,1.538739258901123,1.7142857142857142,0
0,3774,78,379.0,6,0.0,496,1.0244772887446005,6.358974358974359,0
0,3781,27,548.25,4,0.0,86,1.4824525004593812,3.185185185185185,0
0,3782,57,530.6,5,0.0,327,1.2647593693122343,5.7368421052631575,0
0,3789,59,318.57142857142856,7,0.0,315,1.1371464359445962,5.338983050847458,0
0,3792,89,487.2857142857143,7,0.0,772,1.2247491622630073,8.674157303370787,0
0,3805,70,389.14285714285717,7,0.0,386,0.9899222565597225,5.514285714285714,0
0,3806,102,504.4,5,0.0,422,0.5097086120011122,4.137254901960785,0
0,3809,37,383.6,5,0.0,134,1.2300172843857773,3.6216216216216215,0
0,3817,68,451.5,6,0.0,451,1.225655957412627,6.632352941176471,0
0,3829,55,391.6666666666667,6,0.0,287,1.1922473938251512,5.218181818181818,0
0,3835,60,413.1666666666667,6,0.0,337,1.176351915844178,5.616666666666666,0
0,3839,98,270.57142857142856,7,0.0,361,0.47235108202662024,3.683673469387755,0
0,3847,57,451.5,6,0.0,267,1.0326934299888886,4.684210526315789,0
0,3858,141,354.625,8,0.0,684,0.43234231176609195,4.851063829787234,0
0,3871,74,403.42857142857144,7,0.0,457,1.0487274234408586,6.175675675675675,0
0,3873,29,472.4,5,0.0,84,1.2551428437647687,2.896551724137931,0
0,3879,66,430.4,5,0.0,388,1.1193185946674378,5.878787878787879,0
0,3880,26,275.6,5,0.0,70,1.3012513949780207,2.6923076923076925,0
0,3886,41,315.8,5,0.0,160,1.1960852458640496,3.902439024390244,0
0,3889,48,411.8333333333333,6,0.0,213,1.1617347833587255,4.4375,0
0,3890,117,487.1666666666667,6,0.0,543,0.49846878834078684,4.641025641025641,0
0,3912,67,440.8333333333333,6,0.0,444,1.2429201498720144,6.626865671641791,0
0,3917,55,462.6666666666667,6,0.0,292,1.2130182543447532,5.3090909090909095,0
0,3920,60,350.0,7,0.0,328,1.14493598930828,5.466666666666667,0
0,3936,60,341.2857142857143,7,0.0,316,1.1030480872604163,5.266666666666667,0
0,3951,28,400.2,5,0.0,78,1.2502256478571625,2.7857142857142856,0
0,3963,66,465.3333333333333,6,0.0,423,1.2202880555266138,6.409090909090909,0
0,3964,17,439.5,4,0.0,41,1.7827723016910935,2.411764705882353,0
0,3975,85,307.85714285714283,7,0.0,673,1.1705422039396156,7.91764705882353,0
0,3978,87,401.7142857142857,7,0.0,662,1.0990801092225884,7.609195402298851,0
0,3981,37,304.8,5,0.0,139,1.2759134517136048,3.7567567567567566,0
0,3991,57,486.6,5,0.0,313,1.210610650136787,5.491228070175438,0
0,3992,145,443.55555555555554,9,0.0,776,0.463805165124505,5.3517241379310345,0
0,3995,66,385.6666666666667,6,0.0,380,1.096239860756769,5.757575757575758,0
0,4015,83,414.77777777777777,9,0.0,679,1.2385782620336592,8.180722891566266,0
0,4019,51,331.5,6,0.0,243,1.1740207840404764,4.764705882352941,0
0,4028,74,340.57142857142856,7,0.0,473,1.0854443573031207,6.391891891891892,0
0,4029,68,399.2857142857143,7,0.0,432,1.1740207840404762,6.352941176470588,0
0,4042,91,343.375,8,0.0,663,1.0060987462045805,7.285714285714286,0
0,4056,54,376.6666666666667,6,0.0,269,1.1592433797196904,4.981481481481482,0
0,4061,70,400.6666666666667,6,0.0,434,1.1130213972718124,6.2,0
0,4072,46,420.4,5,0.0,181,1.074911664082708,3.9347826086956523,0
0,4075,30,292.8,5,0.0,82,1.14493598930828,2.7333333333333334,0
0,4090,63,393.8,5,0.0,301,0.953005178866745,4.777777777777778,0
0,4097,33,455.0,5,0.0,114,1.3154878329081228,3.4545454545454546,0
0,4101,55,443.8333333333333,6,0.0,288,1.1964015659290717,5.236363636363636,0
0,4105,65,438.7142857142857,7,0.0,382,1.1361783608722376,5.876923076923077,0
0,4107,65,385.5,6,0.0,400,1.1897155611227619,6.153846153846154,0
0,4108,20,353.0,5,0.0,42,1.3194689145077132,2.1,0
0,4111,69,276.85714285714283,7,0.0,418,1.1032856367994401,6.057971014492754,0
0,4115,46,493.0,5,0.0,217,1.2887062492041306,4.717391304347826,0
0,4117,49,288.3333333333333,6,0.0,239,1.2508798737325457,4.877551020408164,0
0,4131,50,341.2,5,0.0,242,1.216424675469968,4.84,0
0,4132,52,411.8,5,0.0,239,1.1107110121419534,4.596153846153846,0
0,4148,28,379.8,5,0.0,81,1.2983112496978226,2.892857142857143,0
0,4153,22,531.0,4,0.0,46,1.1943244798771113,2.090909090909091,0
0,4157,102,281.57142857142856,7,0.0,377,0.4553557979251642,3.696078431372549,0
0,4158,85,360.42857142857144,7,0.0,643,1.1183635024267056,7.564705882352941,0
0,4173,60,522.6666666666666,6,0.0,362,1.2636183784438946,6.033333333333333,0
0,4186,36,417.4,5,0.0,114,1.105375192929742,3.1666666666666665,0
0,4188,65,342.3333333333333,6,0.0,411,1.2224327390536378,6.323076923076923,0
0,4191,75,392.42857142857144,7,0.0,541,1.2086056004210333,7.213333333333333,0
0,4192,62,490.0,6,0.0,403,1.317442080537655,6.5,0
0,4199,44,223.16666666666666,6,0.0,189,1.2267789494389896,4.295454545454546,0
0,4201,42,447.6,5,0.0,168,1.1967972013675403,4.0,0
0,4204,49,288.8333333333333,6,0.0,243,1.2718151017448058,4.959183673469388,0
0,4205,9,667.6666666666666,3,0.0,12,1.8616845354606182,1.3333333333333333,0
0,4219,25,414.5,4,0.0,64,1.2867963509103792,2.56,0
0,4228,55,380.6,5,0.0,255,1.059313886499699,4.636363636363637,0
0,4237,64,314.0,6,0.0,390,1.1965050145508,6.09375,0
0,4242,68,376.5,6,0.0,419,1.13869145489111,6.161764705882353,0
0,4246,54,288.1666666666667,6,0.0,280,1.206647384094845,5.185185185185185,0
0,4253,71,285.0,7,0.0,488,1.2165024518562342,6.873239436619718,0
0,4256,54,358.2,5,0.0,270,1.1635528346628863,5.0,0
0,4273,48,539.8,5,0.0,221,1.205368014658584,4.604166666666667,0
0,4276,73,397.625,8,0.0,538,1.2686634247560957,7.36986301369863,0
0,4287,46,555.0,4,0.0,211,1.2530738183505603,4.586956521739131,0
0,4300,66,479.8333333333333,6,0.0,384,1.1077792277121035,5.818181818181818,0
0,4302,73,311.0,7,0.0,518,1.2215012156573561,7.095890410958904,0
0,4304,23,552.5,4,0.0,54,1.2827675107285355,2.347826086956522,0
0,4307,71,333.57142857142856,7,0.0,440,1.0968464729851293,6.197183098591549,0
0,4311,30,600.25,4,0.0,83,1.1588986233242349,2.7666666666666666,0
0,4329,97,323.55555555555554,9,0.0,775,1.0350661309521052,7.989690721649485,0
0,4332,68,309.7142857142857,7,0.0,461,1.252832364450601,6.779411764705882,0
0,4335,62,302.625,8,0.0,363,1.1866785985984338,5.854838709677419,0
0,4346,14,384.4,5,0.0,24,1.538739258901123,1.7142857142857142,0
0,4350,67,367.57142857142856,7,0.0,418,1.1701365374921218,6.2388059701492535,0
0,4352,156,467.875,8,0.0,831,0.4291031385820378,5.326923076923077,0
0,4353,68,410.1666666666667,6,0.0,421,1.1441267362987049,6.1911764705882355,0
0,4354,49,477.8,5,0.0,239,1.2508798737325457,4.877551020408164,0
0,4361,30,302.6,5,0.0,96,1.340412865531645,3.2,0
0,4362,79,348.0,7,0.0,603,1.2141518154876751,7.632911392405063,0
0,4370,39,415.0,6,0.0,162,1.3384300062631072,4.153846153846154,0
0,4371,41,358.4,5,0.0,148,1.106378852424246,3.6097560975609757,0
0,4372,69,305.57142857142856,7,0.0,418,1.1032856367994401,6.057971014492754,0
0,4376,48,568.8,5,0.0,193,1.05265170510908,4.020833333333333,0
0,4394,37,352.8,5,0.0,151,1.3860642533003908,4.081081081081081,0
0,4399,76,463.3333333333333,6,0.0,495,1.0769309996724015,6.5131578947368425,0
0,4405,83,311.5,8,0.0,595,1.0853520852872272,7.168674698795181,0
0,4418,48,369.4,5,0.0,209,1.1399181677087966,4.354166666666667,0
0,4435,50,386.0,5,0.0,232,1.1661591930125312,4.64,0
0,4444,42,459.4,5,0.0,160,1.1398068584452765,3.8095238095238093,0
0,4446,29,348.5,4,0.0,80,1.1953741369188273,2.7586206896551726,0
0,4447,21,311.2,5,0.0,46,1.310777887212068,2.1904761904761907,0
0,4448,35,515.8,5,0.0,124,1.2720244540249284,3.5428571428571427,0
0,4450,38,358.6,5,0.0,137,1.1922387632736888,3.6052631578947367,0
0,4454,57,332.6,5,0.0,304,1.175800759238285,5.333333333333333,0
0,4457,79,351.875,8,0.0,591,1.1899895903038409,7.481012658227848,0
0,4458,38,382.4,5,0.0,154,1.3401807995923218,4.052631578947368,0
0,4473,77,478.3333333333333,6,0.0,501,1.0618572571755684,6.5064935064935066,0
0,4477,82,304.85714285714283,7,0.0,604,1.128805450784197,7.365853658536586,0
0,4488,45,344.0,5,0.0,197,1.2225061782858058,4.377777777777778,0
0,4490,93,330.8333333333333,6,0.0,710,1.0315785797427461,7.634408602150538,0
0,4492,78,437.7142857142857,7,0.0,584,1.206239388360578,7.487179487179487,0
0,4501,89,465.85714285714283,7,0.0,657,1.042305958039891,7.382022471910112,0
0,4503,39,448.2,5,0.0,166,1.3714776607387396,4.256410256410256,0
0,4504,49,186.16666666666666,6,0.0,231,1.2090094177080255,4.714285714285714,0
0,4521,53,535.8,5,0.0,304,1.359977453458593,5.735849056603773,0
0,4522,74,407.85714285714283,7,0.0,471,1.080854740570338,6.364864864864865,0
0,4539,83,313.57142857142856,7,0.0,607,1.107241539108146,7.313253012048193,0
0,4544,58,392.5,6,0.0,305,1.1393409742507574,5.258620689655173,0
0,4545,77,434.0,7,0.0,606,1.2844021913141606,7.87012987012987,0
0,4553,48,391.4,5,0.0,206,1.1235557059713495,4.291666666666667,0
0,4561,34,494.6,5,0.0,110,1.1957619096708556,3.235294117647059,0
0,4563,49,382.8333333333333,6,0.0,214,1.1200346986559195,4.36734693877551,0
0,4565,41,251.4,5,0.0,158,1.1811341802907491,3.8536585365853657,0
0,4570,24,401.4,5,0.0,60,1.308996938995747,2.5,0
0,4572,34,441.0,5,0.0,115,1.2501147237468035,3.3823529411764706,0
0,4591,80,319.125,8,0.0,624,1.2252211349000193,7.8,0
0,4593,21,506.0,4,0.0,47,1.3392730586731998,2.238095238095238,0
0,4596,71,267.75,8,0.0,468,1.1666457939932737,6.591549295774648,0
0,4608,39,380.8,5,0.0,157,1.2971204381685668,4.0256410256410255,0
0,4611,67,364.3333333333333,6,0.0,377,1.0553623795084446,5.626865671641791,0
0,4615,63,420.2,5,0.0,383,1.2126278521792802,6.079365079365079,0
0,4622,59,399.5,6,0.0,297,1.072166639604905,5.033898305084746,0
0,4630,56,286.5,6,0.0,299,1.1981329125297808,5.339285714285714,0
0,4640,60,338.6666666666667,6,0.0,333,1.1623892818282233,5.55,0
0,4644,30,583.75,4,0.0,79,1.1030480872604163,2.6333333333333333,0
0,4647,80,395.14285714285717,7,0.0,590,1.1584622910112363,7.375,0
0,4660,28,429.25,4,0.0,76,1.218168579963389,2.7142857142857144,0
0,4663,97,352.0,8,0.0,870,1.161945205068815,8.969072164948454,0
0,4667,56,436.6666666666667,6,0.0,327,1.3103326501579877,5.839285714285714,0
0,4671,43,288.6666666666667,6,0.0,173,1.1757610147561584,4.023255813953488,0
0,4680,60,376.14285714285717,7,0.0,354,1.2356931104119855,5.9,0
0,4681,67,465.2857142857143,7,0.0,424,1.1869327557336353,6.3283582089552235,0
0,4690,67,428.5,6,0.0,371,1.038566161266931,5.537313432835821,0
0,4696,63,258.7142857142857,7,0.0,346,1.0954810361724046,5.492063492063492,0
0,4703,92,409.55555555555554,9,0.0,692,1.0274017562779474,7.521739130434782,0
0,4714,71,347.14285714285717,7,0.0,482,1.201545454497346,6.788732394366197,0
0,4716,42,467.25,4,0.0,149,1.0614451369271636,3.5476190476190474,0
0,4720,39,393.0,5,0.0,146,1.206239388360578,3.7435897435897436,0
0,4731,84,369.2857142857143,7,0.0,632,1.1255592727147106,7.523809523809524,0
0,4734,61,388.6666666666667,6,0.0,310,1.0469161221315086,5.081967213114754,0
0,4740,50,495.6,5,0.0,225,1.1309733552923256,4.5,0
0,4745,55,409.8333333333333,6,0.0,290,1.2047099101369123,5.2727272727272725,0
0,4753,49,260.3333333333333,6,0.0,248,1.297984136760131,5.061224489795919,0
0,4760,37,350.0,5,0.0,130,1.1933003505235151,3.5135135135135136,0
0,4761,66,385.1666666666667,6,0.0,436,1.2577909981314506,6.606060606060606,0
0,4773,96,312.125,8,0.0,836,1.1399181677087966,8.708333333333334,0
0,4776,70,409.0,6,0.0,500,1.2822827157509358,7.142857142857143,0
0,4777,65,231.57142857142858,7,0.0,385,1.1451012275806585,5.923076923076923,0
0,4779,82,374.0,6,0.0,612,1.1437565163574976,7.463414634146342,0
0,4780,56,434.0,5,0.0,291,1.1660758446360073,5.196428571428571,0
0,4781,67,268.42857142857144,7,0.0,407,1.1393434707160133,6.074626865671642,0
0,4784,60,438.0,6,0.0,342,1.1938052083641213,5.7,0
0,4791,65,384.14285714285717,7,0.0,423,1.2581242058873205,6.507692307692308,0
0,4792,69,274.0,7,0.0,422,1.1138433940893868,6.115942028985507,0
0,4794,14,467.0,3,0.0,22,1.4105109873260293,1.5714285714285714,0
0,4795,82,361.42857142857144,7,0.0,569,1.0633945389010067,6.939024390243903,0
0,4796,64,479.0,6,0.0,380,1.1658253987930873,5.9375,0
0,4809,101,344.125,8,0.0,932,1.1481087552772031,9.227722772277227,0
0,4812,64,306.57142857142856,7,0.0,350,1.0737865515199487,5.46875,0
0,4813,66,505.0,6,0.0,413,1.191439638138278,6.257575757575758,0
0,4819,29,304.4,5,0.0,83,1.2402006670532835,2.8620689655172415,0
0,4820,24,466.75,4,0.0,57,1.2435470920459597,2.375,0
0,4825,49,359.2,5,0.0,271,1.418361697830627,5.530612244897959,0
0,4828,59,431.8333333333333,6,0.0,315,1.1371464359445962,5.338983050847458,0
0,4831,38,230.0,5,0.0,146,1.270561017795318,3.8421052631578947,0
0,4838,49,420.4,5,0.0,250,1.3084517507662612,5.1020408163265305,0
0,4839,44,416.6,5,0.0,201,1.3046696763874968,4.568181818181818,0
0,4843,87,283.0,7,0.0,715,1.187072927634669,8.218390804597702,0
0,4849,56,476.8,5,0.0,322,1.2902969827243793,5.75,0
0,4851,70,299.42857142857144,7,0.0,490,1.2566370614359172,7.0,0
0,4858,85,326.875,8,0.0,689,1.198370844746501,8.105882352941176,0
0,4859,63,348.1666666666667,6,0.0,365,1.1556375092570164,5.7936507936507935,0
0,4867,45,368.5,6,0.0,200,1.241123023640412,4.444444444444445,0
0,4875,75,351.5,6,0.0,481,1.0745643138678689,6.413333333333333,0
0,4894,23,530.25,4,0.0,58,1.3777873263380567,2.5217391304347827,0
0,4901,80,365.0,6,0.0,521,1.0229811078251765,6.5125,0
0,4904,81,260.77777777777777,9,0.0,595,1.139611418311798,7.345679012345679,0
0,4916,65,480.0,5,0.0,370,1.1004868940385546,5.6923076923076925,0
0,4918,53,279.3333333333333,6,0.0,252,1.1273497311564655,4.754716981132075,0
0,4920,72,208.75,8,0.0,473,1.1465843558240527,6.569444444444445,0
0,4925,82,316.6666666666667,6,0.0,488,0.912014999971338,5.951219512195122,0
0,4929,14,563.3333333333334,3,0.0,21,1.3463968515384828,1.5,0
0,4940,64,312.85714285714283,7,0.0,355,1.0891263593988052,5.546875,0
0,4943,115,364.25,8,0.0,508,0.48270066329636746,4.417391304347826,0
0,4954,32,447.5,4,0.0,106,1.3008157081270237,3.3125,0
0,4966,42,265.1666666666667,6,0.0,171,1.2181685799633892,4.071428571428571,0
0,4969,43,449.0,5,0.0,154,1.0466311923262912,3.5813953488372094,0
0,4977,86,428.7142857142857,7,0.0,612,1.039834885882614,7.116279069767442,0
0,4979,70,489.8333333333333,6,0.0,444,1.1386670515868311,6.3428571428571425,0
0,4981,61,347.6666666666667,6,0.0,307,1.0367846757883004,5.032786885245901,0
0,4983,59,279.3333333333333,6,0.0,281,1.0144068206362906,4.762711864406779,0
0,4992,63,260.7142857142857,7,0.0,347,1.0986471663347526,5.507936507936508,0
0,4999,36,349.0,5,0.0,144,1.3962634015954636,4.0,0
2000,10,32,465.8,5,0.0,97,1.1903690913992575,3.03125,0
2000,27,101,581.1666666666666,6,0.0,392,0.4828955279706691,3.881188118811881,0
2000,45,111,522.5,8,0.0,1117,1.1392448645596296,10.063063063063064,0
2000,51,81,662.8,5,0.0,639,1.2238852038676284,7.888888888888889,0
2000,57,52,610.4,5,0.0,227,1.054943095214324,4.365384615384615,0
2000,64,47,839.25,4,0.0,246,1.3994237986112976,5.23404255319149,0
2000,133,82,562.0,7,0.0,652,1.2185118442240006,7.951219512195122,0
2000,134,38,910.25,4,0.0,127,1.105214036027434,3.3421052631578947,0
2000,138,77,529.0,6,0.0,531,1.125441524072309,6.896103896103896,0
2000,140,40,541.2,5,0.0,153,1.201659189998096,3.825,0
2000,149,66,443.1666666666667,6,0.0,376,1.0847004938014346,5.696969696969697,0
2000,162,93,446.375,8,0.0,824,1.1972123235324266,8.86021505376344,0
2000,165,93,530.7142857142857,7,0.0,692,1.005425883354902,7.440860215053763,0
2000,183,22,578.5,4,0.0,42,1.090470177279102,1.9090909090909092,0
2000,192,46,483.8,5,0.0,180,1.068972925607113,3.9130434782608696,0
2000,196,72,490.85714285714283,7,0.0,507,1.2290026816126736,7.041666666666667,0
2000,224,84,407.1666666666667,6,0.0,597,1.0632260851434843,7.107142857142857,0
2000,262,75,554.1428571428571,7,0.0,504,1.125946807046582,6.72,0
2000,268,8,609.3333333333334,3,0.0,10,1.9634954084936207,1.25,0
2000,277,121,532.5555555555555,9,0.0,1240,1.0642920266242315,10.24793388429752,0
2000,284,61,304.0,5,0.0,256,0.864550087953762,4.19672131147541,0
2000,288,41,717.25,4,0.0,86,0.6428958196519267,2.097560975609756,0
2000,308,112,561.2857142857143,7,0.0,1074,1.0759153411847697,9.589285714285714,0
2000,319,89,501.57142857142856,7,0.0,700,1.1105238517928822,7.865168539325842,0
2000,336,100,674.6666666666666,6,0.0,827,1.0392388498075036,8.27,0
2000,349,87,483.57142857142856,7,0.0,715,1.187072927634669,8.218390804597702,0
2000,351,29,738.0,4,0.0,76,1.135605430072886,2.6206896551724137,0
2000,358,74,517.5,6,0.0,465,1.0670858903719895,6.283783783783784,0
2000,370,97,453.0,7,0.0,823,1.0991734526110744,8.484536082474227,0
2000,374,94,412.2857142857143,7,0.0,753,1.0709005288153528,8.01063829787234,0
2000,383,26,261.2,5,0.0,67,1.2454834780503914,2.576923076923077,0
2000,392,76,567.2,5,0.0,561,1.2205217996287216,7.381578947368421,0
2000,395,85,793.8333333333334,6,0.0,713,1.240113805956829,8.388235294117647,0
2000,411,33,497.4,5,0.0,112,1.292409098997454,3.393939393939394,0
2000,430,63,572.2,5,0.0,367,1.1619697695817124,5.825396825396825,0
2000,432,97,541.0,8,0.0,852,1.1379049594467017,8.783505154639176,0
2000,457,45,318.6,5,0.0,179,1.110805106158169,3.977777777777778,0
2000,458,13,736.5,4,0.0,21,1.5615016739736252,1.6153846153846154,0
2000,485,86,440.1666666666667,6,0.0,673,1.1434785591486916,7.825581395348837,0
2000,491,89,640.4285714285714,7,0.0,691,1.0962456879841167,7.764044943820225,0
2000,500,71,573.3333333333334,6,0.0,456,1.1367317992754973,6.422535211267606,0
2000,504,112,481.75,8,0.0,1093,1.0949492252466977,9.758928571428571,0
2000,513,28,563.5,4,0.0,88,1.4105109873260293,3.142857142857143,0
2000,520,46,696.4,5,0.0,169,1.0036468023755671,3.6739130434782608,0
2000,525,55,588.6666666666666,6,0.0,293,1.2171724264486734,5.327272727272727,0
2000,533,59,651.8,5,0.0,275,0.9927468885230601,4.661016949152542,0
2000,534,66,570.8333333333334,6,0.0,422,1.2174032137877804,6.393939393939394,0
2000,547,95,510.0,7,0.0,795,1.1069545305723592,8.368421052631579,0
2000,550,81,731.2,5,0.0,564,1.0802367057610993,6.962962962962963,0
2000,552,125,740.5714285714286,7,0.0,1379,1.1090576049408831,11.032,0
2000,554,104,471.8333333333333,6,0.0,481,0.5588410008789536,4.625,0
2000,563,121,597.25,8,0.0,1296,1.112356827826616,10.710743801652892,0
2000,580,74,1098.75,4,0.0,495,1.135930141363731,6.6891891891891895,0
2000,582,98,670.8333333333334,6,0.0,842,1.1017163741451919,8.591836734693878,0
2000,588,48,668.8333333333334,6,0.0,231,1.2599095537834066,4.8125,0
2000,618,56,481.6,5,0.0,285,1.1420330437156774,5.089285714285714,0
2000,632,63,413.1666666666667,6,0.0,357,1.1303084679582325,5.666666666666667,0
2000,634,49,296.8333333333333,6,0.0,225,1.177606575689635,4.591836734693878,0
2000,660,84,608.3333333333334,6,0.0,267,0.47551317375763874,3.1785714285714284,0
2000,662,81,693.1428571428571,7,0.0,599,1.1472726715441464,7.395061728395062,0
2000,678,151,653.3333333333334,6,0.0,716,0.3946108223271421,4.741721854304636,0
2000,689,72,528.8333333333334,6,0.0,437,1.0593178932243361,6.069444444444445,0
2000,692,30,772.8,5,0.0,88,1.228711793404008,2.933333333333333,0
2000,697,70,594.0,6,0.0,434,1.1130213972718124,6.2,0
2000,713,58,286.7142857142857,7,0.0,305,1.1393409742507574,5.258620689655173,0
2000,717,142,493.5,10,0.0,1686,1.0507290644618907,11.873239436619718,0
2000,724,60,526.0,6,0.0,327,1.1414453308042916,5.45,0
2000,728,22,411.6,5,0.0,53,1.3760695094236284,2.409090909090909,0
2000,731,28,531.4,5,0.0,85,1.3624253854853694,3.0357142857142856,0
2000,732,43,628.2,5,0.0,160,1.0874090309883546,3.7209302325581395,0
2000,773,111,534.0,5,0.0,410,0.418165080097984,3.6936936936936937,0
2000,775,105,666.125,8,0.0,953,1.0862359360983485,9.076190476190476,0
2000,777,55,620.6,5,0.0,296,1.2296349427604347,5.381818181818182,0
2000,779,86,788.4,5,0.0,355,0.6031721968763529,4.127906976744186,0
2000,792,44,447.6666666666667,6,0.0,172,1.1164337529286041,3.909090909090909,0
2000,806,75,494.3333333333333,6,0.0,528,1.1795633216678476,7.04,0
2000,819,66,605.6,5,0.0,406,1.1712457459664427,6.151515151515151,0
2000,840,98,644.8333333333334,6,0.0,407,0.5325398625618684,4.153061224489796,0
2000,849,67,925.6,5,0.0,372,1.0413655309738499,5.552238805970149,0
2000,877,103,527.7142857142857,7,0.0,1013,1.1998994657692377,9.83495145631068,0
2000,879,94,549.8571428571429,7,0.0,690,0.9813032734164587,7.340425531914893,0
2000,886,58,730.6,5,0.0,281,1.0496879139818451,4.844827586206897,0
2000,897,70,527.1666666666666,6,0.0,469,1.202781187374378,6.7,0
2000,899,73,410.6666666666667,6,0.0,468,1.103595692910507,6.410958904109589,0
2000,903,167,505.0,8,0.0,1060,0.47762031091902624,6.347305389221557,0
2000,930,70,579.3333333333334,6,0.0,498,1.277153584887932,7.114285714285714,0
2000,943,81,484.1666666666667,6,0.0,595,1.139611418311798,7.345679012345679,0
2000,944,14,705.5,4,0.0,21,1.3463968515384828,1.5,0
2000,948,76,513.3333333333334,6,0.0,507,1.1030384178462778,6.671052631578948,0
2000,953,7,698.3333333333334,3,0.0,8,2.0516523452014974,1.1428571428571428,0
2000,954,64,682.2,5,0.0,381,1.1688933603688585,5.953125,0
2000,959,75,605.8333333333334,6,0.0,450,1.0053096491487339,6.0,0
2000,962,55,228.66666666666666,6,0.0,271,1.125780640162425,4.927272727272728,0
2000,969,123,332.77777777777777,9,0.0,1388,1.1528932786522925,11.284552845528456,0
2000,973,84,606.3333333333334,6,0.0,696,1.239539958559238,8.285714285714286,0
2000,987,47,614.0,5,0.0,197,1.1206767818147383,4.191489361702128,0
2000,1004,43,476.2,5,0.0,172,1.1689647083124812,4.0,0
2000,1007,40,567.6,5,0.0,177,1.3901547492134836,4.425,0
2000,1031,32,376.0,5,0.0,92,1.1290098598838318,2.875,0
2000,1032,61,287.3333333333333,6,0.0,348,1.1752477758121451,5.704918032786885,0
2000,1043,51,387.0,6,0.0,244,1.1788521452916718,4.784313725490196,0
2000,1079,46,553.6,5,0.0,172,1.0214630178023523,3.739130434782609,0
2000,1103,61,618.2,5,0.0,295,0.9962588904154679,4.836065573770492,0
2000,1105,74,598.0,5,0.0,460,1.0556118485400328,6.216216216216216,0
2000,1111,98,608.6666666666666,6,0.0,403,0.5273060555588033,4.112244897959184,0
2000,1112,68,476.3333333333333,6,0.0,331,0.899539072956939,4.867647058823529,0
2000,1114,54,683.6,5,0.0,308,1.3273121225043296,5.703703703703703,0
2000,1121,60,513.6666666666666,6,0.0,314,1.096066770252439,5.233333333333333,0
2000,1129,62,286.8333333333333,6,0.0,369,1.206293120889317,5.951612903225806,0
2000,1133,79,493.57142857142856,7,0.0,582,1.171867921415965,7.367088607594937,0
2000,1138,79,443.85714285714283,7,0.0,535,1.0772325394459474,6.772151898734177,0
2000,1196,73,482.5,6,0.0,432,1.018703716532776,5.917808219178082,0
2000,1201,74,542.5,6,0.0,447,1.0257793397769448,6.04054054054054,0
2000,1219,91,578.3333333333334,6,0.0,690,1.047071093335084,7.582417582417582,0
2000,1240,76,714.6,5,0.0,221,0.480811618035557,2.9078947368421053,0
2000,1242,17,1037.6666666666667,3,0.0,32,1.3914320403442682,1.8823529411764706,0
2000,1243,50,596.8,5,0.0,210,1.0555751316061706,4.2,0
2000,1245,103,546.125,8,0.0,979,1.1596264333544755,9.504854368932039,0
2000,1248,82,474.0,6,0.0,578,1.0802144876709698,7.048780487804878,0
2000,1266,108,455.85714285714283,7,0.0,982,1.0579711885545875,9.092592592592593,0
2000,1268,113,557.0,8,0.0,1079,1.061877507470714,9.548672566371682,0
2000,1274,57,418.3333333333333,6,0.0,299,1.1564619309613398,5.245614035087719,0
2000,1277,95,611.2857142857143,7,0.0,754,1.049866309498816,7.936842105263158,0
2000,1294,40,478.2,5,0.0,146,1.1466813185602744,3.65,0
2000,1304,88,398.42857142857144,7,0.0,696,1.1294155407533553,7.909090909090909,0
2000,1310,38,443.0,5,0.0,136,1.1835362905490634,3.5789473684210527,0
2000,1311,17,574.25,4,0.0,28,1.2175030353012346,1.6470588235294117,0
2000,1315,32,503.4,5,0.0,104,1.2762720155208536,3.25,0
2000,1328,66,500.4,5,0.0,379,1.0933550190179353,5.742424242424242,0
2000,1333,58,819.8,5,0.0,305,1.1393409742507574,5.258620689655173,0
2000,1339,88,462.75,8,0.0,749,1.2154198850923321,8.511363636363637,0
2000,1346,53,685.0,5,0.0,253,1.1318233412007372,4.773584905660377,0
2000,1364,81,551.0,7,0.0,540,1.03426918636701,6.666666666666667,0
2000,1371,81,529.0,6,0.0,591,1.13195016507945,7.296296296296297,0
2000,1375,68,677.5,6,0.0,457,1.2419618016354113,6.720588235294118,0
2000,1380,95,618.8,5,0.0,282,0.392655569335101,2.968421052631579,0
2000,1389,68,590.6666666666666,6,0.0,392,1.0653151558885803,5.764705882352941,0
2000,1393,15,543.25,4,0.0,25,1.3962634015954636,1.6666666666666667,0
2000,1400,45,646.25,4,0.0,218,1.352824095768049,4.844444444444444,0
2000,1407,89,409.0,7,0.0,783,1.2422002513626098,8.797752808988765,0
2000,1429,90,385.125,8,0.0,704,1.0921882608035625,7.822222222222222,0
2000,1432,3,832.6666666666666,3,0.0,3,4.1887902047863905,1.0,0
2000,1444,40,365.8,5,0.0,161,1.2644910430698917,4.025,0
2000,1457,21,583.6,5,0.0,47,1.3392730586731998,2.238095238095238,0
2000,1470,65,730.8333333333334,6,0.0,379,1.1272554941638169,5.8307692307692305,0
2000,1486,38,722.4,5,0.0,135,1.1748338178244377,3.5526315789473686,0
2000,1489,25,548.8,5,0.0,68,1.3672211228422781,2.72,0
2000,1524,54,423.8,5,0.0,256,1.1032204654581441,4.7407407407407405,0
2000,1537,88,727.0,6,0.0,806,1.3079151233436845,9.159090909090908,0
2000,1545,73,556.5,6,0.0,493,1.1625484542839317,6.7534246575342465,0
2000,1578,69,736.6,5,0.0,425,1.1217617120568468,6.159420289855072,0
2000,1582,124,474.875,8,0.0,603,0.49281487255844053,4.862903225806452,0
2000,1616,107,642.1428571428571,7,0.0,1038,1.139304104961553,9.700934579439252,0
2000,1622,101,549.8888888888889,9,0.0,952,1.172746282214482,9.425742574257425,0
2000,1647,61,321.6666666666667,6,0.0,339,1.1448534367825205,5.557377049180328,0
2000,1665,64,673.2,5,0.0,316,0.9694758579437253,4.9375,0
2000,1687,47,450.1666666666667,6,0.0,231,1.3140930791837795,4.914893617021277,0
2000,1697,66,639.2,5,0.0,389,1.1222034364062714,5.893939393939394,0
2000,1710,31,412.4,5,0.0,99,1.2945584711982916,3.193548387096774,0
2000,1711,98,676.2857142857143,7,0.0,803,1.050686755865308,8.193877551020408,0
2000,1713,27,536.2,5,0.0,75,1.2928364829587626,2.7777777777777777,0
2000,1716,16,687.75,4,0.0,25,1.227184630308513,1.5625,0
2000,1723,37,493.0,5,0.0,128,1.1749418835923844,3.4594594594594597,0
2000,1733,174,441.6666666666667,9,0.0,1206,0.500562919834759,6.931034482758621,0
2000,1744,60,455.0,6,0.0,338,1.1798425743481669,5.633333333333334,0
2000,1757,11,849.75,4,0.0,14,1.4539602363721356,1.2727272727272727,0
2000,1758,76,567.5,6,0.0,529,1.1509020178317177,6.9605263157894735,0
2000,1788,70,605.0,6,0.0,402,1.0309553034637526,5.742857142857143,0
2000,1803,100,511.42857142857144,7,0.0,890,1.1184069846779663,8.9,0
2000,1806,102,642.0,7,0.0,919,1.1100052474621376,9.009803921568627,0
2000,1819,22,715.5,4,0.0,54,1.4020330850731308,2.4545454545454546,0
2000,1828,25,576.5,4,0.0,73,1.4677520877571513,2.92,0
2000,1829,131,450.5,6,0.0,481,0.3522186507491849,3.6717557251908395,0
2000,1839,116,601.75,8,0.0,1236,1.1542831509622427,10.655172413793103,0
2000,1842,112,580.7142857142857,7,0.0,1047,1.0488671901493984,9.348214285714286,0
2000,1852,75,590.1428571428571,7,0.0,550,1.228711793404008,7.333333333333333,0
2000,1868,76,419.14285714285717,7,0.0,540,1.1748338178244377,7.105263157894737,0
2000,1869,60,416.6666666666667,6,0.0,361,1.2601277199399057,6.016666666666667,0
2000,1882,80,712.0,6,0.0,566,1.1113384012073895,7.075,0
2000,1904,78,577.1666666666666,6,0.0,528,1.0905725976958651,6.769230769230769,0
2000,1907,61,450.6666666666667,6,0.0,353,1.192133519717492,5.786885245901639,0
2000,1952,113,739.8571428571429,7,0.0,1208,1.188830425416703,10.690265486725664,0
2000,1955,12,560.0,5,0.0,20,1.7453292519943295,1.6666666666666667,0
2000,1961,66,610.2,5,0.0,444,1.2808697320421196,6.7272727272727275,0
2000,1963,72,664.5,6,0.0,501,1.2144582711793876,6.958333333333333,0
2000,1972,99,629.8571428571429,7,0.0,788,1.010335684533724,7.959595959595959,0
2000,1977,124,506.8,5,0.0,329,0.2688824097375239,2.653225806451613,0
2000,2010,96,595.0,8,0.0,781,1.064923551412165,8.135416666666666,0
2000,2018,22,765.5,4,0.0,46,1.1943244798771113,2.090909090909091,0
2000,2033,16,506.8,5,0.0,31,1.521708941582556,1.9375,0
2000,2042,37,502.0,5,0.0,130,1.1933003505235151,3.5135135135135136,0
2000,2076,94,524.1428571428571,7,0.0,772,1.0979219233007336,8.212765957446809,0
2000,2084,108,573.4285714285714,7,0.0,1033,1.1129167390803347,9.564814814814815,0
2000,2087,82,504.7142857142857,7,0.0,559,1.044705706934381,6.817073170731708,0
2000,2090,140,584.7142857142857,7,0.0,755,0.4840617251959783,5.392857142857143,0
2000,2094,19,356.4,5,0.0,37,1.287965963244569,1.9473684210526316,0
2000,2097,143,517.6666666666666,6,0.0,705,0.43323836290885703,4.93006993006993,0
2000,2115,47,470.2,5,0.0,179,1.0182799185017166,3.8085106382978724,0
2000,2119,99,583.375,8,0.0,822,1.0539288485872096,8.303030303030303,0
2000,2128,32,646.0,5,0.0,114,1.3989904785517047,3.5625,0
2000,2134,76,637.3333333333334,6,0.0,520,1.1313214542013106,6.842105263157895,0
2000,2135,61,436.0,6,0.0,368,1.2427907514335328,6.032786885245901,0
2000,2142,126,746.4444444444445,9,0.0,1341,1.0614451369271638,10.642857142857142,0
2000,2147,114,467.375,8,0.0,1110,1.0733049693704741,9.736842105263158,0
2000,2169,80,588.2857142857143,7,0.0,587,1.1525718047857554,7.3375,0
2000,2170,103,503.0,8,0.0,983,1.1643644371679769,9.54368932038835,0
2000,2175,124,449.375,8,0.0,1288,1.0526460296107318,10.387096774193548,0
2000,2182,67,695.0,5,0.0,409,1.1449422101298512,6.104477611940299,0
2000,2198,103,417.0,8,0.0,950,1.1252759057065902,9.223300970873787,0
2000,2230,28,692.2,5,0.0,89,1.4265395212729164,3.1785714285714284,0
2000,2233,10,607.25,4,0.0,12,1.5079644737231006,1.2,0
2000,2234,86,521.8571428571429,7,0.0,666,1.1315850228722564,7.744186046511628,0
2000,2241,85,958.6,5,0.0,675,1.1740207840404764,7.9411764705882355,0
2000,2257,61,738.0,6,0.0,332,1.1212133953150352,5.442622950819672,0
2000,2266,87,594.0,7,0.0,601,0.9978053559558545,6.908045977011494,0
2000,2270,104,472.0,8,0.0,984,1.143242297016404,9.461538461538462,0
2000,2278,76,427.0,6,0.0,527,1.1465507814694051,6.934210526315789,0
2000,2281,170,462.5,8,0.0,1234,0.5365709805577584,7.258823529411765,0
2000,2290,56,498.6,5,0.0,288,1.1540544441758425,5.142857142857143,0
2000,2301,91,601.1666666666666,6,0.0,534,0.8103419765810649,5.868131868131868,0
2000,2320,94,471.0,7,0.0,799,1.1363207470431165,8.5,0
2000,2326,56,545.2,5,0.0,128,0.5129130863003744,2.2857142857142856,0
2000,2331,62,594.8333333333334,6,0.0,366,1.1964858597438754,5.903225806451613,0
2000,2332,67,547.1666666666666,6,0.0,440,1.2317226710443387,6.567164179104478,0
2000,2335,93,559.7142857142857,7,0.0,723,1.0504666382450782,7.774193548387097,0
2000,2352,59,432.1666666666667,6,0.0,323,1.1660263454289033,5.47457627118644,0
2000,2354,60,654.4,5,0.0,266,0.9285151620609833,4.433333333333334,0
2000,2357,86,534.0,6,0.0,639,1.0857099543774351,7.430232558139535,0
2000,2380,95,524.125,8,0.0,802,1.1167013000239396,8.442105263157895,0
2000,2389,83,448.5,8,0.0,584,1.0652867526180514,7.036144578313253,0
2000,2403,127,538.25,8,0.0,1415,1.102449898897528,11.141732283464567,0
2000,2408,67,605.2,5,0.0,189,0.5290808746076818,2.8208955223880596,0
2000,2419,85,501.2857142857143,7,0.0,633,1.1009706019224021,7.447058823529412,0
2000,2438,65,695.6666666666666,6,0.0,391,1.1629469609974998,6.015384615384615,0
2000,2439,137,390.9,10,0.0,1545,1.034420725621233,11.277372262773723,0
2000,2477,30,554.6,5,0.0,86,1.2007865253720986,2.8666666666666667,0
2000,2483,80,720.0,5,0.0,543,1.0661780068120361,6.7875,0
2000,2495,78,337.14285714285717,7,0.0,538,1.1112273817431353,6.897435897435898,0
2000,2521,77,417.1666666666667,6,0.0,591,1.2526100578657904,7.675324675324675,0
2000,2529,75,408.14285714285717,7,0.0,475,1.0611601852125523,6.333333333333333,0
2000,2541,65,745.6666666666666,6,0.0,399,1.1867412722199548,6.138461538461539,0
2000,2574,44,506.8,5,0.0,190,1.2332698433513651,4.318181818181818,0
2000,2576,158,516.125,8,0.0,1205,0.6065725280525077,7.6265822784810124,0
2000,2579,68,420.5,6,0.0,366,0.994656497589848,5.382352941176471,0
2000,2582,75,663.6666666666666,6,0.0,495,1.1058406140636072,6.6,0
2000,2585,79,350.7142857142857,7,0.0,610,1.228246446844912,7.7215189873417724,0
2000,2602,163,355.375,8,0.0,989,0.4677684721894396,6.067484662576687,0
2000,2617,111,593.8333333333334,6,0.0,602,0.6139887273633814,5.423423423423423,0
2000,2623,102,374.875,8,0.0,907,1.0955111637085515,8.892156862745098,0
2000,2645,32,685.75,4,0.0,112,1.3744467859455345,3.5,0
2000,2650,43,576.6,5,0.0,164,1.1145942567630633,3.813953488372093,0
2000,2658,97,483.57142857142856,7,0.0,804,1.0737976377877325,8.288659793814434,0
2000,2668,29,453.6,5,0.0,84,1.2551428437647687,2.896551724137931,0
2000,2687,29,366.8,5,0.0,88,1.3149115506107099,3.0344827586206895,0
2000,2689,39,442.2,5,0.0,163,1.346691919882015,4.17948717948718,0
2000,2690,53,408.8333333333333,6,0.0,286,1.279452472661703,5.39622641509434,0
2000,2715,75,615.1666666666666,6,0.0,471,1.0522240994423415,6.28,0
2000,2719,76,245.0,7,0.0,534,1.1617801087374997,7.026315789473684,0
2000,2729,107,444.42857142857144,7,0.0,865,0.9494200874679609,8.08411214953271,0
2000,2744,113,537.4285714285714,7,0.0,1103,1.0854966549955491,9.761061946902656,0
2000,2745,71,623.1666666666666,6,0.0,418,1.0420041493358727,5.887323943661972,0
2000,2750,99,449.14285714285717,7,0.0,845,1.0834183419175085,8.535353535353535,0
2000,2754,108,477.0,8,0.0,1020,1.0989110105149482,9.444444444444445,0
2000,2783,70,490.6666666666667,6,0.0,440,1.1284087898608237,6.285714285714286,0
2000,2789,76,726.5,6,0.0,524,1.140023926925936,6.894736842105263,0
2000,2792,47,625.5,6,0.0,240,1.3652915108402903,5.1063829787234045,0
2000,2793,53,747.2,5,0.0,253,1.1318233412007372,4.773584905660377,0
2000,2797,96,319.42857142857144,7,0.0,811,1.1058297057557822,8.447916666666666,0
2000,2804,70,301.5,6,0.0,495,1.2694598885934267,7.071428571428571,0
2000,2806,89,561.1666666666666,6,0.0,686,1.0883133747570248,7.707865168539326,0
2000,2807,84,719.5,6,0.0,612,1.0899403083882957,7.285714285714286,0
2000,2809,96,816.8333333333334,6,0.0,782,1.0662870898902856,8.145833333333334,0
2000,2837,120,726.2857142857143,7,0.0,1199,1.0463248865706005,9.991666666666667,0
2000,2847,25,756.6,5,0.0,68,1.3672211228422781,2.72,0
2000,2862,70,522.8333333333334,6,0.0,450,1.1540544441758422,6.428571428571429,0
2000,2871,76,606.1666666666666,6,0.0,561,1.2205217996287216,7.381578947368421,0
2000,2873,118,577.875,8,0.0,1163,1.04960421032029,9.85593220338983,0
2000,2883,61,295.6666666666667,6,0.0,324,1.09419620506648,5.311475409836065,0
2000,2884,29,456.0,5,0.0,84,1.2551428437647687,2.896551724137931,0
2000,2886,70,778.3333333333334,6,0.0,464,1.1899583602168686,6.628571428571429,0
2000,2888,65,649.0,6,0.0,381,1.1332040719694305,5.861538461538461,0
2000,2889,38,709.75,4,0.0,123,1.0704041451289323,3.236842105263158,0
2000,2907,118,526.2,10,0.0,1306,1.178661305828288,11.067796610169491,0
2000,2911,58,413.8333333333333,6,0.0,330,1.2327295786975405,5.689655172413793,0
2000,2923,30,375.8,5,0.0,86,1.2007865253720986,2.8666666666666667,0
2000,2932,62,861.4,5,0.0,351,1.1474495540166674,5.661290322580645,0
2000,2946,54,477.2,5,0.0,293,1.2626702983563913,5.425925925925926,0
2000,2953,127,527.7777777777778,9,0.0,1427,1.111799297333408,11.236220472440944,0
2000,2960,76,707.3333333333334,6,0.0,528,1.1487263996505614,6.947368421052632,0
2000,2961,81,545.1666666666666,6,0.0,603,1.1549339247764947,7.444444444444445,0
2000,2970,91,285.375,8,0.0,769,1.16695314605026,8.45054945054945,0
2000,2981,43,539.2,5,0.0,187,1.2709093049676394,4.348837209302325,0
2000,2998,42,676.25,4,0.0,160,1.1398068584452765,3.8095238095238093,0
2000,3006,94,389.14285714285717,7,0.0,832,1.1832526427282517,8.851063829787234,0
2000,3007,37,718.2,5,0.0,138,1.2667342182480392,3.72972972972973,0
2000,3020,31,1072.0,3,0.0,85,1.1114895964833815,2.7419354838709675,0
2000,3025,32,463.2,5,0.0,102,1.2517283229146832,3.1875,0
2000,3036,37,400.6,5,0.0,137,1.2575549847824739,3.7027027027027026,0
2000,3042,63,713.6,5,0.0,318,1.0068293916266609,5.0476190476190474,0
2000,3050,103,428.75,8,0.0,911,1.079080368524951,8.844660194174757,0
2000,3059,40,534.2,5,0.0,169,1.3273228961416876,4.225,0
2000,3066,92,655.0,6,0.0,734,1.0897585102716958,7.978260869565218,0
2000,3071,107,686.3333333333334,6,0.0,443,0.48623479624081695,4.140186915887851,0
2000,3080,91,574.5,6,0.0,685,1.0394836216442498,7.527472527472527,0
2000,3082,56,557.6666666666666,6,0.0,296,1.1861115120696157,5.285714285714286,0
2000,3083,75,734.3333333333334,6,0.0,524,1.1706272358976368,6.986666666666666,0
2000,3093,75,673.0,6,0.0,528,1.1795633216678476,7.04,0
2000,3095,54,342.0,6,0.0,290,1.2497419335268038,5.37037037037037,0
2000,3097,65,745.6,5,0.0,420,1.2492013391789,6.461538461538462,0
2000,3099,82,421.125,8,0.0,597,1.1157232684075589,7.280487804878049,0
2000,3100,90,620.5714285714286,7,0.0,744,1.1542444119855833,8.266666666666667,0
2000,3110,72,743.6,5,0.0,218,0.5284469124093941,3.0277777777777777,0
2000,3118,66,509.5,6,0.0,403,1.1625912207499418,6.106060606060606,0
2000,3126,71,924.75,4,0.0,526,1.311230101795859,7.408450704225352,0
2000,3128,64,639.0,6,0.0,376,1.1535535524900022,5.875,0
2000,3129,178,440.625,8,0.0,1009,0.4001852023067922,5.668539325842697,0
2000,3131,77,463.0,7,0.0,555,1.1763089375897016,7.207792207792208,0
2000,3137,122,452.77777777777777,9,0.0,1283,1.0832204715280045,10.51639344262295,0
2000,3138,56,668.4,5,0.0,312,1.2502256478571625,5.571428571428571,0
2000,3141,62,520.2,5,0.0,336,1.0984132482894595,5.419354838709677,0
2000,3150,100,469.42857142857144,7,0.0,894,1.12343353292371,8.94,0
2000,3163,75,412.1666666666667,6,0.0,477,1.065628228097658,6.36,0
2000,3183,101,530.4285714285714,7,0.0,950,1.1702825295207542,9.405940594059405,0
2000,3188,96,681.0,7,0.0,958,1.306269862039506,9.979166666666666,0
2000,3194,54,561.25,4,0.0,231,0.9954840918782473,4.277777777777778,0
2000,3208,72,454.0,6,0.0,442,1.0714382352520746,6.138888888888889,0
2000,3211,69,770.0,6,0.0,454,1.1983054524089611,6.579710144927536,0
2000,3218,90,594.7142857142857,7,0.0,685,1.0627115889921028,7.611111111111111,0
2000,3230,65,762.8333333333334,6,0.0,391,1.1629469609974998,6.015384615384615,0
2000,3234,79,436.2857142857143,7,0.0,543,1.0933406895685036,6.8734177215189876,0
2000,3236,75,451.5,6,0.0,541,1.2086056004210333,7.213333333333333,0
2000,3238,59,665.2,5,0.0,286,1.0324567640639826,4.8474576271186445,0
2000,3241,45,683.4,5,0.0,184,1.1418331817491791,4.088888888888889,0
2000,3249,89,539.8333333333334,6,0.0,782,1.2406137887171915,8.786516853932584,0
2000,3254,77,611.7142857142857,7,0.0,555,1.1763089375897016,7.207792207792208,0
2000,3256,52,802.6,5,0.0,261,1.2129521931759408,5.019230769230769,0
2000,3259,8,416.5,4,0.0,9,1.7671458676442586,1.125,0
2000,3263,69,317.42857142857144,7,0.0,457,1.2062237703764214,6.6231884057971016,0
2000,3271,82,547.6666666666666,6,0.0,554,1.035361290951068,6.7560975609756095,0
2000,3295,36,670.0,4,0.0,114,1.105375192929742,3.1666666666666665,0
2000,3303,48,584.4,5,0.0,184,1.0035643198967394,3.8333333333333335,0
2000,3309,92,492.3333333333333,6,0.0,796,1.1818089566434193,8.652173913043478,0
2000,3311,80,371.85714285714283,7,0.0,574,1.1270463644753383,7.175,0
2000,3323,104,580.1666666666666,6,0.0,872,1.0131171575186018,8.384615384615385,0
2000,3328,35,531.5,4,0.0,117,1.200216621942876,3.342857142857143,0
2000,3350,127,386.1666666666667,6,0.0,557,0.43396791073210117,4.3858267716535435,0
2000,3358,14,423.0,5,0.0,23,1.4746251231135763,1.6428571428571428,0
2000,3367,45,729.8,5,0.0,203,1.2597398689950183,4.511111111111111,0
2000,3403,61,508.5,6,0.0,340,1.1482305855635901,5.573770491803279,0
2000,3409,53,563.8,5,0.0,261,1.1676122215549105,4.9245283018867925,0
2000,3422,114,389.75,8,0.0,606,0.585966496791448,5.315789473684211,0
2000,3447,87,523.7142857142857,7,0.0,640,1.062554788372291,7.35632183908046,0
2000,3454,85,472.14285714285717,7,0.0,682,1.1861958143934885,8.023529411764706,0
2000,3456,81,576.8333333333334,6,0.0,584,1.1185429719228406,7.209876543209877,0
2000,3463,66,501.0,6,0.0,421,1.2145183720489465,6.378787878787879,0
2000,3469,106,500.0,7,0.0,982,1.0982712658686995,9.264150943396226,0
2000,3478,86,556.4285714285714,7,0.0,694,1.1791591679779971,8.069767441860465,0
2000,3481,42,469.8,5,0.0,166,1.1825496156369744,3.9523809523809526,0
2000,3487,64,328.3333333333333,6,0.0,396,1.214912784005428,6.1875,0
2000,3498,92,610.3333333333334,6,0.0,736,1.0927278795094932,8.0,0
2000,3504,116,506.6666666666667,6,0.0,446,0.4165131758326539,3.8448275862068964,0
2000,3509,79,708.5,6,0.0,582,1.171867921415965,7.367088607594937,0
2000,3518,75,568.6666666666666,6,0.0,540,1.2063715789784806,7.2,0
2000,3524,88,536.3333333333334,6,0.0,648,1.051524813804848,7.363636363636363,0
2000,3531,49,645.8,5,0.0,217,1.1357361196651146,4.428571428571429,0
2000,3532,87,462.57142857142856,7,0.0,688,1.1422463975002128,7.908045977011494,0
2000,3545,98,504.1666666666667,6,0.0,395,0.5168384415526732,4.030612244897959,0
2000,3580,77,661.5,6,0.0,529,1.1212025729458597,6.87012987012987,0
2000,3584,43,475.0,5,0.0,180,1.223335159861899,4.186046511627907,0
2000,3595,87,538.0,6,0.0,655,1.0874584162247665,7.528735632183908,0
2000,3596,57,634.4,5,0.0,332,1.2840981975891799,5.824561403508772,0
2000,3605,79,439.14285714285717,7,0.0,561,1.129584027344255,7.10126582278481,0
2000,3614,96,357.0,8,0.0,825,1.1249192444494702,8.59375,0
2000,3617,63,628.6,5,0.0,157,0.4970824354886344,2.492063492063492,0
2000,3618,92,701.5,6,0.0,803,1.1922017489757109,8.728260869565217,0
2000,3619,91,407.57142857142856,7,0.0,667,1.0121687235572476,7.329670329670329,0
2000,3631,52,548.2,5,0.0,278,1.2919567421567493,5.346153846153846,0
2000,3635,81,337.2857142857143,7,0.0,589,1.1281195384632758,7.271604938271605,0
2000,3639,69,401.6666666666667,6,0.0,432,1.1402377873142537,6.260869565217392,0
2000,3655,118,664.5714285714286,7,0.0,1188,1.072166639604905,10.067796610169491,0
2000,3663,97,497.7142857142857,7,0.0,895,1.195334435099528,9.22680412371134,0
2000,3684,79,637.6666666666666,6,0.0,541,1.0893136520378646,6.848101265822785,0
2000,3692,107,564.0,7,0.0,909,0.9977142884489901,8.495327102803738,0
2000,3694,32,476.0,5,0.0,96,1.1780972450961724,3.0,0
2000,3702,56,505.1666666666667,6,0.0,307,1.2301899804235543,5.482142857142857,0
2000,3718,128,518.8333333333334,6,0.0,584,0.4479223900626072,4.5625,0
2000,3723,32,482.6,5,0.0,107,1.3130875544301088,3.34375,0
2000,3725,62,388.3333333333333,6,0.0,370,1.2095622079377975,5.967741935483871,0
2000,3726,29,757.2,5,0.0,76,1.135605430072886,2.6206896551724137,0
2000,3727,78,757.6666666666666,6,0.0,519,1.0719832920533219,6.653846153846154,0
2000,3767,48,437.8,5,0.0,113,0.6163193921104976,2.3541666666666665,0
2000,3774,80,435.3333333333333,6,0.0,526,1.0327985848676446,6.575,0
2000,3782,42,717.8,5,0.0,173,1.232416165693955,4.119047619047619,0
2000,3789,66,588.3333333333334,6,0.0,378,1.090470177279102,5.7272727272727275,0
2000,3792,101,539.5714285714286,7,0.0,945,1.1641231477864344,9.356435643564357,0
2000,3805,76,585.5,6,0.0,526,1.1443751632882488,6.921052631578948,0
2000,3806,64,611.6,5,0.0,239,0.7332428166093364,3.734375,0
2000,3817,71,532.8333333333334,6,0.0,456,1.1367317992754973,6.422535211267606,0
2000,3835,55,490.8,5,0.0,307,1.2753308359035591,5.581818181818182,0
2000,3839,113,382.1666666666667,6,0.0,480,0.47238295049670315,4.247787610619469,0
2000,3847,32,651.6,5,0.0,97,1.1903690913992575,3.03125,0
2000,3858,146,498.1666666666667,6,0.0,767,0.45216767973416616,5.2534246575342465,0
2000,3871,67,846.0,5,0.0,365,1.0217699430254172,5.447761194029851,0
2000,3879,47,476.0,5,0.0,215,1.2230736451277602,4.574468085106383,0
2000,3890,106,750.6,5,0.0,486,0.5435436203790102,4.584905660377358,0
2000,3912,63,601.2,5,0.0,405,1.2822827157509358,6.428571428571429,0
2000,3917,52,537.0,6,0.0,279,1.296604068567385,5.365384615384615,0
2000,3920,40,728.75,4,0.0,146,1.1466813185602744,3.65,0
2000,3936,50,463.0,5,0.0,257,1.291822899156123,5.14,0
2000,3963,69,463.0,6,0.0,427,1.1270405907018204,6.188405797101449,0
2000,3975,90,594.1666666666666,6,0.0,814,1.2628426765541194,9.044444444444444,0
2000,3978,89,545.6666666666666,6,0.0,689,1.0930727626932797,7.741573033707865,0
2000,3991,33,718.75,4,0.0,117,1.350105933774126,3.5454545454545454,0
2000,3992,179,460.75,8,0.0,1117,0.43808357967102135,6.240223463687151,0
2000,3995,66,852.2,5,0.0,398,1.1481670120557739,6.03030303030303,0
2000,4015,98,862.5,6,0.0,908,1.1880741896957652,9.26530612244898,0
2000,4019,39,1039.75,4,0.0,146,1.206239388360578,3.7435897435897436,0
2000,4028,72,549.3333333333334,6,0.0,483,1.1708250398795295,6.708333333333333,0
2000,4029,81,737.1666666666666,6,0.0,568,1.0878979589934477,7.012345679012346,0
2000,4042,112,302.44444444444446,9,0.0,1049,1.0508707568927593,9.366071428571429,0
2000,4056,51,527.6,5,0.0,221,1.067730836514178,4.333333333333333,0
2000,4061,74,540.1428571428571,7,0.0,470,1.0785599322039465,6.351351351351352,0
2000,4090,37,691.75,4,0.0,136,1.2483757513169085,3.675675675675676,0
2000,4101,58,517.6666666666666,6,0.0,301,1.124398797539272,5.189655172413793,0
2000,4105,72,466.8333333333333,6,0.0,494,1.1974897923405539,6.861111111111111,0
2000,4107,59,557.1666666666666,6,0.0,324,1.1696363341144418,5.491525423728813,0
2000,4111,67,563.2,5,0.0,381,1.0665598583361204,5.686567164179104,0
2000,4115,13,558.8,5,0.0,20,1.4871444514034524,1.5384615384615385,0
2000,4117,22,539.0,4,0.0,55,1.4279966607226333,2.5,0
2000,4131,25,401.2,5,0.0,66,1.3270087368763286,2.64,0
2000,4157,109,501.1666666666667,6,0.0,483,0.5108624700560122,4.431192660550459,0
2000,4158,100,882.3333333333334,6,0.0,846,1.063114953974786,8.46,0
2000,4173,63,594.8333333333334,6,0.0,369,1.1683020299064084,5.857142857142857,0
2000,4188,61,448.2,5,0.0,350,1.1820020733742838,5.737704918032787,0
2000,4191,78,777.6,5,0.0,613,1.2661382620976616,7.858974358974359,0
2000,4192,52,916.75,4,0.0,257,1.1943628875333976,4.9423076923076925,0
2000,4199,49,354.5,6,0.0,214,1.1200346986559195,4.36734693877551,0
2000,4204,47,733.2,5,0.0,216,1.2287623597562614,4.595744680851064,0
2000,4228,32,426.8,5,0.0,91,1.1167380135807468,2.84375,0
2000,4237,63,401.8333333333333,6,0.0,355,1.1239762076335365,5.634920634920635,0
2000,4242,71,555.0,6,0.0,442,1.1018321387714252,6.225352112676056,0
2000,4246,57,585.8,5,0.0,269,1.0404289612996667,4.719298245614035,0
2000,4253,92,426.42857142857144,7,0.0,752,1.1164828334118737,8.173913043478262,0
2000,4276,71,752.2,5,0.0,519,1.2937802715438227,7.309859154929577,0
2000,4300,64,555.5,6,0.0,373,1.1443496677626883,5.828125,0
2000,4302,93,574.1428571428571,7,0.0,761,1.1056778861749716,8.182795698924732,0
2000,4307,68,602.4,5,0.0,400,1.0870562815189595,5.882352941176471,0
2000,4329,122,440.1111111111111,9,0.0,1313,1.1085490873860249,10.762295081967213,0
2000,4332,86,679.0,6,0.0,678,1.151973942203288,7.883720930232558,0
2000,4335,64,479.5,6,0.0,417,1.2793399770966247,6.515625,0
2000,4350,82,418.3333333333333,6,0.0,567,1.0596567725076815,6.914634146341464,0
2000,4352,187,437.5,8,0.0,1193,0.4287134359841715,6.379679144385027,0
2000,4353,70,443.5,6,0.0,450,1.1540544441758422,6.428571428571429,0
2000,4362,97,486.85714285714283,7,0.0,850,1.1352338210442445,8.762886597938145,0
2000,4372,60,645.6,5,0.0,367,1.281071670963838,6.116666666666666,0
2000,4399,75,533.8571428571429,7,0.0,523,1.168393214455084,6.973333333333334,0
2000,4405,97,438.57142857142856,7,0.0,844,1.1272204058368733,8.70103092783505,0
2000,4435,24,688.6,5,0.0,57,1.2435470920459597,2.375,0
2000,4454,40,487.8,5,0.0,142,1.1152653920243767,3.55,0
2000,4457,99,675.8333333333334,6,0.0,781,1.0013606213462416,7.888888888888889,0
2000,4473,76,625.6666666666666,6,0.0,503,1.0943359451216523,6.618421052631579,0
2000,4477,143,570.0,7,0.0,846,0.5198860354906284,5.916083916083916,0
2000,4490,105,446.14285714285717,7,0.0,914,1.0417834686189826,8.704761904761904,0
2000,4492,83,674.5,6,0.0,618,1.1273068717773216,7.445783132530121,0
2000,4501,101,566.1428571428571,7,0.0,875,1.0778918035059577,8.663366336633663,0
2000,4504,49,640.8,5,0.0,236,1.2351784527233505,4.816326530612245,0
2000,4521,34,766.0,5,0.0,121,1.3153381006379412,3.5588235294117645,0
2000,4522,85,609.2857142857143,7,0.0,648,1.1270599526788572,7.623529411764705,0
2000,4539,94,361.14285714285717,7,0.0,786,1.1178324245004878,8.361702127659575,0
2000,4544,63,934.1666666666666,6,0.0,357,1.1303084679582325,5.666666666666667,0
2000,4545,88,462.57142857142856,7,0.0,770,1.2494970781323043,8.75,0
2000,4563,27,638.5,4,0.0,85,1.4652146806865975,3.1481481481481484,0
2000,4591,102,379.0,8,0.0,994,1.2005932709220508,9.745098039215685,0
2000,4596,99,489.375,8,0.0,860,1.1026506201763993,8.686868686868687,0
2000,4611,73,507.85714285714283,7,0.0,476,1.1224605765500029,6.52054794520548,0
2000,4615,66,628.4,5,0.0,370,1.0673914433684328,5.606060606060606,0
2000,4622,35,681.8,5,0.0,124,1.2720244540249284,3.5428571428571427,0
2000,4630,61,369.3333333333333,6,0.0,303,1.0232760806640229,4.967213114754099,0
2000,4640,62,338.6666666666667,6,0.0,349,1.1409113799197064,5.629032258064516,0
2000,4647,92,676.1428571428571,7,0.0,776,1.152115264265444,8.434782608695652,0
2000,4663,110,507.57142857142856,7,0.0,1078,1.1195493820065445,9.8,0
2000,4667,37,649.2,5,0.0,144,1.3218096190414323,3.891891891891892,0
2000,4680,70,481.0,6,0.0,469,1.202781187374378,6.7,0
2000,4681,85,650.8571428571429,7,0.0,603,1.048791900409492,7.094117647058823,0
2000,4690,62,733.4,5,0.0,332,1.0853369000955373,5.354838709677419,0
2000,4696,69,310.2,5,0.0,412,1.08744900086452,5.971014492753623,0
2000,4703,105,584.5,8,0.0,1036,1.1808399053493064,9.866666666666667,0
2000,4714,80,560.3333333333334,6,0.0,567,1.113301896615883,7.0875,0
2000,4731,90,555.0,7,0.0,721,1.1185621250559215,8.011111111111111,0
2000,4734,50,601.4,5,0.0,226,1.1359999035380692,4.52,0
2000,4740,10,654.25,4,0.0,13,1.6336281798666925,1.3,0
2000,4745,58,524.6666666666666,6,0.0,304,1.135605430072886,5.241379310344827,0
2000,4753,51,399.8333333333333,6,0.0,245,1.183683506542867,4.803921568627451,0
2000,4761,69,465.3333333333333,6,0.0,432,1.1402377873142537,6.260869565217392,0
2000,4773,116,343.25,8,0.0,1202,1.1225310254503365,10.362068965517242,0
2000,4776,75,685.5,6,0.0,527,1.177329300225295,7.026666666666666,0
2000,4777,91,640.625,8,0.0,737,1.118393327228923,8.098901098901099,0
2000,4779,81,586.6666666666666,6,0.0,622,1.1913248776301486,7.679012345679013,0
2000,4780,37,593.6,5,0.0,127,1.1657626501268188,3.4324324324324325,0
2000,4781,68,377.57142857142856,7,0.0,429,1.165867861929084,6.3088235294117645,0
2000,4784,50,783.25,4,0.0,258,1.2968494474018666,5.16,0
2000,4791,84,900.1666666666666,6,0.0,619,1.1024069459025407,7.369047619047619,0
2000,4792,87,415.0,8,0.0,637,1.0575740628017958,7.32183908045977,0
2000,4795,85,544.1666666666666,6,0.0,628,1.0922741516702505,7.3882352941176475,0
2000,4796,66,544.1666666666666,6,0.0,388,1.1193185946674378,5.878787878787879,0
2000,4809,124,422.0,9,0.0,1333,1.089423258906138,10.75,0
2000,4812,49,757.2,5,0.0,219,1.146203733671245,4.469387755102041,0
2000,4813,68,573.0,6,0.0,431,1.171303143336679,6.338235294117647,0
2000,4825,53,404.5,6,0.0,251,1.1228761211121938,4.735849056603773,0
2000,4828,60,576.0,6,0.0,330,1.1519173063162573,5.5,0
2000,4838,25,519.25,4,0.0,61,1.2264777719614552,2.44,0
2000,4843,119,637.4444444444445,9,0.0,1152,1.0222766010692583,9.680672268907562,0
2000,4849,29,691.75,4,0.0,96,1.4344489643025928,3.310344827586207,0
2000,4851,76,471.3333333333333,6,0.0,547,1.1900631450925323,7.197368421052632,0
2000,4858,104,673.4285714285714,7,0.0,936,1.0874743800887745,9.0,0
2000,4859,40,631.25,4,0.0,146,1.1466813185602744,3.65,0
2000,4867,49,502.8333333333333,6,0.0,215,1.1252685056589846,4.387755102040816,0
2000,4875,91,495.75,8,0.0,688,1.0440361046587503,7.56043956043956,0
2000,4901,73,585.5,6,0.0,525,1.238007988841915,7.191780821917808,0
2000,4904,93,368.7142857142857,7,0.0,859,1.2480647887310128,9.236559139784946,0
2000,4916,46,562.4,5,0.0,201,1.1936864335946096,4.369565217391305,0
2000,4918,58,509.6666666666667,6,0.0,283,1.057159002337588,4.879310344827586,0
2000,4920,102,430.6666666666667,9,0.0,953,1.1510718180972983,9.343137254901961,0
2000,4925,81,474.85714285714283,7,0.0,537,1.028523246442749,6.62962962962963,0
2000,4940,61,683.0,5,0.0,390,1.317088024617059,6.39344262295082,0
2000,4943,139,545.5714285714286,7,0.0,730,0.4747917058372857,5.251798561151079,0
2000,4966,23,621.6,5,0.0,59,1.401542280240437,2.5652173913043477,0
2000,4977,95,613.8571428571429,7,0.0,772,1.0749294309457376,8.126315789473685,0
2000,4979,64,698.4,5,0.0,355,1.0891263593988052,5.546875,0
2000,4981,40,532.0,5,0.0,153,1.201659189998096,3.825,0
2000,4983,61,360.3333333333333,6,0.0,340,1.1482305855635901,5.573770491803279,0
2000,4992,78,443.14285714285717,7,0.0,532,1.098834511314773,6.82051282051282,0
4000,27,73,966.2,5,0.0,252,0.5942438346441192,3.452054794520548,0
4000,45,132,783.25,8,0.0,1502,1.0832580729320176,11.378787878787879,0
4000,51,72,781.0,5,0.0,489,1.1853694503128154,6.791666666666667,0
4000,133,72,924.8,5,0.0,505,1.2241545448015783,7.013888888888889,0
4000,138,74,529.6666666666666,6,0.0,522,1.197889967256298,7.054054054054054,0
4000,149,65,508.5,6,0.0,388,1.154024094289079,5.969230769230769,0
4000,162,110,720.125,8,0.0,1084,1.125780640162425,9.854545454545455,0
4000,165,98,573.8571428571429,7,0.0,832,1.0886318566375295,8.489795918367347,0
4000,196,73,606.8333333333334,6,0.0,509,1.2002782215629233,6.972602739726027,0
4000,224,88,563.5,6,0.0,653,1.0596384311953178,7.420454545454546,0
4000,262,98,690.25,8,0.0,818,1.0703135321268018,8.346938775510203,0
4000,277,139,789.0,8,0.0,1631,1.0608017427679628,11.733812949640289,0
4000,284,34,995.5,4,0.0,135,1.4675259800505953,3.9705882352941178,0
4000,308,119,840.7142857142857,7,0.0,1228,1.0897184601675773,10.319327731092438,0
4000,319,86,784.6,5,0.0,674,1.1451776357596108,7.837209302325581,0
4000,336,95,765.3333333333334,6,0.0,816,1.1361948389271008,8.589473684210526,0
4000,349,104,790.2857142857143,7,0.0,875,1.0166026523265788,8.413461538461538,0
4000,358,60,718.6,5,0.0,316,1.1030480872604163,5.266666666666667,0
4000,370,101,463.7142857142857,7,0.0,929,1.1444131262366113,9.198019801980198,0
4000,374,102,639.8333333333334,6,0.0,852,1.029079946504615,8.352941176470589,0
4000,392,66,657.8,5,0.0,410,1.182785112921777,6.212121212121212,0
4000,395,86,870.0,6,0.0,700,1.1893536276435126,8.13953488372093,0
4000,430,52,602.8,5,0.0,243,1.1293003177844967,4.673076923076923,0
4000,432,103,772.5,6,0.0,942,1.1157998980795873,9.145631067961165,0
4000,485,84,542.4,5,0.0,609,1.0845974637393334,7.25,0
4000,491,97,667.5714285714286,7,0.0,833,1.1125291446233596,8.587628865979381,0
4000,500,71,594.8333333333334,6,0.0,460,1.1467031308480895,6.47887323943662,0
4000,504,117,707.5,6,0.0,1213,1.1135223577483875,10.367521367521368,0
4000,525,51,808.6,5,0.0,222,1.0725621977653734,4.352941176470588,0
4000,533,38,709.2,5,0.0,135,1.1748338178244377,3.5526315789473686,0
4000,534,70,714.5,6,0.0,450,1.1540544441758422,6.428571428571429,0
4000,547,99,965.5,6,0.0,918,1.1770154294441098,9.272727272727273,0
4000,550,73,989.8,5,0.0,447,1.0540753733568304,6.123287671232877,0
4000,552,130,789.1428571428571,7,0.0,1497,1.113127621875484,11.515384615384615,0
4000,554,100,498.1666666666667,6,0.0,474,0.5956459671206248,4.74,0
4000,563,134,580.125,8,0.0,1572,1.1001522948191478,11.73134328358209,0
4000,580,45,1338.25,4,0.0,193,1.1976837178129978,4.288888888888889,0
4000,582,96,789.0,6,0.0,838,1.1426452446650375,8.729166666666666,0
4000,588,39,888.4,5,0.0,147,1.2145013019794861,3.769230769230769,0
4000,618,45,934.75,4,0.0,186,1.1542444119855833,4.133333333333334,0
4000,632,60,803.2,5,0.0,351,1.2252211349000193,5.85,0
4000,634,66,397.85714285714283,7,0.0,391,1.1279731198839387,5.924242424242424,0
4000,660,41,790.2,5,0.0,156,1.1661831147174484,3.8048780487804876,0
4000,662,84,837.6666666666666,6,0.0,720,1.282282715750936,8.571428571428571,0
4000,678,162,804.7142857142857,7,0.0,758,0.36295187188249706,4.679012345679013,0
4000,689,60,708.2,5,0.0,306,1.0681415022205296,5.1,0
4000,697,70,802.1666666666666,6,0.0,441,1.1309733552923256,6.3,0
4000,713,50,734.75,4,0.0,221,1.110867162309351,4.42,0
4000,717,157,587.2222222222222,9,0.0,2158,1.1001755765259076,13.745222929936306,0
4000,724,68,774.5,6,0.0,398,1.0816210001113649,5.852941176470588,0
4000,773,63,886.2,5,0.0,334,1.0574874742242288,5.301587301587301,0
4000,775,118,726.75,8,0.0,1260,1.1371464359445962,10.677966101694915,0
4000,777,39,665.6,5,0.0,151,1.2475489564551183,3.871794871794872,0
4000,779,69,1076.2,5,0.0,247,0.6519415126542145,3.579710144927536,0
4000,806,72,946.6,5,0.0,466,1.129615876985219,6.472222222222222,0
4000,819,50,664.8,5,0.0,242,1.216424675469968,4.84,0
4000,840,106,794.0,5,0.0,426,0.4764394697149348,4.018867924528302,0
4000,849,52,1073.0,5,0.0,242,1.124652991373861,4.653846153846154,0
4000,877,112,591.4285714285714,7,0.0,1157,1.1590633610342445,10.330357142857142,0
4000,879,99,871.5,6,0.0,771,0.9885391025069812,7.787878787878788,0
4000,897,70,566.5,6,0.0,478,1.2258622762578948,6.828571428571428,0
4000,899,67,553.8,5,0.0,400,1.1197478827675806,5.970149253731344,0
4000,903,189,441.5,8,0.0,1297,0.45627453561837145,6.862433862433862,0
4000,930,73,937.6,5,0.0,506,1.1932038901981126,6.931506849315069,0
4000,943,82,741.0,6,0.0,634,1.1848719466840743,7.7317073170731705,0
4000,948,80,887.0,5,0.0,537,1.0543970343610745,6.7125,0
4000,954,52,744.2,5,0.0,262,1.2175995195865768,5.038461538461538,0
4000,959,63,806.8,5,0.0,341,1.0796503853606645,5.412698412698413,0
4000,962,74,763.1428571428571,7,0.0,481,1.1038028242342517,6.5,0
4000,969,144,525.2222222222222,9,0.0,1860,1.127191808579671,12.916666666666666,0
4000,973,91,893.6666666666666,6,0.0,734,1.1138408442144225,8.065934065934066,0
4000,1032,46,521.6,5,0.0,217,1.2887062492041306,4.717391304347826,0
4000,1043,35,618.75,4,0.0,153,1.5695140440791457,4.371428571428571,0
4000,1105,59,598.2,5,0.0,304,1.0974365604036738,5.1525423728813555,0
4000,1111,112,759.4,5,0.0,412,0.4127347491323325,3.6785714285714284,0
4000,1112,51,612.0,5,0.0,183,0.8841391089687537,3.588235294117647,0
4000,1114,37,800.6,5,0.0,148,1.3585265529036943,4.0,0
4000,1121,65,530.0,6,0.0,351,1.0439754048852237,5.4,0
4000,1129,79,765.1666666666666,6,0.0,530,1.0671649456193497,6.708860759493671,0
4000,1133,90,889.1666666666666,6,0.0,750,1.1635528346628863,8.333333333333334,0
4000,1138,90,731.1666666666666,6,0.0,652,1.0115152642669358,7.2444444444444445,0
4000,1196,57,803.0,4,0.0,275,1.0636355552320014,4.824561403508772,0
4000,1201,70,901.25,4,0.0,366,0.938630947929685,5.228571428571429,0
4000,1219,86,636.6666666666666,6,0.0,674,1.1451776357596108,7.837209302325581,0
4000,1240,24,834.0,5,0.0,62,1.3526301702956054,2.5833333333333335,0
4000,1245,118,626.0,8,0.0,1272,1.1479764020012113,10.779661016949152,0
4000,1248,70,871.6,5,0.0,455,1.1668772713333517,6.5,0
4000,1266,156,733.5,8,0.0,1272,0.6568221327031915,8.153846153846153,0
4000,1268,126,778.25,8,0.0,1355,1.0725265924953817,10.753968253968255,0
4000,1274,59,433.3333333333333,6,0.0,308,1.1118765151458274,5.220338983050848,0
4000,1277,95,884.8333333333334,6,0.0,891,1.2406245116226065,9.378947368421052,0
4000,1304,94,535.4285714285714,7,0.0,847,1.2045853225851313,9.01063829787234,0
4000,1328,47,583.4,5,0.0,213,1.2116962158707576,4.531914893617022,0
4000,1333,27,1150.0,4,0.0,72,1.241123023640412,2.6666666666666665,0
4000,1339,102,707.8571428571429,7,0.0,902,1.0894719621445572,8.843137254901961,0
4000,1346,7,944.25,4,0.0,7,1.7951958020513104,1.0,0
4000,1364,106,636.5,6,0.0,581,0.6497918589304628,5.481132075471698,0
4000,1371,85,691.6666666666666,6,0.0,622,1.0818384113676685,7.317647058823529,0
4000,1375,54,1210.0,4,0.0,337,1.4522863158570098,6.2407407407407405,0
4000,1389,54,792.0,5,0.0,272,1.172171744549278,5.037037037037037,0
4000,1400,21,985.8,5,0.0,46,1.310777887212068,2.1904761904761907,0
4000,1407,99,786.1666666666666,6,0.0,954,1.2231728972654474,9.636363636363637,0
4000,1429,87,581.3333333333334,6,0.0,693,1.1505476067843712,7.9655172413793105,0
4000,1470,64,745.6666666666666,6,0.0,393,1.205708899278114,6.140625,0
4000,1537,86,998.2,5,0.0,731,1.2420250025820112,8.5,0
4000,1545,72,570.0,6,0.0,491,1.190217587123911,6.819444444444445,0
4000,1578,56,871.4,5,0.0,291,1.1660758446360073,5.196428571428571,0
4000,1582,139,636.6666666666666,6,0.0,704,0.4578813163143138,5.0647482014388485,0
4000,1616,121,901.7142857142857,7,0.0,1259,1.0805997270321834,10.40495867768595,0
4000,1622,111,911.1666666666666,6,0.0,1146,1.1688223946153407,10.324324324324325,0
4000,1647,67,746.1666666666666,6,0.0,410,1.14774157983677,6.119402985074627,0
4000,1697,53,709.2,5,0.0,259,1.1586650014663673,4.886792452830188,0
4000,1711,103,693.0,7,0.0,917,1.0861873742452033,8.902912621359222,0
4000,1733,229,692.1,10,0.0,1807,0.4330091283565726,7.890829694323144,0
4000,1744,55,692.8,5,0.0,284,1.1797848775133901,5.163636363636364,0
4000,1758,69,1051.8,5,0.0,401,1.058415168317166,5.811594202898551,0
4000,1788,73,629.8333333333334,6,0.0,409,0.9644671760692254,5.602739726027397,0
4000,1803,105,733.1666666666666,6,0.0,960,1.0942145841074653,9.142857142857142,0
4000,1806,88,1000.8,5,0.0,744,1.2073062677018624,8.454545454545455,0
4000,1829,115,539.8,5,0.0,424,0.4028840181843697,3.6869565217391305,0
4000,1839,130,706.4285714285714,7,0.0,1463,1.0878461662016254,11.253846153846155,0
4000,1842,114,878.1666666666666,6,0.0,1116,1.0791066178535578,9.789473684210526,0
4000,1852,84,678.8333333333334,6,0.0,682,1.2146066835307476,8.119047619047619,0
4000,1868,73,622.0,5,0.0,544,1.2828120874857178,7.4520547945205475,0
4000,1869,64,638.8333333333334,6,0.0,375,1.1504855909142309,5.859375,0
4000,1882,80,779.3333333333334,6,0.0,573,1.1250828690668446,7.1625,0
4000,1904,76,571.8333333333334,6,0.0,539,1.1726581996432814,7.092105263157895,0
4000,1907,62,831.6,5,0.0,394,1.2880202971013304,6.354838709677419,0
4000,1952,123,861.1428571428571,7,0.0,1366,1.1346197540627028,11.105691056910569,0
4000,1961,53,653.2,5,0.0,289,1.2928733027945178,5.452830188679245,0
4000,1963,75,653.5,6,0.0,512,1.1438189785870039,6.826666666666667,0
4000,1972,108,617.4285714285714,7,0.0,943,1.0159540028584277,8.731481481481481,0
4000,1977,72,483.6,5,0.0,187,0.4533007918374162,2.5972222222222223,0
4000,2010,108,609.75,8,0.0,1045,1.1258451039099224,9.675925925925926,0
4000,2076,95,825.0,5,0.0,758,1.0554358920425764,7.978947368421053,0
4000,2084,118,802.0,6,0.0,1161,1.0477992159775207,9.838983050847459,0
4000,2087,81,595.3333333333334,6,0.0,612,1.172171744549278,7.555555555555555,0
4000,2090,156,589.5714285714286,7,0.0,892,0.46060168425412484,5.717948717948718,0
4000,2097,122,698.8,5,0.0,545,0.4601365214207034,4.467213114754099,0
4000,2119,115,570.625,8,0.0,1110,1.0547199532656848,9.652173913043478,0
4000,2134,77,705.6666666666666,6,0.0,525,1.112724670692961,6.818181818181818,0
4000,2135,50,574.8,5,0.0,259,1.3018759956476103,5.18,0
4000,2142,141,895.0,8,0.0,1650,1.0429310152252218,11.702127659574469,0
4000,2147,136,615.4444444444445,9,0.0,1505,1.0225123148037714,11.066176470588236,0
4000,2169,91,759.8571428571429,7,0.0,745,1.1305332819342573,8.186813186813186,0
4000,2170,111,677.0,7,0.0,1173,1.1963600950120372,10.567567567567568,0
4000,2175,134,542.5,8,0.0,1542,1.0791570220172557,11.507462686567164,0
4000,2182,52,969.5,4,0.0,245,1.1385949706057683,4.711538461538462,0
4000,2198,117,610.375,8,0.0,1254,1.1511599642345243,10.717948717948717,0
4000,2234,96,722.0,6,0.0,759,1.0349257048935128,7.90625,0
4000,2241,74,1116.2,5,0.0,519,1.191005542157124,7.013513513513513,0
4000,2257,56,1010.2,5,0.0,310,1.2422113808837192,5.535714285714286,0
4000,2266,83,779.1666666666666,6,0.0,608,1.1090656602598892,7.325301204819277,0
4000,2270,122,642.0,8,0.0,1330,1.1229019697055698,10.901639344262295,0
4000,2278,80,632.3333333333334,6,0.0,551,1.081885970079985,6.8875,0
4000,2281,210,590.6666666666666,9,0.0,1590,0.45307322623199736,7.571428571428571,0
4000,2290,16,644.25,4,0.0,28,1.3744467859455345,1.75,0
4000,2301,99,647.6666666666666,6,0.0,513,0.6577439164540614,5.181818181818182,0
4000,2320,103,547.1428571428571,7,0.0,937,1.1098773933127104,9.097087378640778,0
4000,2331,62,599.5,6,0.0,385,1.2585985136650057,6.209677419354839,0
4000,2332,65,873.6,5,0.0,434,1.2908413838181967,6.676923076923077,0
4000,2335,98,1149.8333333333333,6,0.0,880,1.1514375406743098,8.979591836734693,0
4000,2352,68,530.8571428571429,7,0.0,400,1.0870562815189595,5.882352941176471,0
4000,2354,36,749.6,5,0.0,109,1.0568938248187882,3.0277777777777777,0
4000,2357,80,713.6,5,0.0,558,1.0956304379394404,6.975,0
4000,2380,105,852.0,7,0.0,995,1.13410782415305,9.476190476190476,0
4000,2389,86,747.6,5,0.0,641,1.089108107599274,7.453488372093023,0
4000,2403,146,737.625,8,0.0,1779,1.0487696248332223,12.184931506849315,0
4000,2419,98,501.7142857142857,7,0.0,781,1.02190081734845,7.969387755102041,0
4000,2438,65,780.5,6,0.0,404,1.2016127167339896,6.2153846153846155,0
4000,2439,153,594.2222222222222,9,0.0,2107,1.1310753506965174,13.77124183006536,0
4000,2483,65,814.4,5,0.0,385,1.1451012275806585,5.923076923076923,0
4000,2495,82,553.1666666666666,6,0.0,604,1.128805450784197,7.365853658536586,0
4000,2521,90,546.0,7,0.0,702,1.0890854532444616,7.8,0
4000,2529,74,473.3333333333333,6,0.0,490,1.124456099531774,6.621621621621622,0
4000,2541,65,806.8333333333334,6,0.0,415,1.2343298946648655,6.384615384615385,0
4000,2574,17,571.0,5,0.0,35,1.5218787941265433,2.0588235294117645,0
4000,2576,196,641.375,8,0.0,1485,0.4857627124719745,7.576530612244898,0
4000,2579,70,719.5,6,0.0,415,1.064294654073277,5.928571428571429,0
4000,2582,69,875.2,5,0.0,418,1.1032856367994401,6.057971014492754,0
4000,2585,109,811.125,8,0.0,913,0.965667567621406,8.376146788990825,0
4000,2602,215,684.625,8,0.0,1382,0.3756998202064765,6.427906976744186,0
4000,2617,102,633.0,6,0.0,578,0.6981317007977318,5.666666666666667,0
4000,2623,120,754.0,8,0.0,1254,1.0943214410004447,10.45,0
4000,2658,105,850.3333333333334,6,0.0,873,0.9950513874227264,8.314285714285715,0
4000,2690,58,858.2,5,0.0,289,1.079572267404816,4.982758620689655,0
4000,2715,76,951.3333333333334,6,0.0,515,1.1204433632955288,6.776315789473684,0
4000,2719,96,706.1666666666666,6,0.0,762,1.0390163203278742,7.9375,0
4000,2729,110,645.5714285714286,7,0.0,1051,1.0915087203050817,9.554545454545455,0
4000,2744,125,599.1428571428571,7,0.0,1249,1.0045054014294148,9.992,0
4000,2745,63,875.6,5,0.0,339,1.0733181250359685,5.380952380952381,0
4000,2750,109,676.875,8,0.0,1033,1.092589920430353,9.477064220183486,0
4000,2754,119,902.8571428571429,7,0.0,1269,1.1261015683653548,10.663865546218487,0
4000,2783,63,624.0,5,0.0,345,1.0923149060100565,5.476190476190476,0
4000,2789,74,950.6,5,0.0,500,1.1474041831956876,6.756756756756757,0
4000,2792,24,1018.5,4,0.0,65,1.4180800172453927,2.7083333333333335,0
4000,2793,35,821.6,5,0.0,112,1.1489253133128385,3.2,0
4000,2797,115,582.625,8,0.0,1072,1.0186124233340668,9.321739130434782,0
4000,2804,82,462.57142857142856,7,0.0,636,1.1886097130773994,7.7560975609756095,0
4000,2806,106,848.75,8,0.0,932,1.0423511403153034,8.79245283018868,0
4000,2807,86,806.8333333333334,6,0.0,630,1.0704182648791616,7.325581395348837,0
4000,2809,94,901.6666666666666,6,0.0,773,1.0993441019578587,8.22340425531915,0
4000,2837,128,1012.3333333333334,6,0.0,1295,0.9932525601559526,10.1171875,0
4000,2862,71,657.2,5,0.0,431,1.0744109769467969,6.070422535211268,0
4000,2871,75,669.8333333333334,6,0.0,533,1.1907334288806113,7.1066666666666665,0
4000,2873,125,520.75,8,0.0,1415,1.1380105228363666,11.32,0
4000,2883,51,354.0,5,0.0,223,1.0773935590165689,4.372549019607843,0
4000,2886,66,995.0,5,0.0,405,1.1683609042276089,6.136363636363637,0
4000,2888,67,692.8333333333334,6,0.0,415,1.1617384283713648,6.1940298507462686,0
4000,2907,133,789.0,7,0.0,1569,1.1146269146887637,11.796992481203008,0
4000,2911,67,740.6666666666666,6,0.0,368,1.030168052146174,5.492537313432836,0
4000,2932,49,961.8,5,0.0,220,1.1514375406743098,4.489795918367347,0
4000,2946,20,665.5,4,0.0,48,1.5079644737231006,2.4,0
4000,2953,152,636.1111111111111,9,0.0,1883,1.0241722587793596,12.388157894736842,0
4000,2960,78,913.6,5,0.0,541,1.1174238169573163,6.935897435897436,0
4000,2961,83,919.2,5,0.0,639,1.1656134159639295,7.698795180722891,0
4000,2970,118,579.25,8,0.0,1198,1.081191611318751,10.152542372881356,0
4000,3006,108,581.4285714285714,7,0.0,1052,1.1333866500605152,9.74074074074074,0
4000,3042,48,797.6,5,0.0,193,1.05265170510908,4.020833333333333,0
4000,3050,115,796.0,7,0.0,1118,1.0623215385144464,9.721739130434782,0
4000,3066,88,937.8,5,0.0,696,1.1294155407533553,7.909090909090909,0
4000,3071,113,967.5,6,0.0,466,0.45860511444054936,4.123893805309734,0
4000,3080,88,676.8333333333334,6,0.0,694,1.1261700937971677,7.886363636363637,0
4000,3082,35,907.5,4,0.0,125,1.2822827157509358,3.5714285714285716,0
4000,3083,69,1005.6,5,0.0,470,1.2405364815687483,6.811594202898551,0
4000,3093,82,875.5,6,0.0,587,1.097034436440933,7.158536585365853,0
4000,3095,62,1009.0,5,0.0,349,1.1409113799197064,5.629032258064516,0
4000,3097,57,880.2,5,0.0,293,1.133255337029005,5.140350877192983,0
4000,3099,104,626.0,8,0.0,946,1.099092696115364,9.096153846153847,0
4000,3100,106,747.1428571428571,7,0.0,932,1.0423511403153034,8.79245283018868,0
4000,3110,40,808.4,5,0.0,81,0.6361725123519331,2.025,0
4000,3118,66,806.8,5,0.0,391,1.1279731198839387,5.924242424242424,0
4000,3126,47,1198.0,4,0.0,224,1.274272076784271,4.76595744680851,0
4000,3128,52,833.2,5,0.0,246,1.143242297016404,4.730769230769231,0
4000,3129,206,513.625,8,0.0,1301,0.3852589350853352,6.315533980582524,0
4000,3131,91,723.2857142857143,7,0.0,722,1.095630912156421,7.934065934065934,0
4000,3137,129,492.625,8,0.0,1573,1.1878433373226958,12.193798449612403,0
4000,3138,42,745.8,5,0.0,167,1.1896734085022573,3.9761904761904763,0
4000,3150,111,497.57142857142856,7,0.0,1040,1.0607114226875691,9.36936936936937,0
4000,3163,73,924.2,5,0.0,505,1.1908457797431755,6.917808219178082,0
4000,3183,123,787.7142857142857,7,0.0,1152,0.9568681966912398,9.365853658536585,0
4000,3188,98,953.8333333333334,6,0.0,957,1.252188325483312,9.76530612244898,0
4000,3208,73,623.5,6,0.0,447,1.0540753733568304,6.123287671232877,0
4000,3211,72,844.8333333333334,6,0.0,472,1.1441602874185048,6.555555555555555,0
4000,3218,96,676.0,7,0.0,841,1.1467358600993993,8.760416666666666,0
4000,3230,57,1025.4,5,0.0,325,1.257023838001456,5.701754385964913,0
4000,3234,92,736.1666666666666,6,0.0,684,1.0155242793267574,7.434782608695652,0
4000,3236,79,519.3333333333334,6,0.0,558,1.1235434710482965,7.063291139240507,0
4000,3238,38,750.0,5,0.0,138,1.2009412359983143,3.6315789473684212,0
4000,3249,88,542.6666666666666,6,0.0,748,1.2137971616142385,8.5,0
4000,3254,86,625.4285714285714,7,0.0,712,1.2097425469745446,8.279069767441861,0
4000,3256,36,897.6,5,0.0,120,1.1635528346628863,3.3333333333333335,0
4000,3263,80,306.7142857142857,7,0.0,621,1.2193306486745386,7.7625,0
4000,3271,82,665.0,5,0.0,570,1.0652634220976693,6.951219512195122,0
4000,3309,95,607.0,7,0.0,828,1.1529035865583817,8.715789473684211,0
4000,3311,82,412.3333333333333,6,0.0,634,1.1848719466840743,7.7317073170731705,0
4000,3323,101,597.6666666666666,6,0.0,884,1.0889786906277334,8.752475247524753,0
4000,3350,126,321.6666666666667,6,0.0,534,0.42267837667345665,4.238095238095238,0
4000,3367,21,819.6,5,0.0,47,1.3392730586731998,2.238095238095238,0
4000,3403,64,506.6666666666667,6,0.0,368,1.1290098598838318,5.75,0
4000,3409,22,822.0,4,0.0,49,1.2722152068256185,2.227272727272727,0
4000,3422,159,712.7142857142857,7,0.0,891,0.44288739438289715,5.60377358490566,0
4000,3447,94,813.4,5,0.0,663,0.9429044496740755,7.053191489361702,0
4000,3454,95,767.0,7,0.0,857,1.1932830600006439,9.021052631578947,0
4000,3456,74,754.8,5,0.0,509,1.1680574584932102,6.878378378378378,0
4000,3463,50,611.8,5,0.0,258,1.2968494474018666,5.16,0
4000,3469,110,727.5714285714286,7,0.0,1126,1.1693994472535891,10.236363636363636,0
4000,3478,90,660.5,6,0.0,764,1.1852724875765936,8.488888888888889,0
4000,3487,64,662.8333333333334,6,0.0,323,0.9909515889741242,5.046875,0
4000,3498,92,707.1666666666666,6,0.0,758,1.125390941125266,8.23913043478261,0
4000,3504,102,692.8,5,0.0,389,0.4698498816787503,3.8137254901960786,0
4000,3509,80,958.8333333333334,6,0.0,610,1.1977321991811087,7.625,0
4000,3518,74,572.5,6,0.0,523,1.2001847756226893,7.0675675675675675,0
4000,3524,85,697.4,5,0.0,579,1.0070489391991642,6.811764705882353,0
4000,3532,97,613.1428571428571,7,0.0,890,1.1886565890933853,9.175257731958762,0
4000,3545,106,633.8333333333334,6,0.0,427,0.47755787222600277,4.028301886792453,0
4000,3580,77,756.0,6,0.0,539,1.1423973285781066,7.0,0
4000,3595,84,701.8,5,0.0,609,1.0845974637393334,7.25,0
4000,3596,21,955.5,4,0.0,51,1.4532537445177274,2.4285714285714284,0
4000,3605,118,545.25,8,0.0,787,0.7102652738796803,6.669491525423729,0
4000,3614,112,469.5,8,0.0,1103,1.104967058963502,9.848214285714286,0
4000,3618,92,801.8333333333334,6,0.0,800,1.1877476951190145,8.695652173913043,0
4000,3619,124,700.75,8,0.0,844,0.6897773672293926,6.806451612903226,0
4000,3631,36,634.0,5,0.0,132,1.279908118129175,3.6666666666666665,0
4000,3635,105,626.75,8,0.0,955,1.088515549815239,9.095238095238095,0
4000,3639,73,467.3333333333333,6,0.0,470,1.1083119138203812,6.438356164383562,0
4000,3655,118,865.5,6,0.0,1209,1.0911190802039816,10.245762711864407,0
4000,3663,106,534.0,7,0.0,1022,1.1430073663114162,9.641509433962264,0
4000,3684,81,652.5,6,0.0,559,1.0706601392206643,6.901234567901234,0
4000,3692,100,709.5,6,0.0,893,1.122176895862274,8.93,0
4000,3702,51,857.8,5,0.0,257,1.2416598415572115,5.03921568627451,0
4000,3718,107,1245.0,3,0.0,457,0.501601132916599,4.271028037383178,0
4000,3725,70,415.0,7,0.0,454,1.1643127059018499,6.485714285714286,0
4000,3727,78,836.8333333333334,6,0.0,528,1.0905725976958651,6.769230769230769,0
4000,3774,81,819.6,5,0.0,540,1.03426918636701,6.666666666666667,0
4000,3789,67,603.1666666666666,6,0.0,411,1.1505409495436891,6.134328358208955,0
4000,3792,110,798.1428571428571,7,0.0,1129,1.1725150763315295,10.263636363636364,0
4000,3805,76,582.3333333333334,6,0.0,532,1.1574288723751869,7.0,0
4000,3817,76,833.8333333333334,6,0.0,506,1.1008627996651215,6.657894736842105,0
4000,3839,119,591.5,6,0.0,511,0.4534577631479088,4.294117647058823,0
4000,3858,139,478.1666666666667,6,0.0,773,0.5027588885098928,5.561151079136691,0
4000,3871,50,1063.6,5,0.0,223,1.1209202588008382,4.46,0
4000,3890,73,843.2,5,0.0,328,0.7734602292193298,4.493150684931507,0
4000,3912,54,1016.0,5,0.0,329,1.417810676311443,6.092592592592593,0
4000,3917,46,940.4,5,0.0,210,1.2471350798749652,4.565217391304348,0
4000,3963,73,572.8333333333334,6,0.0,457,1.0776564779062003,6.260273972602739,0
4000,3975,88,801.8,5,0.0,783,1.2705924833475248,8.897727272727273,0
4000,3978,91,791.8571428571429,7,0.0,700,1.0622460367167517,7.6923076923076925,0
4000,3992,183,639.5,6,0.0,1143,0.4288978951958116,6.245901639344262,0
4000,3995,56,990.2,5,0.0,291,1.1660758446360073,5.196428571428571,0
4000,4015,102,1126.5,6,0.0,937,1.1317463730925168,9.186274509803921,0
4000,4028,63,985.8,5,0.0,383,1.2126278521792802,6.079365079365079,0
4000,4029,87,784.3333333333334,6,0.0,615,1.0210487419514984,7.068965517241379,0
4000,4042,130,607.25,8,0.0,1501,1.116101910778291,11.546153846153846,0
4000,4061,58,1135.5,4,0.0,273,1.0198035605588747,4.706896551724138,0
4000,4101,43,710.4,5,0.0,165,1.1213905632067405,3.8372093023255816,0
4000,4105,77,709.1666666666666,6,0.0,497,1.0533793549226698,6.454545454545454,0
4000,4107,45,755.0,5,0.0,197,1.2225061782858058,4.377777777777778,0
4000,4111,54,589.6,5,0.0,260,1.1204582852309275,4.814814814814815,0
4000,4157,110,516.8333333333334,6,0.0,497,0.5161558839121082,4.5181818181818185,0
4000,4158,99,990.6666666666666,6,0.0,846,1.0847004938014344,8.545454545454545,0
4000,4173,69,695.4,5,0.0,383,1.0109052605124056,5.550724637681159,0
4000,4188,60,1047.0,5,0.0,318,1.1100294042683936,5.3,0
4000,4191,69,886.2,5,0.0,463,1.2220604063113414,6.7101449275362315,0
4000,4237,63,652.8333333333334,6,0.0,387,1.2252923728286722,6.142857142857143,0
4000,4242,72,562.8333333333334,6,0.0,464,1.1247677401741234,6.444444444444445,0
4000,4246,38,875.4,5,0.0,138,1.2009412359983143,3.6315789473684212,0
4000,4253,105,514.8571428571429,7,0.0,926,1.055461150920326,8.81904761904762,0
4000,4276,44,1100.0,4,0.0,208,1.3501059337741261,4.7272727272727275,0
4000,4300,64,593.1666666666666,6,0.0,365,1.1198059751565181,5.703125,0
4000,4302,105,618.5714285714286,7,0.0,924,1.0531815372034354,8.8,0
4000,4307,53,638.2,5,0.0,254,1.136296951245009,4.7924528301886795,0
4000,4329,142,518.375,8,0.0,1665,1.0376416917728637,11.725352112676056,0
4000,4332,84,746.3333333333334,6,0.0,673,1.198578149583861,8.011904761904763,0
4000,4335,58,820.6,5,0.0,344,1.2850271971877394,5.931034482758621,0
4000,4350,81,777.8333333333334,6,0.0,587,1.1242889118471018,7.246913580246914,0
4000,4352,211,623.625,8,0.0,1479,0.41745832615253964,7.009478672985782,0
4000,4353,74,449.6666666666667,6,0.0,483,1.1083924409670343,6.527027027027027,0
4000,4362,106,467.42857142857144,7,0.0,982,1.0982712658686995,9.264150943396226,0
4000,4372,50,845.6,5,0.0,244,1.2264777719614552,4.88,0
4000,4399,81,859.3333333333334,6,0.0,593,1.135780791695624,7.320987654320987,0
4000,4405,122,648.0,8,0.0,1215,1.0258089422498249,9.959016393442623,0
4000,4457,97,778.8333333333334,6,0.0,797,1.0644486533791329,8.216494845360824,0
4000,4473,74,682.8333333333334,6,0.0,485,1.112982057699817,6.554054054054054,0
4000,4477,161,776.1666666666666,6,0.0,885,0.42904355517564396,5.496894409937888,0
4000,4490,119,504.7142857142857,7,0.0,1057,0.9379742771963594,8.882352941176471,0
4000,4492,86,700.8333333333334,6,0.0,640,1.0874090309883546,7.441860465116279,0
4000,4501,111,797.4285714285714,7,0.0,1050,1.0709105709826419,9.45945945945946,0
4000,4522,82,786.6666666666666,6,0.0,641,1.1979541290607123,7.817073170731708,0
4000,4539,117,622.4444444444445,9,0.0,1158,1.0630328856328382,9.897435897435898,0
4000,4544,49,1273.2,5,0.0,234,1.2247108387172205,4.775510204081633,0
4000,4545,99,676.7142857142857,7,0.0,926,1.1872726445155182,9.353535353535353,0
4000,4591,121,643.5,6,0.0,1188,1.0196604255077315,9.818181818181818,0
4000,4596,110,506.625,8,0.0,1133,1.1766692484354497,10.3,0
4000,4611,88,829.4285714285714,7,0.0,671,1.0888474538010078,7.625,0
4000,4615,52,708.2,5,0.0,239,1.1107110121419534,4.596153846153846,0
4000,4630,47,440.4,5,0.0,196,1.114988067186237,4.170212765957447,0
4000,4640,56,683.8,5,0.0,286,1.1460401772023991,5.107142857142857,0
4000,4647,96,678.5714285714286,7,0.0,899,1.2258210918303925,9.364583333333334,0
4000,4663,119,633.7142857142857,7,0.0,1222,1.0843941028703417,10.268907563025211,0
4000,4680,56,658.6,5,0.0,304,1.218168579963389,5.428571428571429,0
4000,4681,93,660.5714285714286,7,0.0,749,1.0882427552497422,8.053763440860216,0
4000,4690,16,1098.5,4,0.0,30,1.4726215563702154,1.875,0
4000,4696,71,630.6666666666666,6,0.0,469,1.1691386268864217,6.605633802816901,0
4000,4703,119,704.4285714285714,7,0.0,1240,1.100367174762049,10.420168067226891,0
4000,4714,77,600.1666666666666,6,0.0,569,1.2059815954748472,7.3896103896103895,0
4000,4731,140,1095.1666666666667,6,0.0,906,0.580874070235174,6.4714285714285715,0
4000,4734,33,825.4,5,0.0,115,1.3270271998634573,3.484848484848485,0
4000,4745,59,737.2,5,0.0,301,1.0866065943470586,5.101694915254237,0
4000,4753,35,533.2,5,0.0,123,1.261766192298921,3.5142857142857142,0
4000,4761,63,592.2,5,0.0,387,1.2252923728286722,6.142857142857143,0
4000,4773,134,484.0,9,0.0,1617,1.1316452040219862,12.067164179104477,0
4000,4776,78,782.1666666666666,6,0.0,548,1.1318821657904055,7.0256410256410255,0
4000,4777,112,788.5,8,0.0,1058,1.0598868072378829,9.446428571428571,0
4000,4779,89,817.1666666666666,6,0.0,710,1.1263884782470663,7.977528089887641,0
4000,4781,71,727.0,6,0.0,454,1.1317461334892014,6.394366197183099,0
4000,4791,87,959.8333333333334,6,0.0,659,1.0940993836520934,7.574712643678161,0
4000,4792,104,588.0,7,0.0,942,1.0944453697047283,9.057692307692308,0
4000,4795,81,584.6666666666666,6,0.0,629,1.2047320707867581,7.765432098765432,0
4000,4796,62,886.2,5,0.0,319,1.0428387684652904,5.145161290322581,0
4000,4809,142,538.25,8,0.0,1762,1.0980928894317032,12.408450704225352,0
4000,4812,25,878.4,5,0.0,70,1.4074335088082273,2.8,0
4000,4813,74,682.8,5,0.0,452,1.0372533816089018,6.108108108108108,0
4000,4825,45,483.0,5,0.0,185,1.148038796867381,4.111111111111111,0
4000,4828,66,842.5,6,0.0,378,1.090470177279102,5.7272727272727275,0
4000,4843,126,888.0,8,0.0,1446,1.1445560536887984,11.476190476190476,0
4000,4851,88,842.6666666666666,6,0.0,673,1.0920929007571956,7.6477272727272725,0
4000,4858,114,818.4285714285714,7,0.0,1084,1.048164492610445,9.508771929824562,0
4000,4875,105,720.6666666666666,6,0.0,768,0.8753716672859723,7.314285714285714,0
4000,4901,64,984.5,4,0.0,417,1.2793399770966247,6.515625,0
4000,4904,109,516.0,7,0.0,1013,1.0714361949621953,9.293577981651376,0
4000,4918,59,1015.2,5,0.0,290,1.0468967188061362,4.915254237288136,0
4000,4920,114,767.0,7,0.0,1170,1.1313214542013106,10.263157894736842,0
4000,4925,85,739.5,6,0.0,721,1.2540281263602717,8.48235294117647,0
4000,4940,52,913.6,5,0.0,267,1.2408361516397555,5.134615384615385,0
4000,4943,147,663.1666666666666,6,0.0,812,0.4722056984987574,5.523809523809524,0
4000,4977,101,711.0,7,0.0,917,1.129630610074244,9.07920792079208,0
4000,4979,50,749.2,5,0.0,232,1.1661591930125312,4.64,0
4000,4983,74,856.7142857142857,7,0.0,503,1.1542886082948618,6.797297297297297,0
4000,4992,81,466.1666666666667,6,0.0,563,1.0783213924530124,6.950617283950617,0
6000,27,37,1356.8,5,0.0,142,1.3034511521103014,3.8378378378378377,0
6000,45,143,795.25,8,0.0,1788,1.0987662310369308,12.503496503496503,0
6000,51,63,864.4,5,0.0,380,1.2031294616922363,6.031746031746032,0
6000,133,65,1025.4,5,0.0,388,1.154024094289079,5.969230769230769,0
6000,138,76,625.1666666666666,6,0.0,538,1.1704825814621251,7.078947368421052,0
6000,149,63,529.0,6,0.0,402,1.272784325263892,6.380952380952381,0
6000,162,121,817.1428571428571,7,0.0,1346,1.155271828900174,11.12396694214876,0
6000,165,103,612.2857142857143,7,0.0,948,1.1229069037998394,9.20388349514563,0
6000,196,76,634.5,6,0.0,520,1.1313214542013106,6.842105263157895,0
6000,224,87,594.6666666666666,6,0.0,648,1.0758367232269446,7.448275862068965,0
6000,262,115,815.75,8,0.0,1139,1.0822756997924459,9.904347826086957,0
6000,277,149,792.75,8,0.0,1852,1.0482824367277683,12.429530201342281,0
6000,308,124,902.7142857142857,7,0.0,1349,1.1024996071000601,10.879032258064516,0
6000,319,77,905.2,5,0.0,542,1.1487557552677805,7.038961038961039,0
6000,336,94,828.6666666666666,6,0.0,825,1.1732973921283747,8.77659574468085,0
6000,349,111,944.8571428571429,7,0.0,1039,1.0596915078580618,9.36036036036036,0
6000,358,45,798.2,5,0.0,193,1.1976837178129978,4.288888888888889,0
6000,370,106,471.2857142857143,7,0.0,1014,1.134060146222873,9.566037735849056,0
6000,374,98,661.8333333333334,6,0.0,845,1.1056417293974907,8.622448979591837,0
6000,392,56,734.4,5,0.0,297,1.1901186455563375,5.303571428571429,0
6000,395,87,889.5,6,0.0,709,1.1771114764936785,8.149425287356323,0
6000,430,36,556.8,5,0.0,120,1.1635528346628863,3.3333333333333335,0
6000,432,110,1021.0,6,0.0,975,1.0125794503305945,8.863636363636363,0
6000,485,74,600.6,5,0.0,487,1.1175716744325999,6.581081081081081,0
6000,491,97,807.1666666666666,6,0.0,859,1.1472539438553013,8.855670103092784,0
6000,500,73,555.5,6,0.0,470,1.1083119138203812,6.438356164383562,0
6000,504,114,736.6666666666666,6,0.0,1171,1.1322883956151577,10.271929824561404,0
6000,534,73,855.6,5,0.0,467,1.10123758245557,6.397260273972603,0
6000,547,103,1023.1666666666666,6,0.0,928,1.0992168847323323,9.009708737864077,0
6000,550,67,1315.4,5,0.0,366,1.024569312732336,5.462686567164179,0
6000,552,132,779.4285714285714,7,0.0,1579,1.1387912764045645,11.962121212121213,0
6000,554,102,558.0,6,0.0,492,0.5942574338970312,4.823529411764706,0
6000,563,143,515.625,8,0.0,1779,1.0932355285317115,12.44055944055944,0
6000,582,95,877.0,6,0.0,835,1.1626503560099621,8.789473684210526,0
6000,632,46,1241.0,5,0.0,213,1.2649512953017503,4.630434782608695,0
6000,634,70,617.6666666666666,6,0.0,447,1.1463607478813367,6.385714285714286,0
6000,662,85,884.5,6,0.0,699,1.2157637452508043,8.223529411764705,0
6000,678,155,959.3333333333334,6,0.0,808,0.4226275736275634,5.212903225806452,0
6000,697,70,1492.0,5,0.0,460,1.1797000984908612,6.571428571428571,0
6000,717,170,886.5,8,0.0,2589,1.1257554851410345,15.229411764705882,0
6000,724,53,986.0,5,0.0,267,1.1944538818205408,5.037735849056604,0
6000,773,48,956.0,5,0.0,216,1.1780972450961724,4.5,0
6000,775,133,934.125,8,0.0,1547,1.0989979840812731,11.631578947368421,0
6000,779,40,1213.8,5,0.0,124,0.9738937226128358,3.1,0
6000,806,62,1015.6,5,0.0,357,1.1670640763075506,5.758064516129032,0
6000,819,20,834.0,4,0.0,41,1.288052987971815,2.05,0
6000,840,74,1068.75,4,0.0,228,0.5232163075372336,3.081081081081081,0
6000,849,35,1164.4,5,0.0,120,1.2309914071208985,3.4285714285714284,0
6000,877,120,643.2857142857143,7,0.0,1284,1.1205013797803596,10.7,0
6000,879,99,928.8333333333334,6,0.0,789,1.01161783641765,7.96969696969697,0
6000,897,78,744.2857142857143,7,0.0,553,1.1422095578140403,7.089743589743589,0
6000,899,57,611.2,5,0.0,275,1.0636355552320014,4.824561403508772,0
6000,903,210,627.1111111111111,9,0.0,1551,0.44196010936215596,7.385714285714286,0
6000,930,64,1057.6,5,0.0,398,1.2210487071569704,6.21875,0
6000,943,88,774.0,6,0.0,662,1.0742429424981628,7.5227272727272725,0
6000,948,69,1182.75,4,0.0,386,1.0188235784798656,5.594202898550725,0
6000,954,10,987.5,4,0.0,12,1.5079644737231006,1.2,0
6000,959,50,919.0,5,0.0,232,1.1661591930125312,4.64,0
6000,962,84,752.5714285714286,7,0.0,631,1.1237783244983897,7.511904761904762,0
6000,969,161,816.2222222222222,9,0.0,2353,1.1407225822918534,14.614906832298137,0
6000,973,92,940.1666666666666,6,0.0,768,1.1402377873142537,8.347826086956522,0
6000,1032,23,711.75,4,0.0,57,1.3540323724356764,2.4782608695652173,0
6000,1105,30,773.25,4,0.0,82,1.14493598930828,2.7333333333333334,0
6000,1111,45,1099.5,4,0.0,169,1.0487489549761482,3.7555555555555555,0
6000,1121,72,668.3333333333334,6,0.0,408,0.9890199094634534,5.666666666666667,0
6000,1129,77,807.1666666666666,6,0.0,546,1.1572336575206794,7.090909090909091,0
6000,1133,91,976.0,6,0.0,749,1.1366032592869244,8.23076923076923,0
6000,1138,82,993.2,5,0.0,539,1.0073280430011293,6.573170731707317,0
6000,1201,32,1035.75,4,0.0,87,1.0676506283684062,2.71875,0
6000,1219,84,683.5,6,0.0,671,1.1950162531512194,7.988095238095238,0
6000,1245,133,712.125,8,0.0,1533,1.0890523009674153,11.526315789473685,0
6000,1248,60,948.0,5,0.0,345,1.2042771838760875,5.75,0
6000,1266,174,1052.142857142857,7,0.0,1482,0.6151196079561466,8.517241379310345,0
6000,1268,137,926.5714285714286,7,0.0,1566,1.0484808131539487,11.430656934306569,0
6000,1274,58,622.0,6,0.0,300,1.1206632533614007,5.172413793103448,0
6000,1277,96,938.1666666666666,6,0.0,868,1.1835513990086546,9.041666666666666,0
6000,1304,105,686.8571428571429,7,0.0,1015,1.1569039613219556,9.666666666666666,0
6000,1328,25,646.2,5,0.0,59,1.186265385995506,2.36,0
6000,1339,106,713.1428571428571,7,0.0,1025,1.1463625738446201,9.669811320754716,0
6000,1364,97,795.8,5,0.0,455,0.6076839865589779,4.690721649484536,0
6000,1371,85,742.3333333333334,6,0.0,625,1.0870562815189595,7.352941176470588,0
6000,1375,11,1453.0,4,0.0,18,1.8693774467641744,1.6363636363636365,0
6000,1389,40,878.0,5,0.0,158,1.2409290981679684,3.95,0
6000,1407,98,866.5,6,0.0,936,1.2247108387172205,9.551020408163266,0
6000,1429,84,580.1666666666666,6,0.0,671,1.1950162531512194,7.988095238095238,0
6000,1470,64,706.6666666666666,6,0.0,403,1.2363885150358267,6.296875,0
6000,1537,66,1410.25,4,0.0,469,1.3529907755129595,7.106060606060606,0
6000,1545,79,1041.8333333333333,6,0.0,608,1.2242194093142729,7.69620253164557,0
6000,1578,27,1231.25,4,0.0,88,1.516928140004948,3.259259259259259,0
6000,1582,137,624.6666666666666,6,0.0,691,0.4626438326241243,5.043795620437956,0
6000,1616,129,918.2857142857143,7,0.0,1378,1.0405900310430225,10.682170542635658,0
6000,1622,103,1196.8,5,0.0,1018,1.2058219705361144,9.883495145631068,0
6000,1647,71,917.1666666666666,6,0.0,470,1.1716314597795698,6.619718309859155,0
6000,1697,33,961.0,4,0.0,97,1.1193185946674378,2.9393939393939394,0
6000,1711,113,1052.5714285714287,7,0.0,1086,1.068766425498791,9.610619469026549,0
6000,1733,244,881.25,8,0.0,2214,0.46731296258047583,9.073770491803279,0
6000,1744,40,760.8,5,0.0,145,1.1388273369263,3.625,0
6000,1758,60,1210.4,5,0.0,314,1.096066770252439,5.233333333333333,0
6000,1788,56,778.0,5,0.0,256,1.0258261726007487,4.571428571428571,0
6000,1803,98,807.5,6,0.0,913,1.1946164484495965,9.316326530612244,0
6000,1806,81,1078.4,5,0.0,614,1.1760023711654521,7.580246913580247,0
6000,1829,77,979.4,5,0.0,293,0.6210063400248335,3.8051948051948052,0
6000,1839,139,1067.7142857142858,7,0.0,1633,1.0621025419620376,11.748201438848922,0
6000,1842,112,969.6666666666666,6,0.0,1099,1.1009599254767803,9.8125,0
6000,1852,72,895.2,5,0.0,527,1.2774840497236273,7.319444444444445,0
6000,1868,60,726.6,5,0.0,381,1.329940890019679,6.35,0
6000,1869,53,837.6,5,0.0,257,1.1497177813778239,4.849056603773585,0
6000,1882,81,803.6666666666666,6,0.0,589,1.1281195384632758,7.271604938271605,0
6000,1904,77,568.1666666666666,6,0.0,551,1.1678310353368029,7.1558441558441555,0
6000,1907,52,911.2,5,0.0,270,1.2547781308716628,5.1923076923076925,0
6000,1952,127,884.7142857142857,7,0.0,1463,1.1398474926410485,11.51968503937008,0
6000,1961,35,857.0,4,0.0,115,1.1797000984908612,3.2857142857142856,0
6000,1963,78,650.6666666666666,6,0.0,532,1.098834511314773,6.82051282051282,0
6000,1972,113,667.1428571428571,7,0.0,1085,1.0677822943519228,9.601769911504425,0
6000,2010,122,978.1428571428571,7,0.0,1288,1.087441907504341,10.557377049180328,0
6000,2076,89,1483.8,5,0.0,667,1.058170584494075,7.49438202247191,0
6000,2084,117,870.1666666666666,6,0.0,1156,1.0611969048286363,9.88034188034188,0
6000,2087,92,785.5714285714286,7,0.0,693,1.028886440896846,7.532608695652174,0
6000,2090,184,688.75,8,0.0,1109,0.4116288105896834,6.0271739130434785,0
6000,2097,109,724.8,5,0.0,438,0.463266587752657,4.018348623853211,0
6000,2119,128,628.625,8,0.0,1347,1.0331360606409794,10.5234375,0
6000,2134,81,723.3333333333334,6,0.0,546,1.0457610662155326,6.7407407407407405,0
6000,2135,21,727.5,4,0.0,53,1.5102440874399914,2.5238095238095237,0
6000,2142,149,1090.4285714285713,7,0.0,1869,1.0579048996998917,12.543624161073826,0
6000,2147,148,574.3333333333334,9,0.0,1893,1.0860180593947184,12.79054054054054,0
6000,2169,91,931.1666666666666,6,0.0,745,1.1305332819342573,8.186813186813186,0
6000,2170,115,718.7142857142857,7,0.0,1282,1.2181540361140613,11.147826086956522,0
6000,2175,148,776.375,8,0.0,1796,1.0303689565097276,12.135135135135135,0
6000,2198,129,829.5555555555555,9,0.0,1599,1.2074771114933187,12.395348837209303,0
6000,2234,95,962.0,6,0.0,767,1.0679674527660372,8.073684210526316,0
6000,2241,68,1224.2,5,0.0,410,1.1142326885569336,6.029411764705882,0
6000,2257,23,1409.5,4,0.0,57,1.3540323724356764,2.4782608695652173,0
6000,2266,85,997.8333333333334,6,0.0,650,1.130538532779718,7.647058823529412,0
6000,2270,137,692.375,8,0.0,1625,1.0879829638411027,11.861313868613138,0
6000,2278,84,959.3333333333334,6,0.0,589,1.0489784994129185,7.011904761904762,0
6000,2281,243,757.2222222222222,9,0.0,1990,0.4234970536770268,8.189300411522634,0
6000,2301,105,806.3333333333334,6,0.0,528,0.601818021259106,5.0285714285714285,0
6000,2320,100,632.5,6,0.0,917,1.1523361853367362,9.17,0
6000,2331,59,728.8,5,0.0,342,1.234616130454133,5.796610169491525,0
6000,2332,53,954.8,5,0.0,295,1.3197149630601481,5.566037735849057,0
6000,2335,96,1541.4,5,0.0,889,1.2121857070491866,9.260416666666666,0
6000,2352,80,578.8571428571429,7,0.0,594,1.1663162726452108,7.425,0
6000,2357,70,770.0,5,0.0,428,1.0976340046828013,6.114285714285714,0
6000,2380,106,906.1428571428571,7,0.0,1090,1.2190587370640351,10.283018867924529,0
6000,2389,75,1077.2,5,0.0,521,1.1639251715699785,6.946666666666666,0
6000,2403,155,1093.5714285714287,7,0.0,1913,1.0006021637989218,12.341935483870968,0
6000,2419,99,595.1666666666666,6,0.0,771,0.9885391025069812,7.787878787878788,0
6000,2438,64,857.3333333333334,6,0.0,403,1.2363885150358267,6.296875,0
6000,2439,176,753.8888888888889,9,0.0,2600,1.0547702607610359,14.772727272727273,0
6000,2483,53,891.4,5,0.0,268,1.1989274918648125,5.056603773584905,0
6000,2495,88,998.3333333333334,6,0.0,689,1.118056476406698,7.829545454545454,0
6000,2521,91,613.6666666666666,6,0.0,756,1.1472257196540918,8.307692307692308,0
6000,2529,79,694.8333333333334,6,0.0,513,1.0329351266089177,6.493670886075949,0
6000,2541,67,851.5,6,0.0,427,1.1953308648543923,6.373134328358209,0
6000,2576,242,598.875,8,0.0,1724,0.3699273092540676,7.12396694214876,0
6000,2579,67,927.4,5,0.0,382,1.0693592280430395,5.701492537313433,0
6000,2582,57,906.4,5,0.0,300,1.1603296966167287,5.2631578947368425,0
6000,2585,115,938.7142857142857,7,0.0,1131,1.0746741145436842,9.834782608695653,0
6000,2602,237,765.0,8,0.0,1651,0.3693688312825045,6.966244725738397,0
6000,2617,89,764.6,5,0.0,512,0.8122688744542225,5.752808988764045,0
6000,2623,127,890.7142857142857,7,0.0,1415,1.102449898897528,11.141732283464567,0
6000,2658,100,888.1666666666666,6,0.0,854,1.0731680504662735,8.54,0
6000,2690,42,999.2,5,0.0,164,1.1683020299064082,3.9047619047619047,0
6000,2715,78,1196.4,5,0.0,498,1.0286082455540544,6.384615384615385,0
6000,2719,97,707.3333333333334,6,0.0,795,1.0617775149766757,8.195876288659793,0
6000,2729,120,652.7142857142857,7,0.0,1208,1.054178868204575,10.066666666666666,0
6000,2744,132,740.0,7,0.0,1398,1.008252187722344,10.590909090909092,0
6000,2745,29,1261.75,4,0.0,92,1.3746802574566515,3.1724137931034484,0
6000,2750,117,633.125,8,0.0,1275,1.170437762678643,10.897435897435898,0
6000,2754,140,1029.5714285714287,7,0.0,1440,0.9232435553406739,10.285714285714286,0
6000,2783,49,639.4,5,0.0,225,1.177606575689635,4.591836734693878,0
6000,2789,63,1057.2,5,0.0,368,1.1651358997440602,5.841269841269841,0
6000,2797,136,592.5,8,0.0,1352,0.9185625578835208,9.941176470588236,0
6000,2804,93,521.2857142857143,7,0.0,800,1.1623420616819677,8.602150537634408,0
6000,2806,117,969.4285714285714,7,0.0,1205,1.1061784345315802,10.2991452991453,0
6000,2807,88,819.1666666666666,6,0.0,668,1.083979283366726,7.590909090909091,0
6000,2809,91,965.0,6,0.0,756,1.1472257196540918,8.307692307692308,0
6000,2837,126,1082.8333333333333,6,0.0,1302,1.0305753678442708,10.333333333333334,0
6000,2862,57,692.4,5,0.0,305,1.1796685248936742,5.350877192982456,0
6000,2871,74,718.1666666666666,6,0.0,527,1.209364009088255,7.121621621621622,0
6000,2873,137,817.7777777777778,9,0.0,1783,1.1937683843253453,13.014598540145986,0
6000,2886,51,1371.5,4,0.0,231,1.1160444490261319,4.529411764705882,0
6000,2888,70,733.3333333333334,6,0.0,441,1.1309733552923256,6.3,0
6000,2907,138,889.7142857142857,7,0.0,1680,1.1085645154444135,12.173913043478262,0
6000,2911,68,759.0,6,0.0,390,1.0598798744809854,5.735294117647059,0
6000,2932,30,1066.6,5,0.0,88,1.228711793404008,2.933333333333333,0
6000,2953,164,777.4444444444445,9,0.0,2233,1.043304044536884,13.615853658536585,0
6000,2960,68,969.8,5,0.0,406,1.1033621257417439,5.970588235294118,0
6000,2961,71,1063.8,5,0.0,498,1.2414307807877143,7.014084507042254,0
6000,2970,124,897.5714285714286,7,0.0,1442,1.1785058809772324,11.629032258064516,0
6000,3006,118,645.0,7,0.0,1226,1.1064615321175197,10.389830508474576,0
6000,3050,122,803.2857142857143,7,0.0,1261,1.064646153232123,10.336065573770492,0
6000,3066,80,998.0,5,0.0,569,1.1172288874328702,7.1125,0
6000,3071,111,1240.8,5,0.0,473,0.48241971435694253,4.261261261261262,0
6000,3080,91,663.6666666666666,6,0.0,721,1.094113417818254,7.923076923076923,0
6000,3083,59,1107.0,5,0.0,340,1.2273961530830562,5.762711864406779,0
6000,3093,87,881.5,6,0.0,625,1.0376511605198153,7.183908045977011,0
6000,3095,51,1159.2,5,0.0,245,1.183683506542867,4.803921568627451,0
6000,3097,33,1214.0,4,0.0,104,1.2000941633547788,3.1515151515151514,0
6000,3099,115,779.5714285714286,7,0.0,1163,1.105080455538731,10.11304347826087,0
6000,3100,110,748.5714285714286,7,0.0,1072,1.1133181238506638,9.745454545454546,0
6000,3118,53,921.2,5,0.0,266,1.189980271776269,5.018867924528302,0
6000,3129,214,541.2857142857143,7,0.0,1486,0.40775671964664445,6.94392523364486,0
6000,3131,100,794.8571428571429,7,0.0,893,1.122176895862274,8.93,0
6000,3137,141,813.5714285714286,7,0.0,1845,1.1661864988427482,13.085106382978724,0
6000,3150,118,458.85714285714283,7,0.0,1141,1.0297492725498287,9.669491525423728,0
6000,3163,63,1008.4,5,0.0,383,1.2126278521792802,6.079365079365079,0
6000,3183,117,961.3333333333334,6,0.0,1123,1.0309032215593068,9.598290598290598,0
6000,3188,101,974.6666666666666,6,0.0,952,1.172746282214482,9.425742574257425,0
6000,3208,74,595.3333333333334,6,0.0,458,1.05102223180725,6.1891891891891895,0
6000,3211,74,873.0,6,0.0,486,1.1152768660662085,6.5675675675675675,0
6000,3218,103,679.1428571428571,7,0.0,963,1.1406744181004695,9.349514563106796,0
6000,3230,49,1095.0,5,0.0,225,1.177606575689635,4.591836734693878,0
6000,3234,95,975.5,6,0.0,747,1.0401195400472356,7.863157894736842,0
6000,3236,89,635.7142857142857,7,0.0,706,1.1200426276653928,7.932584269662922,0
6000,3249,84,637.6,5,0.0,715,1.2733779746693323,8.511904761904763,0
6000,3254,90,891.8333333333334,6,0.0,804,1.2473286387586142,8.933333333333334,0
6000,3263,92,640.0,7,0.0,792,1.1758702181678244,8.608695652173912,0
6000,3271,64,930.0,4,0.0,377,1.1566215140657734,5.890625,0
6000,3309,103,610.2857142857143,7,0.0,951,1.1264604066599655,9.233009708737864,0
6000,3311,80,418.8333333333333,6,0.0,608,1.1938052083641213,7.6,0
6000,3323,111,769.2857142857143,7,0.0,1078,1.0994681862088458,9.711711711711711,0
6000,3350,132,572.0,7,0.0,598,0.4312838399556236,4.53030303030303,0
6000,3403,50,643.4,5,0.0,231,1.1611326447667876,4.62,0
6000,3422,159,882.6666666666666,6,0.0,920,0.457302360081106,5.786163522012578,0
6000,3447,82,894.8,5,0.0,535,0.9998525102144791,6.524390243902439,0
6000,3454,106,774.4285714285714,7,0.0,1001,1.11952091357899,9.443396226415095,0
6000,3456,67,998.8,5,0.0,419,1.1729359071990406,6.253731343283582,0
6000,3463,31,779.25,4,0.0,105,1.3730165603618243,3.3870967741935485,0
6000,3469,123,809.7142857142857,7,0.0,1278,1.061525655704344,10.390243902439025,0
6000,3478,100,786.1428571428571,7,0.0,832,1.0455220351146832,8.32,0
6000,3487,62,669.1666666666666,6,0.0,330,1.078798725998576,5.32258064516129,0
6000,3498,95,790.8333333333334,6,0.0,775,1.0791066178535578,8.157894736842104,0
6000,3504,67,767.6,5,0.0,255,0.7138392752643326,3.8059701492537314,0
6000,3509,81,1036.1666666666667,6,0.0,626,1.1989861308624967,7.728395061728395,0
6000,3518,72,537.6666666666666,6,0.0,513,1.24354709204596,7.125,0
6000,3524,75,887.2,5,0.0,502,1.1214787641614765,6.693333333333333,0
6000,3532,109,785.1428571428571,7,0.0,1047,1.1073975282580635,9.605504587155963,0
6000,3545,101,680.8333333333334,6,0.0,426,0.5247793237640435,4.217821782178218,0
6000,3580,80,775.5,6,0.0,560,1.0995574287564276,7.0,0
6000,3595,76,784.2,5,0.0,487,1.0595260542231504,6.407894736842105,0
6000,3605,157,922.75,8,0.0,1140,0.5811863564594693,7.261146496815287,0
6000,3614,118,518.7142857142857,7,0.0,1258,1.135341441601827,10.661016949152541,0
6000,3618,94,969.8333333333334,6,0.0,820,1.166186498842748,8.72340425531915,0
6000,3619,169,777.0,7,0.0,1109,0.48794177414391376,6.562130177514793,0
6000,3635,122,680.875,8,0.0,1263,1.0663347276226576,10.352459016393443,0
6000,3639,78,557.7142857142857,7,0.0,528,1.0905725976958651,6.769230769230769,0
6000,3655,114,884.6666666666666,6,0.0,1176,1.1371231026843942,10.31578947368421,0
6000,3663,99,617.5,6,0.0,985,1.2629196056671548,9.94949494949495,0
6000,3684,75,755.6,5,0.0,502,1.1214787641614765,6.693333333333333,0
6000,3692,99,697.6666666666666,6,0.0,885,1.1347044172745504,8.93939393939394,0
6000,3702,39,931.8,5,0.0,145,1.1979774747416698,3.717948717948718,0
6000,3725,71,538.0,5,0.0,557,1.3885079214834477,7.845070422535211,0
6000,3727,78,894.1666666666666,6,0.0,544,1.1236202521714975,6.9743589743589745,0
6000,3774,76,975.4,5,0.0,461,1.002959981513085,6.065789473684211,0
6000,3789,74,588.5,6,0.0,452,1.0372533816089018,6.108108108108108,0
6000,3792,114,799.1428571428571,7,0.0,1223,1.182569349135216,10.728070175438596,0
6000,3805,77,865.6,5,0.0,522,1.1063662440032869,6.779220779220779,0
6000,3817,76,858.6666666666666,6,0.0,533,1.1596044905563432,7.0131578947368425,0
6000,3839,131,717.5,6,0.0,554,0.4056738721726579,4.229007633587786,0
6000,3858,143,820.2,5,0.0,790,0.4854727754581518,5.524475524475524,0
6000,3890,10,1213.75,4,0.0,14,1.7592918860102842,1.4,0
6000,3912,42,1146.0,5,0.0,194,1.3820158158648976,4.619047619047619,0
6000,3917,27,1004.8,5,0.0,77,1.3273121225043296,2.8518518518518516,0
6000,3963,73,602.5,6,0.0,461,1.0870889197259483,6.315068493150685,0
6000,3975,92,1101.0,6,0.0,800,1.1877476951190145,8.695652173913043,0
6000,3978,100,1017.4285714285714,7,0.0,882,1.108353888186479,8.82,0
6000,3992,197,789.1666666666666,6,0.0,1145,0.37075148428048266,5.812182741116751,0
6000,3995,46,1110.4,5,0.0,188,1.1164828334118737,4.086956521739131,0
6000,4015,101,1185.1666666666667,6,0.0,945,1.1641231477864344,9.356435643564357,0
6000,4028,44,1398.5,4,0.0,192,1.2462516311761163,4.363636363636363,0
6000,4029,86,1016.8,5,0.0,579,0.983765357722277,6.732558139534884,0
6000,4042,140,844.4285714285714,7,0.0,1710,1.0963517219670502,12.214285714285714,0
6000,4105,104,955.0,7,0.0,638,0.7412485624964082,6.134615384615385,0
6000,4111,39,617.8,5,0.0,134,1.1070964249336812,3.4358974358974357,0
6000,4157,109,507.8333333333333,6,0.0,489,0.5172085876964595,4.486238532110092,0
6000,4158,101,1245.4,5,0.0,825,1.0162979861627603,8.168316831683168,0
6000,4173,55,698.2,5,0.0,264,1.0967014354349824,4.8,0
6000,4188,49,1161.2,5,0.0,203,1.062462821622204,4.142857142857143,0
6000,4191,61,956.2,5,0.0,360,1.2157735611849778,5.901639344262295,0
6000,4237,58,818.0,5,0.0,327,1.2215229461639268,5.637931034482759,0
6000,4242,69,575.8333333333334,6,0.0,459,1.2115026490213947,6.6521739130434785,0
6000,4253,109,829.5714285714286,7,0.0,1103,1.1666279595689057,10.119266055045872,0
6000,4300,63,619.6666666666666,6,0.0,353,1.1176439473088404,5.603174603174603,0
6000,4302,110,626.8571428571429,7,0.0,1044,1.0842389191232211,9.49090909090909,0
6000,4307,37,673.4,5,0.0,126,1.1565834166612534,3.4054054054054053,0
6000,4329,147,581.75,8,0.0,1862,1.0828165155230127,12.666666666666666,0
6000,4332,84,888.0,6,0.0,675,1.2021400460165026,8.035714285714286,0
6000,4335,46,884.8,5,0.0,214,1.2708900337773454,4.6521739130434785,0
6000,4350,81,1007.6,5,0.0,596,1.1415267316198852,7.3580246913580245,0
6000,4352,236,629.125,8,0.0,1744,0.39348876672368566,7.389830508474576,0
6000,4353,76,522.0,5,0.0,488,1.061701672404307,6.421052631578948,0
6000,4362,121,491.625,8,0.0,1238,1.0625754265812892,10.231404958677686,0
6000,4372,36,895.0,5,0.0,123,1.1926416555294586,3.4166666666666665,0
6000,4399,85,855.0,6,0.0,634,1.1027098919728326,7.458823529411765,0
6000,4405,131,876.125,8,0.0,1465,1.0727657450053136,11.183206106870228,0
6000,4457,88,1005.4,5,0.0,677,1.0985837946695711,7.693181818181818,0
6000,4473,75,704.8333333333334,6,0.0,489,1.0924364854082906,6.52,0
6000,4477,225,945.2857142857143,7,0.0,1085,0.2693236961299694,4.822222222222222,0
6000,4490,153,1006.4285714285714,7,0.0,1219,0.6543810405785736,7.967320261437909,0
6000,4492,85,971.6666666666666,6,0.0,709,1.2331566457551077,8.341176470588236,0
6000,4501,115,774.4285714285714,7,0.0,1192,1.132636202065492,10.365217391304348,0
6000,4522,85,803.8333333333334,6,0.0,651,1.1322778228301482,7.658823529411765,0
6000,4539,139,950.875,8,0.0,1557,1.0126721725871968,11.201438848920864,0
6000,4544,35,1359.2,5,0.0,120,1.2309914071208985,3.4285714285714284,0
6000,4545,109,875.7142857142857,7,0.0,1089,1.1518203517411951,9.990825688073395,0
6000,4591,133,892.5714285714286,7,0.0,1406,0.9988307470059922,10.571428571428571,0
6000,4596,126,588.0,8,0.0,1361,1.0772757877389036,10.801587301587302,0
6000,4611,97,933.5714285714286,7,0.0,834,1.113864713824588,8.597938144329897,0
6000,4630,23,796.0,4,0.0,56,1.3302774185332962,2.4347826086956523,0
6000,4640,43,692.0,5,0.0,144,0.9786681278895191,3.3488372093023258,0
6000,4647,98,794.1666666666666,6,0.0,954,1.2482629702310133,9.73469387755102,0
6000,4663,127,853.375,8,0.0,1462,1.139068376104725,11.511811023622048,0
6000,4680,47,719.2,5,0.0,189,1.0751670647867286,4.0212765957446805,0
6000,4681,102,657.1428571428571,7,0.0,867,1.0471975511965976,8.5,0
6000,4696,74,776.1666666666666,6,0.0,511,1.1726470752259928,6.905405405405405,0
6000,4703,126,942.2857142857143,7,0.0,1350,1.0685689297924468,10.714285714285714,0
6000,4714,64,1031.25,4,0.0,403,1.2363885150358267,6.296875,0
6000,4731,130,1221.5,6,0.0,918,0.6825993031941846,7.061538461538461,0
6000,4745,33,1032.25,4,0.0,94,1.0847004938014346,2.8484848484848486,0
6000,4761,50,657.4,5,0.0,243,1.2214512237157116,4.86,0
6000,4773,151,1050.0,8,0.0,2036,1.122105634438633,13.483443708609272,0
6000,4776,69,1008.4,5,0.0,432,1.1402377873142537,6.260869565217392,0
6000,4777,123,1046.4285714285713,7,0.0,1303,1.0822910245561506,10.59349593495935,0
6000,4779,81,1130.0,5,0.0,601,1.1511032981603204,7.419753086419753,0
6000,4781,77,761.8333333333334,6,0.0,498,1.0554988304858943,6.467532467532467,0
6000,4791,80,1239.8,5,0.0,553,1.0858129608969722,6.9125,0
6000,4792,109,693.4285714285714,7,0.0,1068,1.1296089399996294,9.79816513761468,0
6000,4795,81,575.1666666666666,6,0.0,637,1.2200545772514544,7.864197530864198,0
6000,4796,42,975.0,5,0.0,161,1.1469306513105593,3.8333333333333335,0
6000,4809,152,632.5555555555555,9,0.0,2036,1.1073896542085904,13.394736842105264,0
6000,4813,53,915.75,4,0.0,236,1.0557719704481183,4.452830188679245,0
6000,4828,69,868.6666666666666,6,0.0,414,1.0927278795094932,6.0,0
6000,4843,132,954.875,8,0.0,1664,1.2000941633547788,12.606060606060606,0
6000,4851,82,1109.4,5,0.0,576,1.0764767212776447,7.024390243902439,0
6000,4858,120,831.4285714285714,7,0.0,1208,1.054178868204575,10.066666666666666,0
6000,4875,128,846.5,6,0.0,791,0.606689401608771,6.1796875,0
6000,4901,33,1121.25,4,0.0,128,1.4770389702828044,3.878787878787879,0
6000,4904,115,748.0,8,0.0,1256,1.1934488840555857,10.921739130434782,0
6000,4918,22,1425.75,4,0.0,47,1.220288055526614,2.1363636363636362,0
6000,4920,120,820.7142857142857,7,0.0,1267,1.1056660811384076,10.558333333333334,0
6000,4925,86,752.1666666666666,6,0.0,715,1.2148397768073025,8.313953488372093,0
6000,4940,37,1015.8,5,0.0,141,1.2942719186447358,3.810810810810811,0
6000,4943,147,691.1666666666666,6,0.0,792,0.46057501626972397,5.387755102040816,0
6000,4977,103,1159.0,6,0.0,964,1.141858919053845,9.359223300970873,0
6000,4979,33,804.2,5,0.0,106,1.2231728972654474,3.212121212121212,0
6000,4983,85,840.0,7,0.0,675,1.1740207840404764,7.9411764705882355,0
6000,4992,85,682.2857142857143,7,0.0,606,1.0540097705607832,7.129411764705883,0
8000,45,152,895.0,7,0.0,1913,1.0404893951380323,12.585526315789474,0
8000,51,50,1143.25,4,0.0,239,1.201345030732737,4.78,0
8000,133,55,1103.6,5,0.0,273,1.134088984370266,4.963636363636364,0
8000,138,82,927.0,7,0.0,586,1.0951655532442706,7.146341463414634,0
8000,149,64,811.0,6,0.0,424,1.3008157081270237,6.625,0
8000,162,132,1009.1428571428571,7,0.0,1546,1.1149913320591873,11.712121212121213,0
8000,165,115,780.7142857142857,7,0.0,1080,1.0262140085828284,9.391304347826088,0
8000,196,79,890.3333333333334,6,0.0,561,1.129584027344255,7.10126582278481,0
8000,224,88,1009.1666666666666,6,0.0,673,1.0920929007571956,7.6477272727272725,0
8000,262,127,1021.625,8,0.0,1447,1.1273816280598747,11.393700787401574,0
8000,277,157,882.875,8,0.0,2076,1.0583709438682967,13.222929936305732,0
8000,308,132,925.1428571428571,7,0.0,1454,1.0486399720660144,11.015151515151516,0
8000,319,68,1019.2,5,0.0,438,1.1903266282632607,6.4411764705882355,0
8000,336,109,997.0,7,0.0,980,1.0365325479397347,8.990825688073395,0
8000,349,115,1110.5,6,0.0,1162,1.104130257382636,10.104347826086956,0
8000,370,111,438.85714285714283,7,0.0,1116,1.1382249497301222,10.054054054054054,0
8000,374,105,681.4285714285714,7,0.0,980,1.117010721276371,9.333333333333334,0
8000,392,44,824.4,5,0.0,186,1.2073062677018624,4.2272727272727275,0
8000,395,87,909.0,6,0.0,713,1.1837524439210054,8.195402298850574,0
8000,432,107,1638.4,5,0.0,884,0.9702744015279509,8.261682242990654,0
8000,485,67,589.2,5,0.0,404,1.1309453615952563,6.029850746268656,0
8000,491,97,827.3333333333334,6,0.0,858,1.1459183746540729,8.845360824742269,0
8000,500,57,647.8,5,0.0,319,1.2338172440691215,5.5964912280701755,0
8000,504,118,985.1428571428571,7,0.0,1273,1.148878899172596,10.788135593220339,0
8000,534,62,918.4,5,0.0,342,1.1180277705803425,5.516129032258065,0
8000,547,107,1259.0,5,0.0,930,1.020763793462663,8.69158878504673,0
8000,550,46,1807.25,4,0.0,172,1.0214630178023523,3.739130434782609,0
8000,552,136,766.1428571428571,7,0.0,1648,1.1196679699645282,12.117647058823529,0
8000,554,86,678.2,5,0.0,460,0.7815752410228799,5.348837209302325,0
8000,563,163,1058.8,10,0.0,2171,1.0268203772732796,13.319018404907975,0
8000,582,97,929.1666666666666,6,0.0,834,1.113864713824588,8.597938144329897,0
8000,632,30,1322.0,5,0.0,97,1.3543754995475996,3.2333333333333334,0
8000,634,45,1075.5,4,0.0,189,1.1728612573401895,4.2,0
8000,662,84,956.6666666666666,6,0.0,686,1.2217304763960308,8.166666666666666,0
8000,678,143,1893.0,4,0.0,698,0.42893670540479745,4.881118881118881,0
8000,697,49,2033.5,4,0.0,269,1.407894083824497,5.489795918367347,0
8000,717,174,1083.875,8,0.0,2841,1.1791867788147183,16.32758620689655,0
8000,724,39,1051.4,5,0.0,136,1.1236202521714975,3.4871794871794872,0
8000,773,32,983.2,5,0.0,102,1.2517283229146832,3.1875,0
8000,775,146,1002.875,8,0.0,1818,1.071761201768858,12.452054794520548,0
8000,806,54,1061.4,5,0.0,268,1.1549339247764945,4.962962962962963,0
8000,877,130,1009.1428571428571,7,0.0,1457,1.083384732847415,11.207692307692307,0
8000,879,86,1465.25,4,0.0,627,1.0653210350464035,7.290697674418604,0
8000,897,80,876.3333333333334,6,0.0,599,1.176133749687679,7.4875,0
8000,899,22,831.5,4,0.0,47,1.220288055526614,2.1363636363636362,0
8000,903,227,760.2222222222222,9,0.0,1912,0.4662791945245345,8.422907488986784,0
8000,930,58,1130.4,5,0.0,313,1.1692253276737279,5.396551724137931,0
8000,943,91,1257.8333333333333,6,0.0,705,1.0698335084075856,7.747252747252747,0
8000,948,42,1337.5,4,0.0,148,1.0543213440618806,3.5238095238095237,0
8000,959,35,977.6,5,0.0,114,1.1694418367648536,3.257142857142857,0
8000,962,95,936.7142857142857,7,0.0,812,1.1306252563833405,8.547368421052632,0
8000,969,179,844.7777777777778,9,0.0,2763,1.0836391500725444,15.435754189944134,0
8000,973,94,979.6666666666666,6,0.0,796,1.1320542110717409,8.46808510638298,0
8000,1121,60,895.6,5,0.0,296,1.0332349171806432,4.933333333333334,0
8000,1129,78,827.8333333333334,6,0.0,561,1.1587333850518566,7.1923076923076925,0
8000,1133,100,1393.3333333333333,6,0.0,803,1.0090795603330416,8.03,0
8000,1138,69,1368.75,4,0.0,379,1.0003475032224587,5.492753623188406,0
8000,1219,92,1083.8333333333333,6,0.0,771,1.1446918411709501,8.380434782608695,0
8000,1245,137,912.7142857142857,7,0.0,1659,1.1107469150845473,12.10948905109489,0
8000,1248,50,992.6,5,0.0,242,1.216424675469968,4.84,0
8000,1266,185,1425.0,7,0.0,1609,0.5907754658437957,8.697297297297297,0
8000,1268,142,1470.0,6,0.0,1637,1.0201918615208274,11.528169014084508,0
8000,1274,40,760.4,5,0.0,172,1.350884841043611,4.3,0
8000,1277,96,995.0,6,0.0,856,1.1671889372712079,8.916666666666666,0
8000,1304,114,718.0,7,0.0,1124,1.0868421491643359,9.859649122807017,0
8000,1339,109,847.5714285714286,7,0.0,1149,1.2152815281456686,10.541284403669724,0
8000,1364,89,968.4,5,0.0,332,0.52670559827891,3.730337078651685,0
8000,1371,88,797.0,6,0.0,654,1.0612611546734116,7.431818181818182,0
8000,1407,100,1338.8333333333333,6,0.0,978,1.228991046084327,9.78,0
8000,1429,92,993.7142857142857,7,0.0,784,1.163992741216634,8.521739130434783,0
8000,1470,65,671.1666666666666,6,0.0,414,1.2313556057620585,6.369230769230769,0
8000,1537,46,1534.25,4,0.0,226,1.3421548954844862,4.913043478260869,0
8000,1545,73,1348.2,5,0.0,501,1.1814133379234275,6.863013698630137,0
8000,1582,136,589.5,6,0.0,690,0.46879302140505136,5.073529411764706,0
8000,1616,133,1100.2857142857142,7,0.0,1483,1.0535320041322094,11.150375939849624,0
8000,1622,98,1310.4,5,0.0,904,1.1828403826927,9.224489795918368,0
8000,1647,75,914.5,6,0.0,506,1.1304148499316873,6.746666666666667,0
8000,1711,120,1529.7142857142858,7,0.0,1261,1.1004300933824247,10.508333333333333,0
8000,1733,245,1246.3333333333333,6,0.0,2303,0.4821383011223519,9.4,0
8000,1758,49,1297.0,5,0.0,211,1.1043332776467245,4.3061224489795915,0
8000,1788,37,812.8,5,0.0,116,1.0647910820055984,3.135135135135135,0
8000,1803,101,944.6666666666666,6,0.0,939,1.1567318897052508,9.297029702970297,0
8000,1806,72,1147.4,5,0.0,504,1.2217304763960308,7.0,0
8000,1839,141,1166.142857142857,7,0.0,1742,1.1010823203165674,12.354609929078014,0
8000,1842,110,1030.3333333333333,6,0.0,1085,1.1268191831884051,9.863636363636363,0
8000,1852,63,978.4,5,0.0,393,1.24428915380276,6.238095238095238,0
8000,1868,52,780.0,5,0.0,267,1.2408361516397555,5.134615384615385,0
8000,1869,41,887.8,5,0.0,146,1.0914277868509454,3.5609756097560976,0
8000,1882,80,1029.4,5,0.0,568,1.1152653920243767,7.1,0
8000,1904,79,540.1666666666666,6,0.0,558,1.1235434710482965,7.063291139240507,0
8000,1907,40,978.2,5,0.0,150,1.1780972450961724,3.75,0
8000,1952,129,883.0,7,0.0,1533,1.1576375309063525,11.883720930232558,0
8000,1963,71,779.8,5,0.0,441,1.0993393058782772,6.211267605633803,0
8000,1972,121,636.8571428571429,7,0.0,1205,1.0342515258727412,9.958677685950413,0
8000,2010,136,1298.2857142857142,7,0.0,1490,1.0123211621645312,10.955882352941176,0
8000,2076,80,1648.8,5,0.0,577,1.1329368507008193,7.2125,0
8000,2084,118,933.6666666666666,6,0.0,1166,1.052311701834444,9.88135593220339,0
8000,2087,102,778.8571428571429,7,0.0,853,1.0302877868174138,8.362745098039216,0
8000,2090,184,946.6666666666666,6,0.0,1136,0.42165043176725014,6.173913043478261,0
8000,2097,98,1045.0,5,0.0,369,0.4828186960327504,3.7653061224489797,0
8000,2119,140,966.625,8,0.0,1597,1.0239027485271224,11.407142857142857,0
8000,2134,70,1028.6666666666667,6,0.0,434,1.1130213972718124,6.2,0
8000,2142,151,1741.3333333333333,6,0.0,1905,1.049907285660902,12.6158940397351,0
8000,2147,163,629.1111111111111,9,0.0,2260,1.0689148100587802,13.865030674846626,0
8000,2169,92,932.6666666666666,6,0.0,741,1.100151302603987,8.054347826086957,0
8000,2170,123,1007.8571428571429,7,0.0,1411,1.1719974179959542,11.471544715447154,0
8000,2175,161,1203.0,9,0.0,2122,1.0287349424663463,13.180124223602485,0
8000,2198,139,1171.375,8,0.0,1894,1.2318568367887932,13.62589928057554,0
8000,2234,97,1211.1666666666667,6,0.0,811,1.0831466221963322,8.360824742268042,0
8000,2241,41,2210.6666666666665,3,0.0,162,1.2110363114373504,3.951219512195122,0
8000,2266,60,1673.25,4,0.0,401,1.3997540600994522,6.683333333333334,0
8000,2270,147,680.375,8,0.0,1841,1.0706042991825275,12.523809523809524,0
8000,2278,83,987.6666666666666,6,0.0,605,1.1035932968046596,7.289156626506024,0
8000,2281,261,1034.5,8,0.0,2235,0.41229339444654,8.563218390804598,0
8000,2301,102,973.8,5,0.0,511,0.6172063998402092,5.009803921568627,0
8000,2320,99,979.6666666666666,6,0.0,910,1.1667582143727016,9.191919191919192,0
8000,2331,47,730.0,5,0.0,206,1.1718752134712491,4.382978723404255,0
8000,2332,40,1009.2,5,0.0,165,1.2959069696057894,4.125,0
8000,2335,89,1710.8,5,0.0,770,1.2215762369721705,8.651685393258427,0
8000,2352,75,806.4,5,0.0,553,1.2354138577316662,7.373333333333333,0
8000,2357,61,806.0,5,0.0,334,1.1279676928771738,5.475409836065574,0
8000,2380,110,1251.142857142857,7,0.0,1203,1.2493672602540566,10.936363636363636,0
8000,2389,65,1117.8,5,0.0,408,1.2135098723452171,6.276923076923077,0
8000,2403,160,1418.5714285714287,7,0.0,2044,1.0033461537402402,12.775,0
8000,2419,98,760.3333333333334,6,0.0,816,1.0676966286252692,8.326530612244898,0
8000,2438,66,885.6666666666666,6,0.0,411,1.1856699546606106,6.2272727272727275,0
8000,2439,196,876.2222222222222,9,0.0,2980,0.9747965543208646,15.204081632653061,0
8000,2483,42,955.0,5,0.0,162,1.1540544441758422,3.857142857142857,0
8000,2495,85,1031.5,6,0.0,689,1.198370844746501,8.105882352941176,0
8000,2521,88,601.6666666666666,6,0.0,739,1.1991926503113932,8.397727272727273,0
8000,2529,72,1230.0,5,0.0,476,1.1538565610406957,6.611111111111111,0
8000,2541,58,1111.6,5,0.0,329,1.2289940345196695,5.672413793103448,0
8000,2576,262,1251.2857142857142,7,0.0,1955,0.35789369137975907,7.461832061068702,0
8000,2579,55,999.0,5,0.0,258,1.07177640281146,4.6909090909090905,0
8000,2582,46,922.8,5,0.0,191,1.1342990488386588,4.1521739130434785,0
8000,2585,121,1346.857142857143,7,0.0,1327,1.138964128492222,10.96694214876033,0
8000,2602,251,1168.75,8,0.0,1888,0.3765862084714547,7.52191235059761,0
8000,2617,70,746.2,5,0.0,394,1.0104387800117374,5.628571428571429,0
8000,2623,129,921.8571428571429,7,0.0,1507,1.1380037567357295,11.682170542635658,0
8000,2658,98,907.6666666666666,6,0.0,845,1.1056417293974907,8.622448979591837,0
8000,2715,62,1611.5,4,0.0,316,1.0330315073198488,5.096774193548387,0
8000,2719,98,1148.0,5,0.0,778,1.0179754620961512,7.938775510204081,0
8000,2729,124,1046.0,7,0.0,1325,1.082885084809177,10.685483870967742,0
8000,2744,143,838.125,8,0.0,1634,1.0041297659476203,11.426573426573427,0
8000,2750,126,608.625,8,0.0,1465,1.1595951719599513,11.626984126984127,0
8000,2754,152,1382.0,6,0.0,1581,0.8599130861020539,10.401315789473685,0
8000,2789,55,1134.0,5,0.0,271,1.125780640162425,4.927272727272728,0
8000,2797,169,562.4444444444445,9,0.0,1605,0.7061736226338879,9.497041420118343,0
8000,2804,97,788.8333333333334,6,0.0,933,1.246086064746212,9.618556701030927,0
8000,2806,113,1201.5,6,0.0,1156,1.1376556057795602,10.230088495575222,0
8000,2807,96,1038.5,6,0.0,733,0.9994737044623777,7.635416666666667,0
8000,2809,92,1018.6666666666666,6,0.0,758,1.125390941125266,8.23913043478261,0
8000,2837,122,1137.8333333333333,6,0.0,1296,1.09419620506648,10.62295081967213,0
8000,2862,46,691.0,5,0.0,192,1.1402377873142537,4.173913043478261,0
8000,2871,73,749.8333333333334,6,0.0,526,1.2403660992968522,7.205479452054795,0
8000,2873,159,1102.7777777777778,9,0.0,2254,1.1203907821987096,14.176100628930818,0
8000,2888,58,1169.25,4,0.0,321,1.1991096810966986,5.5344827586206895,0
8000,2907,139,895.0,7,0.0,1755,1.1414512928005975,12.62589928057554,0
8000,2911,72,775.6666666666666,6,0.0,404,0.9793236358412627,5.611111111111111,0
8000,2953,172,1129.875,8,0.0,2556,1.0857099543774351,14.86046511627907,0
8000,2960,59,987.2,5,0.0,302,1.090216583032597,5.11864406779661,0
8000,2961,63,1152.2,5,0.0,381,1.2062955918545841,6.0476190476190474,0
8000,2970,129,916.0,7,0.0,1527,1.1531066599439008,11.837209302325581,0
8000,3006,127,829.7142857142857,7,0.0,1391,1.083751102025768,10.952755905511811,0
8000,3050,129,988.3333333333334,6,0.0,1333,1.0066084988246367,10.333333333333334,0
8000,3066,70,1028.8,5,0.0,462,1.184829229353865,6.6,0
8000,3071,96,1368.8,5,0.0,359,0.4895103136452846,3.7395833333333335,0
8000,3080,90,1668.2,5,0.0,699,1.08443124190581,7.766666666666667,0
8000,3083,22,1529.5,4,0.0,57,1.479923812021638,2.590909090909091,0
8000,3093,72,1416.75,4,0.0,440,1.0665900984409793,6.111111111111111,0
8000,3095,36,1326.8,5,0.0,134,1.2993006653735564,3.7222222222222223,0
8000,3099,120,1287.3333333333333,6,0.0,1283,1.1196287151543625,10.691666666666666,0
8000,3100,117,974.8333333333334,6,0.0,1220,1.1199482905630938,10.427350427350428,0
8000,3118,38,1023.0,5,0.0,139,1.2096437087229397,3.6578947368421053,0
8000,3129,222,522.5714285714286,7,0.0,1571,0.4005715492889834,7.076576576576577,0
8000,3131,104,759.7142857142857,7,0.0,1004,1.166478929069583,9.653846153846153,0
8000,3137,144,833.2857142857143,7,0.0,1929,1.1690069885753687,13.395833333333334,0
8000,3150,134,1213.2857142857142,7,0.0,1413,0.9888773489691196,10.544776119402986,0
8000,3163,55,1042.6,5,0.0,294,1.221326598552594,5.345454545454546,0
8000,3183,112,955.6666666666666,6,0.0,1111,1.1129813259369452,9.919642857142858,0
8000,3188,102,1006.1666666666666,6,0.0,964,1.1643580615380857,9.450980392156863,0
8000,3208,77,543.5,6,0.0,473,1.0025119414052772,6.142857142857143,0
8000,3211,64,1340.75,4,0.0,363,1.1136700520049756,5.671875,0
8000,3218,105,867.1428571428571,7,0.0,1074,1.2241525659702268,10.228571428571428,0
8000,3230,34,1151.6,5,0.0,109,1.1848913468556659,3.2058823529411766,0
8000,3234,96,1248.0,5,0.0,716,0.9762935503343281,7.458333333333333,0
8000,3236,97,621.1428571428571,7,0.0,842,1.1245492674344162,8.68041237113402,0
8000,3249,75,665.2,5,0.0,563,1.2577540721571936,7.506666666666667,0
8000,3254,91,958.8333333333334,6,0.0,769,1.16695314605026,8.45054945054945,0
8000,3263,109,860.375,8,0.0,1079,1.1412434890071161,9.899082568807339,0
8000,3271,33,1062.25,4,0.0,102,1.1770154294441098,3.090909090909091,0
8000,3309,112,785.2857142857143,7,0.0,1099,1.1009599254767803,9.8125,0
8000,3311,82,652.5,6,0.0,648,1.2110363114373504,7.902439024390244,0
8000,3323,118,776.8571428571429,7,0.0,1235,1.1145840066599813,10.466101694915254,0
8000,3350,153,841.7142857142857,7,0.0,806,0.43267524094038584,5.26797385620915,0
8000,3403,31,683.2,5,0.0,94,1.229176730228681,3.032258064516129,0
8000,3422,157,1055.0,6,0.0,919,0.46851777332127387,5.853503184713376,0
8000,3447,74,970.8,5,0.0,432,0.9913572142810742,5.837837837837838,0
8000,3454,115,727.8571428571429,7,0.0,1109,1.0537697551095895,9.643478260869566,0
8000,3456,56,1026.2,5,0.0,311,1.246218514370441,5.553571428571429,0
8000,3469,128,818.5714285714286,7,0.0,1403,1.0760875227017772,10.9609375,0
8000,3478,105,787.2857142857143,7,0.0,976,1.1124514938425898,9.295238095238096,0
8000,3487,37,1031.25,4,0.0,139,1.2759134517136048,3.7567567567567566,0
8000,3498,100,934.5,6,0.0,819,1.0291857533160162,8.19,0
8000,3504,15,1034.5,4,0.0,26,1.4521139376592822,1.7333333333333334,0
8000,3509,79,1117.8333333333333,6,0.0,636,1.2805979347432197,8.050632911392405,0
8000,3518,62,1315.75,4,0.0,394,1.2880202971013304,6.354838709677419,0
8000,3524,70,896.2,5,0.0,434,1.1130213972718124,6.2,0
8000,3532,115,1064.0,7,0.0,1174,1.1155326352557784,10.208695652173914,0
8000,3545,84,865.8,5,0.0,298,0.5307225684635818,3.5476190476190474,0
8000,3580,85,788.6666666666666,6,0.0,575,1.0000917789974428,6.764705882352941,0
8000,3595,72,1032.4,5,0.0,410,0.9938680462745487,5.694444444444445,0
8000,3605,187,1099.4285714285713,7,0.0,1385,0.4977100660838873,7.406417112299465,0
8000,3614,127,740.8571428571429,7,0.0,1448,1.1281607445961983,11.401574803149606,0
8000,3618,95,1039.3333333333333,6,0.0,850,1.1835362905490632,8.947368421052632,0
8000,3619,179,843.375,8,0.0,1334,0.5231902374943084,7.4525139664804465,0
8000,3635,133,1000.625,8,0.0,1533,1.0890523009674153,11.526315789473685,0
8000,3639,90,554.4285714285714,7,0.0,687,1.065814396551204,7.633333333333334,0
8000,3655,112,906.5,6,0.0,1163,1.1650740612643269,10.383928571428571,0
8000,3663,102,796.6666666666666,6,0.0,995,1.2018011112348497,9.754901960784315,0
8000,3684,68,769.8,5,0.0,398,1.0816210001113649,5.852941176470588,0
8000,3692,96,693.3333333333334,6,0.0,862,1.1753701681399313,8.979166666666666,0
8000,3725,59,629.8,5,0.0,363,1.3104258928504395,6.1525423728813555,0
8000,3727,80,933.3333333333334,6,0.0,566,1.1113384012073895,7.075,0
8000,3774,56,1421.25,4,0.0,258,1.033840439574192,4.607142857142857,0
8000,3789,59,763.6,5,0.0,304,1.0974365604036738,5.1525423728813555,0
8000,3792,119,1028.5714285714287,7,0.0,1344,1.1926560345808015,11.294117647058824,0
8000,3805,68,900.2,5,0.0,424,1.1522796584100972,6.235294117647059,0
8000,3817,78,884.6666666666666,6,0.0,551,1.1380786010045865,7.064102564102564,0
8000,3839,134,753.5,6,0.0,584,0.4087079772101669,4.358208955223881,0
8000,3858,134,1044.4,5,0.0,709,0.49618828055138414,5.291044776119403,0
8000,3963,81,1441.6,5,0.0,500,0.9576566540435278,6.172839506172839,0
8000,3975,91,1165.5,6,0.0,804,1.2200654478860977,8.835164835164836,0
8000,3978,105,1008.4285714285714,7,0.0,1014,1.1557641544635102,9.657142857142857,0
8000,3992,213,1172.142857142857,7,0.0,1312,0.36339963953446697,6.15962441314554,0
8000,4015,103,1215.6666666666667,6,0.0,963,1.1406744181004695,9.349514563106796,0
8000,4029,73,1443.0,4,0.0,418,0.9856901701636582,5.726027397260274,0
8000,4042,142,883.1428571428571,7,0.0,1800,1.1217748019166094,12.67605633802817,0
8000,4105,123,1169.5,6,0.0,717,0.5955507786698081,5.829268292682927,0
8000,4157,107,466.5,6,0.0,484,0.5312362107913214,4.5233644859813085,0
8000,4158,90,1722.25,4,0.0,659,1.0223750907237894,7.322222222222222,0
8000,4173,24,903.0,4,0.0,63,1.3744467859455345,2.625,0
8000,4191,53,1010.2,5,0.0,264,1.1810330516877257,4.981132075471698,0
8000,4237,35,1083.25,4,0.0,141,1.4464149033670557,4.0285714285714285,0
8000,4242,72,803.6666666666666,6,0.0,457,1.1077992613352896,6.347222222222222,0
8000,4253,116,834.1428571428571,7,0.0,1222,1.141208746339693,10.53448275862069,0
8000,4300,61,628.5,6,0.0,338,1.1414762880014513,5.540983606557377,0
8000,4302,111,763.5,6,0.0,1059,1.0800898044482075,9.54054054054054,0
8000,4329,153,721.25,8,0.0,2045,1.0977926398549493,13.366013071895425,0
8000,4332,88,938.0,6,0.0,699,1.1342837111876372,7.943181818181818,0
8000,4350,71,1118.0,5,0.0,457,1.1392246321686454,6.436619718309859,0
8000,4352,267,878.0,8,0.0,2090,0.368411880991607,7.8277153558052435,0
8000,4353,65,552.6,5,0.0,374,1.1123840496497825,5.753846153846154,0
8000,4362,132,566.875,8,0.0,1447,1.0435914990230557,10.962121212121213,0
8000,4399,89,850.3333333333334,6,0.0,671,1.0645164350757486,7.53932584269663,0
8000,4405,142,852.375,8,0.0,1708,1.0644396453742049,12.028169014084508,0
8000,4457,80,1061.2,5,0.0,566,1.1113384012073895,7.075,0
8000,4473,65,889.2,5,0.0,363,1.0796668717189066,5.584615384615384,0
8000,4477,244,1230.142857142857,7,0.0,1228,0.2591961689470751,5.032786885245901,0
8000,4490,190,1104.5714285714287,7,0.0,1373,0.47793980203643055,7.226315789473684,0
8000,4492,80,1265.8,5,0.0,599,1.176133749687679,7.4875,0
8000,4501,126,921.125,8,0.0,1416,1.1208100774711887,11.238095238095237,0
8000,4522,78,1029.4,5,0.0,585,1.2083048667653051,7.5,0
8000,4539,143,1386.6666666666667,6,0.0,1612,0.9906102709348615,11.272727272727273,0
8000,4545,117,1028.5714285714287,7,0.0,1250,1.1474880026261207,10.683760683760683,0
8000,4591,131,1082.1666666666667,6,0.0,1400,1.0251686300392076,10.687022900763358,0
8000,4596,136,609.2222222222222,9,0.0,1756,1.1930442689670582,12.911764705882353,0
8000,4611,106,1095.5714285714287,7,0.0,996,1.1139289010236504,9.39622641509434,0
8000,4647,94,820.8333333333334,6,0.0,897,1.2756942554413961,9.542553191489361,0
8000,4663,137,888.5,8,0.0,1686,1.1288241704837534,12.306569343065693,0
8000,4681,111,624.4285714285714,7,0.0,979,0.9984966180876252,8.81981981981982,0
8000,4696,68,945.0,5,0.0,448,1.2175030353012346,6.588235294117647,0
8000,4703,134,1378.142857142857,7,0.0,1487,1.0406656885471202,11.097014925373134,0
8000,4714,34,1251.0,4,0.0,123,1.3370792262683202,3.6176470588235294,0
8000,4731,123,1599.0,5,0.0,891,0.7400777458783808,7.2439024390243905,0
8000,4761,30,707.75,4,0.0,87,1.2147491593880533,2.9,0
8000,4773,155,1288.142857142857,7,0.0,2171,1.1355500771601983,14.006451612903225,0
8000,4776,59,1122.0,5,0.0,332,1.198516243598749,5.627118644067797,0
8000,4777,130,1330.142857142857,7,0.0,1435,1.067026143881977,11.038461538461538,0
8000,4779,74,1258.0,5,0.0,507,1.1634678417604274,6.851351351351352,0
8000,4781,78,758.1666666666666,6,0.0,537,1.1091619033384084,6.884615384615385,0
8000,4791,71,1316.8,5,0.0,462,1.1516887966343856,6.507042253521127,0
8000,4792,115,676.8571428571429,7,0.0,1190,1.1307358057533017,10.347826086956522,0
8000,4795,83,549.8333333333334,6,0.0,648,1.1820305063296188,7.807228915662651,0
8000,4809,170,753.5,8,0.0,2411,1.0483570778968845,14.18235294117647,0
8000,4828,64,1076.2,5,0.0,347,1.064582666792635,5.421875,0
8000,4843,137,988.875,8,0.0,1864,1.2480001505229632,13.605839416058394,0
8000,4851,74,1205.8,5,0.0,484,1.1106872493334259,6.54054054054054,0
8000,4858,124,853.8571428571429,7,0.0,1295,1.0583669319455729,10.443548387096774,0
8000,4875,127,876.6666666666666,6,0.0,800,0.6232932290586731,6.299212598425197,0
8000,4904,124,989.8571428571429,7,0.0,1450,1.1850440550741934,11.693548387096774,0
8000,4920,125,840.1428571428571,7,0.0,1351,1.0865386687999514,10.808,0
8000,4925,80,935.6,5,0.0,641,1.258600556844411,8.0125,0
8000,4943,150,651.8333333333334,6,0.0,785,0.4384267081009756,5.233333333333333,0
8000,4977,106,1242.5,6,0.0,999,1.1172841085568541,9.424528301886792,0
8000,4983,96,814.8571428571429,7,0.0,811,1.1058297057557822,8.447916666666666,0
8000,4992,93,641.4285714285714,7,0.0,747,1.0853369000955373,8.03225806451613,0
10000,45,169,1281.0,8,0.0,2120,0.9327651588684376,12.544378698224852,0
10000,133,12,1224.75,4,0.0,17,1.4835298641951802,1.4166666666666667,0
10000,138,90,905.8571428571429,7,0.0,734,1.138730374190078,8.155555555555555,0
10000,149,67,868.6666666666666,6,0.0,435,1.2177258225097438,6.492537313432836,0
10000,162,136,1026.7142857142858,7,0.0,1649,1.1203473801404777,12.125,0
10000,165,121,1047.6666666666667,6,0.0,1161,0.9964863249280103,9.59504132231405,0
10000,196,81,899.6666666666666,6,0.0,580,1.1108817186904922,7.160493827160494,0
10000,224,86,1029.0,6,0.0,697,1.184256397810755,8.104651162790697,0
10000,262,135,1139.2857142857142,7,0.0,1648,1.1363170794218884,12.207407407407407,0
10000,277,158,1049.2857142857142,7,0.0,2185,1.099884625555792,13.829113924050633,0
10000,308,132,1127.3333333333333,6,0.0,1457,1.0508036033701398,11.037878787878787,0
10000,319,61,1103.2,5,0.0,354,1.1955106684985615,5.80327868852459,0
10000,336,115,1021.7142857142857,7,0.0,1130,1.0737239163875891,9.826086956521738,0
10000,349,111,1396.4,5,0.0,1100,1.1219063124580058,9.90990990990991,0
10000,370,118,561.4285714285714,7,0.0,1268,1.144366413315673,10.745762711864407,0
10000,374,120,1545.4285714285713,7,0.0,1206,1.0524335389525807,10.05,0
10000,392,21,865.6,5,0.0,44,1.2537875442898039,2.0952380952380953,0
10000,395,88,925.6666666666666,6,0.0,725,1.1764745216180785,8.238636363636363,0
10000,432,100,1721.2,5,0.0,795,0.9990264638415541,7.95,0
10000,485,61,561.6,5,0.0,319,1.077310461161133,5.229508196721311,0
10000,491,94,984.6,5,0.0,826,1.1747195707854998,8.787234042553191,0
10000,500,46,1013.8,5,0.0,210,1.2471350798749652,4.565217391304348,0
10000,504,120,1245.6666666666667,6,0.0,1320,1.1519173063162573,11.0,0
10000,534,56,1348.6,5,0.0,254,1.0178119056273054,4.535714285714286,0
10000,547,92,1716.75,4,0.0,718,1.0660035563693153,7.804347826086956,0
10000,552,145,917.875,8,0.0,1806,1.079422845637701,12.455172413793104,0
10000,554,56,718.4,5,0.0,318,1.2742684487774927,5.678571428571429,0
10000,563,171,1134.4444444444443,9,0.0,2565,1.1023132117858923,15.0,0
10000,582,97,1003.0,6,0.0,833,1.1125291446233596,8.587628865979381,0
10000,662,82,1220.4,5,0.0,664,1.2409384425839518,8.097560975609756,0
10000,678,119,2108.75,4,0.0,482,0.4277233695446029,4.050420168067227,0
10000,717,185,1265.125,8,0.0,3106,1.1404279657618581,16.78918918918919,0
10000,775,150,987.875,8,0.0,2028,1.13264887137424,13.52,0
10000,806,43,1067.0,5,0.0,169,1.1485757889814496,3.9302325581395348,0
10000,877,132,1015.8571428571429,7,0.0,1589,1.1460033807516485,12.037878787878787,0
10000,879,66,1553.75,4,0.0,376,1.0847004938014346,5.696969696969697,0
10000,897,69,1118.6,5,0.0,462,1.219420966988855,6.695652173913044,0
10000,903,243,942.5555555555555,9,0.0,2273,0.4837230165868753,9.353909465020577,0
10000,930,49,1169.6,5,0.0,231,1.2090094177080255,4.714285714285714,0
10000,943,92,1625.0,5,0.0,654,0.9709837407597943,7.108695652173913,0
10000,962,88,1408.4,5,0.0,730,1.1845881390085482,8.295454545454545,0
10000,969,199,1091.0,10,0.0,3262,1.0351127735168206,16.391959798994975,0
10000,973,92,1225.0,5,0.0,759,1.126875625744165,8.25,0
10000,1121,39,1239.75,4,0.0,124,1.0244772887446005,3.1794871794871793,0
10000,1129,79,828.6666666666666,6,0.0,575,1.1577732900587283,7.2784810126582276,0
10000,1133,97,1781.6,5,0.0,764,1.0203748697385915,7.876288659793815,0
10000,1138,40,1510.25,4,0.0,134,1.0524335389525807,3.35,0
10000,1219,93,1109.3333333333333,6,0.0,788,1.144906930756738,8.473118279569892,0
10000,1245,138,978.4285714285714,7,0.0,1717,1.1329793291774153,12.442028985507246,0
10000,1248,39,1025.8,5,0.0,128,1.0575249432202327,3.282051282051282,0
10000,1266,201,1454.5714285714287,7,0.0,1760,0.5474322982419283,8.756218905472636,0
10000,1268,146,1906.8,5,0.0,1646,0.9703624522065677,11.273972602739725,0
10000,1277,97,1033.8333333333333,6,0.0,852,1.1379049594467017,8.783505154639176,0
10000,1304,118,743.2857142857143,7,0.0,1229,1.1091690236316736,10.415254237288135,0
10000,1339,116,809.8571428571429,7,0.0,1265,1.18136584625181,10.905172413793103,0
10000,1364,16,1342.25,4,0.0,30,1.4726215563702154,1.875,0
10000,1371,95,1513.6666666666667,6,0.0,723,1.006702044784674,7.610526315789474,0
10000,1407,103,1325.0,6,0.0,1001,1.1856854543287334,9.718446601941748,0
10000,1429,100,1182.142857142857,7,0.0,965,1.2126547642856602,9.65,0
10000,1470,65,1227.5,6,0.0,423,1.2581242058873205,6.507692307692308,0
10000,1545,68,1405.0,5,0.0,411,1.116950329260731,6.044117647058823,0
10000,1582,143,801.1666666666666,6,0.0,720,0.44245620041755607,5.034965034965035,0
10000,1616,133,1097.142857142857,7,0.0,1544,1.0968667662711606,11.609022556390977,0
10000,1622,93,1400.0,5,0.0,822,1.1943064683782219,8.838709677419354,0
10000,1647,76,890.0,6,0.0,526,1.1443751632882488,6.921052631578948,0
10000,1711,128,1585.5714285714287,7,0.0,1412,1.0829904362472627,11.03125,0
10000,1733,241,1339.6666666666667,6,0.0,2200,0.47599069147552864,9.12863070539419,0
10000,1803,108,958.0,7,0.0,1019,1.0978336467791494,9.435185185185185,0
10000,1806,67,1211.2,5,0.0,430,1.203728973975149,6.417910447761194,0
10000,1839,148,1441.5,6,0.0,1835,1.0527433380820435,12.39864864864865,0
10000,1842,111,1045.8333333333333,6,0.0,1101,1.1229262272875131,9.91891891891892,0
10000,1852,55,1069.2,5,0.0,293,1.2171724264486734,5.327272727272727,0
10000,1868,41,832.0,5,0.0,167,1.248413975370602,4.073170731707317,0
10000,1882,69,1130.8,5,0.0,429,1.1323194693467937,6.217391304347826,0
10000,1904,86,1051.0,6,0.0,638,1.084010877766516,7.4186046511627906,0
10000,1952,131,888.5714285714286,7,0.0,1593,1.166495448323184,12.16030534351145,0
10000,1963,62,768.0,5,0.0,336,1.0984132482894595,5.419354838709677,0
10000,1972,131,670.75,8,0.0,1414,1.0354203163395996,10.793893129770993,0
10000,2010,144,1342.4285714285713,7,0.0,1650,0.9999282172884181,11.458333333333334,0
10000,2076,73,1759.6,5,0.0,500,1.1790552274684905,6.8493150684931505,0
10000,2084,121,940.3333333333334,6,0.0,1179,1.0119357253144912,9.743801652892563,0
10000,2087,102,936.5,6,0.0,881,1.0641073155757816,8.637254901960784,0
10000,2090,184,964.6666666666666,6,0.0,1145,0.42499097215977233,6.2228260869565215,0
10000,2097,85,1120.2,5,0.0,291,0.5061334046752276,3.4235294117647057,0
10000,2119,145,960.125,8,0.0,1821,1.0883881516645921,12.558620689655172,0
10000,2134,63,1308.0,5,0.0,357,1.1303084679582325,5.666666666666667,0
10000,2142,149,2300.0,5,0.0,1827,1.034131755886411,12.261744966442953,0
10000,2147,181,888.3333333333334,9,0.0,2734,1.0486998949866602,15.104972375690608,0
10000,2169,92,937.8333333333334,6,0.0,745,1.1060900410795822,8.097826086956522,0
10000,2170,129,1031.857142857143,7,0.0,1555,1.1742507244353413,12.054263565891473,0
10000,2175,174,1537.5555555555557,9,0.0,2524,1.0476126116608055,14.505747126436782,0
10000,2198,148,1190.25,8,0.0,2115,1.2133799237294398,14.29054054054054,0
10000,2234,101,1238.3333333333333,6,0.0,855,1.0532542765686788,8.465346534653465,0
10000,2266,32,1849.0,4,0.0,128,1.5707963267948966,4.0,0
10000,2270,157,662.5,8,0.0,2055,1.047664879407201,13.089171974522293,0
10000,2278,83,984.3333333333334,6,0.0,611,1.114538023715119,7.36144578313253,0
10000,2281,274,1044.375,8,0.0,2391,0.40021034869908867,8.726277372262773,0
10000,2301,86,1016.8,5,0.0,380,0.6456491121493355,4.4186046511627906,0
10000,2320,95,1244.2,5,0.0,877,1.2211309727194455,9.23157894736842,0
10000,2335,83,1872.8,5,0.0,681,1.2422265043371457,8.204819277108435,0
10000,2352,65,1039.25,4,0.0,410,1.219458450150831,6.3076923076923075,0
10000,2357,50,1052.0,4,0.0,215,1.080707872834889,4.3,0
10000,2380,120,1439.4285714285713,7,0.0,1366,1.192059879112127,11.383333333333333,0
10000,2389,57,1137.2,5,0.0,310,1.1990073531706198,5.43859649122807,0
10000,2403,159,1485.0,7,0.0,2162,1.074660546190599,13.59748427672956,0
10000,2419,106,1035.3333333333333,6,0.0,867,0.9696549770958884,8.179245283018869,0
10000,2438,74,903.0,6,0.0,413,0.9477558553196381,5.581081081081081,0
10000,2439,212,1009.9,10,0.0,3464,0.9685365745848206,16.339622641509433,0
10000,2495,85,1099.5,6,0.0,686,1.19315297459521,8.070588235294117,0
10000,2521,90,902.5,6,0.0,737,1.1433845855287297,8.188888888888888,0
10000,2529,61,1376.0,5,0.0,373,1.2596764953388797,6.114754098360656,0
10000,2541,46,1218.2,5,0.0,203,1.2055639105457996,4.413043478260869,0
10000,2576,250,1289.2857142857142,7,0.0,2047,0.4115737703614916,8.188,0
10000,2579,34,1252.5,4,0.0,99,1.07618571870377,2.911764705882353,0
10000,2585,123,1386.5714285714287,7,0.0,1439,1.1952546311099774,11.699186991869919,0
10000,2602,259,1198.5,8,0.0,2081,0.3898364253437104,8.034749034749035,0
10000,2617,58,748.2,5,0.0,288,1.0758367232269446,4.9655172413793105,0
10000,2623,130,1559.1666666666667,6,0.0,1560,1.1599726720946928,12.0,0
10000,2658,96,917.8333333333334,6,0.0,840,1.1453723216212788,8.75,0
10000,2715,28,1799.5,4,0.0,73,1.170082978122729,2.607142857142857,0
10000,2719,92,1204.4,5,0.0,702,1.042248602466935,7.630434782608695,0
10000,2729,134,1223.142857142857,7,0.0,1481,1.0364666339867417,11.052238805970148,0
10000,2744,151,957.75,8,0.0,1917,1.0565208748619155,12.695364238410596,0
10000,2750,135,714.375,8,0.0,1635,1.127353413140041,12.11111111111111,0
10000,2754,152,1395.5,6,0.0,1553,0.8446837588339593,10.217105263157896,0
10000,2789,27,1517.25,4,0.0,66,1.137696105003711,2.4444444444444446,0
10000,2797,193,696.875,8,0.0,1935,0.6527940921577761,10.025906735751295,0
10000,2804,97,978.3333333333334,6,0.0,949,1.2674551719658682,9.783505154639176,0
10000,2806,106,1548.2,5,0.0,1043,1.1664938190438428,9.839622641509434,0
10000,2807,96,1299.6,5,0.0,705,0.9612946270750018,7.34375,0
10000,2809,90,1079.3333333333333,6,0.0,752,1.1666556422219874,8.355555555555556,0
10000,2837,123,1190.0,6,0.0,1313,1.090597172096873,10.674796747967479,0
10000,2871,59,994.2,5,0.0,377,1.360965734447977,6.389830508474576,0
10000,2873,173,1227.625,8,0.0,2578,1.0824318702201192,14.901734104046243,0
10000,2888,18,1278.75,4,0.0,33,1.279908118129175,1.8333333333333333,0
10000,2907,140,900.7142857142857,7,0.0,1817,1.1649538472597254,12.978571428571428,0
10000,2911,61,1265.6,5,0.0,309,1.0435389733504392,5.065573770491803,0
10000,2953,173,1362.125,8,0.0,2783,1.1685057776658616,16.08670520231214,0
10000,2960,48,1004.4,5,0.0,198,1.0799224746714915,4.125,0
10000,2961,54,1240.8,5,0.0,273,1.176481199492474,5.055555555555555,0
10000,2970,137,937.0,7,0.0,1620,1.0846353239523607,11.824817518248175,0
10000,3006,129,858.4285714285714,7,0.0,1502,1.1342280309336865,11.643410852713178,0
10000,3050,132,1522.4,5,0.0,1348,0.972191665986924,10.212121212121213,0
10000,3066,60,1323.25,4,0.0,356,1.2426744274199626,5.933333333333334,0
10000,3071,83,1451.8,5,0.0,268,0.488864468667188,3.2289156626506026,0
10000,3080,79,1852.2,5,0.0,575,1.1577732900587283,7.2784810126582276,0
10000,3093,49,1548.5,4,0.0,200,1.046761400613009,4.081632653061225,0
10000,3099,122,1292.8333333333333,6,0.0,1281,1.0815318971374697,10.5,0
10000,3100,118,1014.5,6,0.0,1235,1.1145840066599813,10.466101694915254,0
10000,3129,239,626.625,8,0.0,1779,0.3913722330306712,7.443514644351464,0
10000,3131,116,1004.375,8,0.0,1160,1.0833078115826873,10.0,0
10000,3137,150,1127.4285714285713,7,0.0,2031,1.1343243874561546,13.54,0
10000,3150,135,1266.2857142857142,7,0.0,1523,1.0501279805579709,11.281481481481482,0
10000,3163,46,1078.4,5,0.0,194,1.152115264265444,4.217391304347826,0
10000,3183,114,1319.1666666666667,6,0.0,1116,1.0791066178535578,9.789473684210526,0
10000,3188,103,1040.3333333333333,6,0.0,978,1.1584419324011,9.495145631067961,0
10000,3208,72,1315.4,5,0.0,426,1.0326531407633117,5.916666666666667,0
10000,3211,29,1453.75,4,0.0,81,1.2103163136303126,2.793103448275862,0
10000,3218,114,1315.5714285714287,7,0.0,1210,1.1699991107552015,10.614035087719298,0
10000,3234,81,1692.0,4,0.0,533,1.0208619932104006,6.580246913580247,0
10000,3236,90,895.6,5,0.0,756,1.1728612573401895,8.4,0
10000,3249,69,927.8,5,0.0,451,1.1903871344415011,6.536231884057971,0
10000,3254,92,1201.5,6,0.0,779,1.1565693181221404,8.467391304347826,0
10000,3263,121,1509.4,5,0.0,1194,1.0248102256365583,9.867768595041323,0
10000,3309,128,957.75,8,0.0,1324,1.0154952815802945,10.34375,0
10000,3311,82,677.1666666666666,6,0.0,662,1.2372006761906265,8.073170731707316,0
10000,3323,132,983.4285714285714,7,0.0,1454,1.0486399720660144,11.015151515151516,0
10000,3350,173,836.2857142857143,7,0.0,965,0.4051771740738615,5.578034682080925,0
10000,3422,169,1110.0,6,0.0,944,0.4153444858357571,5.585798816568047,0
10000,3447,52,1351.25,4,0.0,212,0.9852331990547872,4.076923076923077,0
10000,3454,114,988.6,5,0.0,1114,1.0771727350258633,9.771929824561404,0
10000,3456,45,1034.8,5,0.0,206,1.2783567143496244,4.5777777777777775,0
10000,3469,137,955.8571428571429,7,0.0,1558,1.0431245893319618,11.372262773722628,0
10000,3478,108,1026.4285714285713,7,0.0,1126,1.213111566509639,10.425925925925926,0
10000,3498,103,922.0,6,0.0,856,1.0139328160893064,8.310679611650485,0
10000,3509,80,1178.6666666666667,6,0.0,647,1.2703815292953726,8.0875,0
10000,3518,34,1439.25,4,0.0,124,1.3479497890835097,3.6470588235294117,0
10000,3524,70,1196.4,5,0.0,444,1.1386670515868311,6.3428571428571425,0
10000,3532,120,1047.857142857143,7,0.0,1281,1.117883385902368,10.675,0
10000,3545,58,931.6,5,0.0,142,0.5304472732577297,2.4482758620689653,0
10000,3580,73,1249.0,4,0.0,439,1.0352104897173346,6.013698630136986,0
10000,3595,42,1461.25,4,0.0,184,1.310777887212068,4.380952380952381,0
10000,3605,171,1415.1666666666667,6,0.0,1328,0.5707103100396356,7.766081871345029,0
10000,3614,132,736.8571428571429,7,0.0,1542,1.1121064903203537,11.681818181818182,0
10000,3618,95,1045.0,6,0.0,848,1.1807514992771833,8.926315789473684,0
10000,3619,198,874.375,8,0.0,1620,0.5192715129900484,8.181818181818182,0
10000,3635,141,1162.25,8,0.0,1798,1.1364787668939085,12.75177304964539,0
10000,3639,96,544.1428571428571,7,0.0,811,1.1058297057557822,8.447916666666666,0
10000,3655,119,1479.0,6,0.0,1220,1.0826193171045966,10.252100840336135,0
10000,3663,105,1002.8333333333334,6,0.0,1040,1.1853991327830875,9.904761904761905,0
10000,3684,59,1047.0,5,0.0,310,1.1190964925169042,5.254237288135593,0
10000,3692,96,690.1666666666666,6,0.0,844,1.1508264755337612,8.791666666666666,0
10000,3725,47,697.0,5,0.0,217,1.2344510743847625,4.617021276595745,0
10000,3727,73,1218.0,5,0.0,467,1.10123758245557,6.397260273972603,0
10000,3774,12,1566.75,4,0.0,16,1.3962634015954636,1.3333333333333333,0
10000,3789,44,795.6,5,0.0,179,1.1618700103152335,4.068181818181818,0
10000,3792,138,1031.25,8,0.0,1608,1.061054607639653,11.652173913043478,0
10000,3805,60,911.4,5,0.0,341,1.1903145498601326,5.683333333333334,0
10000,3817,79,881.3333333333334,6,0.0,573,1.1537462525280893,7.253164556962025,0
10000,3839,137,771.8333333333334,6,0.0,612,0.40975112238200295,4.467153284671533,0
10000,3858,135,1096.2,5,0.0,629,0.4337035454832329,4.659259259259259,0
10000,3963,68,1560.6,5,0.0,419,1.13869145489111,6.161764705882353,0
10000,3975,93,1479.0,6,0.0,825,1.1986652511095293,8.870967741935484,0
10000,3978,104,1190.1666666666667,6,0.0,1022,1.1873918979174438,9.826923076923077,0
10000,3992,217,1192.0,7,0.0,1430,0.381615875863442,6.589861751152074,0
10000,4015,105,1249.6666666666667,6,0.0,975,1.1113116869841446,9.285714285714286,0
10000,4029,48,1647.0,4,0.0,188,1.0253809355466688,3.9166666666666665,0
10000,4042,152,1189.875,8,0.0,2043,1.1111969860256141,13.44078947368421,0
10000,4105,118,1227.6666666666667,6,0.0,720,0.6497979633969121,6.101694915254237,0
10000,4157,110,415.6666666666667,6,0.0,490,0.5088860827302475,4.454545454545454,0
10000,4158,74,1901.75,4,0.0,447,1.0257793397769448,6.04054054054054,0
10000,4191,41,1022.0,5,0.0,163,1.2185118442240006,3.975609756097561,0
10000,4242,76,939.0,6,0.0,477,1.037769872411587,6.276315789473684,0
10000,4253,113,1003.0,6,0.0,1206,1.1868621631229668,10.672566371681416,0
10000,4300,62,627.5,6,0.0,345,1.1278350317257844,5.564516129032258,0
10000,4302,110,1105.5,6,0.0,1028,1.0676222307075396,9.345454545454546,0
10000,4329,154,712.25,8,0.0,2215,1.1736595931356706,14.383116883116884,0
10000,4332,90,1180.2,5,0.0,717,1.1123565099377193,7.966666666666667,0
10000,4350,46,2029.6666666666667,3,0.0,202,1.1996251720702045,4.391304347826087,0
10000,4352,275,1122.25,8,0.0,2346,0.38982751023188916,8.530909090909091,0
10000,4353,53,556.4,5,0.0,261,1.1676122215549105,4.9245283018867925,0
10000,4362,147,1277.0,8,0.0,1778,1.0339676501610722,12.095238095238095,0
10000,4399,91,851.3333333333334,6,0.0,707,1.072868497083919,7.769230769230769,0
10000,4405,151,834.5555555555555,9,0.0,1937,1.0675435235302713,12.827814569536423,0
10000,4457,75,1093.0,5,0.0,476,1.063394206655105,6.346666666666667,0
10000,4473,29,1235.5,4,0.0,90,1.3447959040336808,3.103448275862069,0
10000,4477,262,1206.5714285714287,7,0.0,1360,0.24896952443809328,5.190839694656488,0
10000,4490,207,1392.7142857142858,7,0.0,1518,0.44518543239275654,7.333333333333333,0
10000,4492,75,1317.6,5,0.0,502,1.1214787641614765,6.693333333333333,0
10000,4501,130,922.25,8,0.0,1625,1.2083048667653051,12.5,0
10000,4522,72,1359.6,5,0.0,468,1.1344640137963142,6.5,0
10000,4539,147,1835.0,5,0.0,1605,0.933362248879933,10.918367346938776,0
10000,4545,117,1207.0,6,0.0,1311,1.2034854171542755,11.205128205128204,0
10000,4591,131,1090.5,6,0.0,1410,1.0324912631109162,10.763358778625955,0
10000,4596,152,700.2222222222222,9,0.0,2130,1.158516681465765,14.013157894736842,0
10000,4611,114,1132.4285714285713,7,0.0,1119,1.0820074420950996,9.81578947368421,0
10000,4647,94,806.1666666666666,6,0.0,872,1.2401397890132637,9.27659574468085,0
10000,4663,152,960.875,8,0.0,1938,1.0540870087702596,12.75,0
10000,4681,120,1297.142857142857,7,0.0,1099,0.9590584239708841,9.158333333333333,0
10000,4696,45,1260.0,4,0.0,223,1.3838521713590595,4.955555555555556,0
10000,4703,134,1453.857142857143,7,0.0,1620,1.1337447313021751,12.08955223880597,0
10000,4731,107,1727.8,5,0.0,771,0.846246112644853,7.205607476635514,0
10000,4773,158,1362.2857142857142,7,0.0,2237,1.1260603695049458,14.158227848101266,0
10000,4776,52,1221.8,5,0.0,243,1.1293003177844967,4.673076923076923,0
10000,4777,133,1338.5714285714287,7,0.0,1553,1.103260419701498,11.676691729323307,0
10000,4779,68,1355.0,5,0.0,419,1.13869145489111,6.161764705882353,0
10000,4781,82,758.3333333333334,6,0.0,575,1.074607838080982,7.012195121951219,0
10000,4791,66,1365.4,5,0.0,388,1.1193185946674378,5.878787878787879,0
10000,4792,125,1150.142857142857,7,0.0,1467,1.179831404240954,11.736,0
10000,4795,91,648.3333333333334,6,0.0,711,1.0789384744365862,7.813186813186813,0
10000,4809,182,896.1111111111111,9,0.0,2665,1.0110306028036227,14.642857142857142,0
10000,4828,48,1439.0,4,0.0,200,1.090830782496456,4.166666666666667,0
10000,4843,140,1166.0,7,0.0,1990,1.2758713021721813,14.214285714285714,0
10000,4851,67,1289.2,5,0.0,394,1.1029516645260666,5.880597014925373,0
10000,4858,128,881.7142857142857,7,0.0,1379,1.0576797532471496,10.7734375,0
10000,4875,115,1090.8,5,0.0,726,0.6898438613251237,6.3130434782608695,0
10000,4904,128,1385.2857142857142,7,0.0,1611,1.235621524641884,12.5859375,0
10000,4920,130,1065.5714285714287,7,0.0,1450,1.0781797272675029,11.153846153846153,0
10000,4925,72,984.0,5,0.0,516,1.2508192972626029,7.166666666666667,0
10000,4943,151,589.3333333333334,6,0.0,783,0.4315366953661345,5.185430463576159,0
10000,4977,109,1320.8333333333333,6,0.0,1028,1.0873014890633137,9.431192660550458,0
10000,4983,107,796.7142857142857,7,0.0,933,1.0240565798931878,8.719626168224298,0
10000,4992,99,1170.125,8,0.0,890,1.1411151766941805,8.98989898989899,0
12000,45,172,1496.4285714285713,7,0.0,2337,0.9926855099296034,13.587209302325581,0
12000,138,90,1034.6666666666667,6,0.0,746,1.1573472195446843,8.28888888888889,0
12000,149,55,1135.8,5,0.0,310,1.2877933522153202,5.636363636363637,0
12000,162,164,976.5,8,0.0,1827,0.8536124000756323,11.140243902439025,0
12000,165,121,1592.6666666666667,6,0.0,1174,1.0076442252071354,9.702479338842975,0
12000,196,81,1082.2,5,0.0,560,1.0725754525287512,6.91358024691358,0
12000,224,91,1123.0,6,0.0,751,1.1396382479632579,8.252747252747254,0
12000,262,138,1613.1666666666667,6,0.0,1687,1.113183534258765,12.22463768115942,0
12000,277,162,1306.4285714285713,7,0.0,2257,1.0807155340881212,13.932098765432098,0
12000,308,124,1434.8,5,0.0,1333,1.089423258906138,10.75,0
12000,319,54,1178.6,5,0.0,268,1.1549339247764945,4.962962962962963,0
12000,336,121,1692.3333333333333,6,0.0,1290,1.1072070276977892,10.661157024793388,0
12000,349,102,1486.2,5,0.0,963,1.1631502212252867,9.441176470588236,0
12000,370,127,899.2857142857143,7,0.0,1429,1.1133575304060548,11.251968503937007,0
12000,374,121,1906.5,6,0.0,1319,1.1320977283204527,10.900826446280991,0
12000,395,94,1592.6666666666667,6,0.0,752,1.0694783501582275,8.0,0
12000,432,94,1823.2,5,0.0,724,1.029657347758719,7.702127659574468,0
12000,485,56,1388.0,5,0.0,237,0.949690636353037,4.232142857142857,0
12000,491,88,1028.4,5,0.0,689,1.118056476406698,7.829545454545454,0
12000,500,29,1025.8,5,0.0,85,1.2700850204762542,2.9310344827586206,0
12000,504,120,1336.5,6,0.0,1322,1.1536626355682518,11.016666666666667,0
12000,547,76,1865.25,4,0.0,504,1.0965115633028086,6.631578947368421,0
12000,552,152,905.875,8,0.0,2039,1.1090213678444578,13.414473684210526,0
12000,554,44,749.8,5,0.0,201,1.3046696763874968,4.568181818181818,0
12000,563,177,1086.4444444444443,9,0.0,2861,1.1475752921472626,16.163841807909606,0
12000,582,94,1826.8,5,0.0,819,1.1647643201856228,8.712765957446809,0
12000,662,74,1319.8,5,0.0,532,1.2208380509202117,7.1891891891891895,0
12000,678,91,2268.75,4,0.0,290,0.44007335806836856,3.1868131868131866,0
12000,717,195,1441.875,8,0.0,3340,1.103791659486118,17.128205128205128,0
12000,775,159,1247.0,8,0.0,2264,1.125361460025678,14.238993710691824,0
12000,877,134,1389.5,6,0.0,1693,1.1848332284534462,12.634328358208956,0
12000,879,42,1603.25,4,0.0,154,1.0970641012535787,3.6666666666666665,0
12000,897,61,1195.8,5,0.0,348,1.1752477758121451,5.704918032786885,0
12000,903,261,1043.5,8,0.0,2552,0.47077080207050115,9.777777777777779,0
12000,930,36,1197.2,5,0.0,133,1.2896043917513658,3.6944444444444446,0
12000,943,78,2230.75,4,0.0,470,0.9707748502216981,6.0256410256410255,0
12000,962,79,1519.2,5,0.0,583,1.1738814401812847,7.379746835443038,0
12000,969,207,1383.375,8,0.0,3548,1.0405256351314232,17.14009661835749,0
12000,973,84,1615.75,4,0.0,653,1.1629591852574461,7.773809523809524,0
12000,1129,78,831.0,6,0.0,581,1.200042953146397,7.448717948717949,0
12000,1133,90,1881.8,5,0.0,688,1.0673658003307545,7.644444444444445,0
12000,1219,84,1426.2,5,0.0,660,1.1754258227716912,7.857142857142857,0
12000,1245,142,1021.7142857142857,7,0.0,1774,1.1055713881111473,12.492957746478874,0
12000,1266,211,1468.7142857142858,7,0.0,1858,0.5244337863363209,8.80568720379147,0
12000,1268,140,2047.6,5,0.0,1550,0.9937691047069754,11.071428571428571,0
12000,1277,99,1045.3333333333333,6,0.0,848,1.0872647975692866,8.565656565656566,0
12000,1304,133,832.0,8,0.0,1354,0.961889638297378,10.180451127819548,0
12000,1339,125,1149.2857142857142,7,0.0,1389,1.1171000821340729,11.112,0
12000,1371,94,1615.5,6,0.0,766,1.0893888513579817,8.148936170212766,0
12000,1407,102,1341.1666666666667,6,0.0,1009,1.2187108756140335,9.892156862745098,0
12000,1429,102,1736.0,5,0.0,976,1.1788521452916718,9.568627450980392,0
12000,1470,54,1581.8,5,0.0,304,1.310074302731546,5.62962962962963,0
12000,1545,60,1431.2,5,0.0,328,1.14493598930828,5.466666666666667,0
12000,1582,148,775.6666666666666,6,0.0,731,0.4193762289580239,4.9391891891891895,0
12000,1616,134,1082.5714285714287,7,0.0,1597,1.1176483554873913,11.917910447761194,0
12000,1622,91,1479.4,5,0.0,751,1.1396382479632579,8.252747252747254,0
12000,1647,67,1082.2,5,0.0,434,1.2149264528028247,6.477611940298507,0
12000,1711,130,1885.6666666666667,6,0.0,1476,1.0975126051357478,11.353846153846154,0
12000,1733,236,1419.6666666666667,6,0.0,2140,0.4828359866907611,9.067796610169491,0
12000,1803,117,931.7142857142857,7,0.0,1202,1.1034244633252777,10.273504273504274,0
12000,1806,61,1270.2,5,0.0,356,1.2022649660607003,5.836065573770492,0
12000,1839,147,1547.8333333333333,6,0.0,1793,1.0426906618328473,12.197278911564625,0
12000,1842,111,1327.6666666666667,6,0.0,1108,1.130065631094064,9.981981981981981,0
12000,1852,44,1129.8,5,0.0,193,1.2527425250884918,4.386363636363637,0
12000,1882,59,1212.4,5,0.0,304,1.0974365604036738,5.1525423728813555,0
12000,1904,93,1210.5,6,0.0,722,1.0490137106679758,7.763440860215054,0
12000,1952,133,885.4285714285714,7,0.0,1645,1.1686177658782768,12.368421052631579,0
12000,1963,47,1705.5,4,0.0,185,1.0524122062727237,3.9361702127659575,0
12000,1972,140,883.25,8,0.0,1651,1.0585243818523975,11.792857142857143,0
12000,2010,142,1664.5,6,0.0,1650,1.0282935684235586,11.619718309859154,0
12000,2076,68,1801.6,5,0.0,441,1.1984795503746528,6.485294117647059,0
12000,2084,122,959.0,6,0.0,1186,1.001324613587072,9.721311475409836,0
12000,2087,111,1211.5,6,0.0,941,0.9597398545663486,8.477477477477477,0
12000,2090,191,1121.4285714285713,7,0.0,1190,0.4099114890240787,6.230366492146596,0
12000,2097,71,1175.0,5,0.0,209,0.5210020746679364,2.943661971830986,0
12000,2119,156,1057.25,8,0.0,2060,1.063721378434414,13.205128205128204,0
12000,2134,57,1374.4,5,0.0,268,1.0365611956442777,4.701754385964913,0
12000,2142,145,2460.4,5,0.0,1732,1.0351940025717046,11.944827586206896,0
12000,2147,191,1280.25,8,0.0,3070,1.057502748994892,16.073298429319372,0
12000,2169,96,1320.5,6,0.0,771,1.0512881666309595,8.03125,0
12000,2170,141,1484.0,7,0.0,1747,1.1042427173324014,12.390070921985815,0
12000,2175,181,1536.3333333333333,9,0.0,2865,1.09894850005003,15.828729281767956,0
12000,2198,151,1393.0,7,0.0,2160,1.19044605618244,14.304635761589404,0
12000,2234,103,1234.8333333333333,6,0.0,885,1.0482833437371917,8.592233009708737,0
12000,2270,177,1069.5,8,0.0,2421,0.9710869564098297,13.677966101694915,0
12000,2278,83,964.6666666666666,6,0.0,603,1.099945054501173,7.265060240963855,0
12000,2281,277,1223.0,7,0.0,2445,0.4004323808743523,8.826714801444043,0
12000,2301,56,1326.0,4,0.0,175,0.701248360176293,3.125,0
12000,2320,89,1583.0,5,0.0,759,1.2041251478725683,8.52808988764045,0
12000,2335,79,1962.4,5,0.0,607,1.2222058905489532,7.6835443037974684,0
12000,2352,34,1139.75,4,0.0,130,1.4131731659746474,3.823529411764706,0
12000,2380,127,1864.1666666666667,6,0.0,1477,1.150755124149575,11.62992125984252,0
12000,2389,47,1155.8,5,0.0,212,1.2060075012422564,4.51063829787234,0
12000,2403,153,1815.5,6,0.0,2167,1.1632844257044865,14.163398692810457,0
12000,2419,93,1300.0,5,0.0,730,1.0606371312847955,7.849462365591398,0
12000,2438,44,1430.75,4,0.0,220,1.4279966607226333,5.0,0
12000,2439,222,1021.6,10,0.0,3916,0.9984966180876252,17.63963963963964,0
12000,2495,87,1345.8333333333333,6,0.0,714,1.185412685777837,8.206896551724139,0
12000,2521,94,1137.3333333333333,6,0.0,770,1.0950775659864829,8.191489361702128,0
12000,2529,54,1422.4,5,0.0,287,1.2368135686972161,5.314814814814815,0
12000,2576,245,1325.5714285714287,7,0.0,2145,0.44906064086298086,8.755102040816327,0
12000,2585,126,1379.7142857142858,7,0.0,1538,1.217377047422802,12.206349206349206,0
12000,2602,269,1202.625,8,0.0,2227,0.3867457243290982,8.278810408921933,0
12000,2617,41,840.75,4,0.0,147,1.0989033196375957,3.5853658536585367,0
12000,2623,128,1692.5,6,0.0,1534,1.1765632643082868,11.984375,0
12000,2658,99,1224.3333333333333,6,0.0,864,1.1077792277121032,8.727272727272727,0
12000,2719,86,1252.2,5,0.0,624,1.0602238052136457,7.255813953488372,0
12000,2729,133,1457.8333333333333,6,0.0,1522,1.08123783566367,11.443609022556391,0
12000,2744,158,1125.75,8,0.0,2169,1.0918305504945138,13.727848101265822,0
12000,2750,144,1049.25,8,0.0,1887,1.143554270317118,13.104166666666666,0
12000,2754,152,1407.6666666666667,6,0.0,1555,0.8457715679245374,10.230263157894736,0
12000,2797,217,711.0,8,0.0,2173,0.5798960127631184,10.013824884792626,0
12000,2804,88,1195.0,5,0.0,817,1.3257650816027173,9.284090909090908,0
12000,2806,98,1701.0,5,0.0,911,1.1919995449480638,9.295918367346939,0
12000,2807,94,1620.8,5,0.0,657,0.9343713777313238,6.98936170212766,0
12000,2809,83,1326.2,5,0.0,691,1.260467715854578,8.325301204819278,0
12000,2837,124,1255.0,6,0.0,1324,1.0820678130470567,10.67741935483871,0
12000,2871,48,1338.75,4,0.0,246,1.3417218624706408,5.125,0
12000,2873,181,1407.375,8,0.0,2748,1.0540699749170968,15.182320441988951,0
12000,2907,143,893.5714285714286,7,0.0,1884,1.157760391092605,13.174825174825175,0
12000,2911,44,1343.8,5,0.0,193,1.2527425250884918,4.386363636363637,0
12000,2953,182,1513.875,8,0.0,3050,1.157089432852176,16.75824175824176,0
12000,2960,16,1095.75,4,0.0,28,1.3744467859455345,1.75,0
12000,2961,43,1344.0,5,0.0,172,1.1689647083124812,4.0,0
12000,2970,140,1132.3333333333333,6,0.0,1662,1.0655769367890278,11.871428571428572,0
12000,3006,136,1195.5714285714287,7,0.0,1653,1.123065020844275,12.154411764705882,0
12000,3050,125,1682.0,5,0.0,1254,1.0085266400260098,10.032,0
12000,3066,31,1434.25,4,0.0,100,1.3076348193922136,3.225806451612903,0
12000,3071,66,1535.0,5,0.0,176,0.507732146034714,2.6666666666666665,0
12000,3080,72,1990.6,5,0.0,473,1.1465843558240527,6.569444444444445,0
12000,3099,122,1295.6666666666667,6,0.0,1287,1.086597620309074,10.549180327868852,0
12000,3100,126,1107.142857142857,7,0.0,1309,1.0361160956283797,10.38888888888889,0
12000,3129,264,762.0,10,0.0,2066,0.3725051895268889,7.825757575757576,0
12000,3131,124,1126.857142857143,7,0.0,1375,1.1237486729151833,11.088709677419354,0
12000,3137,153,1161.5714285714287,7,0.0,2118,1.1369803477813119,13.843137254901961,0
12000,3150,137,1296.5714285714287,7,0.0,1621,1.0853048519301092,11.832116788321168,0
12000,3183,116,1393.1666666666667,6,0.0,1135,1.0599606604709915,9.78448275862069,0
12000,3188,102,1065.8333333333333,6,0.0,996,1.2030089515476485,9.764705882352942,0
12000,3208,64,1384.0,5,0.0,344,1.055378782065321,5.375,0
12000,3218,121,1770.857142857143,7,0.0,1352,1.1604216290290008,11.173553719008265,0
12000,3234,65,1803.75,4,0.0,337,1.0023353602459268,5.184615384615385,0
12000,3236,82,905.6,5,0.0,621,1.1605764651274608,7.573170731707317,0
12000,3249,64,968.4,5,0.0,369,1.1320778214596032,5.765625,0
12000,3254,88,1484.0,5,0.0,739,1.1991926503113932,8.397727272727273,0
12000,3263,114,1659.8,5,0.0,1087,1.0510653168519868,9.535087719298245,0
12000,3309,135,927.625,8,0.0,1569,1.0818455689398925,11.622222222222222,0
12000,3311,83,821.4,5,0.0,674,1.2294576562749429,8.120481927710843,0
12000,3323,138,981.7142857142857,7,0.0,1564,1.0320207750922992,11.333333333333334,0
12000,3350,183,841.5714285714286,7,0.0,1108,0.4157645388249862,6.054644808743169,0
12000,3422,169,1161.5,6,0.0,967,0.4254641078423486,5.72189349112426,0
12000,3454,106,1551.0,5,0.0,980,1.0960344608465638,9.245283018867925,0
12000,3456,28,1024.6,5,0.0,79,1.2662541818040494,2.8214285714285716,0
12000,3469,141,962.7142857142857,7,0.0,1673,1.0574688414980582,11.865248226950355,0
12000,3478,110,1256.5,6,0.0,1171,1.2161338834226934,10.645454545454545,0
12000,3498,107,1255.6666666666667,6,0.0,910,0.9988118839258318,8.504672897196262,0
12000,3509,76,1467.6,5,0.0,606,1.318424617780758,7.973684210526316,0
12000,3524,65,1271.4,5,0.0,373,1.1094097607469755,5.7384615384615385,0
12000,3532,133,1146.375,8,0.0,1526,1.0840794594104866,11.473684210526315,0
12000,3580,48,1364.0,4,0.0,204,1.1126473981463851,4.25,0
12000,3605,166,1477.6666666666667,6,0.0,1297,0.5914712834527452,7.813253012048193,0
12000,3614,135,699.8571428571429,7,0.0,1640,1.1308009770945977,12.148148148148149,0
12000,3618,93,1278.8,5,0.0,820,1.1914006132240167,8.817204301075268,0
12000,3619,201,954.8571428571429,7,0.0,1781,0.5539641608914058,8.860696517412935,0
12000,3635,141,1352.857142857143,7,0.0,1929,1.2192811687087592,13.680851063829786,0
12000,3639,105,498.42857142857144,7,0.0,929,1.0588805714956617,8.847619047619048,0
12000,3655,122,1524.1666666666667,6,0.0,1249,1.0545147068889147,10.237704918032787,0
12000,3663,107,981.6666666666666,6,0.0,1052,1.1546704416373352,9.83177570093458,0
12000,3684,50,1073.2,5,0.0,222,1.1158937105550946,4.44,0
12000,3692,95,1284.4,5,0.0,844,1.175181916733423,8.884210526315789,0
12000,3725,27,731.2,5,0.0,76,1.310074302731546,2.814814814814815,0
12000,3727,61,1296.0,5,0.0,341,1.1516077343446594,5.590163934426229,0
12000,3792,145,1013.125,8,0.0,1823,1.0895835258015112,12.572413793103449,0
12000,3805,53,916.2,5,0.0,258,1.1541913914220956,4.867924528301887,0
12000,3817,76,1056.6,5,0.0,539,1.1726581996432814,7.092105263157895,0
12000,3839,143,784.5,6,0.0,635,0.3902217878682612,4.440559440559441,0
12000,3858,124,1557.6,5,0.0,574,0.46911399145695665,4.629032258064516,0
12000,3963,63,1674.6,5,0.0,344,1.0891487758477085,5.4603174603174605,0
12000,3975,93,1581.0,6,0.0,841,1.2219120923431686,9.043010752688172,0
12000,3978,104,1189.1666666666667,6,0.0,1012,1.1757735818908546,9.73076923076923,0
12000,3992,221,1456.4285714285713,7,0.0,1566,0.40291837558785576,7.085972850678733,0
12000,4015,105,1276.3333333333333,6,0.0,988,1.1261291761439332,9.40952380952381,0
12000,4042,164,1466.25,8,0.0,2315,1.081616150068467,14.115853658536585,0
12000,4105,117,1245.5,6,0.0,725,0.6655430415231499,6.196581196581197,0
12000,4157,118,1084.0,6,0.0,515,0.4647860432630691,4.364406779661017,0
12000,4158,54,2035.0,4,0.0,245,1.0558164610829894,4.537037037037037,0
12000,4242,76,939.1666666666666,6,0.0,496,1.0791066178535578,6.526315789473684,0
12000,4253,114,1029.3333333333333,6,0.0,1192,1.1525941653059506,10.456140350877194,0
12000,4300,49,794.6,5,0.0,223,1.167138961683505,4.551020408163265,0
12000,4302,106,1175.5,6,0.0,1016,1.136296951245009,9.584905660377359,0
12000,4329,158,889.625,8,0.0,2442,1.2292532062275716,15.455696202531646,0
12000,4332,78,1272.4,5,0.0,577,1.191781039527489,7.397435897435898,0
12000,4352,285,1190.4444444444443,9,0.0,2711,0.41942050767039357,9.512280701754387,0
12000,4353,39,541.4,5,0.0,142,1.1731917338849458,3.641025641025641,0
12000,4362,154,1525.0,7,0.0,1972,1.044901452669771,12.805194805194805,0
12000,4399,95,856.3333333333334,6,0.0,745,1.0373347487753555,7.842105263157895,0
12000,4405,156,1386.7142857142858,7,0.0,2129,1.099350880915955,13.647435897435898,0
12000,4457,65,1365.25,4,0.0,341,1.0142325158571543,5.246153846153846,0
12000,4477,274,1202.142857142857,7,0.0,1461,0.24454509387259243,5.3321167883211675,0
12000,4490,219,1415.0,7,0.0,1657,0.4341543359811753,7.566210045662101,0
12000,4492,61,1710.75,4,0.0,335,1.131344841658243,5.491803278688525,0
12000,4501,139,1167.125,8,0.0,1832,1.1915320617724756,13.179856115107913,0
12000,4522,65,1434.4,5,0.0,375,1.1153583385525891,5.769230769230769,0
12000,4539,141,1998.8,5,0.0,1500,0.9481191047502017,10.638297872340425,0
12000,4545,116,1221.6666666666667,6,0.0,1292,1.2065807694524413,11.137931034482758,0
12000,4591,132,1069.5,6,0.0,1413,1.01907034424297,10.704545454545455,0
12000,4596,168,801.7,10,0.0,2571,1.1447044660401584,15.303571428571429,0
12000,4611,122,1139.4285714285713,7,0.0,1221,1.0308746654214291,10.008196721311476,0
12000,4647,100,991.5,6,0.0,903,1.1347432664766333,9.03,0
12000,4663,153,1390.0,7,0.0,2046,1.0983294577717488,13.372549019607844,0
12000,4681,120,1553.0,7,0.0,1181,1.0306169233026516,9.841666666666667,0
12000,4703,137,1788.8333333333333,6,0.0,1719,1.1509185937494495,12.547445255474452,0
12000,4731,97,1860.8,5,0.0,691,0.9228783180489094,7.123711340206185,0
12000,4773,158,1414.4285714285713,7,0.0,2300,1.1577732900587283,14.556962025316455,0
12000,4776,39,1265.6,5,0.0,141,1.1649298202660376,3.6153846153846154,0
12000,4777,139,1348.5714285714287,7,0.0,1667,1.0842161282613083,11.992805755395683,0
12000,4779,62,1415.4,5,0.0,342,1.1180277705803425,5.516129032258065,0
12000,4781,86,896.6,5,0.0,598,1.0160478133297437,6.953488372093023,0
12000,4791,59,1404.0,5,0.0,313,1.1299264585735194,5.305084745762712,0
12000,4792,129,1193.2857142857142,7,0.0,1573,1.1878433373226958,12.193798449612403,0
12000,4795,91,626.3333333333334,6,0.0,738,1.1199108215670897,8.10989010989011,0
12000,4809,195,867.3333333333334,9,0.0,2978,0.9841591502843291,15.271794871794873,0
12000,4843,148,1309.375,8,0.0,2091,1.1996110735310914,14.128378378378379,0
12000,4851,62,1365.8,5,0.0,327,1.0689914648531347,5.274193548387097,0
12000,4858,131,895.5714285714286,7,0.0,1458,1.0676399018551175,11.129770992366412,0
12000,4875,90,1166.0,5,0.0,603,0.9354964790689606,6.7,0
12000,4904,124,1689.5,6,0.0,1601,1.3084520911543336,12.911290322580646,0
12000,4920,133,1237.6666666666667,6,0.0,1521,1.0805274297269658,11.436090225563909,0
12000,4925,66,1009.6,5,0.0,419,1.2087486885712795,6.348484848484849,0
12000,4943,156,914.3333333333334,6,0.0,874,0.4513070314328533,5.602564102564102,0
12000,4977,111,1361.0,6,0.0,1061,1.082129634107222,9.558558558558559,0
12000,4983,119,882.8333333333334,6,0.0,1044,0.9264381697190153,8.77310924369748,0
12000,4992,98,1627.6666666666667,6,0.0,943,1.2338700009725843,9.622448979591837,0
14000,45,167,1556.142857142857,7,0.0,2369,1.0674363363841255,14.18562874251497,0
14000,138,92,1008.6666666666666,6,0.0,747,1.1090594103173796,8.119565217391305,0
14000,149,9,1643.0,4,0.0,14,2.171965291370721,1.5555555555555556,0
14000,162,189,945.375,8,0.0,2047,0.7201187158140373,10.83068783068783,0
14000,165,119,1610.0,6,0.0,1194,1.0595471021499083,10.033613445378151,0
14000,196,72,1106.2,5,0.0,459,1.1126473981463851,6.375,0
14000,224,99,1541.5,6,0.0,861,1.1039327720603251,8.696969696969697,0
14000,262,139,1640.6666666666667,6,0.0,1673,1.0881185258435326,12.035971223021583,0
14000,277,164,1358.4285714285713,7,0.0,2350,1.0979688780392645,14.329268292682928,0
14000,308,119,1516.4,5,0.0,1215,1.0781823526902334,10.210084033613445,0
14000,319,44,1203.8,5,0.0,170,1.103451965103853,3.8636363636363638,0
14000,336,119,1746.5,6,0.0,1283,1.1385250687255715,10.781512605042018,0
14000,349,91,1957.75,4,0.0,814,1.2352403912677656,8.945054945054945,0
14000,370,139,1053.4285714285713,7,0.0,1573,1.023078566139795,11.316546762589928,0
14000,374,120,2005.6666666666667,6,0.0,1299,1.133591349170317,10.825,0
14000,395,98,1657.3333333333333,6,0.0,783,1.0245177208499825,7.989795918367347,0
14000,432,91,1907.8,5,0.0,671,1.0182387009099148,7.373626373626373,0
14000,485,27,1894.0,4,0.0,60,1.03426918636701,2.2222222222222223,0
14000,491,79,1066.4,5,0.0,589,1.1859625527732018,7.455696202531645,0
14000,504,121,1420.8333333333333,6,0.0,1342,1.1518386288142892,11.090909090909092,0
14000,547,60,1994.5,4,0.0,305,1.064650843716541,5.083333333333333,0
14000,552,155,1249.3333333333333,6,0.0,2127,1.1125357043388953,13.72258064516129,0
14000,563,183,1232.7777777777778,9,0.0,3195,1.198887817279631,17.459016393442624,0
14000,582,84,2209.0,5,0.0,717,1.2769398711019737,8.535714285714286,0
14000,662,54,1791.0,4,0.0,320,1.3790255818226802,5.925925925925926,0
14000,678,44,2416.75,4,0.0,94,0.610144027763307,2.1363636363636362,0
14000,717,200,1464.75,8,0.0,3503,1.1004999065525045,17.515,0
14000,775,164,1244.125,8,0.0,2445,1.1423548539600006,14.908536585365853,0
14000,877,134,1445.0,6,0.0,1683,1.1778348041861488,12.559701492537313,0
14000,897,52,1237.0,5,0.0,242,1.124652991373861,4.653846153846154,0
14000,903,281,1035.125,8,0.0,2742,0.43637983592625285,9.758007117437723,0
14000,943,60,2413.25,4,0.0,296,1.0332349171806432,4.933333333333334,0
14000,962,72,1613.8,5,0.0,484,1.1732491082850771,6.722222222222222,0
14000,969,209,1420.5,8,0.0,3675,1.0572425541487136,17.583732057416267,0
14000,973,68,1744.25,4,0.0,424,1.1522796584100972,6.235294117647059,0
14000,1129,84,1114.6666666666667,6,0.0,616,1.0970641012535787,7.333333333333333,0
14000,1133,86,1968.4,5,0.0,623,1.0585247286027264,7.244186046511628,0
14000,1219,76,1502.8,5,0.0,563,1.2248730359910343,7.407894736842105,0
14000,1245,145,1030.4285714285713,7,0.0,1829,1.0931696482122677,12.613793103448275,0
14000,1266,217,1472.4285714285713,7,0.0,1937,0.5169160500332076,8.926267281105991,0
14000,1268,137,2153.2,5,0.0,1479,0.9902318790898406,10.795620437956204,0
14000,1277,101,1349.5,6,0.0,850,1.047094894834359,8.415841584158416,0
14000,1304,146,800.0,8,0.0,1621,0.9556242618632116,11.102739726027398,0
14000,1339,134,1440.5714285714287,7,0.0,1525,1.0672597007628501,11.380597014925373,0
14000,1371,98,2057.4,5,0.0,768,1.0048909445884886,7.836734693877551,0
14000,1407,104,1360.3333333333333,6,0.0,1020,1.1850682347121262,9.807692307692308,0
14000,1429,102,2312.5,4,0.0,890,1.0749778783909711,8.72549019607843,0
14000,1470,40,1671.6,5,0.0,164,1.288052987971815,4.1,0
14000,1545,51,1450.2,5,0.0,244,1.1788521452916718,4.784313725490196,0
14000,1582,158,757.3333333333334,6,0.0,745,0.37501787004076204,4.715189873417722,0
14000,1616,136,1075.0,7,0.0,1657,1.1257826615480724,12.183823529411764,0
14000,1622,85,1566.0,5,0.0,673,1.1705422039396156,7.91764705882353,0
14000,1647,52,1410.25,4,0.0,256,1.1897155611227619,4.923076923076923,0
14000,1711,130,1943.1666666666667,6,0.0,1488,1.1064354718441685,11.446153846153846,0
14000,1733,232,1501.3333333333333,6,0.0,2094,0.488889344278911,9.025862068965518,0
14000,1803,124,1135.142857142857,7,0.0,1351,1.1041341506243003,10.89516129032258,0
14000,1806,54,1279.2,5,0.0,281,1.210956839038041,5.203703703703703,0
14000,1839,145,1588.1666666666667,6,0.0,1778,1.0626876077208376,12.26206896551724,0
14000,1842,113,1330.8333333333333,6,0.0,1142,1.1238777697234064,10.106194690265486,0
14000,1852,23,1155.4,5,0.0,54,1.2827675107285355,2.347826086956522,0
14000,1882,47,1264.2,5,0.0,180,1.0239686331302178,3.8297872340425534,0
14000,1904,98,1463.4,5,0.0,765,1.0009655893361897,7.8061224489795915,0
14000,1952,136,872.2857142857143,7,0.0,1700,1.1549972991138944,12.5,0
14000,1972,150,1334.25,8,0.0,1912,1.0678622495402106,12.746666666666666,0
14000,2010,142,1741.5,6,0.0,1657,1.0326560259865676,11.669014084507042,0
14000,2076,56,2277.5,4,0.0,304,1.218168579963389,5.428571428571429,0
14000,2084,127,954.1666666666666,6,0.0,1190,0.9271486782247762,9.37007874015748,0
14000,2087,110,1537.2,5,0.0,903,0.9378043524600275,8.209090909090909,0
14000,2090,198,2062.8,5,0.0,1274,0.4083653750304455,6.434343434343434,0
14000,2097,36,1211.8,5,0.0,76,0.7369167952864947,2.111111111111111,0
14000,2119,164,1037.0,8,0.0,2251,1.0517140189218657,13.725609756097562,0
14000,2142,141,2599.8,5,0.0,1663,1.0511480474663903,11.794326241134751,0
14000,2147,195,1270.375,8,0.0,3247,1.07305734082378,16.651282051282053,0
14000,2169,95,1621.8,5,0.0,753,1.048473913862876,7.926315789473684,0
14000,2170,145,1492.142857142857,7,0.0,1879,1.1230540016352382,12.958620689655172,0
14000,2175,187,1521.4444444444443,9,0.0,3174,1.1406005413359264,16.97326203208556,0
14000,2198,156,1625.857142857143,7,0.0,2254,1.1638970810636742,14.448717948717949,0
14000,2234,104,1217.0,6,0.0,919,1.0677232428435723,8.836538461538462,0
14000,2270,177,1208.5714285714287,7,0.0,2558,1.0260390064008031,14.451977401129943,0
14000,2278,86,1369.4,5,0.0,611,1.0381358092716948,7.104651162790698,0
14000,2281,285,1244.4285714285713,7,0.0,2487,0.38476532739810726,8.726315789473684,0
14000,2320,84,1600.6,5,0.0,669,1.191454356718578,7.964285714285714,0
14000,2335,76,2001.8,5,0.0,543,1.1813606723679069,7.144736842105263,0
14000,2380,132,1898.1666666666667,6,0.0,1509,1.0883065459749766,11.431818181818182,0
14000,2389,31,1196.4,5,0.0,97,1.2684057748104471,3.129032258064516,0
14000,2403,149,1892.0,6,0.0,2186,1.2373355327683055,14.671140939597315,0
14000,2419,86,1392.4,5,0.0,628,1.0670201116573228,7.3023255813953485,0
14000,2439,229,970.7,10,0.0,4289,1.027767654411367,18.729257641921397,0
14000,2495,90,1439.1666666666667,6,0.0,735,1.1402817779696286,8.166666666666666,0
14000,2521,97,1519.3333333333333,6,0.0,840,1.1218781290319593,8.65979381443299,0
14000,2529,44,1456.4,5,0.0,201,1.3046696763874968,4.568181818181818,0
14000,2576,244,1594.1666666666667,6,0.0,2207,0.4658354599887579,9.045081967213115,0
14000,2585,128,1367.142857142857,7,0.0,1628,1.248660361338912,12.71875,0
14000,2602,283,1194.625,8,0.0,2378,0.3731202702112164,8.402826855123674,0
14000,2623,128,1845.1666666666667,6,0.0,1521,1.16659238918703,11.8828125,0
14000,2658,99,1254.8333333333333,6,0.0,885,1.1347044172745504,8.93939393939394,0
14000,2719,81,1284.4,5,0.0,565,1.0821520190691865,6.9753086419753085,0
14000,2729,130,1500.5,6,0.0,1498,1.1138711941011858,11.523076923076923,0
14000,2744,166,1104.5,8,0.0,2384,1.0871762064389703,14.36144578313253,0
14000,2750,153,1031.25,8,0.0,2135,1.146106252366903,13.954248366013072,0
14000,2754,153,1425.6666666666667,6,0.0,1553,0.8336782247896021,10.15032679738562,0
14000,2797,233,1183.7777777777778,9,0.0,2580,0.5971971520021858,11.072961373390559,0
14000,2804,83,1206.6,5,0.0,710,1.2951260177376995,8.55421686746988,0
14000,2806,94,1805.6,5,0.0,817,1.1619199628713721,8.691489361702128,0
14000,2807,87,1696.8,5,0.0,594,0.9861836629580326,6.827586206896552,0
14000,2809,76,1384.0,5,0.0,559,1.2161705632664088,7.355263157894737,0
14000,2837,123,1296.6666666666667,6,0.0,1328,1.1030563934079571,10.796747967479675,0
14000,2873,187,1400.875,8,0.0,2928,1.0521986090206656,15.657754010695188,0
14000,2907,151,975.4285714285714,7,0.0,1996,1.1000603371019213,13.218543046357615,0
14000,2953,186,1755.2857142857142,7,0.0,3202,1.1630685254705189,17.21505376344086,0
14000,2970,146,1275.7142857142858,7,0.0,1778,1.0481800972194881,12.178082191780822,0
14000,3006,153,1536.25,8,0.0,1938,1.0403531227574043,12.666666666666666,0
14000,3050,119,1759.0,5,0.0,1176,1.0435740302582013,9.882352941176471,0
14000,3071,31,1615.2,5,0.0,47,0.6145883651143405,1.5161290322580645,0
14000,3080,64,2103.8,5,0.0,387,1.1873011298234863,6.046875,0
14000,3099,123,1295.8333333333333,6,0.0,1296,1.0764767212776447,10.536585365853659,0
14000,3100,132,1111.2857142857142,7,0.0,1460,1.052967234674265,11.06060606060606,0
14000,3129,284,1112.125,8,0.0,2396,0.3733017257489161,8.43661971830986,0
14000,3131,127,1129.142857142857,7,0.0,1445,1.1258233949872283,11.377952755905511,0
14000,3137,165,1330.75,8,0.0,2275,1.0500823929354313,13.787878787878787,0
14000,3150,143,1321.142857142857,7,0.0,1717,1.0551351334957553,12.006993006993007,0
14000,3183,116,1482.5,6,0.0,1143,1.0674317488267342,9.85344827586207,0
14000,3188,106,1035.1666666666667,6,0.0,1034,1.1564281964442316,9.754716981132075,0
14000,3208,28,1878.25,4,0.0,93,1.490653657060463,3.3214285714285716,0
14000,3218,125,2114.0,6,0.0,1435,1.1540954772227465,11.48,0
14000,3234,42,1870.25,4,0.0,144,1.0258261726007487,3.4285714285714284,0
14000,3236,76,897.0,5,0.0,540,1.1748338178244377,7.105263157894737,0
14000,3249,55,982.4,5,0.0,287,1.1922473938251512,5.218181818181818,0
14000,3254,81,1527.2,5,0.0,626,1.1989861308624967,7.728395061728395,0
14000,3263,112,1740.2,5,0.0,1017,1.0188136889989858,9.080357142857142,0
14000,3309,144,903.125,8,0.0,1736,1.052045688007693,12.055555555555555,0
14000,3311,90,1109.5,6,0.0,715,1.1092537023786184,7.944444444444445,0
14000,3323,144,972.1428571428571,7,0.0,1654,1.0023522856939655,11.48611111111111,0
14000,3350,201,1120.1666666666667,6,0.0,1267,0.39408904651847904,6.303482587064677,0
14000,3422,169,1400.3333333333333,6,0.0,983,0.4325038448904123,5.816568047337278,0
14000,3454,103,1626.4,5,0.0,907,1.0743423647114496,8.805825242718447,0
14000,3469,146,957.4285714285714,7,0.0,1772,1.0446429315370827,12.136986301369863,0
14000,3478,110,1363.8333333333333,6,0.0,1163,1.2078255392148527,10.572727272727272,0
14000,3498,109,1297.0,6,0.0,928,0.9815328617225244,8.513761467889909,0
14000,3509,69,1539.2,5,0.0,492,1.2986041466634557,7.130434782608695,0
14000,3524,59,1335.8,5,0.0,303,1.0938265717181352,5.135593220338983,0
14000,3532,141,1420.25,8,0.0,1749,1.1055068761387352,12.404255319148936,0
14000,3605,161,1558.3333333333333,6,0.0,1286,0.6234463411930827,7.987577639751553,0
14000,3614,143,837.1428571428571,7,0.0,1764,1.0840176910230124,12.335664335664335,0
14000,3618,82,1344.6,5,0.0,673,1.2577583913539148,8.207317073170731,0
14000,3619,192,1351.7142857142858,7,0.0,1887,0.6432492770533789,9.828125,0
14000,3635,141,1392.2857142857142,7,0.0,1983,1.2534134564797665,14.063829787234043,0
14000,3639,128,860.5714285714286,7,0.0,1194,0.9157865303677277,9.328125,0
14000,3655,124,1535.6666666666667,6,0.0,1285,1.0501942143243714,10.362903225806452,0
14000,3663,111,1381.8333333333333,6,0.0,1121,1.1433245238776588,10.0990990990991,0
14000,3684,32,1101.4,5,0.0,98,1.2026409377023426,3.0625,0
14000,3692,89,1310.4,5,0.0,728,1.1549448058645977,8.179775280898877,0
14000,3727,50,1330.8,5,0.0,223,1.1209202588008382,4.46,0
14000,3792,154,999.25,8,0.0,2017,1.0687455527560485,13.097402597402597,0
14000,3805,26,1149.0,4,0.0,65,1.208304866765305,2.5,0
14000,3817,66,1103.8,5,0.0,399,1.1510518537946073,6.045454545454546,0
14000,3839,132,964.4,5,0.0,540,0.3894536347425363,4.090909090909091,0
14000,3858,114,1661.8,5,0.0,511,0.494107062475957,4.482456140350878,0
14000,3963,45,2235.0,4,0.0,211,1.3093847899406348,4.688888888888889,0
14000,3975,95,1661.3333333333333,6,0.0,871,1.2127765989038048,9.16842105263158,0
14000,3978,103,1193.0,6,0.0,1008,1.193976961002361,9.78640776699029,0
14000,3992,227,1492.7142857142858,7,0.0,1677,0.4089697746954207,7.387665198237886,0
14000,4015,108,1283.1666666666667,6,0.0,1008,1.0859826456853607,9.333333333333334,0
14000,4042,175,1717.25,8,0.0,2543,1.0434703827694816,14.531428571428572,0
14000,4105,115,1239.5,6,0.0,738,0.7012462391982661,6.417391304347826,0
14000,4157,111,1151.8333333333333,6,0.0,552,0.5629929858880175,4.972972972972973,0
14000,4158,14,2169.0,4,0.0,18,1.1540544441758425,1.2857142857142858,0
14000,4242,73,1152.2,5,0.0,429,1.011629385167965,5.876712328767123,0
14000,4253,117,1088.8333333333333,6,0.0,1199,1.100670492118975,10.247863247863247,0
14000,4302,106,1191.0,6,0.0,1016,1.136296951245009,9.584905660377359,0
14000,4329,165,891.375,8,0.0,2608,1.2037867607804855,15.806060606060607,0
14000,4332,73,1305.8,5,0.0,490,1.1554741229191208,6.712328767123288,0
14000,4352,299,1322.875,8,0.0,3042,0.42758917024284515,10.173913043478262,0
14000,4362,156,1546.7142857142858,7,0.0,2075,1.07146692245214,13.301282051282051,0
14000,4399,99,1210.3333333333333,6,0.0,770,0.9872569506230552,7.777777777777778,0
14000,4405,161,1387.7142857142858,7,0.0,2190,1.061701000943119,13.602484472049689,0
14000,4457,33,1427.75,4,0.0,89,1.0270036590247626,2.696969696969697,0
14000,4477,290,1314.7142857142858,7,0.0,1582,0.2363852355756981,5.455172413793103,0
14000,4490,235,1414.7142857142858,7,0.0,1769,0.4025334471127456,7.527659574468085,0
14000,4492,34,1809.5,4,0.0,109,1.1848913468556659,3.2058823529411766,0
14000,4501,148,1167.875,8,0.0,2020,1.1588782250276446,13.64864864864865,0
14000,4522,57,1474.4,5,0.0,295,1.1409908683397834,5.175438596491228,0
14000,4539,136,2139.8,5,0.0,1431,0.9722359617835195,10.522058823529411,0
14000,4545,116,1990.2,5,0.0,1341,1.2523411856313653,11.560344827586206,0
14000,4591,135,1070.3333333333333,6,0.0,1424,0.9818662142577483,10.548148148148147,0
14000,4596,190,939.6,10,0.0,3090,1.0756256287637076,16.263157894736842,0
14000,4611,122,1320.6666666666667,6,0.0,1229,1.0376289629835678,10.073770491803279,0
14000,4647,102,980.0,6,0.0,941,1.136577734343712,9.22549019607843,0
14000,4663,161,1451.2857142857142,7,0.0,2158,1.0461875616599319,13.403726708074535,0
14000,4681,120,1604.5714285714287,7,0.0,1265,1.1039207518864134,10.541666666666666,0
14000,4703,135,1902.3333333333333,6,0.0,1701,1.1728612573401893,12.6,0
14000,4731,88,1963.0,5,0.0,625,1.0142021738086884,7.1022727272727275,0
14000,4773,160,1457.4285714285713,7,0.0,2350,1.153553552490002,14.6875,0
14000,4777,139,1970.6666666666667,6,0.0,1680,1.0926713230227945,12.086330935251798,0
14000,4779,53,1465.6,5,0.0,252,1.1273497311564655,4.754716981132075,0
14000,4781,66,1187.5,4,0.0,393,1.1337428033616057,5.954545454545454,0
14000,4791,50,1425.8,5,0.0,237,1.1912919342412496,4.74,0
14000,4792,139,1738.6666666666667,6,0.0,1728,1.1238905036805884,12.431654676258994,0
14000,4795,91,589.8333333333334,6,0.0,749,1.1366032592869244,8.23076923076923,0
14000,4809,204,1101.2222222222222,9,0.0,3305,0.9979780584500448,16.20098039215686,0
14000,4843,158,1713.5714285714287,7,0.0,2282,1.1487124556147905,14.443037974683545,0
14000,4851,53,1406.0,5,0.0,245,1.0960344608465638,4.622641509433962,0
14000,4858,138,1120.7142857142858,7,0.0,1600,1.0557757289946794,11.594202898550725,0
14000,4875,76,1229.0,5,0.0,504,1.0965115633028086,6.631578947368421,0
14000,4904,128,1829.6666666666667,6,0.0,1652,1.2670681307935396,12.90625,0
14000,4920,127,1257.0,6,0.0,1492,1.1624418721944252,11.748031496062993,0
14000,4925,59,1023.4,5,0.0,329,1.1876862775421337,5.576271186440678,0
14000,4943,173,1138.8333333333333,6,0.0,905,0.37998481091901,5.23121387283237,0
14000,4977,113,1356.0,6,0.0,1085,1.0677822943519228,9.601769911504425,0
14000,4983,111,1109.0,5,0.0,909,0.9271025800221158,8.18918918918919,0
14000,4992,98,1660.8333333333333,6,0.0,921,1.2050840624557266,9.39795918367347,0
16000,45,167,1569.5714285714287,7,0.0,2415,1.0881632555372154,14.461077844311378,0
16000,138,84,1215.8,5,0.0,644,1.1469306513105593,7.666666666666667,0
16000,162,178,1084.4285714285713,7,0.0,2058,0.8162350310677684,11.561797752808989,0
16000,165,118,1640.3333333333333,6,0.0,1207,1.0893140858612125,10.228813559322035,0
16000,196,65,1103.6,5,0.0,376,1.1183326274553962,5.7846153846153845,0
16000,224,98,1543.5,6,0.0,908,1.1880741896957652,9.26530612244898,0
16000,262,142,1642.5,6,0.0,1685,1.0501058562386039,11.866197183098592,0
16000,277,160,1674.8333333333333,6,0.0,2324,1.1407908323347937,14.525,0
16000,308,115,1586.6,5,0.0,1112,1.0566203495778752,9.669565217391304,0
16000,336,121,1764.5,6,0.0,1293,1.1097819277622027,10.685950413223141,0
16000,349,77,2068.5,4,0.0,596,1.2632074356819138,7.740259740259741,0
16000,370,144,1158.0,7,0.0,1714,1.0387133117771807,11.902777777777779,0
16000,374,118,2126.0,6,0.0,1299,1.1723438256285956,11.008474576271187,0
16000,395,102,1908.1666666666667,6,0.0,828,1.0000917789974426,8.117647058823529,0
16000,432,87,1971.8,5,0.0,619,1.0276897093788253,7.114942528735632,0
16000,491,75,1120.4,5,0.0,515,1.1505210429146622,6.866666666666666,0
16000,504,124,1591.0,6,0.0,1392,1.1376422928712258,11.225806451612904,0
16000,547,32,2135.75,4,0.0,88,1.0799224746714913,2.75,0
16000,552,154,1297.1666666666667,6,0.0,2091,1.1079558506757055,13.577922077922079,0
16000,563,194,1487.888888888889,9,0.0,3504,1.1699586202761862,18.061855670103093,0
16000,582,81,2259.8,5,0.0,643,1.2315464570999768,7.938271604938271,0
16000,662,26,1915.75,4,0.0,77,1.431376534475823,2.9615384615384617,0
16000,717,203,1454.625,8,0.0,3634,1.1081606157048516,17.901477832512317,0
16000,775,174,1630.625,8,0.0,2662,1.1048909557214994,15.298850574712644,0
16000,877,133,1463.5,6,0.0,1671,1.187088320232584,12.563909774436091,0
16000,897,26,1578.0,4,0.0,62,1.1525369498376756,2.3846153846153846,0
16000,903,317,1134.125,8,0.0,3086,0.385911091919637,9.735015772870662,0
16000,943,33,2581.0,4,0.0,102,1.1770154294441098,3.090909090909091,0
16000,962,65,1644.4,5,0.0,404,1.2016127167339896,6.2153846153846155,0
16000,969,212,1450.125,8,0.0,3794,1.060804781747924,17.89622641509434,0
16000,973,49,1816.25,4,0.0,222,1.16190515468044,4.530612244897959,0
16000,1129,76,1400.2,5,0.0,530,1.1530776360128743,6.973684210526316,0
16000,1133,85,2029.2,5,0.0,580,1.0087882292495944,6.823529411764706,0
16000,1219,72,1539.4,5,0.0,493,1.1950657239350062,6.847222222222222,0
16000,1245,147,1016.0,7,0.0,1884,1.0956102659749494,12.816326530612244,0
16000,1266,223,1471.142857142857,7,0.0,1995,0.5041305752306813,8.946188340807176,0
16000,1268,134,2288.4,5,0.0,1404,0.982578767128552,10.477611940298507,0
16000,1277,89,2244.4,5,0.0,796,1.262824265753049,8.9438202247191,0
16000,1304,150,890.375,8,0.0,1850,1.033234917180643,12.333333333333334,0
16000,1339,133,1720.5,6,0.0,1542,1.0954459543977526,11.593984962406015,0
16000,1371,90,2153.8,5,0.0,684,1.0611601852125523,7.6,0
16000,1407,105,1344.6666666666667,6,0.0,1037,1.1819797122077518,9.876190476190477,0
16000,1429,88,2464.25,4,0.0,680,1.103451965103853,7.7272727272727275,0
16000,1545,39,1477.8,5,0.0,138,1.1401440794093134,3.5384615384615383,0
16000,1582,164,1579.6666666666667,6,0.0,829,0.38732604250831926,5.054878048780488,0
16000,1616,137,1071.2857142857142,7,0.0,1710,1.1448928419497142,12.481751824817518,0
16000,1622,82,1662.4,5,0.0,624,1.1661831147174484,7.609756097560975,0
16000,1711,132,1946.0,6,0.0,1512,1.090470177279102,11.454545454545455,0
16000,1733,230,1538.8333333333333,6,0.0,2081,0.4943405907085338,9.047826086956523,0
16000,1803,128,1139.7142857142858,7,0.0,1452,1.1136700520049756,11.34375,0
16000,1806,47,1298.6,5,0.0,204,1.1604977842142468,4.340425531914893,0
16000,1839,147,1607.0,6,0.0,1786,1.0386199230526856,12.149659863945578,0
16000,1842,116,1410.8333333333333,6,0.0,1205,1.1253326835837398,10.387931034482758,0
16000,1904,93,1504.2,5,0.0,680,0.9879907524296725,7.311827956989247,0
16000,1952,143,1290.0,7,0.0,1817,1.1165873835537492,12.706293706293707,0
16000,1972,156,1683.5714285714287,7,0.0,2139,1.1045145769277724,13.711538461538462,0
16000,2010,147,1804.0,6,0.0,1679,0.9763957731273567,11.421768707482993,0
16000,2076,23,2348.0,4,0.0,57,1.3540323724356764,2.4782608695652173,0
16000,2084,118,1511.4,5,0.0,1096,0.9891368998375218,9.288135593220339,0
16000,2087,98,1969.5,4,0.0,746,0.9761050060716309,7.612244897959184,0
16000,2090,187,2167.4,5,0.0,1205,0.4330257253654037,6.44385026737968,0
16000,2119,171,1025.375,8,0.0,2437,1.0473049891314696,14.251461988304094,0
16000,2142,137,2692.4,5,0.0,1600,1.0712447643973935,11.678832116788321,0
16000,2147,200,1257.375,8,0.0,3412,1.0719114134048373,17.06,0
16000,2169,87,1679.0,5,0.0,658,1.0924391417952617,7.563218390804598,0
16000,2170,147,1493.7142857142858,7,0.0,1961,1.1403883925567282,13.34013605442177,0
16000,2175,232,1774.888888888889,9,0.0,3595,0.8393300824654657,15.495689655172415,0
16000,2198,162,1611.142857142857,7,0.0,2379,1.1391325899847764,14.685185185185185,0
16000,2234,97,1473.4,5,0.0,808,1.0791399145926466,8.329896907216495,0
16000,2270,178,1232.142857142857,7,0.0,2612,1.0359601074582174,14.674157303370787,0
16000,2278,76,1392.6,5,0.0,509,1.1073896542085904,6.697368421052632,0
16000,2281,275,1487.3333333333333,6,0.0,2460,0.4087705350257661,8.945454545454545,0
16000,2320,78,1617.6,5,0.0,587,1.212435823574759,7.5256410256410255,0
16000,2335,71,2038.6,5,0.0,486,1.211516786069938,6.845070422535211,0
16000,2380,133,1926.6666666666667,6,0.0,1523,1.0819482416003743,11.451127819548873,0
16000,2403,146,2402.0,5,0.0,2061,1.2150164119062794,14.116438356164384,0
16000,2419,81,1438.6,5,0.0,550,1.0534223194478807,6.790123456790123,0
16000,2439,230,1032.6666666666667,9,0.0,4582,1.0884519878070649,19.921739130434784,0
16000,2495,91,1498.8333333333333,6,0.0,769,1.16695314605026,8.45054945054945,0
16000,2521,98,1527.6666666666667,6,0.0,873,1.142278378418946,8.908163265306122,0
16000,2529,30,1521.6,5,0.0,93,1.298524963483781,3.1,0
16000,2576,243,1639.6666666666667,6,0.0,2187,0.46542113386515455,9.0,0
16000,2585,131,2204.6666666666665,6,0.0,1673,1.225076512896853,12.770992366412214,0
16000,2602,282,1666.5714285714287,7,0.0,2488,0.39315338876975026,8.822695035460994,0
16000,2623,126,1868.8333333333333,6,0.0,1513,1.1975887339081273,12.007936507936508,0
16000,2658,101,1284.8333333333333,6,0.0,904,1.1136162175650124,8.950495049504951,0
16000,2719,77,1309.2,5,0.0,498,1.0554988304858943,6.467532467532467,0
16000,2729,130,1518.3333333333333,6,0.0,1497,1.113127621875484,11.515384615384615,0
16000,2744,176,1097.375,8,0.0,2559,1.0381373451105733,14.539772727272727,0
16000,2750,168,1223.3333333333333,9,0.0,2529,1.1260045097687905,15.053571428571429,0
16000,2754,153,1457.0,6,0.0,1544,0.8288468635384066,10.091503267973856,0
16000,2797,253,1547.0,8,0.0,2862,0.561873372467871,11.312252964426877,0
16000,2804,77,1224.4,5,0.0,617,1.307716422509632,8.012987012987013,0
16000,2806,89,1870.6,5,0.0,734,1.164463581737108,8.247191011235955,0
16000,2807,82,1787.2,5,0.0,533,0.9961147438211538,6.5,0
16000,2809,51,1804.0,4,0.0,308,1.4880592653681757,6.03921568627451,0
16000,2837,123,1334.3333333333333,6,0.0,1323,1.0989033196375957,10.75609756097561,0
16000,2873,194,1598.875,8,0.0,3145,1.0500912844659263,16.211340206185568,0
16000,2907,151,947.1428571428571,7,0.0,2068,1.1397418723080026,13.695364238410596,0
16000,2953,185,1813.7142857142858,7,0.0,3240,1.189628657137289,17.513513513513512,0
16000,2970,148,1292.857142857143,7,0.0,1904,1.0923287824022947,12.864864864864865,0
16000,3006,162,1783.4285714285713,7,0.0,2171,1.0395362979642495,13.401234567901234,0
16000,3050,115,1870.2,5,0.0,1096,1.041417179080352,9.530434782608696,0
16000,3080,55,2211.6,5,0.0,299,1.2420974590721958,5.4363636363636365,0
16000,3099,123,1293.1666666666667,6,0.0,1305,1.0839522540642952,10.609756097560975,0
16000,3100,133,1100.7142857142858,7,0.0,1539,1.0933147365876401,11.571428571428571,0
16000,3129,300,1174.2222222222222,9,0.0,2637,0.36819465900072373,8.79,0
16000,3131,129,1142.2857142857142,7,0.0,1524,1.1508412244626751,11.813953488372093,0
16000,3137,168,1338.25,8,0.0,2488,1.107749790551503,14.80952380952381,0
16000,3150,147,1470.5714285714287,7,0.0,1857,1.0799088449657541,12.63265306122449,0
16000,3183,105,1836.4,5,0.0,1038,1.183119519066197,9.885714285714286,0
16000,3188,117,1318.2857142857142,7,0.0,1241,1.1392260890072126,10.606837606837606,0
16000,3218,129,2176.0,6,0.0,1423,1.0745715632614088,11.031007751937985,0
16000,3236,81,1141.5,6,0.0,625,1.1970708175544098,7.716049382716049,0
16000,3249,46,973.6,5,0.0,198,1.1758702181678244,4.304347826086956,0
16000,3254,74,1560.6,5,0.0,533,1.223132859286603,7.202702702702703,0
16000,3263,111,1846.4,5,0.0,965,0.9842178104745233,8.693693693693694,0
16000,3309,142,1024.7142857142858,7,0.0,1784,1.1118034703440172,12.56338028169014,0
16000,3311,89,1410.5,6,0.0,751,1.1914334467092207,8.438202247191011,0
16000,3323,143,1348.1666666666667,6,0.0,1670,1.0262525759684982,11.678321678321678,0
16000,3350,196,1137.6666666666667,6,0.0,1247,0.4079098333013819,6.362244897959184,0
16000,3422,169,1403.1666666666667,6,0.0,1003,0.4413035162004919,5.93491124260355,0
16000,3454,90,2122.0,4,0.0,694,1.0766742230080575,7.711111111111111,0
16000,3469,154,1131.625,8,0.0,1925,1.019997614801881,12.5,0
16000,3478,108,1406.6666666666667,6,0.0,1150,1.238968296168814,10.648148148148149,0
16000,3498,112,1307.0,6,0.0,942,0.9436799361229545,8.410714285714286,0
16000,3509,54,2025.25,4,0.0,326,1.4048823114818552,6.037037037037037,0
16000,3524,44,1763.0,4,0.0,164,1.0645066016295992,3.727272727272727,0
16000,3532,145,1411.5,8,0.0,1946,1.163099035222019,13.420689655172414,0
16000,3605,151,1928.2,5,0.0,1231,0.6784440255373072,8.152317880794701,0
16000,3614,152,1131.4285714285713,7,0.0,1950,1.0606138633137288,12.828947368421053,0
16000,3618,76,1390.6,5,0.0,572,1.2444535996214416,7.526315789473684,0
16000,3619,199,1412.5714285714287,7,0.0,2027,0.643216919656222,10.185929648241206,0
16000,3635,147,1790.7142857142858,7,0.0,2088,1.2142432247110904,14.204081632653061,0
16000,3639,125,1022.0,6,0.0,1201,0.9659015109021034,9.608,0
16000,3655,135,2038.8333333333333,6,0.0,1390,0.9584227793667627,10.296296296296296,0
16000,3663,116,1782.8333333333333,6,0.0,1191,1.1122582789611901,10.267241379310345,0
16000,3692,82,1299.4,5,0.0,626,1.1699208811107735,7.634146341463414,0
16000,3792,161,966.7777777777778,9,0.0,2272,1.1014541891062861,14.111801242236025,0
16000,3817,34,1470.25,4,0.0,125,1.3588203518986994,3.676470588235294,0
16000,3839,119,978.6,5,0.0,448,0.39755201152693376,3.764705882352941,0
16000,3858,104,1767.2,5,0.0,448,0.5205005579912083,4.3076923076923075,0
16000,3975,98,1717.8333333333333,6,0.0,906,1.1854572861942327,9.244897959183673,0
16000,3978,104,1205.6666666666667,6,0.0,1018,1.1827445715068081,9.788461538461538,0
16000,3992,232,1505.7142857142858,7,0.0,1761,0.4111433310769638,7.5905172413793105,0
16000,4015,110,1299.6666666666667,6,0.0,1027,1.0665836876815595,9.336363636363636,0
16000,4042,180,1734.75,8,0.0,2732,1.059608781433002,15.177777777777777,0
16000,4105,114,1223.6666666666667,6,0.0,750,0.7252060603854554,6.578947368421052,0
16000,4157,124,1479.6666666666667,6,0.0,635,0.5189675689462847,5.120967741935484,0
16000,4242,53,1541.0,4,0.0,232,1.0378775302710317,4.377358490566038,0
16000,4253,120,1423.6666666666667,6,0.0,1254,1.0943214410004447,10.45,0
16000,4302,102,1435.2,5,0.0,962,1.1619423809124878,9.431372549019608,0
16000,4329,172,966.375,8,0.0,2843,1.2076187012108954,16.52906976744186,0
16000,4332,66,1344.4,5,0.0,417,1.2029790050936122,6.318181818181818,0
16000,4352,305,1325.75,8,0.0,3210,0.43362590348930874,10.524590163934427,0
16000,4362,164,1692.2857142857142,7,0.0,2195,1.0255496541685896,13.384146341463415,0
16000,4399,96,1222.5,6,0.0,765,1.043106935762236,7.96875,0
16000,4405,162,1379.4285714285713,7,0.0,2258,1.081194362415143,13.938271604938272,0
16000,4477,308,1469.0,7,0.0,1759,0.23300984473201408,5.711038961038961,0
16000,4490,244,1939.142857142857,7,0.0,1884,0.3976592689709198,7.721311475409836,0
16000,4501,153,1381.0,7,0.0,2060,1.1058449086069417,13.4640522875817,0
16000,4522,50,1488.4,5,0.0,204,1.0254158421317086,4.08,0
16000,4539,133,2258.8,5,0.0,1363,0.9682832917277151,10.24812030075188,0
16000,4545,109,2123.8,5,0.0,1220,1.290377253557629,11.192660550458715,0
16000,4591,134,1345.1666666666667,6,0.0,1446,1.011972149051201,10.791044776119403,0
16000,4596,187,1189.0,8,0.0,3218,1.1564122690671113,17.20855614973262,0
16000,4611,124,1743.0,6,0.0,1227,1.0027924521214038,9.89516129032258,0
16000,4647,105,1140.7142857142858,7,0.0,1031,1.17514087105708,9.81904761904762,0
16000,4663,166,1660.7142857142858,7,0.0,2245,1.0237879964158927,13.524096385542169,0
16000,4681,122,1633.0,7,0.0,1370,1.1566734575162634,11.229508196721312,0
16000,4703,136,1978.5,6,0.0,1699,1.1543178889379453,12.492647058823529,0
16000,4731,80,2041.4,5,0.0,565,1.1093749057988957,7.0625,0
16000,4773,162,1481.5714285714287,7,0.0,2426,1.1616375213547994,14.975308641975309,0
16000,4777,143,1972.5,6,0.0,1694,1.0410011159824166,11.846153846153847,0
16000,4779,16,1927.5,4,0.0,30,1.4726215563702154,1.875,0
16000,4781,38,1263.25,4,0.0,138,1.2009412359983143,3.6315789473684212,0
16000,4791,38,1423.4,5,0.0,135,1.1748338178244377,3.5526315789473686,0
16000,4792,139,1848.6666666666667,6,0.0,1740,1.131695298845037,12.517985611510792,0
16000,4795,101,1204.4285714285713,7,0.0,905,1.1148480939118763,8.96039603960396,0
16000,4809,217,1330.25,8,0.0,3607,0.9625793456219826,16.622119815668203,0
16000,4843,161,1729.7142857142858,7,0.0,2373,1.1504184818438454,14.73913043478261,0
16000,4851,21,1801.75,4,0.0,42,1.1967972013675403,2.0,0
16000,4858,152,1293.875,8,0.0,1855,1.008942931511265,12.203947368421053,0
16000,4875,63,1407.25,4,0.0,360,1.1398068584452765,5.714285714285714,0
16000,4904,131,1836.1666666666667,6,0.0,1701,1.2455798854976372,12.98473282442748,0
16000,4920,121,1530.2,5,0.0,1435,1.2316605308111068,11.859504132231406,0
16000,4925,51,1652.0,5,0.0,238,1.1498639777844994,4.666666666666667,0
16000,4943,188,2041.6666666666667,6,0.0,979,0.3480782263314178,5.207446808510638,0
16000,4977,109,1668.4,5,0.0,1024,1.083070743969682,9.394495412844037,0
16000,4983,92,1508.0,4,0.0,648,0.9620756330464016,7.043478260869565,0
16000,4992,97,1659.8333333333333,6,0.0,907,1.2113612655142703,9.350515463917526,0
18000,45,168,1586.5714285714287,7,0.0,2463,1.0966188641994983,14.660714285714286,0
18000,138,77,1226.8,5,0.0,549,1.1635920842103533,7.12987012987013,0
18000,162,172,1088.7142857142858,7,0.0,2102,0.8928647590380943,12.220930232558139,0
18000,165,119,1656.0,6,0.0,1218,1.0808445313388513,10.235294117647058,0
18000,196,60,1102.6,5,0.0,295,1.0297442586766545,4.916666666666667,0
18000,224,98,1550.0,6,0.0,920,1.2037756107049604,9.387755102040817,0
18000,262,137,2019.4,5,0.0,1577,1.0558456209091809,11.510948905109489,0
18000,277,159,1706.5,6,0.0,2284,1.135302815679615,14.364779874213836,0
18000,308,118,2061.5,6,0.0,1094,0.9873319054947526,9.271186440677965,0
18000,336,122,2118.4,5,0.0,1286,1.0857533331138065,10.540983606557377,0
18000,349,63,2153.75,4,0.0,414,1.310777887212068,6.571428571428571,0
18000,370,149,1153.857142857143,7,0.0,1840,1.0414901099239169,12.348993288590604,0
18000,374,120,2213.6666666666665,6,0.0,1305,1.1388273369263,10.875,0
18000,395,102,2331.2,5,0.0,831,1.0037152999358392,8.147058823529411,0
18000,432,84,2007.6,5,0.0,578,1.0293880690333903,6.880952380952381,0
18000,491,70,1145.4,5,0.0,448,1.1489253133128385,6.4,0
18000,504,124,1621.6666666666667,6,0.0,1405,1.1482668257787876,11.330645161290322,0
18000,552,156,1492.5,6,0.0,2083,1.0755978792615941,13.352564102564102,0
18000,563,207,1804.0,9,0.0,3905,1.1452233949233954,18.864734299516908,0
18000,582,74,2303.8,5,0.0,554,1.271323834980822,7.486486486486487,0
18000,717,208,1767.125,8,0.0,3765,1.093573996002734,18.10096153846154,0
18000,775,184,1997.0,8,0.0,2879,1.0686017544523883,15.646739130434783,0
18000,877,132,1450.3333333333333,6,0.0,1659,1.1964881111812367,12.568181818181818,0
18000,903,337,1350.5555555555557,9,0.0,3381,0.3741064819373981,10.032640949554896,0
18000,962,60,1634.8,5,0.0,331,1.1554079648202462,5.516666666666667,0
18000,969,213,1459.75,8,0.0,3898,1.079673624165665,18.300469483568076,0
18000,1129,62,1862.0,4,0.0,351,1.1474495540166674,5.661290322580645,0
18000,1133,71,2615.0,4,0.0,431,1.0744109769467969,6.070422535211268,0
18000,1219,68,1565.2,5,0.0,429,1.165867861929084,6.3088235294117645,0
18000,1245,150,987.1428571428571,7,0.0,1943,1.0851759157199943,12.953333333333333,0
18000,1266,227,1471.2857142857142,7,0.0,2048,0.49944549706393654,9.022026431718063,0
18000,1268,131,2362.8,5,0.0,1352,0.9900199912950062,10.320610687022901,0
18000,1277,74,3014.25,4,0.0,598,1.3722954031020427,8.08108108108108,0
18000,1304,158,1094.0,8,0.0,2089,1.0515601751881234,13.221518987341772,0
18000,1339,132,1766.8333333333333,6,0.0,1543,1.112827700755062,11.68939393939394,0
18000,1371,85,2200.4,5,0.0,622,1.0818384113676685,7.317647058823529,0
18000,1407,114,1711.857142857143,7,0.0,1202,1.1622635794444234,10.543859649122806,0
18000,1429,74,2576.75,4,0.0,500,1.1474041831956876,6.756756756756757,0
18000,1582,162,1693.7142857142858,7,0.0,894,0.4280725243574569,5.518518518518518,0
18000,1616,138,1057.7142857142858,7,0.0,1752,1.1560744232491742,12.695652173913043,0
18000,1622,79,1765.0,5,0.0,580,1.167840883885326,7.341772151898734,0
18000,1711,133,1947.8333333333333,6,0.0,1520,1.079817023790262,11.428571428571429,0
18000,1733,228,1586.5,6,0.0,2069,0.5001504463125024,9.074561403508772,0
18000,1803,133,1414.857142857143,7,0.0,1551,1.1018396078280897,11.661654135338345,0
18000,1806,26,1401.0,4,0.0,66,1.2268941724078481,2.5384615384615383,0
18000,1839,150,1604.6666666666667,6,0.0,1800,1.0053096491487339,12.0,0
18000,1842,118,1396.6666666666667,6,0.0,1240,1.1190964925169042,10.508474576271187,0
18000,1904,90,1528.0,5,0.0,622,0.9649731508804203,6.911111111111111,0
18000,1952,149,1423.0,8,0.0,1911,1.0816780435133724,12.825503355704697,0
18000,1972,156,1665.0,7,0.0,2243,1.1582170154506748,14.378205128205128,0
18000,2010,151,2015.5,6,0.0,1757,0.9683396855150681,11.635761589403973,0
18000,2084,112,1534.0,5,0.0,998,0.9997798049370579,8.910714285714286,0
18000,2087,81,2169.5,4,0.0,538,1.0304385597508359,6.6419753086419755,0
18000,2090,176,2277.2,5,0.0,1141,0.4628818721262854,6.482954545454546,0
18000,2119,178,1141.625,8,0.0,2635,1.0450822676693732,14.803370786516854,0
18000,2142,135,2796.4,5,0.0,1545,1.0652972619580203,11.444444444444445,0
18000,2147,205,1243.75,8,0.0,3554,1.062721740950208,17.336585365853658,0
18000,2169,83,1739.6,5,0.0,583,1.0634626314663083,7.024096385542169,0
18000,2170,147,1484.857142857143,7,0.0,2025,1.177606575689635,13.775510204081632,0
18000,2175,245,2029.0,8,0.0,3767,0.7886300392218409,15.375510204081632,0
18000,2198,172,2128.4285714285716,7,0.0,2550,1.0831613394610564,14.825581395348838,0
18000,2234,91,1471.0,5,0.0,722,1.095630912156421,7.934065934065934,0
18000,2270,179,1260.142857142857,7,0.0,2678,1.050302440786925,14.960893854748603,0
18000,2278,67,1399.4,5,0.0,424,1.1869327557336353,6.3283582089552235,0
18000,2281,271,1667.6666666666667,6,0.0,2446,0.41853110010379124,9.025830258302584,0
18000,2320,73,1631.4,5,0.0,515,1.2144268842925454,7.054794520547945,0
18000,2335,69,2080.0,5,0.0,437,1.1534349839266873,6.333333333333333,0
18000,2380,135,1945.0,6,0.0,1531,1.0556440828852616,11.34074074074074,0
18000,2403,143,2550.0,5,0.0,1965,1.20753671363958,13.741258741258742,0
18000,2419,79,2112.6,5,0.0,503,1.0127999389557225,6.367088607594937,0
18000,2439,244,1511.2222222222222,9,0.0,4917,1.0378400347823846,20.151639344262296,0
18000,2495,87,1880.8,5,0.0,714,1.185412685777837,8.206896551724139,0
18000,2521,97,1536.6666666666667,6,0.0,895,1.195334435099528,9.22680412371134,0
18000,2576,242,1678.3333333333333,6,0.0,2181,0.467988086707147,9.012396694214877,0
18000,2585,133,2261.5,6,0.0,1650,1.1721697955617976,12.406015037593985,0
18000,2602,282,1672.857142857143,7,0.0,2531,0.3999482423537934,8.97517730496454,0
18000,2623,127,1864.8333333333333,6,0.0,1517,1.1819197856025088,11.94488188976378,0
18000,2658,103,1645.5,6,0.0,940,1.1134308961728365,9.12621359223301,0
18000,2719,65,1676.75,4,0.0,341,1.0142325158571543,5.246153846153846,0
18000,2729,133,2145.5,6,0.0,1556,1.1053916375116102,11.699248120300751,0
18000,2744,183,1480.125,8,0.0,2742,1.0289046619658053,14.98360655737705,0
18000,2750,179,1373.0,8,0.0,2809,1.101680192744762,15.692737430167599,0
18000,2754,153,1490.8333333333333,6,0.0,1536,0.8245523202040108,10.03921568627451,0
18000,2797,274,1537.0,8,0.0,3044,0.5095107910665102,11.10948905109489,0
18000,2804,74,1208.0,5,0.0,539,1.2369017094849515,7.283783783783784,0
18000,2806,85,1928.6,5,0.0,657,1.1427135631327303,7.729411764705882,0
18000,2807,77,1877.8,5,0.0,478,1.0131093192214007,6.207792207792208,0
18000,2809,24,1878.75,4,0.0,78,1.7016960206944711,3.25,0
18000,2837,123,1361.5,6,0.0,1332,1.106378852424246,10.829268292682928,0
18000,2873,200,1589.75,8,0.0,3319,1.0426946017264522,16.595,0
18000,2907,157,1064.857142857143,7,0.0,2155,1.098646138745751,13.726114649681529,0
18000,2953,186,1858.7142857142858,7,0.0,3273,1.1888579899640874,17.596774193548388,0
18000,2970,154,1587.7142857142858,7,0.0,2032,1.0766935861181413,13.194805194805195,0
18000,3006,162,2171.3333333333335,6,0.0,2161,1.0347480146940318,13.339506172839506,0
18000,3050,111,1953.4,5,0.0,1033,1.053572018881018,9.306306306306306,0
18000,3080,23,2974.0,4,0.0,57,1.3540323724356764,2.4782608695652173,0
18000,3099,117,1559.0,5,0.0,1237,1.135554127398809,10.572649572649572,0
18000,3100,137,1078.4285714285713,7,0.0,1596,1.0685666524864,11.64963503649635,0
18000,3129,315,1282.875,8,0.0,2989,0.3785425222103257,9.488888888888889,0
18000,3131,130,1146.2857142857142,7,0.0,1584,1.1778184055115344,12.184615384615384,0
18000,3137,170,1338.75,8,0.0,2651,1.1527144809227046,15.594117647058823,0
18000,3150,151,1699.2857142857142,7,0.0,1960,1.0802195694988808,12.980132450331126,0
18000,3183,98,1902.6,5,0.0,918,1.2011587072034278,9.36734693877551,0
18000,3188,123,1309.7142857142858,7,0.0,1361,1.1304666802923415,11.065040650406504,0
18000,3218,129,2224.6666666666665,6,0.0,1435,1.0836333051863118,11.124031007751938,0
18000,3236,84,1129.8333333333333,6,0.0,671,1.1950162531512194,7.988095238095238,0
18000,3249,29,976.0,5,0.0,76,1.135605430072886,2.6206896551724137,0
18000,3254,69,1577.8,5,0.0,455,1.200944891731448,6.594202898550725,0
18000,3263,104,2429.75,4,0.0,853,0.9910423570680819,8.201923076923077,0
18000,3309,143,1819.3333333333333,6,0.0,1828,1.1233471310601284,12.783216783216783,0
18000,3311,88,1441.1666666666667,6,0.0,772,1.2527425250884918,8.772727272727273,0
18000,3323,145,1391.1666666666667,6,0.0,1678,1.002918900874896,11.572413793103449,0
18000,3350,199,1149.5,6,0.0,1248,0.396021073374921,6.271356783919598,0
18000,3422,169,1389.6666666666667,6,0.0,1030,0.4531830724690994,6.094674556213017,0
18000,3454,77,2205.0,4,0.0,513,1.0872909639342647,6.662337662337662,0
18000,3469,161,1079.111111111111,9,0.0,2164,1.0490963315255295,13.440993788819876,0
18000,3478,110,1424.8333333333333,6,0.0,1167,1.2119797113187731,10.60909090909091,0
18000,3498,103,1625.0,5,0.0,851,1.0080103113224297,8.262135922330097,0
18000,3509,25,2148.75,4,0.0,81,1.6286016316209486,3.24,0
18000,3532,153,2019.875,8,0.0,2141,1.1493271598677,13.993464052287582,0
18000,3605,112,2015.6,5,0.0,1109,1.1109777591935843,9.901785714285714,0
18000,3614,158,1474.1666666666667,6,0.0,2055,1.0344452656829073,13.00632911392405,0
18000,3618,55,1833.5,4,0.0,349,1.4498060642682153,6.345454545454546,0
18000,3619,205,1407.0,7,0.0,2094,0.62615062620983,10.214634146341464,0
18000,3635,152,1811.142857142857,7,0.0,2180,1.1857119087302197,14.342105263157896,0
18000,3639,121,1039.0,6,0.0,1198,1.028243425722443,9.900826446280991,0
18000,3655,128,2572.4,5,0.0,1319,1.0116603296105804,10.3046875,0
18000,3663,117,1820.0,6,0.0,1210,1.1107683865420848,10.341880341880342,0
18000,3692,77,1293.8,5,0.0,551,1.1678310353368029,7.1558441558441555,0
18000,3792,175,2024.375,8,0.0,2587,1.0615249234072548,14.782857142857143,0
18000,3839,106,987.8,5,0.0,358,0.40038809896231614,3.3773584905660377,0
18000,3858,82,2314.5,4,0.0,287,0.5363694774421598,3.5,0
18000,3975,81,2715.5,4,0.0,711,1.3617877620498966,8.777777777777779,0
18000,3978,102,1475.4,5,0.0,999,1.206632472486045,9.794117647058824,0
18000,3992,235,1492.142857142857,7,0.0,1829,0.4161863622211485,7.782978723404256,0
18000,4015,114,1557.6,5,0.0,1042,1.0075529532288594,9.140350877192983,0
18000,4042,184,1738.625,8,0.0,2901,1.0767675198563316,15.766304347826088,0
18000,4105,99,1491.8,5,0.0,613,0.7859591048466659,6.191919191919192,0
18000,4157,131,1490.5,6,0.0,681,0.49867131218335736,5.198473282442748,0
18000,4253,122,1472.5,6,0.0,1279,1.079843322746935,10.48360655737705,0
18000,4302,98,1984.6,5,0.0,849,1.1108755364005558,8.66326530612245,0
18000,4329,183,1594.25,8,0.0,3112,1.1677430007431022,17.005464480874316,0
18000,4332,61,1375.0,5,0.0,345,1.165116329468937,5.655737704918033,0
18000,4352,310,1319.75,8,0.0,3352,0.43831919146027,10.812903225806451,0
18000,4362,167,1731.7142857142858,7,0.0,2291,1.032290690863669,13.718562874251496,0
18000,4399,97,1217.5,6,0.0,786,1.0497573921656191,8.103092783505154,0
18000,4405,168,1436.125,8,0.0,2356,1.0489784994129185,14.023809523809524,0
18000,4477,319,1459.857142857143,7,0.0,1863,0.23006012573138174,5.84012539184953,0
18000,4490,250,1954.7142857142858,7,0.0,1989,0.3999121784313663,7.956,0
18000,4501,159,1429.0,7,0.0,2146,1.0667074616674492,13.49685534591195,0
18000,4539,132,2308.0,5,0.0,1318,0.950555352945672,9.984848484848484,0
18000,4545,106,2193.6,5,0.0,1130,1.263794837506752,10.660377358490566,0
18000,4591,132,1350.3333333333333,6,0.0,1459,1.0522460242395566,11.053030303030303,0
18000,4596,187,1201.375,8,0.0,3322,1.1937854437044575,17.764705882352942,0
18000,4611,123,1793.1666666666667,6,0.0,1244,1.0332847540658874,10.113821138211382,0
18000,4647,109,1792.8333333333333,6,0.0,1160,1.2269160771531555,10.642201834862385,0
18000,4663,170,1689.142857142857,7,0.0,2330,1.0131364543756705,13.705882352941176,0
18000,4681,120,1975.5,6,0.0,1384,1.207767842380076,11.533333333333333,0
18000,4703,136,2055.0,6,0.0,1691,1.1488826075303504,12.433823529411764,0
18000,4731,76,2098.0,5,0.0,526,1.1443751632882488,6.921052631578948,0
18000,4773,161,1972.0,6,0.0,2431,1.1785365905446221,15.099378881987578,0
18000,4777,136,2420.0,5,0.0,1612,1.0952092036303516,11.852941176470589,0
18000,4792,138,1914.5,6,0.0,1737,1.1461765257898489,12.58695652173913,0
18000,4795,109,1797.5,6,0.0,1077,1.1391281164603002,9.880733944954128,0
18000,4809,216,1330.875,8,0.0,3738,1.0067964111041363,17.305555555555557,0
18000,4843,168,1868.142857142857,7,0.0,2463,1.0966188641994983,14.660714285714286,0
18000,4858,158,1278.625,8,0.0,2048,1.030921607843598,12.962025316455696,0
18000,4875,27,2015.6666666666667,3,0.0,73,1.2583608434131954,2.7037037037037037,0
18000,4904,133,1835.6666666666667,6,0.0,1726,1.2261606467513104,12.977443609022556,0
18000,4920,118,1563.0,5,0.0,1341,1.210248706826749,11.364406779661017,0
18000,4925,33,2146.25,4,0.0,109,1.2577909981314506,3.303030303030303,0
18000,4943,184,2075.5,6,0.0,1016,0.3771098932002871,5.521739130434782,0
18000,4977,105,1720.2,5,0.0,940,1.07141844693856,8.952380952380953,0
18000,4983,74,1625.0,4,0.0,442,1.014305297944988,5.972972972972973,0
18000,4992,100,1662.5,6,0.0,906,1.1385131776609412,9.06,0
20000,45,168,1592.2857142857142,7,0.0,2518,1.1211069021739086,14.988095238095237,0
20000,138,72,1231.8,5,0.0,466,1.129615876985219,6.472222222222222,0
20000,162,171,1083.142857142857,7,0.0,2160,0.928263757293383,12.631578947368421,0
20000,165,119,1643.3333333333333,6,0.0,1238,1.0985923889963036,10.403361344537815,0
20000,196,49,1102.6,5,0.0,193,1.0101247515915537,3.938775510204082,0
20000,224,99,1555.6666666666667,6,0.0,939,1.203940619006557,9.484848484848484,0
20000,262,133,2064.0,5,0.0,1487,1.056373627879026,11.180451127819548,0
20000,277,159,1689.6666666666667,6,0.0,2276,1.1313262734180403,14.314465408805031,0
20000,308,117,2081.3333333333335,6,0.0,1146,1.0520170008076273,9.794871794871796,0
20000,336,114,2175.2,5,0.0,1155,1.1168173329936015,10.131578947368421,0
20000,349,47,2234.5,4,0.0,236,1.3425366523262854,5.0212765957446805,0
20000,370,158,1139.0,8,0.0,2110,1.0621311487060507,13.354430379746836,0
20000,374,116,2262.3333333333335,6,0.0,1294,1.208448541541377,11.155172413793103,0
20000,395,96,2397.2,5,0.0,748,1.0199267816341864,7.791666666666667,0
20000,432,80,2018.2,5,0.0,529,1.0386890710931254,6.6125,0
20000,491,64,1150.4,5,0.0,382,1.1719613219446299,5.96875,0
20000,504,124,1626.6666666666667,6,0.0,1402,1.1458150104924272,11.306451612903226,0
20000,552,154,1519.3333333333333,6,0.0,2086,1.1053065062216745,13.545454545454545,0
20000,563,216,1769.5555555555557,9,0.0,4187,1.1277304904475705,19.38425925925926,0
20000,582,71,2350.4,5,0.0,484,1.2065311202836422,6.816901408450704,0
20000,717,208,1784.5,8,0.0,3861,1.1214579544665488,18.5625,0
20000,775,189,1991.125,8,0.0,3065,1.078243216399621,16.21693121693122,0
20000,877,131,1444.5,6,0.0,1647,1.2060376669104107,12.572519083969466,0
20000,903,351,1500.25,8,0.0,3572,0.3643401907004891,10.176638176638177,0
20000,962,53,1634.2,5,0.0,261,1.1676122215549105,4.9245283018867925,0
20000,969,215,1474.75,8,0.0,3989,1.0844186561531366,18.553488372093025,0
20000,1129,36,1985.5,4,0.0,128,1.241123023640412,3.5555555555555554,0
20000,1133,54,2710.5,4,0.0,242,1.042888096253402,4.481481481481482,0
20000,1219,63,1601.4,5,0.0,351,1.1113116869841446,5.571428571428571,0
20000,1245,156,960.1428571428571,7,0.0,2028,1.0471975511965976,13.0,0
20000,1266,231,1452.857142857143,7,0.0,2100,0.49454429808576045,9.090909090909092,0
20000,1268,129,2428.4,5,0.0,1303,0.9839541440123791,10.10077519379845,0
20000,1277,60,3173.0,4,0.0,412,1.4381513036433273,6.866666666666666,0
20000,1304,163,1055.375,8,0.0,2293,1.084522858170258,14.067484662576687,0
20000,1339,133,1810.6666666666667,6,0.0,1548,1.0997083900179774,11.639097744360901,0
20000,1371,83,2242.4,5,0.0,583,1.0634626314663083,7.024096385542169,0
20000,1407,119,1670.4285714285713,7,0.0,1345,1.1935434274636738,11.302521008403362,0
20000,1429,60,2681.25,4,0.0,326,1.1379546723003027,5.433333333333334,0
20000,1582,170,2399.1666666666665,6,0.0,1032,0.4487368330110265,6.070588235294117,0
20000,1616,140,1016.0,7,0.0,1811,1.1611069991124725,12.935714285714285,0
20000,1622,76,1819.4,5,0.0,538,1.1704825814621251,7.078947368421052,0
20000,1711,132,1947.1666666666667,6,0.0,1518,1.0947974398873523,11.5,0
20000,1733,226,1631.0,6,0.0,2058,0.5063354750636537,9.106194690265486,0
20000,1803,138,1405.5714285714287,7,0.0,1663,1.097346898323845,12.05072463768116,0
20000,1839,151,2105.6666666666665,6,0.0,1816,1.000856499086718,12.026490066225165,0
20000,1842,118,1377.0,6,0.0,1270,1.1461714076584422,10.76271186440678,0
20000,1904,71,2005.25,4,0.0,406,1.0120901546180965,5.71830985915493,0
20000,1952,152,1648.142857142857,7,0.0,2042,1.110653081480325,13.43421052631579,0
20000,1972,156,1639.7142857142858,7,0.0,2325,1.2005593227475786,14.903846153846153,0
20000,2010,143,2513.2,5,0.0,1656,1.0176492609603789,11.58041958041958,0
20000,2084,107,1549.8,5,0.0,933,1.0240565798931878,8.719626168224298,0
20000,2087,67,2260.0,4,0.0,365,1.0217699430254172,5.447761194029851,0
20000,2090,169,2327.0,5,0.0,1087,0.4782621357028262,6.431952662721893,0
20000,2119,187,1751.375,8,0.0,2862,1.0284810174238883,15.304812834224599,0
20000,2142,133,2876.6,5,0.0,1490,1.0585048456891384,11.203007518796992,0
20000,2147,210,1216.75,8,0.0,3680,1.0486223097696543,17.523809523809526,0
20000,2169,79,1761.4,5,0.0,537,1.0812595769765865,6.7974683544303796,0
20000,2170,149,1474.857142857143,7,0.0,2083,1.1790347277019122,13.979865771812081,0
20000,2175,253,2049.375,8,0.0,3882,0.7621217442069445,15.34387351778656,0
20000,2198,175,2129.8571428571427,7,0.0,2657,1.0902480562400758,15.182857142857143,0
20000,2234,85,1472.6,5,0.0,641,1.114884922325845,7.541176470588235,0
20000,2270,182,1305.142857142857,7,0.0,2722,1.0326548971224994,14.956043956043956,0
20000,2278,62,1409.2,5,0.0,351,1.1474495540166674,5.661290322580645,0
20000,2281,271,1672.3333333333333,6,0.0,2432,0.41613558276877366,8.974169741697416,0
20000,2320,67,1648.6,5,0.0,443,1.2401207801650953,6.611940298507463,0
20000,2335,64,2122.6,5,0.0,384,1.1780972450961724,6.0,0
20000,2380,138,1963.6666666666667,6,0.0,1543,1.018163718649244,11.181159420289855,0
20000,2403,141,2663.8,5,0.0,1887,1.1927338337757536,13.382978723404255,0
20000,2419,78,2123.4,5,0.0,467,0.964578415007517,5.987179487179487,0
20000,2439,252,1822.6666666666667,9,0.0,5192,1.0274092376819228,20.603174603174605,0
20000,2495,81,1980.4,5,0.0,620,1.1874942510139745,7.654320987654321,0
20000,2521,99,1537.5,6,0.0,919,1.1782975813280359,9.282828282828282,0
20000,2576,239,1700.3333333333333,6,0.0,2166,0.47651054342014265,9.06276150627615,0
20000,2585,131,2305.1666666666665,6,0.0,1637,1.198715033838702,12.49618320610687,0
20000,2602,285,1670.142857142857,7,0.0,2589,0.40054581127209476,9.08421052631579,0
20000,2623,128,1868.6666666666667,6,0.0,1510,1.158155494853659,11.796875,0
20000,2658,103,1665.1666666666667,6,0.0,971,1.1501504257274726,9.427184466019417,0
20000,2719,41,1718.5,4,0.0,143,1.0690011884909945,3.4878048780487805,0
20000,2729,135,2173.6666666666665,6,0.0,1583,1.0914987480126512,11.725925925925926,0
20000,2744,182,1700.2857142857142,7,0.0,2804,1.0637635310549185,15.406593406593407,0
20000,2750,188,1588.875,8,0.0,3023,1.0748115201224473,16.079787234042552,0
20000,2754,154,1510.6666666666667,6,0.0,1529,0.8101695340426369,9.928571428571429,0
20000,2797,310,1506.375,8,0.0,3202,0.41870466916938676,10.329032258064515,0
20000,2804,70,1190.4,5,0.0,481,1.2335559725524003,6.871428571428571,0
20000,2806,80,1989.2,5,0.0,587,1.1525718047857554,7.3375,0
20000,2807,72,1929.2,5,0.0,425,1.0302290723577638,5.902777777777778,0
20000,2837,124,1375.3333333333333,6,0.0,1343,1.0975959765273393,10.830645161290322,0
20000,2873,204,1591.75,8,0.0,3463,1.045687750805599,16.975490196078432,0
20000,2907,161,1028.2857142857142,7,0.0,2232,1.082062390002302,13.863354037267081,0
20000,2953,187,1879.0,7,0.0,3328,1.1959415883950737,17.796791443850267,0
20000,2970,156,1619.7142857142858,7,0.0,2131,1.1003836201183184,13.66025641025641,0
20000,3006,163,2219.6666666666665,6,0.0,2149,1.0164150118656277,13.184049079754601,0
20000,3050,108,2019.0,5,0.0,981,1.0568938248187885,9.083333333333334,0
20000,3099,110,1581.2,5,0.0,1123,1.1662838181756487,10.209090909090909,0
20000,3100,142,1044.7142857142858,7,0.0,1667,1.0388881082194377,11.73943661971831,0
20000,3129,315,1495.2857142857142,7,0.0,3060,0.38753433187139397,9.714285714285714,0
20000,3131,134,1146.5714285714287,7,0.0,1655,1.1582392162377162,12.350746268656716,0
20000,3137,176,1333.625,8,0.0,2813,1.1411802859695361,15.982954545454545,0
20000,3150,155,1700.5714285714287,7,0.0,2076,1.0858599540232943,13.393548387096773,0
20000,3183,93,1942.2,5,0.0,816,1.185588902915607,8.774193548387096,0
20000,3188,123,1551.1666666666667,6,0.0,1390,1.154554508160437,11.300813008130081,0
20000,3218,131,2250.6666666666665,6,0.0,1457,1.0669076385479468,11.122137404580153,0
20000,3236,85,1104.5,6,0.0,678,1.1792386541917672,7.976470588235294,0
20000,3254,63,1597.0,5,0.0,384,1.2157939823416282,6.095238095238095,0
20000,3263,94,2511.75,4,0.0,709,1.0083246679018394,7.542553191489362,0
20000,3309,142,1872.8333333333333,6,0.0,1770,1.1030785552179991,12.464788732394366,0
20000,3311,90,1493.0,6,0.0,803,1.2457772349790637,8.922222222222222,0
20000,3323,148,1801.0,6,0.0,1714,0.9833253849987044,11.58108108108108,0
20000,3350,203,1165.5,6,0.0,1252,0.38178786209754384,6.167487684729064,0
20000,3422,170,1382.6666666666667,6,0.0,1040,0.4522154131118872,6.117647058823529,0
20000,3454,61,2281.75,4,0.0,333,1.1245905440961044,5.459016393442623,0
20000,3469,165,1358.142857142857,7,0.0,2322,1.07177640281146,14.072727272727272,0
20000,3478,105,1774.2,5,0.0,1066,1.2150341111026646,10.152380952380952,0
20000,3498,99,1674.8,5,0.0,764,0.9795640393194989,7.717171717171717,0
20000,3532,156,2020.125,8,0.0,2299,1.1871337131168531,14.737179487179487,0
20000,3605,107,2076.6,5,0.0,1021,1.1206449818552462,9.542056074766355,0
20000,3614,152,1508.3333333333333,6,0.0,2016,1.0965115633028086,13.263157894736842,0
20000,3618,33,1936.75,4,0.0,136,1.56935390592548,4.121212121212121,0
20000,3619,207,1406.2857142857142,7,0.0,2157,0.6325856242893121,10.420289855072463,0
20000,3635,152,1819.2857142857142,7,0.0,2256,1.2270486541721906,14.842105263157896,0
20000,3639,120,1082.5,6,0.0,1195,1.0428342280666119,9.958333333333334,0
20000,3655,122,2647.0,5,0.0,1237,1.0443832605457066,10.139344262295081,0
20000,3663,119,1841.8333333333333,6,0.0,1235,1.0959302103476858,10.378151260504202,0
20000,3692,57,1667.25,4,0.0,349,1.3498502137307944,6.12280701754386,0
20000,3792,179,2362.714285714286,7,0.0,2694,1.0565775860642181,15.050279329608939,0
20000,3839,90,998.0,5,0.0,260,0.4033649826831339,2.888888888888889,0
20000,3858,13,2388.5,4,0.0,18,1.3384300062631072,1.3846153846153846,0
20000,3975,66,2831.5,4,0.0,491,1.416457293767299,7.4393939393939394,0
20000,3978,94,1519.4,5,0.0,871,1.2387176103561384,9.26595744680851,0
20000,3992,241,1481.7142857142858,7,0.0,1904,0.41194830753154843,7.9004149377593365,0
20000,4015,101,1639.6,5,0.0,892,1.098833701402645,8.831683168316832,0
20000,4042,190,1739.5,8,0.0,3059,1.0648345625851718,16.1,0
20000,4105,82,1490.2,5,0.0,512,0.9568681966912398,6.2439024390243905,0
20000,4157,135,1500.0,6,0.0,714,0.4923121327106968,5.288888888888889,0
20000,4253,122,1513.0,6,0.0,1293,1.091663343480678,10.598360655737705,0
20000,4302,92,2040.8,5,0.0,782,1.1610233719788365,8.5,0
20000,4329,190,1585.25,8,0.0,3291,1.1455935094696963,17.321052631578947,0
20000,4332,60,1821.2,5,0.0,293,1.022762941668677,4.883333333333334,0
20000,4352,315,1312.25,8,0.0,3479,0.44059867339234626,11.044444444444444,0
20000,4362,170,1746.2857142857142,7,0.0,2377,1.0335731124682266,13.98235294117647,0
20000,4399,95,1651.1666666666667,6,0.0,792,1.1027773436645392,8.336842105263157,0
20000,4405,176,1519.125,8,0.0,2618,1.0620725164124583,14.875,0
20000,4477,327,1451.4285714285713,7,0.0,1954,0.22963544202655803,5.9755351681957185,0
20000,4490,251,1969.0,7,0.0,2094,0.417675593505946,8.342629482071713,0
20000,4501,169,1840.142857142857,7,0.0,2282,1.0040424964800823,13.502958579881657,0
20000,4539,129,2350.0,5,0.0,1283,0.9688512408042076,9.945736434108527,0
20000,4545,102,2257.4,5,0.0,1046,1.2634009671875908,10.254901960784315,0
20000,4591,133,1354.1666666666667,6,0.0,1483,1.0535320041322094,11.150375939849624,0
20000,4596,190,1219.875,8,0.0,3427,1.1929349610916589,18.03684210526316,0
20000,4611,119,2207.2,5,0.0,1174,1.041799244492456,9.865546218487395,0
20000,4647,112,1845.8333333333333,6,0.0,1190,1.1921222122996982,10.625,0
20000,4663,172,2003.8333333333333,6,0.0,2313,0.9824910502640876,13.44767441860465,0
20000,4681,118,2032.5,6,0.0,1359,1.2264936559116715,11.516949152542374,0
20000,4703,136,2117.8333333333335,6,0.0,1682,1.1427679159468063,12.367647058823529,0
20000,4731,72,2148.8,5,0.0,484,1.1732491082850771,6.722222222222222,0
20000,4773,158,2024.0,6,0.0,2403,1.2096213982657062,15.208860759493671,0
20000,4777,132,2470.2,5,0.0,1530,1.103451965103853,11.590909090909092,0
20000,4792,139,1970.3333333333333,6,0.0,1746,1.1355976964272614,12.56115107913669,0
20000,4795,109,1824.5,6,0.0,1086,1.1486472929209715,9.963302752293577,0
20000,4809,216,1333.125,8,0.0,3857,1.0388479822441556,17.85648148148148,0
20000,4843,172,1847.4285714285713,7,0.0,2580,1.095904414042951,15.0,0
20000,4858,165,1241.5,8,0.0,2225,1.0270036590247624,13.484848484848484,0
20000,4904,133,1825.8333333333333,6,0.0,1744,1.2389479536119845,13.112781954887218,0
20000,4920,113,1595.4,5,0.0,1242,1.2222908844102196,10.991150442477876,0
20000,4943,182,2108.3333333333335,6,0.0,1036,0.3930310335851981,5.6923076923076925,0
20000,4977,102,1777.4,5,0.0,881,1.0641073155757816,8.637254901960784,0
20000,4983,55,1708.5,4,0.0,248,1.030234681772256,4.509090909090909,0
20000,4992,102,2023.0,6,0.0,983,1.1873070274812636,9.637254901960784,0
22000,45,171,1588.7142857142858,7,0.0,2587,1.1117677500546213,15.128654970760234,0
22000,138,64,1234.6,5,0.0,386,1.184233168247715,6.03125,0
22000,162,176,1378.142857142857,7,0.0,2294,0.9306319146868525,13.034090909090908,0
22000,165,120,1646.5,6,0.0,1235,1.0777408131064985,10.291666666666666,0
22000,224,98,1548.1666666666667,6,0.0,956,1.2508798737325457,9.755102040816327,0
22000,262,131,2099.4,5,0.0,1415,1.0361525796467705,10.801526717557252,0
22000,277,161,1675.0,6,0.0,2263,1.0970910343078897,14.055900621118013,0
22000,308,116,2105.8333333333335,6,0.0,1146,1.0702334069601376,9.879310344827585,0
22000,336,107,2225.6,5,0.0,1055,1.1579632280678598,9.85981308411215,0
22000,349,11,2328.25,4,0.0,16,1.661668841568155,1.4545454545454546,0
22000,370,163,1120.0,8,0.0,2307,1.0911444543387636,14.153374233128835,0
22000,374,117,2300.8333333333335,6,0.0,1300,1.1933875227311654,11.11111111111111,0
22000,395,92,2445.0,5,0.0,684,1.0155242793267574,7.434782608695652,0
22000,432,76,2034.4,5,0.0,474,1.0312430178681176,6.2368421052631575,0
22000,491,58,1153.2,5,0.0,316,1.180431960207342,5.448275862068965,0
22000,504,124,1635.1666666666667,6,0.0,1409,1.151535912827268,11.362903225806452,0
22000,552,154,1543.3333333333333,6,0.0,2084,1.1042467684400623,13.532467532467532,0
22000,563,224,1739.888888888889,9,0.0,4456,1.1159866760519865,19.892857142857142,0
22000,582,65,2394.8,5,0.0,408,1.2135098723452171,6.276923076923077,0
22000,717,209,1800.0,8,0.0,3967,1.1412465883831147,18.980861244019138,0
22000,775,198,1986.5,8,0.0,3250,1.041748405689912,16.414141414141415,0
22000,877,133,1439.3333333333333,6,0.0,1639,1.1643553302580523,12.323308270676693,0
22000,903,366,1887.5,8,0.0,3805,0.35694586422136115,10.396174863387978,0
22000,962,45,1637.6,5,0.0,169,1.0487489549761482,3.7555555555555555,0
22000,969,217,1479.625,8,0.0,4095,1.0928090990634927,18.870967741935484,0
22000,1133,4,2809.5,4,0.0,4,3.141592653589793,1.0,0
22000,1219,36,2086.0,4,0.0,132,1.279908118129175,3.6666666666666665,0
22000,1245,170,1335.0,7,0.0,2251,0.9787854758796711,13.241176470588234,0
22000,1266,235,1437.857142857143,7,0.0,2148,0.488774360880824,9.140425531914893,0
22000,1268,127,2482.8,5,0.0,1262,0.9832450688400568,9.937007874015748,0
22000,1277,44,3324.75,4,0.0,228,1.479923812021638,5.181818181818182,0
22000,1304,170,1300.0,8,0.0,2549,1.108362584636731,14.994117647058824,0
22000,1339,138,1841.1666666666667,6,0.0,1577,1.040598952890381,11.427536231884059,0
22000,1371,81,2287.6,5,0.0,530,1.0151160532861396,6.54320987654321,0
22000,1407,123,1652.0,7,0.0,1457,1.2102056966832782,11.845528455284553,0
22000,1429,38,2788.0,4,0.0,141,1.2270486541721906,3.710526315789474,0
22000,1582,173,2478.1666666666665,6,0.0,1079,0.45304266406807936,6.236994219653179,0
22000,1616,147,1259.0,7,0.0,1923,1.1182900963215645,13.081632653061224,0
22000,1622,72,1852.2,5,0.0,480,1.1635528346628863,6.666666666666667,0
22000,1711,134,1944.6666666666667,6,0.0,1525,1.0672597007628501,11.380597014925373,0
22000,1733,222,1683.8333333333333,6,0.0,2057,0.5244912010741177,9.265765765765765,0
22000,1803,141,1393.857142857143,7,0.0,1750,1.106138955541902,12.411347517730496,0
22000,1839,149,2146.6666666666665,6,0.0,1815,1.0273394290825593,12.181208053691275,0
22000,1842,120,1362.5,6,0.0,1296,1.1309733552923256,10.8,0
22000,1904,50,2096.5,4,0.0,207,1.0404954868689393,4.14,0
22000,1952,153,1685.4285714285713,7,0.0,2115,1.1353698940309134,13.823529411764707,0
22000,1972,160,1619.142857142857,7,0.0,2409,1.182515109765283,15.05625,0
22000,2010,136,2609.8,5,0.0,1561,1.060559284656935,11.477941176470589,0
22000,2084,100,1568.6,5,0.0,846,1.063114953974786,8.46,0
22000,2087,48,2325.5,4,0.0,188,1.0253809355466688,3.9166666666666665,0
22000,2090,159,2368.6,5,0.0,1053,0.5234123751797876,6.622641509433962,0
22000,2119,198,1966.5,8,0.0,3095,0.9920650201877778,15.631313131313131,0
22000,2142,131,2954.6,5,0.0,1442,1.0559236889403838,11.007633587786259,0
22000,2147,213,1195.625,8,0.0,3792,1.0503135923130327,17.802816901408452,0
22000,2169,77,1768.2,5,0.0,489,1.0364235504168722,6.35064935064935,0
22000,2170,152,1464.857142857143,7,0.0,2128,1.1574288723751869,14.0,0
22000,2175,258,2056.125,8,0.0,3990,0.7532572975075581,15.465116279069768,0
22000,2198,178,2137.0,7,0.0,2744,1.0883133747570248,15.415730337078651,0
22000,2234,81,1465.0,5,0.0,580,1.1108817186904922,7.160493827160494,0
22000,2270,185,1318.2857142857142,7,0.0,2792,1.0251367934343554,15.091891891891892,0
22000,2278,53,1416.4,5,0.0,267,1.1944538818205408,5.037735849056604,0
22000,2281,271,1680.5,6,0.0,2428,0.41545114924448295,8.959409594095941,0
22000,2320,62,1661.4,5,0.0,375,1.2259076431802003,6.048387096774194,0
22000,2335,60,2183.0,5,0.0,328,1.14493598930828,5.466666666666667,0
22000,2380,140,1978.3333333333333,6,0.0,1549,0.9931279633490998,11.064285714285715,0
22000,2403,138,2780.6,5,0.0,1817,1.198965312239583,13.166666666666666,0
22000,2419,56,2743.25,4,0.0,255,1.0218190391140272,4.553571428571429,0
22000,2439,255,1845.111111111111,9,0.0,5408,1.0451200658585837,21.2078431372549,0
22000,2495,78,2071.6,5,0.0,553,1.1422095578140403,7.089743589743589,0
22000,2521,101,1544.8333333333333,6,0.0,949,1.1690506531738902,9.396039603960396,0
22000,2576,239,1718.3333333333333,6,0.0,2160,0.4751905696156547,9.03765690376569,0
22000,2585,133,2343.8333333333335,6,0.0,1626,1.1551200530808985,12.225563909774436,0
22000,2602,285,1669.857142857143,7,0.0,2634,0.40750778945179517,9.242105263157894,0
22000,2623,127,1876.8333333333333,6,0.0,1508,1.1749077367755987,11.874015748031496,0
22000,2658,101,2043.2,5,0.0,942,1.1604275187458426,9.326732673267326,0
22000,2729,137,2196.0,6,0.0,1633,1.0933391876630896,11.91970802919708,0
22000,2744,181,1698.5714285714287,7,0.0,2861,1.0974141914984765,15.806629834254144,0
22000,2750,191,1590.25,8,0.0,3178,1.0947048000995985,16.638743455497384,0
22000,2754,155,1528.6666666666667,6,0.0,1519,0.794518916262709,9.8,0
22000,2797,312,1949.875,8,0.0,3350,0.4324595409897193,10.737179487179487,0
22000,2804,66,1170.2,5,0.0,423,1.2202880555266138,6.409090909090909,0
22000,2806,75,2040.6,5,0.0,522,1.1661591930125312,6.96,0
22000,2807,65,1971.6,5,0.0,367,1.0915640273301341,5.6461538461538465,0
22000,2837,123,1387.1666666666667,6,0.0,1343,1.1155156147190408,10.91869918699187,0
22000,2873,207,1593.75,8,0.0,3586,1.0516699344930336,17.32367149758454,0
22000,2907,164,978.1428571428571,7,0.0,2318,1.0830178124659637,14.134146341463415,0
22000,2953,188,1886.4285714285713,7,0.0,3389,1.2049408672494124,18.02659574468085,0
22000,2970,156,1964.3333333333333,6,0.0,2125,1.097285402511228,13.621794871794872,0
22000,3006,164,2267.3333333333335,6,0.0,2142,1.0007869518128103,13.060975609756097,0
22000,3050,106,2071.2,5,0.0,935,1.0457063478485071,8.820754716981131,0
22000,3099,106,1596.6,5,0.0,1044,1.1676122215549105,9.849056603773585,0
22000,3100,147,1485.5714285714287,7,0.0,1744,1.0141954903717152,11.863945578231293,0
22000,3129,319,1505.7142857142858,7,0.0,3119,0.3851623897778742,9.77742946708464,0
22000,3131,137,1132.2857142857142,7,0.0,1711,1.1455623699274624,12.489051094890511,0
22000,3137,184,1321.0,8,0.0,2981,1.106461212234307,16.20108695652174,0
22000,3150,151,2013.6666666666667,6,0.0,2078,1.1452531966421806,13.76158940397351,0
22000,3183,87,1992.6,5,0.0,720,1.1953741369188273,8.275862068965518,0
22000,3188,124,1574.8333333333333,6,0.0,1392,1.1376422928712258,11.225806451612904,0
22000,3218,132,2275.8333333333335,6,0.0,1484,1.0702762851072665,11.242424242424242,0
22000,3236,85,1083.8333333333333,6,0.0,687,1.1948922646456404,8.08235294117647,0
22000,3254,57,1610.8,5,0.0,320,1.2376850097245107,5.614035087719298,0
22000,3263,85,2606.25,4,0.0,580,1.0087882292495944,6.823529411764706,0
22000,3309,141,1927.0,6,0.0,1754,1.1086672731545693,12.439716312056738,0
22000,3311,91,1516.5,6,0.0,842,1.2777302327364355,9.252747252747254,0
22000,3323,146,1824.0,6,0.0,1717,1.0122189127816992,11.76027397260274,0
22000,3350,208,1184.8333333333333,6,0.0,1250,0.363072375830921,6.009615384615385,0
22000,3422,174,1378.1666666666667,6,0.0,1079,0.4478502408803523,6.2011494252873565,0
22000,3454,41,2359.0,4,0.0,149,1.1138543852108964,3.6341463414634148,0
22000,3469,167,1340.142857142857,7,0.0,2392,1.0777997959606704,14.323353293413174,0
22000,3478,103,1837.4,5,0.0,1006,1.1916079590956101,9.766990291262136,0
22000,3498,95,1707.8,5,0.0,704,0.9802465277018123,7.410526315789474,0
22000,3532,162,2017.875,8,0.0,2435,1.165946976297995,15.030864197530864,0
22000,3605,104,2096.2,5,0.0,957,1.1118728437446126,9.201923076923077,0
22000,3614,152,1828.0,6,0.0,2061,1.1209872678408177,13.55921052631579,0
22000,3619,211,1425.5714285714287,7,0.0,2226,0.6283044178604146,10.549763033175356,0
22000,3635,157,1831.4285714285713,7,0.0,2306,1.1756278403469613,14.687898089171975,0
22000,3639,119,1116.8333333333333,6,0.0,1183,1.0497857804383095,9.941176470588236,0
22000,3655,119,2706.0,5,0.0,1178,1.0453488160239464,9.899159663865547,0
22000,3663,120,1819.3333333333333,6,0.0,1256,1.096066770252439,10.466666666666667,0
22000,3692,31,1735.25,4,0.0,119,1.5560854350767341,3.838709677419355,0
22000,3792,181,2409.5714285714284,7,0.0,2766,1.0609743633990865,15.281767955801104,0
22000,3839,10,1290.75,4,0.0,10,1.2566370614359172,1.0,0
22000,3975,51,2932.5,4,0.0,306,1.478396542865785,6.0,0
22000,3978,90,1538.4,5,0.0,785,1.2178519669471544,8.722222222222221,0
22000,3992,242,1473.4285714285713,7,0.0,1962,0.42099616053160127,8.107438016528926,0
22000,4015,95,1709.0,5,0.0,799,1.1125241131161194,8.410526315789474,0
22000,4042,198,1736.625,8,0.0,3230,1.0353376462702817,16.31313131313131,0
22000,4105,69,1488.2,5,0.0,436,1.1507955446042006,6.318840579710145,0
22000,4157,153,1858.6666666666667,6,0.0,820,0.4401906917755787,5.359477124183006,0
22000,4253,119,1888.4,5,0.0,1231,1.0923806388161954,10.344537815126051,0
22000,4302,88,2077.0,5,0.0,720,1.168360904227609,8.181818181818182,0
22000,4329,193,1566.375,8,0.0,3451,1.164233804670018,17.88082901554404,0
22000,4332,51,1911.0,5,0.0,209,1.0097545014998337,4.098039215686274,0
22000,4352,319,1304.0,8,0.0,3588,0.4430787606678463,11.247648902821316,0
22000,4362,172,1761.5714285714287,7,0.0,2459,1.0445073465626422,14.296511627906977,0
22000,4399,97,1686.1666666666667,6,0.0,824,1.1005090218123028,8.494845360824742,0
22000,4405,184,1512.5,8,0.0,2836,1.0526413947992266,15.41304347826087,0
22000,4477,333,1441.4285714285713,7,0.0,2027,0.22970748437902808,6.087087087087087,0
22000,4490,252,1989.2857142857142,7,0.0,2200,0.43534289732284864,8.73015873015873,0
22000,4501,171,1858.142857142857,7,0.0,2374,1.020230629543746,13.883040935672515,0
22000,4539,127,2388.4,5,0.0,1230,0.9583133396777098,9.68503937007874,0
22000,4545,98,2323.6,5,0.0,978,1.2796658122494033,9.979591836734693,0
22000,4591,132,1352.5,6,0.0,1498,1.0803732311931842,11.348484848484848,0
22000,4596,192,1244.875,8,0.0,3529,1.202981822321873,18.380208333333332,0
22000,4611,115,2278.2,5,0.0,1097,1.042367377236447,9.539130434782608,0
22000,4647,113,2284.6,5,0.0,1166,1.1474969172482414,10.31858407079646,0
22000,4663,160,2500.4,5,0.0,2142,1.0514517912483339,13.3875,0
22000,4681,118,2059.0,6,0.0,1356,1.2237861643975176,11.491525423728813,0
22000,4703,136,2168.1666666666665,6,0.0,1685,1.1448061464746544,12.389705882352942,0
22000,4731,69,2193.4,5,0.0,439,1.1587138625716606,6.36231884057971,0
22000,4773,156,2063.1666666666665,6,0.0,2385,1.231541498818484,15.288461538461538,0
22000,4777,129,2519.4,5,0.0,1456,1.0994913535548918,11.286821705426357,0
22000,4792,139,2034.3333333333333,6,0.0,1754,1.1408008932035603,12.618705035971223,0
22000,4795,108,1833.0,6,0.0,1096,1.1807906544356699,10.148148148148149,0
22000,4809,221,1330.25,8,0.0,4006,1.0307094588792785,18.126696832579185,0
22000,4843,177,1836.2857142857142,7,0.0,2673,1.0721666396049048,15.101694915254237,0
22000,4858,176,1516.25,8,0.0,2422,0.9825590659858573,13.761363636363637,0
22000,4904,136,1814.1666666666667,6,0.0,1760,1.1957619096708556,12.941176470588236,0
22000,4920,111,1626.0,5,0.0,1191,1.2147185619431682,10.72972972972973,0
22000,4943,181,2136.0,6,0.0,1061,0.40697534329950497,5.861878453038674,0
22000,4977,100,1815.0,5,0.0,833,1.0467786721761192,8.33,0
22000,4983,11,1802.0,4,0.0,11,1.1423973285781064,1.0,0
22000,4992,103,2074.3333333333335,6,0.0,1028,1.2176669800698678,9.980582524271844,0
24000,45,180,1737.142857142857,7,0.0,2689,1.0429311908028338,14.938888888888888,0
24000,138,59,1233.2,5,0.0,321,1.1588063680578267,5.440677966101695,0
24000,162,183,1840.0,7,0.0,2421,0.9084530221076639,13.229508196721312,0
24000,165,119,1646.6666666666667,6,0.0,1259,1.1172276395366285,10.579831932773109,0
24000,224,96,1856.4,5,0.0,936,1.2762720155208536,9.75,0
24000,262,130,2130.2,5,0.0,1356,1.0082839380515407,10.430769230769231,0
24000,277,167,2197.5,6,0.0,2304,1.0381482984504118,13.796407185628743,0
24000,308,115,2139.1666666666665,6,0.0,1150,1.0927278795094932,10.0,0
24000,336,104,2265.6,5,0.0,984,1.143242297016404,9.461538461538462,0
24000,370,168,1857.142857142857,7,0.0,2495,1.1108664499300644,14.851190476190476,0
24000,374,116,2339.1666666666665,6,0.0,1301,1.214985743852652,11.21551724137931,0
24000,395,87,2476.0,5,0.0,626,1.039311402376647,7.195402298850575,0
24000,432,70,2045.0,5,0.0,423,1.0848111775252918,6.042857142857143,0
24000,491,50,1158.6,5,0.0,236,1.186265385995506,4.72,0
24000,504,124,1642.8333333333333,6,0.0,1419,1.1597086304484696,11.443548387096774,0
24000,552,154,1532.8333333333333,6,0.0,2079,1.1015974239860313,13.5,0
24000,563,230,2397.875,8,0.0,4594,1.0913025822753506,19.973913043478262,0
24000,582,60,2416.0,5,0.0,340,1.1868238913561442,5.666666666666667,0
24000,717,212,1800.125,8,0.0,4051,1.132662143084038,19.108490566037737,0
24000,775,210,2621.6666666666665,6,0.0,3345,0.9531634853748623,15.928571428571429,0
24000,877,134,1438.1666666666667,6,0.0,1627,1.1386436282892836,12.14179104477612,0
24000,903,375,1879.5,8,0.0,4010,0.3583370393854598,10.693333333333333,0
24000,969,222,1779.75,8,0.0,4232,1.0790698896187,19.063063063063062,0
24000,1245,200,1712.0,6,0.0,2315,0.7272786993060371,11.575,0
24000,1266,236,1425.4285714285713,7,0.0,2184,0.4927634555759917,9.254237288135593,0
24000,1268,128,2523.6,5,0.0,1230,0.9433981845496693,9.609375,0
24000,1304,181,1560.75,8,0.0,2808,1.0770846031903958,15.513812154696133,0
24000,1339,131,2304.4,5,0.0,1465,1.0727657450053136,11.183206106870228,0
24000,1371,66,2960.75,4,0.0,355,1.0241188172859288,5.378787878787879,0
24000,1407,128,1626.142857142857,7,0.0,1549,1.188068120217429,12.1015625,0
24000,1582,174,2550.3333333333335,6,0.0,1106,0.4590568734139663,6.35632183908046,0
24000,1616,150,1219.2857142857142,7,0.0,2014,1.1248297963253053,13.426666666666666,0
24000,1622,70,1852.4,5,0.0,438,1.12327965899782,6.257142857142857,0
24000,1711,135,2477.0,6,0.0,1557,1.0735714154489564,11.533333333333333,0
24000,1733,221,1752.5,6,0.0,2048,0.5269328436806696,9.266968325791856,0
24000,1803,145,1376.7142857142858,7,0.0,1836,1.0973534576914834,12.662068965517241,0
24000,1839,149,2188.6666666666665,6,0.0,1822,1.0313016197181393,12.228187919463087,0
24000,1842,121,1350.6666666666667,6,0.0,1318,1.1312394282989815,10.892561983471074,0
24000,1952,155,1697.857142857143,7,0.0,2177,1.1386884007267395,14.04516129032258,0
24000,1972,162,1869.6666666666667,6,0.0,2427,1.162116349681821,14.981481481481481,0
24000,2010,133,2673.0,5,0.0,1495,1.062056875372659,11.240601503759398,0
24000,2084,86,2017.25,4,0.0,693,1.1774600913670776,8.05813953488372,0
24000,2090,148,2413.2,5,0.0,1007,0.5777180062390288,6.804054054054054,0
24000,2119,203,2264.375,8,0.0,3306,1.0081395144524599,16.285714285714285,0
24000,2142,128,3018.2,5,0.0,1391,1.0668836379744635,10.8671875,0
24000,2147,217,1180.0,8,0.0,3892,1.0386356565458152,17.93548387096774,0
24000,2169,65,2286.0,4,0.0,347,1.032078249273996,5.338461538461538,0
24000,2170,153,1452.2857142857142,7,0.0,2180,1.17026305862288,14.248366013071895,0
24000,2175,260,2065.625,8,0.0,4087,0.7597449216107388,15.71923076923077,0
24000,2198,180,2145.8571428571427,7,0.0,2809,1.0894733041893494,15.605555555555556,0
24000,2234,78,2309.0,5,0.0,537,1.1091619033384084,6.884615384615385,0
24000,2270,194,1561.2857142857142,7,0.0,2968,0.990992347311564,15.29896907216495,0
24000,2278,43,1419.4,5,0.0,174,1.1825573211998355,4.046511627906977,0
24000,2281,270,1692.3333333333333,6,0.0,2419,0.4169828603036329,8.959259259259259,0
24000,2320,58,1669.0,5,0.0,317,1.1841675043852133,5.4655172413793105,0
24000,2335,53,2234.0,5,0.0,257,1.1497177813778239,4.849056603773585,0
24000,2380,142,1997.8333333333333,6,0.0,1554,0.968465578988006,10.943661971830986,0
24000,2403,135,2846.4,5,0.0,1743,1.2018207945584658,12.911111111111111,0
24000,2419,9,3489.6666666666665,3,0.0,9,1.3962634015954636,1.0,0
24000,2439,258,1870.888888888889,9,0.0,5594,1.0560705068313985,21.68217054263566,0
24000,2495,74,2134.8,5,0.0,500,1.1474041831956876,6.756756756756757,0
24000,2521,94,1911.0,5,0.0,826,1.1747195707854998,8.787234042553191,0
24000,2576,236,1726.0,6,0.0,2160,0.48734847254768404,9.152542372881356,0
24000,2585,133,2377.0,6,0.0,1629,1.1572512708910108,12.24812030075188,0
24000,2602,286,1673.4285714285713,7,0.0,2664,0.4092719853862394,9.314685314685315,0
24000,2623,130,1888.8333333333333,6,0.0,1526,1.1346912164208343,11.738461538461538,0
24000,2658,95,2104.0,5,0.0,851,1.1849286861850035,8.957894736842105,0
24000,2729,141,2792.1666666666665,6,0.0,1699,1.073902905980395,12.049645390070921,0
24000,2744,179,1910.625,8,0.0,2965,1.162862859198369,16.564245810055866,0
24000,2750,193,1589.375,8,0.0,3295,1.1116054437518716,17.072538860103627,0
24000,2754,156,1542.3333333333333,6,0.0,1521,0.7853981633974482,9.75,0
24000,2797,313,2073.777777777778,9,0.0,3494,0.4481713493714435,11.1629392971246,0
24000,2804,60,1161.0,5,0.0,352,1.228711793404008,5.866666666666666,0
24000,2806,70,2084.0,5,0.0,451,1.1566190096073443,6.442857142857143,0
24000,2807,59,2009.6,5,0.0,300,1.0829966056615201,5.084745762711864,0
24000,2837,125,1388.1666666666667,6,0.0,1353,1.0881471642385894,10.824,0
24000,2873,211,1584.125,8,0.0,3706,1.046045001163835,17.563981042654028,0
24000,2907,171,1323.142857142857,7,0.0,2434,1.0460157339130067,14.23391812865497,0
24000,2953,195,2129.8571428571427,7,0.0,3491,1.1536936177443227,17.902564102564103,0
24000,2970,153,2058.0,6,0.0,2094,1.124096717778124,13.686274509803921,0
24000,3006,166,2749.8,5,0.0,2133,0.972712604167082,12.849397590361447,0
24000,3050,105,2114.2,5,0.0,892,1.0167077177331865,8.495238095238095,0
24000,3099,103,1609.0,5,0.0,982,1.1631799362146016,9.533980582524272,0
24000,3100,148,1486.142857142857,7,0.0,1793,1.028647850234934,12.114864864864865,0
24000,3129,322,1692.4285714285713,7,0.0,3240,0.39268393185567413,10.062111801242237,0
24000,3131,138,1106.5714285714287,7,0.0,1766,1.1653124608778773,12.797101449275363,0
24000,3137,191,1489.0,8,0.0,3212,1.106416556928858,16.81675392670157,0
24000,3150,147,2062.3333333333335,6,0.0,2028,1.17935117802399,13.795918367346939,0
24000,3183,83,2044.0,5,0.0,643,1.1729099005709027,7.746987951807229,0
24000,3188,116,1969.6,5,0.0,1249,1.1664236695403245,10.767241379310345,0
24000,3218,134,2270.8333333333335,6,0.0,1518,1.0623608037757422,11.328358208955224,0
24000,3236,85,1067.0,6,0.0,689,1.198370844746501,8.105882352941176,0
24000,3254,51,1628.0,5,0.0,241,1.1643580615380857,4.7254901960784315,0
24000,3263,75,2702.5,4,0.0,457,1.020947799246603,6.093333333333334,0
24000,3309,140,1965.5,6,0.0,1733,1.111097973198186,12.378571428571428,0
24000,3311,98,1904.8333333333333,6,0.0,915,1.197233351951129,9.33673469387755,0
24000,3323,146,1820.6666666666667,6,0.0,1730,1.0198827717602443,11.849315068493151,0
24000,3350,186,1462.4,5,0.0,1114,0.40464033022303497,5.989247311827957,0
24000,3422,175,1343.8333333333333,6,0.0,1116,0.45792880344897424,6.377142857142857,0
24000,3469,168,1554.0,6,0.0,2429,1.081480804360772,14.458333333333334,0
24000,3478,105,2213.8333333333335,6,0.0,1080,1.2309914071208985,10.285714285714286,0
24000,3498,83,2192.75,4,0.0,548,0.9996183911552949,6.602409638554217,0
24000,3532,167,2311.714285714286,7,0.0,2531,1.1404311386189203,15.155688622754491,0
24000,3605,101,2635.25,4,0.0,897,1.1049930831369648,8.881188118811881,0
24000,3614,151,1841.6666666666667,6,0.0,2092,1.1529690507100299,13.85430463576159,0
24000,3619,220,2001.4285714285713,7,0.0,2391,0.6207890937796029,10.868181818181819,0
24000,3635,159,1848.2857142857142,7,0.0,2355,1.1705946282510917,14.81132075471698,0
24000,3639,117,1125.0,6,0.0,1173,1.0768027416643517,10.025641025641026,0
24000,3655,117,2758.6,5,0.0,1130,1.037329154374013,9.658119658119658,0
24000,3663,119,1801.0,6,0.0,1256,1.1145654608880107,10.554621848739496,0
24000,3792,186,2455.0,7,0.0,2842,1.0323050435312975,15.279569892473118,0
24000,3975,28,3034.75,4,0.0,96,1.538739258901123,3.4285714285714284,0
24000,3978,86,1568.2,5,0.0,712,1.2097425469745446,8.279069767441861,0
24000,3992,242,1458.0,7,0.0,2013,0.4319394858053585,8.318181818181818,0
24000,4015,91,1754.2,5,0.0,724,1.0986659008327546,7.956043956043956,0
24000,4042,203,2331.714285714286,7,0.0,3345,1.0200322673452749,16.47783251231527,0
24000,4105,66,1482.0,5,0.0,378,1.090470177279102,5.7272727272727275,0
24000,4157,136,2330.2,5,0.0,723,0.4912135572113799,5.3161764705882355,0
24000,4253,113,1959.8,5,0.0,1140,1.12190950742967,10.08849557522124,0
24000,4302,83,2119.4,5,0.0,651,1.1875028697848484,7.843373493975903,0
24000,4329,207,2096.5,8,0.0,3648,1.0698527387146084,17.6231884057971,0
24000,4352,320,1493.0,7,0.0,3646,0.4474315162104838,11.39375,0
24000,4362,174,1771.5714285714287,7,0.0,2534,1.051763216302885,14.563218390804598,0
24000,4399,99,2189.8333333333335,6,0.0,870,1.1154721390156597,8.787878787878787,0
24000,4405,190,1754.7142857142858,7,0.0,2970,1.0338537596855055,15.631578947368421,0
24000,4477,339,1422.7142857142858,7,0.0,2096,0.22919320931506712,6.182890855457227,0
24000,4490,254,2389.6666666666665,6,0.0,2260,0.44020084302268786,8.89763779527559,0
24000,4501,172,1856.4285714285713,7,0.0,2438,1.0355871943553157,14.174418604651162,0
24000,4539,127,2418.6,5,0.0,1208,0.9411727758785963,9.511811023622048,0
24000,4545,96,2417.0,5,0.0,917,1.2503647844365626,9.552083333333334,0
24000,4591,131,1332.5,6,0.0,1492,1.0925368542989269,11.389312977099237,0
24000,4596,194,1266.0,8,0.0,3609,1.2050173118084349,18.603092783505154,0
24000,4611,110,2346.8,5,0.0,1026,1.0655451446555795,9.327272727272728,0
24000,4647,112,2377.8,5,0.0,1107,1.1089741924502237,9.883928571428571,0
24000,4663,157,2585.6,5,0.0,2033,1.03644900235272,12.949044585987261,0
24000,4681,119,2609.3333333333335,6,0.0,1390,1.2334761071929419,11.680672268907562,0
24000,4703,137,2204.5,6,0.0,1688,1.13016322643925,12.321167883211679,0
24000,4731,65,2227.0,5,0.0,395,1.1748441166087273,6.076923076923077,0
24000,4773,156,2095.6666666666665,6,0.0,2368,1.2227632155983943,15.179487179487179,0
24000,4777,127,2552.0,5,0.0,1402,1.0923213839253247,11.039370078740157,0
24000,4792,137,2064.8333333333335,6,0.0,1734,1.160961513415675,12.656934306569344,0
24000,4795,111,1830.6666666666667,6,0.0,1115,1.137205034900615,10.045045045045045,0
24000,4809,226,1476.888888888889,9,0.0,4317,1.0621235402574312,19.101769911504423,0
24000,4843,177,1836.142857142857,7,0.0,2733,1.0962332308418277,15.440677966101696,0
24000,4858,173,1746.4285714285713,7,0.0,2513,1.05514014346903,14.526011560693641,0
24000,4904,128,2219.8,5,0.0,1625,1.2463593901570835,12.6953125,0
24000,4920,109,1645.6,5,0.0,1145,1.211050783052037,10.504587155963304,0
24000,4943,182,2616.8333333333335,6,0.0,1119,0.424519041102159,6.148351648351649,0
24000,4977,100,1848.6,5,0.0,797,1.001539737964426,7.97,0
24000,4992,105,2749.0,5,0.0,1055,1.2024962356597666,10.047619047619047,0
26000,45,183,1735.2857142857142,7,0.0,2795,1.0487923158987693,15.273224043715848,0
26000,138,50,1236.0,5,0.0,241,1.2113981272242242,4.82,0
26000,162,185,1855.4285714285713,7,0.0,2483,0.9116814677999657,13.421621621621622,0
26000,165,122,1648.3333333333333,6,0.0,1276,1.077310461161133,10.459016393442623,0
26000,224,96,2095.2,5,0.0,888,1.210822168571066,9.25,0
26000,262,128,2155.8,5,0.0,1320,1.012427320004523,10.3125,0
26000,277,169,2802.8333333333335,6,0.0,2364,1.0401211488514086,13.988165680473372,0
26000,308,116,2166.0,6,0.0,1158,1.0814400394937516,9.982758620689655,0
26000,336,101,2305.6,5,0.0,933,1.149340631624067,9.237623762376238,0
26000,370,174,1885.2857142857142,7,0.0,2558,1.0617246674438752,14.701149425287356,0
26000,374,115,2379.5,6,0.0,1318,1.2523611697334887,11.460869565217392,0
26000,395,82,2488.2,5,0.0,568,1.0615256557043442,6.926829268292683,0
26000,432,65,2040.4,5,0.0,363,1.0796668717189066,5.584615384615384,0
26000,491,39,1168.0,5,0.0,128,1.0575249432202327,3.282051282051282,0
26000,504,124,1635.3333333333333,6,0.0,1419,1.1597086304484696,11.443548387096774,0
26000,552,155,1515.6666666666667,6,0.0,2080,1.0879521697343217,13.419354838709678,0
26000,563,231,2396.75,8,0.0,4734,1.1148441462561856,20.493506493506494,0
26000,582,54,2436.8,5,0.0,273,1.176481199492474,5.055555555555555,0
26000,717,213,1801.25,8,0.0,4126,1.1428253907920816,19.370892018779344,0
26000,775,200,3225.4,5,0.0,3213,1.0093937195984004,16.065,0
26000,877,142,1438.8333333333333,6,0.0,1623,1.0114669463948094,11.429577464788732,0
26000,903,371,2178.8571428571427,7,0.0,4041,0.36893588140616107,10.892183288409704,0
26000,969,228,1775.375,8,0.0,4383,1.0595260542231504,19.223684210526315,0
26000,1245,209,1735.5,6,0.0,2333,0.6711692187289656,11.16267942583732,0
26000,1266,242,1410.857142857143,7,0.0,2229,0.4782876869648008,9.210743801652892,0
26000,1268,127,2558.8,5,0.0,1192,0.9287069112974229,9.385826771653543,0
26000,1304,187,1542.0,8,0.0,2991,1.0748381282721349,15.994652406417112,0
26000,1339,128,2381.6,5,0.0,1405,1.077621503489663,10.9765625,0
26000,1371,43,3074.25,4,0.0,163,1.1077979503193862,3.7906976744186047,0
26000,1407,130,1594.142857142857,7,0.0,1624,1.2075612945396033,12.492307692307692,0
26000,1582,175,2574.8333333333335,6,0.0,1127,0.46244243860841755,6.44,0
26000,1616,154,1182.857142857143,7,0.0,2085,1.1047766373308685,13.53896103896104,0
26000,1622,64,1838.8,5,0.0,373,1.1443496677626883,5.828125,0
26000,1711,134,2517.8333333333335,6,0.0,1552,1.086155446284553,11.582089552238806,0
26000,1733,219,1791.6666666666667,6,0.0,2041,0.5347670487251532,9.319634703196346,0
26000,1803,148,1359.7142857142858,7,0.0,1924,1.1038028242342517,13.0,0
26000,1839,149,2199.0,6,0.0,1823,1.0318676469517938,12.234899328859061,0
26000,1842,122,1338.6666666666667,6,0.0,1347,1.1372548520251147,11.040983606557377,0
26000,1952,156,1715.2857142857142,7,0.0,2228,1.1504714714329487,14.282051282051283,0
26000,1972,159,1879.8333333333333,6,0.0,2372,1.1790447805569382,14.918238993710691,0
26000,2010,129,2719.0,5,0.0,1439,1.086653885827946,11.155038759689923,0
26000,2084,73,2101.75,4,0.0,503,1.1861295588333014,6.890410958904109,0
26000,2090,136,2435.2,5,0.0,968,0.6576690503189706,7.117647058823529,0
26000,2119,206,2263.375,8,0.0,3465,1.0260739508614038,16.820388349514563,0
26000,2142,126,3070.8,5,0.0,1361,1.0772757877389036,10.801587301587302,0
26000,2147,222,1168.125,8,0.0,3996,1.0188949146777708,18.0,0
26000,2169,42,2347.75,4,0.0,150,1.0685689297924466,3.5714285714285716,0
26000,2170,156,1444.0,7,0.0,2232,1.1525369498376756,14.307692307692308,0
26000,2175,264,2080.5,8,0.0,4169,0.7516815755748306,15.791666666666666,0
26000,2198,181,2158.1428571428573,7,0.0,2868,1.1000992314636948,15.845303867403315,0
26000,2234,76,2350.2,5,0.0,495,1.0769309996724015,6.5131578947368425,0
26000,2270,193,1562.0,7,0.0,3013,1.0164695605536844,15.61139896373057,0
26000,2281,270,1704.3333333333333,6,0.0,2422,0.4174999948968164,8.97037037037037,0
26000,2320,51,1680.6,5,0.0,243,1.1740207840404764,4.764705882352941,0
26000,2335,43,2276.8,5,0.0,157,1.0670201116573228,3.6511627906976742,0
26000,2380,146,2007.8333333333333,6,0.0,1569,0.9249688259490308,10.746575342465754,0
26000,2403,133,2862.6,5,0.0,1679,1.192771567726217,12.62406015037594,0
26000,2439,262,1869.5555555555557,9,0.0,5755,1.0535438331920786,21.96564885496183,0
26000,2495,69,2186.4,5,0.0,443,1.1692716198616075,6.420289855072464,0
26000,2521,89,1953.2,5,0.0,744,1.180328208191292,8.359550561797754,0
26000,2576,237,1715.1666666666667,6,0.0,2163,0.4839156765984598,9.126582278481013,0
26000,2585,132,2407.0,6,0.0,1626,1.1726881668358593,12.318181818181818,0
26000,2602,289,1951.1666666666667,6,0.0,2680,0.40322641307554485,9.273356401384083,0
26000,2623,129,1893.8333333333333,6,0.0,1536,1.1599029663875782,11.906976744186046,0
26000,2658,92,2152.8,5,0.0,795,1.1803242720245204,8.641304347826088,0
26000,2729,143,2822.0,6,0.0,1741,1.069883673509674,12.174825174825175,0
26000,2744,185,2178.4285714285716,7,0.0,3109,1.1415294737777257,16.805405405405406,0
26000,2750,194,1600.875,8,0.0,3383,1.1295576519390234,17.438144329896907,0
26000,2754,157,1552.3333333333333,6,0.0,1519,0.7744053293525734,9.67515923566879,0
26000,2797,318,2342.875,8,0.0,3655,0.45419568643925057,11.4937106918239,0
26000,2804,52,1154.0,5,0.0,277,1.2873094157461134,5.326923076923077,0
26000,2806,64,2114.2,5,0.0,372,1.141281706186917,5.8125,0
26000,2807,51,2060.8,5,0.0,219,1.0580681140117874,4.294117647058823,0
26000,2837,125,1393.1666666666667,6,0.0,1367,1.0994066323090552,10.936,0
26000,2873,215,1570.5,8,0.0,3839,1.0436408174910734,17.855813953488372,0
26000,2907,172,1308.857142857143,7,0.0,2514,1.0678696499627827,14.616279069767442,0
26000,2953,196,2148.285714285714,7,0.0,3550,1.1612509288050568,18.112244897959183,0
26000,2970,153,2090.3333333333335,6,0.0,2089,1.1214126281941266,13.65359477124183,0
26000,3006,158,2836.0,5,0.0,2008,1.0107864201904029,12.708860759493671,0
26000,3050,104,2153.8,5,0.0,863,1.0026606730946714,8.298076923076923,0
26000,3099,100,1619.4,5,0.0,926,1.1636459188896593,9.26,0
26000,3100,149,1488.857142857143,7,0.0,1838,1.040358055456608,12.335570469798657,0
26000,3129,328,1687.2857142857142,7,0.0,3355,0.3918814453001843,10.228658536585366,0
26000,3131,141,1078.5714285714287,7,0.0,1829,1.1560732283920794,12.97163120567376,0
26000,3137,193,1468.625,8,0.0,3370,1.1369075403471345,17.46113989637306,0
26000,3150,146,2103.8333333333335,6,0.0,2000,1.1790552274684905,13.698630136986301,0
26000,3183,78,2090.2,5,0.0,572,1.181453647503854,7.333333333333333,0
26000,3188,114,2017.8,5,0.0,1167,1.1284206299597688,10.236842105263158,0
26000,3218,135,2274.0,6,0.0,1548,1.0673658003307545,11.466666666666667,0
26000,3236,86,1047.5,6,0.0,701,1.191052704254432,8.151162790697674,0
26000,3254,40,1646.6,5,0.0,146,1.1466813185602744,3.65,0
26000,3263,63,2766.5,4,0.0,328,1.0384906932501405,5.2063492063492065,0
26000,3309,140,1979.8333333333333,6,0.0,1725,1.1059688423351821,12.321428571428571,0
26000,3311,99,1901.3333333333333,6,0.0,945,1.211633530310113,9.545454545454545,0
26000,3323,143,1823.5,6,0.0,1725,1.0600513135003946,12.062937062937063,0
26000,3350,176,1492.6,5,0.0,1022,0.41460584865299177,5.806818181818182,0
26000,3422,182,1406.2857142857142,7,0.0,1219,0.46245639955632867,6.697802197802198,0
26000,3469,164,1570.0,6,0.0,2378,1.1110510604159025,14.5,0
26000,3478,110,2236.8333333333335,6,0.0,1150,1.1943244798771113,10.454545454545455,0
26000,3498,69,2252.75,4,0.0,389,1.0267418964473258,5.63768115942029,0
26000,3532,175,2342.285714285714,7,0.0,2522,1.0348534429196354,14.411428571428571,0
26000,3605,86,2705.75,4,0.0,701,1.191052704254432,8.151162790697674,0
26000,3614,151,1859.5,6,0.0,2100,1.1573781101773721,13.907284768211921,0
26000,3619,219,2018.142857142857,7,0.0,2476,0.6487423873804407,11.30593607305936,0
26000,3635,159,1849.857142857143,7,0.0,2405,1.1954480173859345,15.125786163522013,0
26000,3639,114,1326.4,5,0.0,1128,1.090709914819725,9.894736842105264,0
26000,3655,114,2773.0,5,0.0,1076,1.0404289612996667,9.43859649122807,0
26000,3663,120,1791.8333333333333,6,0.0,1269,1.107411410390402,10.575,0
26000,3792,184,2936.8333333333335,6,0.0,2806,1.0415062601574856,15.25,0
26000,3978,83,1570.6,5,0.0,649,1.183854627481362,7.819277108433735,0
26000,3992,245,1428.5714285714287,7,0.0,2083,0.43608079949537953,8.50204081632653,0
26000,4015,88,1778.4,5,0.0,669,1.08560200684482,7.6022727272727275,0
26000,4042,207,2326.8571428571427,7,0.0,3453,1.0126648867273969,16.681159420289855,0
26000,4105,60,1481.8,5,0.0,308,1.075122819228507,5.133333333333334,0
26000,4157,127,2388.8,5,0.0,660,0.5142169139734052,5.196850393700787,0
26000,4253,111,2008.6,5,0.0,1079,1.100488101038353,9.72072072072072,0
26000,4302,79,2161.6,5,0.0,591,1.1899895903038409,7.481012658227848,0
26000,4329,212,2351.625,8,0.0,3897,1.089603646407923,18.382075471698112,0
26000,4352,322,1517.2857142857142,7,0.0,3641,0.44128462836003385,11.307453416149068,0
26000,4362,175,1762.0,7,0.0,2598,1.066038558566698,14.845714285714285,0
26000,4399,100,2203.5,6,0.0,919,1.154849459459608,9.19,0
26000,4405,194,1766.4285714285713,7,0.0,3055,1.0200409774382844,15.74742268041237,0
26000,4477,344,1388.7142857142858,7,0.0,2153,0.22863199645682886,6.258720930232558,0
26000,4490,252,2455.5,6,0.0,2236,0.4424666901881316,8.873015873015873,0
26000,4501,174,1822.857142857143,7,0.0,2486,1.0318403140209045,14.28735632183908,0
26000,4539,128,2667.8,5,0.0,1188,0.9111845880040709,9.28125,0
26000,4545,93,2504.2,5,0.0,860,1.2495177163081153,9.24731182795699,0
26000,4591,129,1315.1666666666667,6,0.0,1483,1.1198802728859234,11.496124031007753,0
26000,4596,198,1257.5,8,0.0,3707,1.1882342584284629,18.72222222222222,0
26000,4611,106,2405.0,5,0.0,970,1.0848504357358844,9.150943396226415,0
26000,4647,110,2445.0,5,0.0,1064,1.105009779642823,9.672727272727272,0
26000,4663,155,2635.2,5,0.0,1949,1.0194321051981696,12.574193548387097,0
26000,4681,123,2636.1666666666665,6,0.0,1430,1.1877790983233272,11.626016260162602,0
26000,4703,137,2232.3333333333335,6,0.0,1696,1.135519450261237,12.379562043795621,0
26000,4731,60,2247.6,5,0.0,341,1.1903145498601326,5.683333333333334,0
26000,4773,154,2104.8333333333335,6,0.0,2362,1.251550320084178,15.337662337662337,0
26000,4777,124,2584.0,5,0.0,1341,1.0959614330030991,10.814516129032258,0
26000,4792,137,2077.0,6,0.0,1738,1.1636396253266685,12.686131386861314,0
26000,4795,114,1825.1666666666667,6,0.0,1153,1.1148834501659068,10.114035087719298,0
26000,4809,231,1456.111111111111,9,0.0,4578,1.0781065698269576,19.818181818181817,0
26000,4843,180,1837.4285714285713,7,0.0,2795,1.0840433909609224,15.527777777777779,0
26000,4858,175,1768.142857142857,7,0.0,2575,1.0566009577787714,14.714285714285714,0
26000,4904,124,2247.6,5,0.0,1521,1.243070350184723,12.266129032258064,0
26000,4920,107,1672.2,5,0.0,1100,1.2073550245257307,10.280373831775702,0
26000,4943,183,2651.0,6,0.0,1181,0.44315696782699343,6.453551912568306,0
26000,4977,98,1881.8,5,0.0,753,0.9852641683269947,7.683673469387755,0
26000,4992,105,2831.8,5,0.0,996,1.1352476310114952,9.485714285714286,0
28000,45,186,1730.7142857142858,7,0.0,2868,1.0417490727824634,15.419354838709678,0
28000,138,39,1243.4,5,0.0,143,1.181453647503854,3.6666666666666665,0
28000,162,187,1874.4285714285713,7,0.0,2564,0.9213924977899546,13.711229946524064,0
28000,165,122,1643.3333333333333,6,0.0,1293,1.091663343480678,10.598360655737705,0
28000,224,97,2139.2,5,0.0,864,1.1539317898614438,8.907216494845361,0
28000,262,127,2183.0,5,0.0,1275,0.9933735838122603,10.039370078740157,0
28000,277,167,2811.8333333333335,6,0.0,2379,1.0719421883739277,14.245508982035927,0
28000,308,115,2186.1666666666665,6,0.0,1163,1.105080455538731,10.11304347826087,0
28000,336,96,2345.4,5,0.0,875,1.1930961683554986,9.114583333333334,0
28000,370,176,1892.142857142857,7,0.0,2621,1.063289559021029,14.892045454545455,0
28000,374,115,2407.6666666666665,6,0.0,1333,1.266614142074917,11.591304347826087,0
28000,395,78,2503.4,5,0.0,511,1.0554594648155058,6.551282051282051,0
28000,432,59,2042.0,5,0.0,293,1.0577266848627513,4.966101694915254,0
28000,504,125,1634.5,6,0.0,1425,1.1460530000295563,11.4,0
28000,552,153,1506.8333333333333,6,0.0,2073,1.112823541525335,13.549019607843137,0
28000,563,236,2391.375,8,0.0,4859,1.096308438939443,20.588983050847457,0
28000,582,45,2472.8,5,0.0,184,1.1418331817491791,4.088888888888889,0
28000,717,214,1804.125,8,0.0,4194,1.1508288574683896,19.598130841121495,0
28000,775,195,3299.2,5,0.0,3087,1.0201810936627682,15.830769230769231,0
28000,877,148,1452.6666666666667,6,0.0,1615,0.9265288779305179,10.912162162162161,0
28000,903,371,2198.285714285714,7,0.0,4107,0.3749615602413025,11.070080862533693,0
28000,969,232,2045.125,8,0.0,4570,1.0669648058045003,19.698275862068964,0
28000,1245,216,1759.6666666666667,6,0.0,2315,0.6235242620936532,10.717592592592593,0
28000,1266,243,1393.142857142857,7,0.0,2279,0.48499989212559996,9.378600823045268,0
28000,1268,116,3283.25,4,0.0,1051,0.9815142327356934,9.060344827586206,0
28000,1304,193,1522.25,8,0.0,3133,1.0569529151061046,16.23316062176166,0
28000,1339,126,2465.6,5,0.0,1357,1.0741096575765556,10.76984126984127,0
28000,1407,134,1565.857142857143,7,0.0,1707,1.1946310224276624,12.738805970149254,0
28000,1582,175,2607.8333333333335,6,0.0,1141,0.46818706517498176,6.52,0
28000,1616,163,1938.25,8,0.0,2314,1.0944552524230164,14.196319018404909,0
28000,1622,59,1836.0,5,0.0,304,1.0974365604036738,5.1525423728813555,0
28000,1711,133,2572.0,6,0.0,1547,1.0989979840812731,11.631578947368421,0
28000,1733,219,1845.3333333333333,6,0.0,2043,0.5352910732706947,9.32876712328767,0
28000,1803,159,1652.4285714285713,7,0.0,2080,1.0339009880094567,13.081761006289309,0
28000,1839,149,2203.8333333333335,6,0.0,1837,1.039792028222954,12.328859060402685,0
28000,1842,124,1325.5,6,0.0,1380,1.1278350317257844,11.129032258064516,0
28000,1952,159,1705.0,7,0.0,2283,1.1348057478969182,14.358490566037736,0
28000,1972,158,1878.8333333333333,6,0.0,2341,1.1784118574032536,14.816455696202532,0
28000,2010,124,2757.4,5,0.0,1384,1.1311041187742648,11.161290322580646,0
28000,2084,59,2166.25,4,0.0,319,1.1515863906867498,5.406779661016949,0
28000,2090,126,2453.6,5,0.0,940,0.7440405881517776,7.4603174603174605,0
28000,2119,208,2257.75,8,0.0,3603,1.0465198160950466,17.322115384615383,0
28000,2142,126,3132.6,5,0.0,1322,1.0464060186560107,10.492063492063492,0
28000,2147,229,1142.25,8,0.0,4106,0.983915595479849,17.930131004366814,0
28000,2170,158,1456.2857142857142,7,0.0,2306,1.1607935682067076,14.594936708860759,0
28000,2175,269,2077.125,8,0.0,4261,0.7399746436310227,15.840148698884759,0
28000,2198,182,2174.4285714285716,7,0.0,2921,1.1081502404462968,16.04945054945055,0
28000,2234,73,2387.8,5,0.0,467,1.10123758245557,6.397260273972603,0
28000,2270,197,2057.714285714286,7,0.0,3105,1.0054003132671605,15.761421319796954,0
28000,2281,269,1702.0,6,0.0,2429,0.421825489176192,9.029739776951672,0
28000,2320,20,2161.75,4,0.0,45,1.413716694115407,2.25,0
28000,2380,152,2341.8333333333335,6,0.0,1617,0.8794936497324612,10.638157894736842,0
28000,2403,132,2868.4,5,0.0,1633,1.1777366398788183,12.371212121212121,0
28000,2439,263,1869.888888888889,9,0.0,5903,1.0724354224661654,22.44486692015209,0
28000,2495,65,2227.6,5,0.0,393,1.1688955388031135,6.046153846153846,0
28000,2521,85,1988.4,5,0.0,683,1.187935104443919,8.035294117647059,0
28000,2576,234,1713.3333333333333,6,0.0,2158,0.49525582193343365,9.222222222222221,0
28000,2585,134,2424.8333333333335,6,0.0,1626,1.1379437858625536,12.134328358208956,0
28000,2602,276,1990.6666666666667,6,0.0,2604,0.4295687497347102,9.434782608695652,0
28000,2623,133,2316.5,6,0.0,1579,1.1217309740558048,11.87218045112782,0
28000,2658,89,2268.4,5,0.0,745,1.1819146708367105,8.370786516853933,0
28000,2729,144,2850.8333333333335,6,0.0,1764,1.0690141668465267,12.25,0
28000,2744,188,2179.5714285714284,7,0.0,3203,1.1388095596930858,17.03723404255319,0
28000,2750,196,1633.25,8,0.0,3461,1.1321378773505075,17.658163265306122,0
28000,2754,155,1564.6666666666667,6,0.0,1517,0.7934728084071953,9.787096774193548,0
28000,2797,323,2348.25,8,0.0,3797,0.4573465596595556,11.755417956656347,0
28000,2804,46,1146.4,5,0.0,201,1.1936864335946096,4.369565217391305,0
28000,2806,37,2736.0,4,0.0,145,1.3309888525069977,3.918918918918919,0
28000,2807,34,2105.2,5,0.0,102,1.1087974071493387,3.0,0
28000,2837,125,1424.1666666666667,6,0.0,1376,1.106644861782926,11.008,0
28000,2873,221,1799.5,8,0.0,4033,1.0376563274238968,18.248868778280542,0
28000,2907,175,1291.4285714285713,7,0.0,2597,1.065628228097658,14.84,0
28000,2953,197,2176.5714285714284,7,0.0,3591,1.1627673188220204,18.228426395939085,0
28000,2970,145,2565.0,5,0.0,2016,1.204937130014178,13.903448275862068,0
28000,3006,155,2908.6,5,0.0,1925,1.0068788109320046,12.419354838709678,0
28000,3050,106,2207.4,5,0.0,832,0.9305108892085112,7.849056603773585,0
28000,3099,99,1629.6,5,0.0,879,1.127011505970994,8.878787878787879,0
28000,3100,151,1495.0,7,0.0,1862,1.0262085910239367,12.331125827814569,0
28000,3129,334,1687.142857142857,7,0.0,3438,0.3872779785234935,10.293413173652695,0
28000,3131,153,1587.0,8,0.0,2092,1.123023081944525,13.673202614379084,0
28000,3137,200,1824.5,8,0.0,3560,1.1184069846779663,17.8,0
28000,3150,145,2168.6666666666665,6,0.0,1988,1.1882018920973145,13.710344827586207,0
28000,3183,74,2121.2,5,0.0,506,1.161173033394036,6.837837837837838,0
28000,3188,112,2059.2,5,0.0,1107,1.1089741924502237,9.883928571428571,0
28000,3218,138,2273.5,6,0.0,1593,1.0511567101803276,11.543478260869565,0
28000,3236,88,1025.5,6,0.0,715,1.1602472868371396,8.125,0
28000,3263,46,2825.5,4,0.0,185,1.0986666179850884,4.021739130434782,0
28000,3309,139,1996.8333333333333,6,0.0,1711,1.112833710530953,12.309352517985612,0
28000,3311,100,1868.0,6,0.0,966,1.213911401347096,9.66,0
28000,3323,143,1824.3333333333333,6,0.0,1725,1.0600513135003946,12.062937062937063,0
28000,3350,166,1501.2,5,0.0,949,0.4327727432510834,5.716867469879518,0
28000,3422,196,1355.5714285714287,7,0.0,1380,0.45141585401436013,7.040816326530612,0
28000,3469,165,1575.5,6,0.0,2362,1.0902393899399951,14.315151515151515,0
28000,3478,112,2257.8333333333335,6,0.0,1181,1.1831061619545746,10.544642857142858,0
28000,3498,53,2314.5,4,0.0,222,0.9931414298283149,4.188679245283019,0
28000,3532,183,2362.8571428571427,7,0.0,2542,0.9538569112753745,13.890710382513662,0
28000,3605,76,2766.5,4,0.0,537,1.1683069632809688,7.065789473684211,0
28000,3614,150,1918.8333333333333,6,0.0,2099,1.1723027519795512,13.993333333333334,0
28000,3619,225,2250.4285714285716,7,0.0,2617,0.6496037905733918,11.63111111111111,0
28000,3635,162,1837.857142857143,7,0.0,2450,1.1731294012033215,15.123456790123457,0
28000,3639,106,1356.0,5,0.0,983,1.0993896683797675,9.273584905660377,0
28000,3655,113,2783.0,5,0.0,1037,1.0205439993022525,9.176991150442477,0
28000,3663,120,1783.5,6,0.0,1280,1.117010721276371,10.666666666666666,0
28000,3792,183,3008.5,6,0.0,2781,1.0435389733504392,15.19672131147541,0
28000,3978,78,1576.4,5,0.0,577,1.191781039527489,7.397435897435898,0
28000,3992,256,1605.125,8,0.0,2335,0.44773064246412153,9.12109375,0
28000,4015,74,2281.5,4,0.0,524,1.202479583989081,7.081081081081081,0
28000,4042,208,2327.5714285714284,7,0.0,3527,1.0244450156445266,16.95673076923077,0
28000,4105,38,1896.5,4,0.0,123,1.0704041451289323,3.236842105263158,0
28000,4157,121,2437.6,5,0.0,614,0.5269962131832888,5.074380165289257,0
28000,4253,107,2051.6,5,0.0,1023,1.1228401728089294,9.560747663551401,0
28000,4302,75,2187.6,5,0.0,544,1.2153076647486916,7.253333333333333,0
28000,4329,218,2326.75,8,0.0,4098,1.0835995871063862,18.798165137614678,0
28000,4352,325,1538.5714285714287,7,0.0,3661,0.43555486692704315,11.264615384615384,0
28000,4362,177,1755.857142857143,7,0.0,2659,1.066551101649623,15.022598870056497,0
28000,4399,98,2691.6,5,0.0,905,1.1841488344434663,9.23469387755102,0
28000,4405,198,2093.714285714286,7,0.0,3153,1.0106562225047053,15.924242424242424,0
28000,4477,348,1360.7142857142858,7,0.0,2200,0.2282832553143594,6.32183908045977,0
28000,4490,248,2506.1666666666665,6,0.0,2229,0.4554246894414444,8.987903225806452,0
28000,4501,174,1801.7142857142858,7,0.0,2537,1.0530083976955087,14.580459770114942,0
28000,4539,122,2735.8,5,0.0,1142,0.9641759769953087,9.360655737704919,0
28000,4545,90,2580.4,5,0.0,804,1.2473286387586142,8.933333333333334,0
28000,4591,130,1304.3333333333333,6,0.0,1486,1.1049483273927652,11.430769230769231,0
28000,4596,195,1440.5714285714287,7,0.0,3726,1.2313556057620585,19.107692307692307,0
28000,4611,104,2469.0,5,0.0,925,1.074694232459526,8.89423076923077,0
28000,4647,109,2489.2,5,0.0,1031,1.0904745478835374,9.458715596330276,0
28000,4663,150,2689.2,5,0.0,1866,1.042171002950854,12.44,0
28000,4681,125,2664.1666666666665,6,0.0,1456,1.170984679328445,11.648,0
28000,4703,137,2297.0,6,0.0,1704,1.140875674083224,12.437956204379562,0
28000,4731,55,2272.2,5,0.0,280,1.1631681890977086,5.090909090909091,0
28000,4773,154,2118.0,6,0.0,2352,1.2462516311761163,15.272727272727273,0
28000,4777,122,2607.6,5,0.0,1305,1.101794789823886,10.69672131147541,0
28000,4792,138,2096.1666666666665,6,0.0,1746,1.152115264265444,12.652173913043478,0
28000,4795,116,2202.6666666666665,6,0.0,1207,1.1272004556726756,10.405172413793103,0
28000,4809,232,1631.25,8,0.0,4760,1.1113243929167222,20.517241379310345,0
28000,4843,181,1841.2857142857142,7,0.0,2825,1.083605414534497,15.607734806629834,0
28000,4858,176,1778.5714285714287,7,0.0,2634,1.0685634103248343,14.965909090909092,0
28000,4904,121,2265.2,5,0.0,1457,1.250543131283472,12.041322314049587,0
28000,4920,107,1679.6,5,0.0,1085,1.190891092373107,10.14018691588785,0
28000,4943,185,2672.8333333333335,6,0.0,1238,0.4545556412148037,6.691891891891892,0
28000,4977,84,2446.0,4,0.0,587,1.045416602980277,6.988095238095238,0
28000,4992,103,2926.0,5,0.0,955,1.131198410473467,9.271844660194175,0
32000,45,193,2091.1428571428573,7,0.0,3049,1.0286145669194104,15.797927461139896,0
32000,162,201,2079.714285714286,7,0.0,2788,0.8671825269877819,13.870646766169154,0
32000,165,126,2056.5,6,0.0,1344,1.0638197345489246,10.666666666666666,0
32000,224,92,2175.4,5,0.0,798,1.1847783258812168,8.673913043478262,0
32000,262,116,2859.5,4,0.0,1076,1.0048613838473892,9.275862068965518,0
32000,277,164,2844.0,6,0.0,2382,1.112919943612565,14.524390243902438,0
32000,308,118,2231.0,6,0.0,1195,1.0784841198045971,10.127118644067796,0
32000,336,91,2411.4,5,0.0,780,1.1836455837700948,8.571428571428571,0
32000,370,179,1873.5714285714287,7,0.0,2741,1.0750108253162665,15.312849162011172,0
32000,374,125,3114.0,6,0.0,1455,1.170180431609126,11.64,0
32000,395,69,2538.6,5,0.0,411,1.0848095615420332,5.956521739130435,0
32000,432,26,1958.75,4,0.0,58,1.078179727267503,2.230769230769231,0
32000,504,126,1598.5,6,0.0,1440,1.1398068584452765,11.428571428571429,0
32000,552,153,1540.1666666666667,6,0.0,2061,1.106381726523741,13.470588235294118,0
32000,563,237,2425.625,8,0.0,5041,1.1277942328861932,21.270042194092827,0
32000,717,217,1785.375,8,0.0,4322,1.1533872835537036,19.91705069124424,0
32000,775,189,3413.2,5,0.0,2921,1.0275851338020532,15.455026455026456,0
32000,877,107,2401.25,4,0.0,1241,1.3621159867603925,11.598130841121495,0
32000,903,378,2427.8571428571427,7,0.0,4327,0.38055125590221534,11.447089947089948,0
32000,969,233,2085.125,8,0.0,4749,1.0992594088598373,20.38197424892704,0
32000,1245,223,1775.3333333333333,6,0.0,2319,0.5860044130125063,10.399103139013453,0
32000,1266,252,1348.857142857143,7,0.0,2375,0.4699724459735298,9.424603174603174,0
32000,1268,103,3436.75,4,0.0,827,0.979582288441421,8.029126213592233,0
32000,1304,201,1501.5,8,0.0,3366,1.0469642703876878,16.746268656716417,0
32000,1339,121,2569.0,5,0.0,1262,1.083174627096597,10.429752066115702,0
32000,1407,134,1832.5,6,0.0,1696,1.1869327557336353,12.656716417910447,0
32000,1582,178,2686.8333333333335,6,0.0,1182,0.46879971172113816,6.640449438202247,0
32000,1616,174,1900.625,8,0.0,2616,1.0857981743679348,15.03448275862069,0
32000,1711,133,2634.6666666666665,6,0.0,1562,1.109654073131835,11.74436090225564,0
32000,1733,220,1908.1666666666667,6,0.0,2069,0.5371863801882051,9.404545454545454,0
32000,1803,157,1993.1666666666667,6,0.0,2051,1.0456256290336592,13.063694267515924,0
32000,1839,151,2193.0,6,0.0,1848,1.0184927369560874,12.23841059602649,0
32000,1842,128,1703.1666666666667,6,0.0,1485,1.1389807350050887,11.6015625,0
32000,1952,160,1641.7142857142858,7,0.0,2383,1.1697523896100745,14.89375,0
32000,1972,158,1867.5,6,0.0,2304,1.159786808824048,14.582278481012658,0
32000,2010,128,3347.4,5,0.0,1413,1.0837574266412056,11.0390625,0
32000,2090,105,2501.8,5,0.0,869,0.9904921599889452,8.276190476190477,0
32000,2119,207,2595.285714285714,7,0.0,3691,1.0824633932553784,17.830917874396135,0
32000,2142,121,3266.6,5,0.0,1257,1.0788831269892412,10.388429752066116,0
32000,2147,232,1863.125,8,0.0,4351,1.0158345448698862,18.754310344827587,0
32000,2170,183,1677.625,8,0.0,2765,1.0375351532952048,15.109289617486338,0
32000,2175,274,2048.5,8,0.0,4405,0.7373176854953934,16.076642335766422,0
32000,2198,184,2247.5714285714284,7,0.0,3007,1.116111662257149,16.342391304347824,0
32000,2234,58,3089.0,4,0.0,282,1.0534234581597166,4.862068965517241,0
32000,2270,200,2095.4285714285716,7,0.0,3246,1.0197609753552468,16.23,0
32000,2281,277,2127.0,6,0.0,2473,0.4050181095714819,8.927797833935019,0
32000,2380,134,3766.25,4,0.0,1329,0.9300905851238216,9.917910447761194,0
32000,2403,127,2886.0,5,0.0,1529,1.191269184038389,12.039370078740157,0
32000,2439,267,1881.111111111111,9,0.0,6170,1.0876082802479499,23.10861423220974,0
32000,2495,54,2274.6,5,0.0,270,1.1635528346628863,5.0,0
32000,2521,81,2088.2,5,0.0,587,1.1242889118471018,7.246913580246914,0
32000,2576,240,1791.857142857143,7,0.0,2248,0.49043751981040656,9.366666666666667,0
32000,2585,133,2443.0,6,0.0,1634,1.1608033005745315,12.285714285714286,0
32000,2602,270,2034.1666666666667,6,0.0,2542,0.43818537862415663,9.414814814814815,0
32000,2623,139,2363.1666666666665,6,0.0,1656,1.0770617326938972,11.913669064748202,0
32000,2658,85,2448.2,5,0.0,674,1.1722814939900459,7.929411764705883,0
32000,2729,145,2918.3333333333335,6,0.0,1817,1.0859974033907547,12.53103448275862,0
32000,2744,190,2590.5,6,0.0,3211,1.117745596750895,16.9,0
32000,2750,199,1646.75,8,0.0,3619,1.148397647871666,18.185929648241206,0
32000,2754,156,1561.5,6,0.0,1513,0.7812672065879942,9.698717948717949,0
32000,2797,334,2353.75,8,0.0,4077,0.45925896406058253,12.206586826347305,0
32000,2837,125,1434.6666666666667,6,0.0,1393,1.120317073011349,11.144,0
32000,2873,220,1814.25,8,0.0,4278,1.1107217662857136,19.445454545454545,0
32000,2907,192,1693.75,8,0.0,3005,1.024358281688078,15.651041666666666,0
32000,2953,209,2623.625,8,0.0,3923,1.128588446238205,18.770334928229666,0
32000,2970,136,2692.6,5,0.0,1848,1.2555500051543984,13.588235294117647,0
32000,3006,150,2990.4,5,0.0,1800,1.0053096491487339,12.0,0
32000,3050,83,2984.5,4,0.0,537,0.9795530584861193,6.469879518072289,0
32000,3099,97,1606.8,5,0.0,820,1.0951667450073888,8.45360824742268,0
32000,3100,145,1763.8333333333333,6,0.0,1782,1.0650783559946753,12.289655172413793,0
32000,3129,337,1713.857142857143,7,0.0,3523,0.38981873287945973,10.4540059347181,0
32000,3131,160,2058.25,8,0.0,2513,1.2335659903861171,15.70625,0
32000,3137,207,1795.625,8,0.0,3833,1.1241078803435018,18.516908212560388,0
32000,3150,144,2185.6666666666665,6,0.0,1977,1.1980958094419407,13.729166666666666,0
32000,3183,65,2154.0,5,0.0,382,1.1361783608722376,5.876923076923077,0
32000,3188,99,2696.5,4,0.0,900,1.153936695533441,9.090909090909092,0
32000,3218,144,2909.8333333333335,6,0.0,1729,1.0478035682979847,12.006944444444445,0
32000,3236,86,1745.4,5,0.0,666,1.1315850228722564,7.744186046511628,0
32000,3309,139,2018.0,6,0.0,1693,1.1011265177842802,12.179856115107913,0
32000,3311,101,1819.5,6,0.0,1000,1.2318763468639518,9.900990099009901,0
32000,3323,143,1817.1666666666667,6,0.0,1730,1.0631239260032945,12.097902097902098,0
32000,3350,158,1483.4,5,0.0,858,0.4318997751610387,5.430379746835443,0
32000,3422,201,1302.4285714285713,7,0.0,1516,0.47153827507657,7.54228855721393,0
32000,3469,170,2022.3333333333333,6,0.0,2505,1.0892303940819974,14.735294117647058,0
32000,3478,115,2276.3333333333335,6,0.0,1227,1.1658931375288246,10.669565217391304,0
32000,3532,194,2781.6666666666665,6,0.0,2615,0.8731283653031469,13.47938144329897,0
32000,3605,47,2840.5,4,0.0,217,1.2344510743847625,4.617021276595745,0
32000,3614,152,1962.1666666666667,6,0.0,2100,1.1421995451070923,13.81578947368421,0
32000,3619,230,2301.5714285714284,7,0.0,2837,0.6739280422105288,12.334782608695653,0
32000,3635,156,2191.1666666666665,6,0.0,2313,1.1943628875333978,14.826923076923077,0
32000,3639,95,1382.6,5,0.0,800,1.1139165087520597,8.421052631578947,0
32000,3655,110,2805.8,5,0.0,963,1.0001169340188332,8.754545454545454,0
32000,3663,121,1775.6666666666667,6,0.0,1282,1.1003406275260201,10.59504132231405,0
32000,3792,182,3100.6666666666665,6,0.0,2762,1.047829840504167,15.175824175824175,0
32000,3978,47,2048.25,4,0.0,251,1.4278673717538037,5.340425531914893,0
32000,3992,293,2249.75,8,0.0,2882,0.4218602442728877,9.83617747440273,0
32000,4015,37,2435.0,4,0.0,137,1.2575549847824739,3.7027027027027026,0
32000,4042,210,2324.285714285714,7,0.0,3649,1.0397888066167034,17.376190476190477,0
32000,4157,108,2522.0,5,0.0,533,0.5742348711808504,4.935185185185185,0
32000,4253,102,2119.8,5,0.0,924,1.1160444490261319,9.058823529411764,0
32000,4302,67,2204.0,5,0.0,442,1.2373214104581765,6.597014925373134,0
32000,4329,227,2427.25,8,0.0,4465,1.0888789767531624,19.669603524229075,0
32000,4352,323,1878.5,6,0.0,3584,0.4316908269212134,11.095975232198143,0
32000,4362,175,2089.5,6,0.0,2639,1.0828621077973506,15.08,0
32000,4399,93,2814.4,5,0.0,789,1.1463598583338406,8.483870967741936,0
32000,4405,203,2113.5714285714284,7,0.0,3348,1.020947094490876,16.492610837438423,0
32000,4477,356,1978.857142857143,7,0.0,2333,0.23132608448507092,6.553370786516854,0
32000,4490,243,2586.5,6,0.0,2226,0.47372082486686506,9.160493827160494,0
32000,4501,183,2199.285714285714,7,0.0,2685,1.0075160530190324,14.672131147540984,0
32000,4539,117,2802.0,5,0.0,1071,0.9831677206500602,9.153846153846153,0
32000,4545,84,2721.0,5,0.0,704,1.2537875442898039,8.380952380952381,0
32000,4591,129,1282.6666666666667,6,0.0,1473,1.1123288212818376,11.418604651162791,0
32000,4596,196,1482.2857142857142,7,0.0,3666,1.1991960295772783,18.70408163265306,0
32000,4611,98,2533.4,5,0.0,836,1.0938656636405943,8.53061224489796,0
32000,4647,104,2793.2,5,0.0,933,1.0839888852807977,8.971153846153847,0
32000,4663,145,2820.2,5,0.0,1746,1.0435616215301364,12.041379310344828,0
32000,4681,127,2709.8333333333335,6,0.0,1488,1.1593254060491318,11.716535433070867,0
32000,4703,140,2448.1666666666665,6,0.0,1720,1.102763135545805,12.285714285714286,0
32000,4731,28,2305.0,5,0.0,76,1.218168579963389,2.7142857142857144,0
32000,4773,155,2145.714285714286,7,0.0,2392,1.25114499519447,15.432258064516128,0
32000,4777,117,2668.4,5,0.0,1227,1.1263742233778,10.487179487179487,0
32000,4792,137,2117.3333333333335,6,0.0,1739,1.1643091533044168,12.693430656934307,0
32000,4795,110,2757.6,5,0.0,1115,1.157975473967808,10.136363636363637,0
32000,4809,240,1915.75,8,0.0,5117,1.116356222806873,21.320833333333333,0
32000,4843,184,1841.7142857142858,7,0.0,2896,1.074911664082708,15.73913043478261,0
32000,4858,181,1780.857142857143,7,0.0,2748,1.0540699749170968,15.182320441988951,0
32000,4904,104,2947.75,4,0.0,1187,1.3790941123561704,11.413461538461538,0
32000,4920,123,2258.5,6,0.0,1266,1.0515582786554771,10.292682926829269,0
32000,4943,187,3261.8,5,0.0,1211,0.4351818700560198,6.475935828877005,0
32000,4977,60,2641.75,4,0.0,285,0.9948376736367679,4.75,0
32000,4992,100,3062.2,5,0.0,875,1.0995574287564276,8.75,0
34000,45,195,2098.0,7,0.0,3102,1.0251382418341133,15.907692307692308,0
34000,162,207,2082.1428571428573,7,0.0,2870,0.8416878728374251,13.864734299516908,0
34000,165,124,2066.3333333333335,6,0.0,1362,1.1131241400076217,10.983870967741936,0
34000,224,91,2190.8,5,0.0,771,1.1699881347265937,8.472527472527473,0
34000,262,109,2934.5,4,0.0,952,1.0069173322843137,8.73394495412844,0
34000,277,165,2854.0,6,0.0,2382,1.0994708835042626,14.436363636363636,0
34000,308,123,2240.0,6,0.0,1238,1.028301065541454,10.065040650406504,0
34000,336,89,2425.2,5,0.0,739,1.1723958949642,8.303370786516854,0
34000,370,181,1871.4285714285713,7,0.0,2785,1.0682623290189643,15.386740331491712,0
34000,374,129,3133.1666666666665,6,0.0,1501,1.1334728857732779,11.635658914728682,0
34000,395,65,2561.0,5,0.0,354,1.0528982715936444,5.446153846153846,0
34000,504,125,1576.6666666666667,6,0.0,1446,1.1629422021352553,11.568,0
34000,552,153,1565.1666666666667,6,0.0,2055,1.103160819022944,13.431372549019608,0
34000,563,238,2440.375,8,0.0,5115,1.134753648973363,21.491596638655462,0
34000,717,217,1767.375,8,0.0,4383,1.1696660027338923,20.19815668202765,0
34000,775,187,3455.4,5,0.0,2868,1.0306371621145045,15.336898395721924,0
34000,877,99,2491.0,4,0.0,1082,1.3872883384079813,10.929292929292929,0
34000,903,381,2454.8571428571427,7,0.0,4414,0.38211337681458096,11.585301837270341,0
34000,969,234,2104.125,8,0.0,4834,1.1093914009389334,20.65811965811966,0
34000,1245,226,1775.1666666666667,6,0.0,2308,0.567843671742912,10.212389380530974,0
34000,1266,268,2179.285714285714,7,0.0,2503,0.43792639852613346,9.33955223880597,0
34000,1268,97,3514.5,4,0.0,741,0.9896567781103356,7.639175257731959,0
34000,1304,204,1491.25,8,0.0,3481,1.051123032213194,17.063725490196077,0
34000,1339,120,2618.8,5,0.0,1237,1.0794861423584927,10.308333333333334,0
34000,1407,134,1831.8333333333333,6,0.0,1654,1.1575393738109863,12.343283582089553,0
34000,1582,180,2709.8333333333335,6,0.0,1201,0.4658089848100421,6.6722222222222225,0
34000,1616,182,2183.75,8,0.0,2781,1.0550379386104596,15.280219780219781,0
34000,1711,132,2661.3333333333335,6,0.0,1556,1.1222034364062714,11.787878787878787,0
34000,1733,220,1887.8333333333333,6,0.0,2086,0.5416001880486205,9.481818181818182,0
34000,1803,155,2013.8333333333333,6,0.0,2029,1.0612764194187205,13.09032258064516,0
34000,1839,152,2612.2,5,0.0,1846,1.0040477906036631,12.144736842105264,0
34000,1842,129,1697.3333333333333,6,0.0,1496,1.129697159971235,11.5968992248062,0
34000,1952,165,2002.0,7,0.0,2461,1.1359352830831193,14.915151515151516,0
34000,1972,158,1857.6666666666667,6,0.0,2300,1.1577732900587283,14.556962025316455,0
34000,2010,129,3394.8,5,0.0,1406,1.0617340955344627,10.89922480620155,0
34000,2090,98,2527.0,5,0.0,840,1.0990994706436594,8.571428571428571,0
34000,2119,206,2611.8571428571427,7,0.0,3699,1.0953672566338621,17.95631067961165,0
34000,2142,119,3331.2,5,0.0,1216,1.079069745573106,10.218487394957982,0
34000,2147,231,1869.625,8,0.0,4443,1.0463144363785875,19.233766233766232,0
34000,2170,188,1646.625,8,0.0,2945,1.0470790363085039,15.664893617021276,0
34000,2175,275,2036.0,8,0.0,4471,0.7429321390651221,16.258181818181818,0
34000,2198,185,2287.0,7,0.0,3048,1.1191321441217459,16.475675675675674,0
34000,2234,26,3194.0,4,0.0,64,1.1897155611227619,2.4615384615384617,0
34000,2270,201,2108.1428571428573,7,0.0,3289,1.0230141073396035,16.36318407960199,0
34000,2281,276,2134.5,6,0.0,2474,0.4081233052395058,8.96376811594203,0
34000,2380,125,3904.25,4,0.0,1171,0.9417740793225338,9.368,0
34000,2403,126,2890.2,5,0.0,1499,1.186507278339909,11.896825396825397,0
34000,2439,271,1873.3333333333333,9,0.0,6293,1.0767850420904164,23.22140221402214,0
34000,2495,46,2295.0,5,0.0,198,1.1758702181678244,4.304347826086956,0
34000,2521,80,2137.8,5,0.0,544,1.0681415022205298,6.8,0
34000,2576,251,1909.5714285714287,7,0.0,2426,0.48389732084308745,9.665338645418327,0
34000,2585,134,2448.1666666666665,6,0.0,1647,1.1526404768238783,12.291044776119403,0
34000,2602,264,2049.5,6,0.0,2521,0.4545428764749695,9.549242424242424,0
34000,2623,142,2394.6666666666665,6,0.0,1669,1.0401345246660116,11.753521126760564,0
34000,2658,82,2520.0,5,0.0,627,1.1717897643074362,7.646341463414634,0
34000,2729,146,2945.5,6,0.0,1838,1.0835517540435429,12.58904109589041,0
34000,2744,195,2988.1666666666665,6,0.0,3223,1.0651259037496283,16.52820512820513,0
34000,2750,199,1649.5,8,0.0,3696,1.1728316403795738,18.57286432160804,0
34000,2754,119,1895.2,5,0.0,1377,1.221939999715598,11.571428571428571,0
34000,2797,342,2692.285714285714,7,0.0,4228,0.4542475886384749,12.362573099415204,0
34000,2837,122,1729.6,5,0.0,1333,1.1254348312913718,10.926229508196721,0
34000,2873,220,1811.375,8,0.0,4415,1.146291864925532,20.068181818181817,0
34000,2907,202,1668.25,8,0.0,3215,0.9901206137919013,15.915841584158416,0
34000,2953,212,2626.75,8,0.0,4071,1.1382541556393777,19.202830188679247,0
34000,2970,135,2735.4,5,0.0,1805,1.2445705875949686,13.37037037037037,0
34000,3006,147,3023.4,5,0.0,1756,1.0211738997091353,11.945578231292517,0
34000,3050,72,3082.0,4,0.0,413,1.0011402514911918,5.736111111111111,0
34000,3099,92,2083.6,5,0.0,794,1.1788395874056217,8.630434782608695,0
34000,3100,144,1760.5,6,0.0,1761,1.067196115542366,12.229166666666666,0
34000,3129,341,1703.0,7,0.0,3568,0.3855901682306957,10.463343108504398,0
34000,3131,162,2023.625,8,0.0,2688,1.2870905430345014,16.59259259259259,0
34000,3137,208,1784.75,8,0.0,3905,1.1342381020957972,18.77403846153846,0
34000,3150,143,2197.6666666666665,6,0.0,1972,1.2118383711436398,13.79020979020979,0
34000,3183,59,2170.0,5,0.0,318,1.1479764020012113,5.389830508474576,0
34000,3188,90,2791.75,4,0.0,742,1.1511416044264822,8.244444444444444,0
34000,3218,147,2934.1666666666665,6,0.0,1764,1.0258261726007487,12.0,0
34000,3236,80,1787.8,5,0.0,590,1.1584622910112363,7.375,0
34000,3309,140,2017.8333333333333,6,0.0,1690,1.083528894809541,12.071428571428571,0
34000,3311,103,1798.5,6,0.0,1016,1.2034529686293638,9.864077669902912,0
34000,3323,143,1803.0,6,0.0,1737,1.067425583507354,12.146853146853147,0
34000,3350,152,1476.6,5,0.0,806,0.4383870635030078,5.302631578947368,0
34000,3422,207,1273.857142857143,7,0.0,1569,0.46014225522018115,7.579710144927536,0
34000,3469,173,2040.1666666666667,6,0.0,2541,1.0668965796079608,14.6878612716763,0
34000,3478,115,2284.5,6,0.0,1239,1.177295515401967,10.773913043478261,0
34000,3532,196,2849.5,6,0.0,2518,0.8236703771073614,12.846938775510203,0
34000,3614,150,1983.5,6,0.0,2102,1.1739782680614657,14.013333333333334,0
34000,3619,234,2311.4285714285716,7,0.0,2923,0.6708214863352301,12.491452991452991,0
34000,3635,155,2207.8333333333335,6,0.0,2281,1.1930860092134556,14.716129032258065,0
34000,3639,90,1389.4,5,0.0,729,1.1309733552923253,8.1,0
34000,3655,108,2817.0,5,0.0,919,0.9900972731992523,8.50925925925926,0
34000,3663,121,1778.6666666666667,6,0.0,1289,1.106348727676318,10.652892561983471,0
34000,3792,183,3127.8333333333335,6,0.0,2756,1.0341580045141352,15.060109289617486,0
34000,3978,9,2126.5,4,0.0,11,1.7065441575055664,1.2222222222222223,0
34000,3992,298,2233.125,8,0.0,3049,0.43145425885299216,10.231543624161073,0
34000,4042,212,2321.4285714285716,7,0.0,3696,1.03340392022676,17.433962264150942,0
34000,4157,101,2556.2,5,0.0,499,0.6147062970851119,4.9405940594059405,0
34000,4253,99,2157.0,5,0.0,885,1.1347044172745504,8.93939393939394,0
34000,4302,64,2207.0,5,0.0,392,1.2026409377023426,6.125,0
34000,4329,230,2417.375,8,0.0,4585,1.0891646364241363,19.934782608695652,0
34000,4352,323,2305.3333333333335,6,0.0,3577,0.4308476807748829,11.074303405572756,0
34000,4362,173,2115.0,6,0.0,2610,1.09586779723604,15.086705202312139,0
34000,4399,90,2858.4,5,0.0,757,1.1744126611197399,8.411111111111111,0
34000,4405,205,2494.8333333333335,6,0.0,3400,1.0166724589844423,16.585365853658537,0
34000,4477,370,2297.1428571428573,7,0.0,2439,0.2238815042251426,6.591891891891892,0
34000,4490,242,3145.3333333333335,6,0.0,2244,0.4815063120453177,9.272727272727273,0
34000,4501,182,2219.5714285714284,7,0.0,2734,1.0372073801369996,15.021978021978022,0
34000,4539,115,2833.2,5,0.0,1037,0.9853554878707345,9.017391304347827,0
34000,4545,83,2797.6,5,0.0,661,1.205744081302281,7.963855421686747,0
34000,4591,130,1271.0,6,0.0,1474,1.0960254606843445,11.338461538461539,0
34000,4596,198,1492.7142857142858,7,0.0,3664,1.1744511256762575,18.505050505050505,0
34000,4611,95,2555.0,5,0.0,796,1.1083469262082994,8.378947368421052,0
34000,4647,101,2818.6,5,0.0,889,1.0951380723620532,8.801980198019802,0
34000,4663,142,2880.4,5,0.0,1687,1.0513522726851776,11.880281690140846,0
34000,4681,132,2694.8333333333335,6,0.0,1512,1.090470177279102,11.454545454545455,0
34000,4703,132,3024.4,5,0.0,1594,1.1496094329251907,12.075757575757576,0
34000,4773,162,2515.1666666666665,6,0.0,2458,1.1769600278194958,15.17283950617284,0
34000,4777,117,2722.8,5,0.0,1206,1.1070964249336812,10.307692307692308,0
34000,4792,137,2116.3333333333335,6,0.0,1740,1.1649786812821652,12.700729927007298,0
34000,4795,107,2799.0,5,0.0,1062,1.1656463964057509,9.925233644859814,0
34000,4809,245,1921.625,8,0.0,5328,1.1154289484932223,21.746938775510205,0
34000,4843,185,1841.7142857142858,7,0.0,2917,1.0710329607621827,15.767567567567568,0
34000,4858,183,1784.4285714285713,7,0.0,2804,1.0521694646798387,15.3224043715847,0
34000,4904,98,3014.0,4,0.0,1052,1.3764912418061068,10.73469387755102,0
34000,4920,122,2267.6666666666665,6,0.0,1292,1.0908190562854105,10.59016393442623,0
34000,4943,182,3338.0,5,0.0,1145,0.4343827543002431,6.291208791208791,0
34000,4977,32,2724.25,4,0.0,91,1.1167380135807468,2.84375,0
34000,4992,98,3109.4,5,0.0,847,1.1082586328990234,8.642857142857142,0
36000,45,195,2092.285714285714,7,0.0,3132,1.0350525381768028,16.06153846153846,0
36000,162,211,2074.1428571428573,7,0.0,2934,0.8281424806839427,13.90521327014218,0
36000,165,124,2073.6666666666665,6,0.0,1367,1.1172104988182223,11.024193548387096,0
36000,224,89,2208.2,5,0.0,731,1.1597041938008528,8.213483146067416,0
36000,262,101,2998.0,4,0.0,828,1.019993615203352,8.198019801980198,0
36000,277,163,2865.0,6,0.0,2381,1.1261443198008654,14.607361963190185,0
36000,308,126,2670.1666666666665,6,0.0,1302,1.0305753678442708,10.333333333333334,0
36000,336,86,2439.4,5,0.0,699,1.1876545510325935,8.127906976744185,0
36000,370,183,1868.5714285714287,7,0.0,2842,1.0664285373110207,15.530054644808743,0
36000,374,129,3152.5,6,0.0,1528,1.1538618051043097,11.844961240310077,0
36000,395,59,2589.8,5,0.0,283,1.0216267980073674,4.796610169491525,0
36000,504,126,1556.5,6,0.0,1456,1.1524713790946683,11.555555555555555,0
36000,552,152,1566.6666666666667,6,0.0,2058,1.1193555542049505,13.539473684210526,0
36000,563,239,2449.25,8,0.0,5182,1.1400173758094088,21.682008368200837,0
36000,717,218,1750.25,8,0.0,4440,1.1740317634827608,20.36697247706422,0
36000,775,185,3489.8,5,0.0,2813,1.0328473495454302,15.205405405405406,0
36000,877,93,2570.25,4,0.0,937,1.3613931397450045,10.075268817204302,0
36000,903,383,2466.285714285714,7,0.0,4481,0.3838727288545389,11.699738903394255,0
36000,969,235,2110.875,8,0.0,4920,1.119539038889038,20.93617021276596,0
36000,1245,230,1772.6666666666667,6,0.0,2316,0.5501647323791276,10.069565217391304,0
36000,1266,282,2156.0,7,0.0,2587,0.4087973539981286,9.173758865248226,0
36000,1268,92,3587.75,4,0.0,655,0.972468425378693,7.119565217391305,0
36000,1304,210,1458.375,8,0.0,3621,1.0318101586075865,17.242857142857144,0
36000,1339,118,2663.8,5,0.0,1207,1.0893140858612125,10.228813559322035,0
36000,1407,133,1828.8333333333333,6,0.0,1638,1.163644924321348,12.31578947368421,0
36000,1582,181,2737.5,6,0.0,1220,0.46796410822374745,6.740331491712707,0
36000,1616,185,2166.125,8,0.0,2921,1.0725016381166732,15.78918918918919,0
36000,1711,134,2701.1666666666665,6,0.0,1560,1.091754185698391,11.64179104477612,0
36000,1733,224,2784.5,6,0.0,2125,0.5321974162052224,9.486607142857142,0
36000,1803,155,2029.1666666666667,6,0.0,2015,1.0539536644301242,13.0,0
36000,1839,144,2641.4,5,0.0,1736,1.052045688007693,12.055555555555555,0
36000,1842,129,1691.0,6,0.0,1507,1.1380037567357295,11.682170542635658,0
36000,1952,161,2353.8333333333335,6,0.0,2426,1.1761126156566242,15.06832298136646,0
36000,1972,159,1851.6666666666667,6,0.0,2300,1.1432559002027647,14.465408805031446,0
36000,2010,129,3435.4,5,0.0,1388,1.0481414826471085,10.75968992248062,0
36000,2090,97,2541.8,5,0.0,820,1.0951667450073888,8.45360824742268,0
36000,2119,205,2629.285714285714,7,0.0,3713,1.1102661294733043,18.11219512195122,0
36000,2142,118,3398.6,5,0.0,1189,1.0730691367762895,10.076271186440678,0
36000,2147,232,1860.75,8,0.0,4531,1.0578594168709388,19.530172413793103,0
36000,2170,192,1618.875,8,0.0,3096,1.055378782065321,16.125,0
36000,2175,279,2025.25,8,0.0,4544,0.7335669900392863,16.28673835125448,0
36000,2198,186,2307.5714285714284,7,0.0,3089,1.1220233214173745,16.607526881720432,0
36000,2270,203,2114.0,7,0.0,3328,1.0148482468535351,16.39408866995074,0
36000,2281,274,2143.0,6,0.0,2485,0.41594425617617536,9.069343065693431,0
36000,2380,119,4018.0,4,0.0,1053,0.9344247056648689,8.84873949579832,0
36000,2403,124,2899.0,5,0.0,1451,1.1858613268363136,11.701612903225806,0
36000,2439,272,1852.0,9,0.0,6410,1.0887548069588329,23.566176470588236,0
36000,2495,29,2327.0,5,0.0,78,1.1654897834958566,2.689655172413793,0
36000,2521,79,2156.0,5,0.0,492,0.9906512325372077,6.227848101265823,0
36000,2576,254,1912.5714285714287,7,0.0,2499,0.4867530560680075,9.838582677165354,0
36000,2585,135,2458.6666666666665,6,0.0,1655,1.141143668958268,12.25925925925926,0
36000,2602,264,2064.6666666666665,6,0.0,2503,0.4512974295187817,9.481060606060606,0
36000,2623,143,2411.6666666666665,6,0.0,1677,1.0305542334725577,11.727272727272727,0
36000,2658,80,2560.4,5,0.0,602,1.1820242359131596,7.525,0
36000,2729,148,2966.0,6,0.0,1867,1.0711018050131746,12.614864864864865,0
36000,2744,197,3007.8333333333335,6,0.0,3256,1.054294177132971,16.527918781725887,0
36000,2750,199,1626.0,8,0.0,3767,1.195361685419333,18.92964824120603,0
36000,2754,117,1897.0,5,0.0,1297,1.190633551524863,11.085470085470085,0
36000,2797,342,2733.5714285714284,7,0.0,4243,0.4558591576615537,12.40643274853801,0
36000,2837,124,2660.6,5,0.0,1271,1.0387524096546896,10.25,0
36000,2873,228,1954.25,8,0.0,4613,1.1151251855193687,20.232456140350877,0
36000,2907,200,1926.7142857142858,7,0.0,3265,1.0257300013970674,16.325,0
36000,2953,214,2644.875,8,0.0,4187,1.1489080653839168,19.565420560747665,0
36000,2970,134,2777.6,5,0.0,1768,1.2373214104581765,13.194029850746269,0
36000,3006,145,3054.6,5,0.0,1709,1.021447199997138,11.786206896551723,0
36000,3050,59,3141.75,4,0.0,283,1.0216267980073674,4.796610169491525,0
36000,3099,89,2100.6,5,0.0,747,1.185087596127547,8.393258426966293,0
36000,3100,142,1762.1666666666667,6,0.0,1747,1.088744766082398,12.30281690140845,0
36000,3129,343,1684.142857142857,7,0.0,3610,0.38559272002173084,10.524781341107872,0
36000,3131,164,2302.8571428571427,7,0.0,2741,1.2806522105130314,16.713414634146343,0
36000,3137,211,1771.75,8,0.0,3996,1.1278995749192349,18.938388625592417,0
36000,3150,142,2209.8333333333335,6,0.0,1966,1.2252273669822522,13.845070422535212,0
36000,3183,51,2190.4,5,0.0,244,1.1788521452916718,4.784313725490196,0
36000,3188,82,2853.0,4,0.0,611,1.141887633160835,7.451219512195122,0
36000,3218,146,2953.3333333333335,6,0.0,1798,1.059970649494173,12.315068493150685,0
36000,3236,76,1824.0,5,0.0,517,1.1247945996578415,6.802631578947368,0
36000,3309,139,2016.3333333333333,6,0.0,1694,1.1017769173813177,12.18705035971223,0
36000,3311,104,1787.5,6,0.0,1023,1.188553729520103,9.836538461538462,0
36000,3323,143,1797.3333333333333,6,0.0,1743,1.0711127185108338,12.188811188811188,0
36000,3350,148,1473.8,5,0.0,761,0.43658729170595917,5.141891891891892,0
36000,3422,208,1245.5714285714287,7,0.0,1619,0.47025134117620887,7.783653846153846,0
36000,3469,177,2260.8333333333335,6,0.0,2620,1.0509078173456232,14.80225988700565,0
36000,3478,116,2295.6666666666665,6,0.0,1247,1.1645558974513888,10.75,0
36000,3532,199,2867.6666666666665,6,0.0,2473,0.7847436814552722,12.42713567839196,0
36000,3614,150,2005.1666666666667,6,0.0,2102,1.1739782680614657,14.013333333333334,0
36000,3619,229,2741.1666666666665,6,0.0,2881,0.6903703922497431,12.580786026200874,0
36000,3635,155,2220.6666666666665,6,0.0,2257,1.1805327149472904,14.561290322580644,0
36000,3639,86,1395.2,5,0.0,664,1.128186869650418,7.72093023255814,0
36000,3655,107,2827.4,5,0.0,879,0.9647864241437428,8.214953271028037,0
36000,3663,121,1760.0,6,0.0,1287,1.1046321276333757,10.636363636363637,0
36000,3792,184,3152.3333333333335,6,0.0,2763,1.025545900504324,15.016304347826088,0
36000,3992,305,2219.875,8,0.0,3193,0.43132944231818154,10.468852459016393,0
36000,4042,212,2322.714285714286,7,0.0,3751,1.048781954753944,17.693396226415093,0
36000,4157,94,2567.6,5,0.0,458,0.6513578249633885,4.872340425531915,0
36000,4253,97,2199.0,5,0.0,845,1.1285559750381018,8.711340206185566,0
36000,4302,58,2212.6,5,0.0,334,1.2476717554090262,5.758620689655173,0
36000,4329,231,2408.625,8,0.0,4684,1.1030692820160484,20.27705627705628,0
36000,4352,321,2317.3333333333335,6,0.0,3559,0.43403803356435106,11.087227414330219,0
36000,4362,173,2132.1666666666665,6,0.0,2597,1.0904094518858223,15.011560693641618,0
36000,4399,89,2868.8,5,0.0,724,1.1485989552829239,8.134831460674157,0
36000,4405,204,2521.6666666666665,6,0.0,3387,1.0227387848624212,16.602941176470587,0
36000,4477,363,2704.6666666666665,6,0.0,2388,0.22773560569701298,6.578512396694215,0
36000,4490,242,3171.1666666666665,6,0.0,2292,0.4918059123029715,9.47107438016529,0
36000,4501,182,2225.285714285714,7,0.0,2783,1.0557966857795427,15.291208791208792,0
36000,4539,112,2863.4,5,0.0,996,0.997776238193697,8.892857142857142,0
36000,4545,79,2851.0,5,0.0,613,1.2342870031408704,7.7594936708860756,0
36000,4591,130,1255.1666666666667,6,0.0,1479,1.0997433218128532,11.376923076923077,0
36000,4596,198,1481.7142857142858,7,0.0,3684,1.180861885095888,18.606060606060606,0
36000,4611,93,2550.4,5,0.0,760,1.1042249585978692,8.172043010752688,0
36000,4647,100,2844.8,5,0.0,847,1.064371591036222,8.47,0
36000,4663,140,2907.4,5,0.0,1637,1.0495484028421411,11.692857142857143,0
36000,4681,123,3283.0,5,0.0,1385,1.1504014343900757,11.260162601626016,0
36000,4703,128,3104.8,5,0.0,1513,1.1604564660354875,11.8203125,0
36000,4773,163,2525.8333333333335,6,0.0,2482,1.173914406445085,15.226993865030675,0
36000,4777,116,2757.0,5,0.0,1190,1.1113243929167222,10.258620689655173,0
36000,4792,139,2112.5,6,0.0,1758,1.1434024915917098,12.647482014388489,0
36000,4795,105,2840.6,5,0.0,1022,1.1648826093310725,9.733333333333333,0
36000,4809,254,2163.75,8,0.0,5569,1.0847249976961721,21.9251968503937,0
36000,4843,185,1841.5714285714287,7,0.0,2937,1.0783763475346353,15.875675675675677,0
36000,4858,186,1790.2857142857142,7,0.0,2865,1.0406593770996366,15.403225806451612,0
36000,4904,90,3073.0,4,0.0,926,1.436599899863777,10.28888888888889,0
36000,4920,123,2276.1666666666665,6,0.0,1317,1.0939196311131623,10.707317073170731,0
36000,4943,176,3388.0,5,0.0,1091,0.4425978286501116,6.198863636363637,0
36000,4992,96,3144.8,5,0.0,811,1.1058297057557822,8.447916666666666,0
38000,45,194,2091.285714285714,7,0.0,3151,1.052094638267769,16.242268041237114,0
38000,162,217,2063.5714285714284,7,0.0,2992,0.798457832575817,13.788018433179724,0
38000,165,124,2079.8333333333335,6,0.0,1388,1.1343732058227454,11.193548387096774,0
38000,224,86,2225.2,5,0.0,696,1.1825573211998355,8.093023255813954,0
38000,262,95,3056.25,4,0.0,723,1.006702044784674,7.610526315789474,0
38000,277,163,2870.1666666666665,6,0.0,2385,1.1280362044204384,14.631901840490798,0
38000,308,129,2676.0,6,0.0,1343,1.0141599504287224,10.410852713178295,0
38000,336,83,2455.2,5,0.0,657,1.198447596695308,7.9156626506024095,0
38000,370,185,1871.2857142857142,7,0.0,2890,1.061119388619372,15.621621621621621,0
38000,374,131,3164.8333333333335,6,0.0,1567,1.1474566023367416,11.961832061068701,0
38000,395,35,3102.75,4,0.0,101,1.0360844343267563,2.8857142857142857,0
38000,504,126,1539.8333333333333,6,0.0,1459,1.1548459767164294,11.579365079365079,0
38000,552,151,1541.3333333333333,6,0.0,2057,1.1336794155404069,13.62251655629139,0
38000,563,240,2455.375,8,0.0,5240,1.1431906600562858,21.833333333333332,0
38000,717,220,1733.25,8,0.0,4502,1.168880175740599,20.463636363636365,0
38000,775,183,3519.0,5,0.0,2750,1.0319065719934224,15.027322404371585,0
38000,877,85,2633.0,4,0.0,812,1.4123035209494323,9.552941176470588,0
38000,903,383,2481.1428571428573,7,0.0,4535,0.388498733620918,11.840731070496084,0
38000,969,236,2112.375,8,0.0,5006,1.1294752099878271,21.21186440677966,0
38000,1245,236,1770.3333333333333,6,0.0,2326,0.524802105160145,9.85593220338983,0
38000,1266,284,2135.4285714285716,7,0.0,2655,0.41365445820674973,9.348591549295774,0
38000,1268,84,3656.25,4,0.0,563,1.002673845788579,6.7023809523809526,0
38000,1304,219,1900.2222222222222,9,0.0,3926,1.0286601828980653,17.926940639269407,0
38000,1339,118,2695.4,5,0.0,1186,1.0703616452621358,10.05084745762712,0
38000,1407,133,1823.0,6,0.0,1630,1.157961676827715,12.25563909774436,0
38000,1582,183,2759.0,6,0.0,1239,0.46492081552721837,6.770491803278689,0
38000,1616,187,2150.75,8,0.0,3035,1.0906498560033198,16.22994652406417,0
38000,1711,133,2735.1666666666665,6,0.0,1555,1.104681231574906,11.691729323308271,0
38000,1733,226,2796.0,6,0.0,2146,0.5279863602947525,9.495575221238939,0
38000,1803,155,2046.1666666666667,6,0.0,2011,1.0518614487190965,12.974193548387097,0
38000,1839,142,2659.0,5,0.0,1672,1.0420041493358727,11.774647887323944,0
38000,1842,129,1680.3333333333333,6,0.0,1514,1.1432897728585893,11.736434108527131,0
38000,1952,158,2378.6666666666665,6,0.0,2377,1.1965335262911292,15.044303797468354,0
38000,1972,160,2507.5714285714284,7,0.0,2384,1.170243263462198,14.9,0
38000,2010,127,3495.6,5,0.0,1357,1.0572611397907743,10.68503937007874,0
38000,2090,96,2558.6,5,0.0,775,1.0567423205434416,8.072916666666666,0
38000,2119,205,2659.5714285714284,7,0.0,3728,1.1147514491452943,18.185365853658535,0
38000,2142,117,3453.0,5,0.0,1164,1.0685408280454436,9.948717948717949,0
38000,2147,232,1844.375,8,0.0,4635,1.0821404540271025,19.978448275862068,0
38000,2170,195,1598.125,8,0.0,3219,1.0638039975706028,16.50769230769231,0
38000,2175,279,2017.0,8,0.0,4604,0.743253173886636,16.50179211469534,0
38000,2198,186,2324.1428571428573,7,0.0,3116,1.1318305825628159,16.752688172043012,0
38000,2270,203,2107.5714285714284,7,0.0,3364,1.0258261726007487,16.571428571428573,0
38000,2281,273,2150.5,6,0.0,2475,0.41731094299586674,9.065934065934066,0
38000,2380,112,4116.75,4,0.0,935,0.9366674525211915,8.348214285714286,0
38000,2403,124,2900.2,5,0.0,1418,1.1588913586863494,11.435483870967742,0
38000,2439,277,1872.8,10,0.0,6627,1.085343716995637,23.924187725631768,0
38000,2521,58,2779.25,4,0.0,286,1.068365634871202,4.931034482758621,0
38000,2576,258,1912.0,7,0.0,2552,0.48178261234067377,9.891472868217054,0
38000,2585,135,2463.3333333333335,6,0.0,1661,1.145280745703736,12.303703703703704,0
38000,2602,261,2076.8333333333335,6,0.0,2490,0.4593335803901049,9.540229885057471,0
38000,2623,145,2415.0,6,0.0,1694,1.012481893970247,11.682758620689656,0
38000,2658,78,2601.2,5,0.0,567,1.1711262554802186,7.269230769230769,0
38000,2729,148,2989.8333333333335,6,0.0,1886,1.0820021447535335,12.743243243243244,0
38000,2744,196,3035.0,6,0.0,3257,1.065406838061428,16.617346938775512,0
38000,2750,200,1599.25,8,0.0,3850,1.2095131716320704,19.25,0
38000,2754,115,1896.2,5,0.0,1233,1.1715943264653959,10.721739130434782,0
38000,2797,343,2756.714285714286,7,0.0,4270,0.45608889598138247,12.448979591836734,0
38000,2837,121,2703.2,5,0.0,1228,1.0539924263665776,10.148760330578513,0
38000,2873,232,1940.0,8,0.0,4757,1.1106239783833713,20.504310344827587,0
38000,2907,200,1939.7142857142858,7,0.0,3308,1.0392388498075036,16.54,0
38000,2953,216,2655.875,8,0.0,4295,1.1568193113141427,19.88425925925926,0
38000,2970,126,3578.25,4,0.0,1628,1.288614976075632,12.920634920634921,0
38000,3006,143,3078.0,5,0.0,1677,1.0305542334725577,11.727272727272727,0
38000,3050,36,3208.0,4,0.0,117,1.1344640137963142,3.25,0
38000,3099,87,2114.2,5,0.0,709,1.1771114764936785,8.149425287356323,0
38000,3100,140,1763.8333333333333,6,0.0,1726,1.1066099836930579,12.32857142857143,0
38000,3129,345,1668.0,7,0.0,3656,0.38599160652045483,10.597101449275362,0
38000,3131,165,2298.4285714285716,7,0.0,2780,1.2831776054331865,16.848484848484848,0
38000,3137,218,2246.375,8,0.0,4094,1.082541900832978,18.779816513761467,0
38000,3150,144,2219.0,6,0.0,1980,1.1999138607461015,13.75,0
38000,3183,39,2219.4,5,0.0,146,1.206239388360578,3.7435897435897436,0
38000,3188,73,2954.0,4,0.0,478,1.127176797459877,6.5479452054794525,0
38000,3218,148,2977.8333333333335,6,0.0,1809,1.0378270837004997,12.222972972972974,0
38000,3236,71,1854.6,5,0.0,456,1.1367317992754973,6.422535211267606,0
38000,3309,140,2017.6666666666667,6,0.0,1693,1.0854523188831673,12.092857142857143,0
38000,3311,105,1781.5,6,0.0,1032,1.1762806779155253,9.82857142857143,0
38000,3323,143,1824.5,6,0.0,1740,1.069269151009094,12.167832167832168,0
38000,3350,143,1468.2,5,0.0,725,0.44552881292045576,5.06993006993007,0
38000,3422,211,1223.7142857142858,7,0.0,1643,0.46374849889697267,7.786729857819905,0
38000,3469,175,2284.1666666666665,6,0.0,2646,1.0857344210806323,15.12,0
38000,3478,118,2301.6666666666665,6,0.0,1270,1.1461714076584422,10.76271186440678,0
38000,3532,208,2904.6666666666665,6,0.0,2462,0.715107351436582,11.836538461538462,0
38000,3614,151,2027.3333333333333,6,0.0,2113,1.1645428318118034,13.993377483443709,0
38000,3619,230,2784.5,6,0.0,2839,0.6744031412885764,12.343478260869565,0
38000,3635,154,2231.5,6,0.0,2238,1.1858465776242126,14.532467532467532,0
38000,3639,83,1397.2,5,0.0,614,1.1200103871703486,7.397590361445783,0
38000,3655,98,3541.5,4,0.0,765,1.0009655893361897,7.8061224489795915,0
38000,3663,121,1745.0,6,0.0,1290,1.1072070276977892,10.661157024793388,0
38000,3792,183,3180.6666666666665,6,0.0,2770,1.0394113470624655,15.136612021857923,0
38000,3992,310,2206.625,8,0.0,3324,0.43465781396597175,10.72258064516129,0
38000,4042,214,2344.5714285714284,7,0.0,3792,1.0405205120458114,17.7196261682243,0
38000,4157,86,2580.8,5,0.0,419,0.7119130999751884,4.872093023255814,0
38000,4253,95,2274.8,5,0.0,813,1.1320176520192806,8.557894736842105,0
38000,4302,54,2220.8,5,0.0,280,1.206647384094845,5.185185185185185,0
38000,4329,234,2402.625,8,0.0,4760,1.0924085785000668,20.34188034188034,0
38000,4352,319,2328.8333333333335,6,0.0,3545,0.43776873092740115,11.112852664576803,0
38000,4362,173,2152.1666666666665,6,0.0,2595,1.089569706447327,15.0,0
38000,4399,87,2878.6,5,0.0,694,1.152207848641203,7.977011494252873,0
38000,4405,204,2540.3333333333335,6,0.0,3372,1.0182093836894255,16.529411764705884,0
38000,4477,359,2728.3333333333335,6,0.0,2341,0.22825609366946892,6.520891364902507,0
38000,4490,240,3190.1666666666665,6,0.0,2316,0.5052728184523584,9.65,0
38000,4501,183,2220.5714285714284,7,0.0,2842,1.0664285373110207,15.530054644808743,0
38000,4539,111,2887.8,5,0.0,973,0.9923771291105815,8.765765765765765,0
38000,4545,76,2896.8,5,0.0,560,1.2183461814475651,7.368421052631579,0
38000,4591,133,1238.6666666666667,6,0.0,1489,1.0577944397524341,11.19548872180451,0
38000,4596,199,1470.0,7,0.0,3715,1.1788608073620446,18.668341708542712,0
38000,4611,90,2559.4,5,0.0,721,1.1185621250559215,8.011111111111111,0
38000,4647,97,2865.2,5,0.0,819,1.0938311758061603,8.443298969072165,0
38000,4663,139,2935.4,5,0.0,1598,1.0393385560657293,11.496402877697841,0
38000,4681,119,3346.8,5,0.0,1317,1.1686964267432407,11.067226890756302,0
38000,4703,126,3171.8,5,0.0,1452,1.1493052489323206,11.523809523809524,0
38000,4773,165,2556.1666666666665,6,0.0,2501,1.1543982702116544,15.157575757575758,0
38000,4777,115,2780.4,5,0.0,1166,1.1079310500070167,10.139130434782608,0
38000,4792,140,2756.5,6,0.0,1826,1.1707241194806046,13.042857142857143,0
38000,4795,102,2878.8,5,0.0,988,1.193346229045258,9.686274509803921,0
38000,4809,261,2152.0,8,0.0,5741,1.0590498333412017,21.99616858237548,0
38000,4843,186,1835.0,7,0.0,2957,1.0740767113729932,15.897849462365592,0
38000,4858,188,1805.142857142857,7,0.0,2929,1.0413903216800027,15.579787234042554,0
38000,4904,85,3123.0,4,0.0,821,1.427957131403305,9.658823529411764,0
38000,4920,125,2279.3333333333335,6,0.0,1342,1.0793004393260806,10.736,0
38000,4943,172,3418.8,5,0.0,1050,0.4460076103663173,6.104651162790698,0
38000,4992,94,3180.4,5,0.0,766,1.0893888513579817,8.148936170212766,0
40000,45,195,2089.285714285714,7,0.0,3190,1.0542201777726696,16.358974358974358,0
40000,162,222,2055.714285714286,7,0.0,3048,0.7771751000845458,13.72972972972973,0
40000,165,124,2085.5,6,0.0,1402,1.1458150104924272,11.306451612903226,0
40000,224,84,2243.2,5,0.0,669,1.191454356718578,7.964285714285714,0
40000,262,88,3113.75,4,0.0,633,1.0271839616334395,7.193181818181818,0
40000,277,162,2866.3333333333335,6,0.0,2375,1.1372172766766893,14.660493827160494,0
40000,308,123,3254.6,5,0.0,1274,1.058203196688055,10.357723577235772,0
40000,336,81,2484.6,5,0.0,622,1.1913248776301486,7.679012345679013,0
40000,370,186,1882.4285714285713,7,0.0,2937,1.066812073487481,15.790322580645162,0
40000,374,124,3846.6,5,0.0,1503,1.2283594584665607,12.120967741935484,0
40000,504,127,1523.8333333333333,6,0.0,1458,1.1359519099594315,11.48031496062992,0
40000,552,153,2643.0,6,0.0,2084,1.1187285386101293,13.620915032679738,0
40000,563,241,2461.125,8,0.0,5314,1.1497338793186178,22.04979253112033,0
40000,717,222,1720.75,8,0.0,4576,1.1667825649563262,20.61261261261261,0
40000,775,181,3546.0,5,0.0,2708,1.038726889401564,14.96132596685083,0
40000,877,79,2688.75,4,0.0,696,1.4014090606623912,8.810126582278482,0
40000,903,383,2482.5714285714284,7,0.0,4579,0.3922680708379677,11.955613577023499,0
40000,969,238,2116.25,8,0.0,5103,1.132091470324745,21.441176470588236,0
40000,1245,238,1768.6666666666667,6,0.0,2321,0.5149097202868378,9.752100840336135,0
40000,1266,285,2119.0,7,0.0,2712,0.4195752182966091,9.51578947368421,0
40000,1268,77,3718.75,4,0.0,477,1.010989843658176,6.194805194805195,0
40000,1304,223,1874.2222222222222,9,0.0,4218,1.0658760733448691,18.91479820627803,0
40000,1339,118,2722.8,5,0.0,1167,1.0532141990058284,9.889830508474576,0
40000,1407,135,1818.3333333333333,6,0.0,1627,1.1218373108127502,12.051851851851852,0
40000,1582,186,2770.1666666666665,6,0.0,1256,0.45621925921017226,6.752688172043011,0
40000,1616,187,2138.25,8,0.0,3135,1.1265856008469217,16.764705882352942,0
40000,1711,132,2759.8333333333335,6,0.0,1546,1.1149913320591873,11.712121212121213,0
40000,1733,229,2807.3333333333335,6,0.0,2166,0.5190358450582935,9.458515283842795,0
40000,1803,154,2060.1666666666665,6,0.0,1995,1.057088437158313,12.954545454545455,0
40000,1839,139,2693.6,5,0.0,1618,1.0523465480064769,11.640287769784173,0
40000,1842,130,1667.3333333333333,6,0.0,1526,1.1346912164208343,11.738461538461538,0
40000,1952,158,2395.3333333333335,6,0.0,2362,1.1889828309211812,14.949367088607595,0
40000,1972,160,2946.0,6,0.0,2410,1.1830059836174065,15.0625,0
40000,2010,126,3566.4,5,0.0,1341,1.0614451369271638,10.642857142857142,0
40000,2090,93,2570.0,5,0.0,757,1.0998661758665618,8.13978494623656,0
40000,2119,206,2695.5714285714284,7,0.0,3753,1.1113580195044295,18.218446601941746,0
40000,2142,115,3502.2,5,0.0,1127,1.0708733219193034,9.8,0
40000,2147,238,2318.25,8,0.0,4802,1.0653151558885805,20.176470588235293,0
40000,2170,198,1580.0,8,0.0,3320,1.0641860636586178,16.767676767676768,0
40000,2175,281,2007.125,8,0.0,4667,0.7427369417461057,16.608540925266905,0
40000,2198,186,2335.5714285714284,7,0.0,3157,1.1467230902281162,16.973118279569892,0
40000,2270,204,2097.4285714285716,7,0.0,3392,1.0242485852534198,16.627450980392158,0
40000,2281,269,2158.0,6,0.0,2475,0.42981395047800547,9.200743494423792,0
40000,2380,104,4208.5,4,0.0,835,0.9701293882202209,8.028846153846153,0
40000,2403,122,2904.8,5,0.0,1387,1.1710263398358083,11.368852459016393,0
40000,2439,284,2053.1,10,0.0,6888,1.073164560500223,24.253521126760564,0
40000,2521,27,2880.25,4,0.0,67,1.1549339247764945,2.4814814814814814,0
40000,2576,263,1911.857142857143,7,0.0,2585,0.46963333340251356,9.828897338403042,0
40000,2585,135,2470.5,6,0.0,1662,1.1459702584946472,12.311111111111112,0
40000,2602,259,2089.5,6,0.0,2466,0.4619589740017251,9.521235521235521,0
40000,2623,141,2915.2,5,0.0,1642,1.0378743799998873,11.645390070921986,0
40000,2658,75,2637.4,5,0.0,526,1.1750952787827422,7.013333333333334,0
40000,2729,150,3017.3333333333335,6,0.0,1905,1.0639527120157433,12.7,0
40000,2744,196,3052.3333333333335,6,0.0,3269,1.069332193313727,16.678571428571427,0
40000,2750,207,2161.25,8,0.0,3980,1.1672187226107844,19.22705314009662,0
40000,2754,112,1899.4,5,0.0,1166,1.1680794113793682,10.410714285714286,0
40000,2797,343,2773.285714285714,7,0.0,4296,0.4588660180646415,12.524781341107872,0
40000,2837,120,2729.8,5,0.0,1191,1.0393435695626232,9.925,0
40000,2873,232,1925.25,8,0.0,4858,1.1342046010061844,20.939655172413794,0
40000,2907,203,1933.2857142857142,7,0.0,3372,1.0282657116556853,16.610837438423644,0
40000,2953,218,2673.75,8,0.0,4406,1.1650414301587937,20.211009174311926,0
40000,2970,118,3710.5,4,0.0,1483,1.338403305163362,12.567796610169491,0
40000,3006,143,3102.8,5,0.0,1645,1.0108895134539995,11.503496503496503,0
40000,3099,86,2121.2,5,0.0,673,1.1434785591486916,7.825581395348837,0
40000,3100,141,1760.8333333333333,6,0.0,1721,1.0878086528500648,12.205673758865249,0
40000,3129,348,1653.5714285714287,7,0.0,3701,0.3840346945083837,10.635057471264368,0
40000,3131,165,2698.6666666666665,6,0.0,2768,1.2776387092946258,16.775757575757577,0
40000,3137,219,2267.375,8,0.0,4191,1.0980934351823208,19.136986301369863,0
40000,3150,143,2225.0,6,0.0,1970,1.2106093261424797,13.776223776223777,0
40000,3188,63,3058.25,4,0.0,345,1.0923149060100565,5.476190476190476,0
40000,3218,148,3020.3333333333335,6,0.0,1829,1.0493011255324565,12.358108108108109,0
40000,3236,65,1878.4,5,0.0,393,1.1688955388031135,6.046153846153846,0
40000,3309,139,2019.5,6,0.0,1686,1.0965737206050188,12.129496402877697,0
40000,3311,105,1788.1666666666667,6,0.0,1039,1.1842593259246421,9.895238095238096,0
40000,3323,143,1847.3333333333333,6,0.0,1744,1.0717272410114136,12.195804195804195,0
40000,3350,137,1463.2,5,0.0,678,0.4539399689133954,4.9489051094890515,0
40000,3422,214,1198.857142857143,7,0.0,1677,0.46016690366582963,7.836448598130841,0
40000,3469,175,2297.5,6,0.0,2646,1.0857344210806323,15.12,0
40000,3478,110,2794.4,5,0.0,1206,1.2524828893319968,10.963636363636363,0
40000,3532,210,2955.0,6,0.0,2444,0.6964219905100639,11.638095238095238,0
40000,3614,152,2049.5,6,0.0,2113,1.1492703041958505,13.901315789473685,0
40000,3619,226,2827.6666666666665,6,0.0,2809,0.6911060978881455,12.429203539823009,0
40000,3635,154,2235.8333333333335,6,0.0,2231,1.1821374953885695,14.487012987012987,0
40000,3639,78,1400.0,5,0.0,558,1.1525369498376756,7.153846153846154,0
40000,3655,89,3611.5,4,0.0,653,1.0359601074582174,7.337078651685394,0
40000,3663,122,1733.3333333333333,6,0.0,1292,1.0908190562854105,10.59016393442623,0
40000,3792,184,3211.8333333333335,6,0.0,2773,1.0292576120515708,15.070652173913043,0
40000,3992,315,2196.5,8,0.0,3434,0.4348996391001199,10.901587301587302,0
40000,4042,214,2352.0,7,0.0,3829,1.050673270206596,17.89252336448598,0
40000,4157,77,2615.8,5,0.0,373,0.7905643850828085,4.8441558441558445,0
40000,4253,93,2363.4,5,0.0,778,1.1303776549857136,8.365591397849462,0
40000,4302,45,2235.6,5,0.0,193,1.1976837178129978,4.288888888888889,0
40000,4329,235,2397.75,8,0.0,4825,1.0979219233007336,20.53191489361702,0
40000,4352,317,2344.8333333333335,6,0.0,3534,0.4419344779144515,11.14826498422713,0
40000,4362,173,2159.1666666666665,6,0.0,2603,1.0929286882013072,15.046242774566474,0
40000,4399,84,2895.2,5,0.0,657,1.170082978122729,7.821428571428571,0
40000,4405,204,2564.8333333333335,6,0.0,3364,1.0157937030638278,16.49019607843137,0
40000,4477,358,2744.6666666666665,6,0.0,2319,0.22737596715691555,6.477653631284916,0
40000,4490,238,3210.5,6,0.0,2338,0.5186811400390464,9.823529411764707,0
40000,4501,184,2213.4285714285716,7,0.0,2899,1.076025177546882,15.755434782608695,0
40000,4539,108,2916.4,5,0.0,941,1.0137992753868297,8.712962962962964,0
40000,4545,72,2925.4,5,0.0,508,1.2314267500182214,7.055555555555555,0
40000,4591,136,1853.8333333333333,6,0.0,1522,1.0340622877949102,11.191176470588236,0
40000,4596,209,1821.125,8,0.0,3862,1.1110396582645803,18.47846889952153,0
40000,4611,88,2579.2,5,0.0,691,1.1213019233628858,7.8522727272727275,0
40000,4647,95,2886.2,5,0.0,777,1.081891409125438,8.178947368421053,0
40000,4663,137,2962.0,5,0.0,1552,1.0391074214654714,11.328467153284672,0
40000,4681,119,3390.6,5,0.0,1283,1.1385250687255715,10.781512605042018,0
40000,4703,123,3231.4,5,0.0,1399,1.1620300409470872,11.373983739837398,0
40000,4773,165,2593.0,6,0.0,2516,1.161321890384855,15.248484848484848,0
40000,4777,114,2814.2,5,0.0,1124,1.0868421491643359,9.859649122807017,0
40000,4792,136,2799.8333333333335,6,0.0,1847,1.2548705949784489,13.580882352941176,0
40000,4795,102,2908.2,5,0.0,963,1.1631502212252867,9.441176470588236,0
40000,4809,267,2136.625,8,0.0,5875,1.0356075602036798,22.00374531835206,0
40000,4843,188,1828.857142857143,7,0.0,2996,1.0652118141868516,15.936170212765957,0
40000,4858,193,2351.5714285714284,7,0.0,3041,1.0259156766159157,15.756476683937823,0
40000,4904,81,3179.0,4,0.0,720,1.3790255818226802,8.88888888888889,0
40000,4920,126,2282.8333333333335,6,0.0,1359,1.0756927226577295,10.785714285714286,0
40000,4943,168,3451.2,5,0.0,1015,0.4519156098913889,6.041666666666667,0
40000,4992,92,3200.4,5,0.0,740,1.0986666179850884,8.043478260869565,0
42000,45,196,2089.8571428571427,7,0.0,3217,1.0523223205537657,16.413265306122447,0
42000,162,226,2047.857142857143,7,0.0,3089,0.7599952781689147,13.668141592920353,0
42000,165,126,2089.3333333333335,6,0.0,1425,1.1279338703364714,11.30952380952381,0
42000,224,83,2261.8,5,0.0,636,1.1601410525087,7.662650602409639,0
42000,262,81,3168.5,4,0.0,534,1.0227773065184877,6.592592592592593,0
42000,277,162,2857.6666666666665,6,0.0,2379,1.1391325899847764,14.685185185185185,0
42000,308,118,3296.2,5,0.0,1195,1.0784841198045971,10.127118644067796,0
42000,336,80,2504.8,5,0.0,593,1.164352777236717,7.4125,0
42000,370,188,1885.2857142857142,7,0.0,2995,1.0648562695225703,15.930851063829786,0
42000,374,120,3911.2,5,0.0,1421,1.2400564335419713,11.841666666666667,0
42000,504,127,1510.5,6,0.0,1459,1.136731026495755,11.488188976377952,0
42000,552,162,3388.1666666666665,6,0.0,2141,1.0251714481535965,13.216049382716049,0
42000,563,242,2470.5,8,0.0,5358,1.1496928787606113,22.140495867768596,0
42000,717,222,1710.5,8,0.0,4634,1.1815713299841815,20.873873873873872,0
42000,775,181,3573.8,5,0.0,2657,1.0191644553692598,14.679558011049723,0
42000,877,72,2744.25,4,0.0,581,1.408383743623202,8.069444444444445,0
42000,903,384,2484.1428571428573,7,0.0,4615,0.3932956297829019,12.018229166666666,0
42000,969,239,2117.25,8,0.0,5197,1.1433173103206284,21.744769874476987,0
42000,1245,244,1764.3333333333333,6,0.0,2337,0.4932747938349467,9.577868852459016,0
42000,1266,285,2105.714285714286,7,0.0,2761,0.4271560389811717,9.687719298245614,0
42000,1268,68,3782.25,4,0.0,379,1.0299858267392141,5.573529411764706,0
42000,1304,229,2073.777777777778,9,0.0,4532,1.0859974375827266,19.790393013100438,0
42000,1339,116,2745.8,5,0.0,1143,1.0674317488267342,9.85344827586207,0
42000,1407,134,1809.3333333333333,6,0.0,1616,1.1309453615952563,12.059701492537313,0
42000,1582,190,3326.2,5,0.0,1271,0.4424337133199587,6.689473684210526,0
42000,1616,191,2124.875,8,0.0,3248,1.1188172406304266,17.005235602094242,0
42000,1711,132,2780.6666666666665,6,0.0,1551,1.1185973842327295,11.75,0
42000,1733,230,2820.5,6,0.0,2176,0.5169077969157951,9.460869565217392,0
42000,1803,155,2073.3333333333335,6,0.0,2002,1.0471539633692846,12.916129032258064,0
42000,1839,137,2716.2,5,0.0,1581,1.0585237328201744,11.540145985401459,0
42000,1842,130,1657.6666666666667,6,0.0,1539,1.1443576553549566,11.838461538461539,0
42000,1952,156,2408.1666666666665,6,0.0,2346,1.2114030843723955,15.038461538461538,0
42000,1972,159,2965.6666666666665,6,0.0,2397,1.1914714751243596,15.075471698113208,0
42000,2010,125,3624.6,5,0.0,1311,1.054368760027192,10.488,0
42000,2090,91,2592.6,5,0.0,733,1.1123233498762557,8.054945054945055,0
42000,2119,206,2726.285714285714,7,0.0,3778,1.1187611504630257,18.339805825242717,0
42000,2142,113,3542.0,5,0.0,1111,1.0933697041704942,9.831858407079647,0
42000,2147,241,2317.25,8,0.0,4947,1.070329977604291,20.526970954356848,0
42000,2170,200,1560.625,8,0.0,3423,1.0753671653237862,17.115,0
42000,2175,283,1999.25,8,0.0,4711,0.7391798120122122,16.646643109540637,0
42000,2198,188,2347.8571428571427,7,0.0,3192,1.1348985683859913,16.97872340425532,0
42000,2270,206,2074.5714285714284,7,0.0,3426,1.0145250665659942,16.631067961165048,0
42000,2281,270,2163.6666666666665,6,0.0,2475,0.42663603937639166,9.166666666666666,0
42000,2380,98,4277.5,4,0.0,721,0.9433937123024743,7.357142857142857,0
42000,2403,120,2909.0,5,0.0,1355,1.1824605682261584,11.291666666666666,0
42000,2439,287,2034.1,10,0.0,7110,1.0847150635323206,24.773519163763066,0
42000,2576,267,1912.2857142857142,7,0.0,2633,0.46412846059851737,9.861423220973784,0
42000,2585,137,2476.0,6,0.0,1679,1.1241374746395147,12.255474452554745,0
42000,2602,260,2098.0,6,0.0,2453,0.4559956674115836,9.434615384615384,0
42000,2623,138,2960.2,5,0.0,1554,1.0254221767860823,11.26086956521739,0
42000,2658,73,2661.2,5,0.0,492,1.1601903438289947,6.739726027397261,0
42000,2729,151,3038.6666666666665,6,0.0,1927,1.0620321991960935,12.76158940397351,0
42000,2744,197,3062.1666666666665,6,0.0,3270,1.0588273830543042,16.598984771573605,0
42000,2750,210,2150.75,8,0.0,4083,1.1634578507580158,19.442857142857143,0
42000,2754,109,1897.8,5,0.0,1121,1.1856663124902478,10.284403669724771,0
42000,2797,345,2783.5714285714284,7,0.0,4323,0.45641184764439996,12.530434782608696,0
42000,2837,118,2748.2,5,0.0,1141,1.0297492725498287,9.669491525423728,0
42000,2873,235,1904.75,8,0.0,4938,1.1236349134215589,21.01276595744681,0
42000,2907,196,2278.6666666666665,6,0.0,3333,1.0902674213259873,17.005102040816325,0
42000,2953,219,2684.25,8,0.0,4508,1.1811513256506567,20.58447488584475,0
42000,2970,113,3834.0,4,0.0,1367,1.3453072777687358,12.097345132743364,0
42000,3006,139,3126.8,5,0.0,1608,1.0458425520361032,11.568345323741006,0
42000,3099,82,2132.2,5,0.0,629,1.1755275307007613,7.670731707317073,0
42000,3100,140,1761.3333333333333,6,0.0,1718,1.101480852830054,12.271428571428572,0
42000,3129,353,1631.2857142857142,7,0.0,3760,0.3791825109742514,10.65155807365439,0
42000,3131,166,2720.3333333333335,6,0.0,2717,1.239034292321595,16.367469879518072,0
42000,3137,223,2284.25,8,0.0,4269,1.0787636218846008,19.143497757847534,0
42000,3150,143,2231.5,6,0.0,1973,1.2124528936442196,13.797202797202797,0
42000,3188,45,3142.75,4,0.0,189,1.1728612573401895,4.2,0
42000,3218,150,3054.8333333333335,6,0.0,1854,1.0354689386231957,12.36,0
42000,3236,60,1907.0,5,0.0,329,1.1484266478122689,5.483333333333333,0
42000,3309,139,2017.6666666666667,6,0.0,1689,1.0985249193961306,12.151079136690647,0
42000,3311,106,1803.1666666666667,6,0.0,1040,1.1631386115106388,9.81132075471698,0
42000,3323,144,1869.8333333333333,6,0.0,1750,1.0605299274271098,12.152777777777779,0
42000,3350,134,1461.2,5,0.0,642,0.4492988379604917,4.791044776119403,0
42000,3422,215,1175.857142857143,7,0.0,1704,0.46323624720103906,7.925581395348837,0
42000,3469,176,2292.1666666666665,6,0.0,2659,1.078705432062921,15.107954545454545,0
42000,3478,103,2851.6,5,0.0,1089,1.289921538225765,10.572815533980583,0
42000,3532,214,3000.6666666666665,6,0.0,2436,0.6684356453965181,11.383177570093459,0
42000,3614,151,2076.5,6,0.0,2117,1.1667473615454746,14.019867549668874,0
42000,3619,226,2858.1666666666665,6,0.0,2798,0.6883997372342581,12.380530973451327,0
42000,3635,153,2246.1666666666665,6,0.0,2219,1.19119895737806,14.50326797385621,0
42000,3639,75,1403.4,5,0.0,507,1.13264887137424,6.76,0
42000,3655,81,3666.75,4,0.0,534,1.0227773065184877,6.592592592592593,0
42000,3663,121,1719.3333333333333,6,0.0,1291,1.1080653277192605,10.669421487603305,0
42000,3792,184,3241.3333333333335,6,0.0,2781,1.0322269812893685,15.11413043478261,0
42000,3992,317,2186.0,8,0.0,3540,0.4426847911197392,11.167192429022082,0
42000,4042,216,2338.5714285714284,7,0.0,3868,1.0418107325176027,17.90740740740741,0
42000,4157,65,2656.6,5,0.0,319,0.9487981599954026,4.907692307692308,0
42000,4253,91,2442.8,5,0.0,744,1.1290157875960902,8.175824175824175,0
42000,4302,24,2505.75,4,0.0,53,1.1562806294462433,2.2083333333333335,0
42000,4329,235,2388.625,8,0.0,4909,1.1170360044524976,20.88936170212766,0
42000,4352,317,2358.6666666666665,6,0.0,3513,0.43930838169594455,11.082018927444794,0
42000,4362,176,2150.0,6,0.0,2641,1.0714031764114984,15.005681818181818,0
42000,4399,82,2907.6,5,0.0,625,1.168051997914111,7.621951219512195,0
42000,4405,204,2591.8333333333335,6,0.0,3354,1.0127741022818306,16.441176470588236,0
42000,4477,356,2757.5,6,0.0,2307,0.22874808268626604,6.480337078651686,0
42000,4490,236,3227.5,6,0.0,2350,0.5302170881884526,9.957627118644067,0
42000,4501,186,2189.1428571428573,7,0.0,2956,1.0737134794787175,15.89247311827957,0
42000,4539,105,2940.2,5,0.0,906,1.0326650137514204,8.628571428571428,0
42000,4545,69,2938.4,5,0.0,460,1.2141420883438814,6.666666666666667,0
42000,4591,135,1862.8333333333333,6,0.0,1532,1.0563335956761728,11.348148148148148,0
42000,4596,214,1804.5,8,0.0,4019,1.1028090553565708,18.7803738317757,0
42000,4611,86,2600.0,5,0.0,661,1.12308963981766,7.686046511627907,0
42000,4647,93,2911.0,5,0.0,738,1.072260551901615,7.935483870967742,0
42000,4663,134,2987.0,5,0.0,1507,1.054662537081715,11.246268656716419,0
42000,4681,116,3432.0,5,0.0,1238,1.1561509230511784,10.672413793103448,0
42000,4703,121,3285.8,5,0.0,1345,1.1544135288787027,11.115702479338843,0
42000,4773,165,2622.5,6,0.0,2530,1.1677839358798423,15.333333333333334,0
42000,4777,112,2844.2,5,0.0,1105,1.1069706257068628,9.866071428571429,0
42000,4792,133,3441.4,5,0.0,1762,1.2517352604726588,13.24812030075188,0
42000,4795,100,2940.2,5,0.0,932,1.171185741258275,9.32,0
42000,4809,273,2118.75,8,0.0,5992,1.010314008255044,21.94871794871795,0
42000,4843,191,1818.857142857143,7,0.0,3029,1.04337974811255,15.858638743455497,0
42000,4858,194,2387.0,7,0.0,3109,1.0380711616548695,16.02577319587629,0
42000,4904,74,3230.75,4,0.0,618,1.41819157042987,8.35135135135135,0
42000,4920,127,2290.1666666666665,6,0.0,1369,1.0666105382266544,10.779527559055119,0
42000,4943,164,3475.8,5,0.0,982,0.4588108247806629,5.987804878048781,0
42000,4992,90,3212.2,5,0.0,709,1.0999452797013152,7.877777777777778,0
44000,45,195,2090.285714285714,7,0.0,3226,1.0661173333838971,16.543589743589745,0
44000,162,236,2041.4285714285713,7,0.0,3133,0.7068809094869881,13.275423728813559,0
44000,165,127,2091.0,6,0.0,1451,1.1304980942051683,11.4251968503937,0
44000,224,81,2282.4,5,0.0,602,1.1530186114684076,7.432098765432099,0
44000,262,74,3223.25,4,0.0,437,1.002831256113031,5.905405405405405,0
44000,277,161,2848.0,6,0.0,2379,1.153327251709443,14.77639751552795,0
44000,308,115,3331.6,5,0.0,1125,1.068972925607113,9.782608695652174,0
44000,336,62,3216.75,4,0.0,405,1.3239802546346162,6.532258064516129,0
44000,370,190,1889.857142857143,7,0.0,3051,1.062049771313292,16.057894736842105,0
44000,374,116,4000.6,5,0.0,1359,1.269151134431786,11.71551724137931,0
44000,504,128,1497.6666666666667,6,0.0,1457,1.1175050039746897,11.3828125,0
44000,552,164,3432.5,6,0.0,2170,1.0138691341894484,13.231707317073171,0
44000,563,242,2479.125,8,0.0,5411,1.1610653540451041,22.359504132231404,0
44000,717,224,1703.25,8,0.0,4697,1.1763441241957318,20.96875,0
44000,775,179,3599.0,5,0.0,2613,1.024809663097922,14.597765363128492,0
44000,877,65,2797.25,4,0.0,470,1.3979157843192451,7.230769230769231,0
44000,903,384,2500.714285714286,7,0.0,4648,0.3961079278940256,12.104166666666666,0
44000,969,240,2117.0,8,0.0,5298,1.1558442971332448,22.075,0
44000,1245,251,1761.1666666666667,6,0.0,2341,0.4669429629405061,9.326693227091633,0
44000,1266,287,2094.285714285714,7,0.0,2800,0.42717330209430343,9.75609756097561,0
44000,1268,56,3851.25,4,0.0,254,1.0178119056273054,4.535714285714286,0
44000,1304,239,2381.8888888888887,9,0.0,4772,1.0498191658360667,19.96652719665272,0
44000,1339,116,2767.2,5,0.0,1133,1.0580928883820557,9.767241379310345,0
44000,1407,135,1802.3333333333333,6,0.0,1617,1.114942182903637,11.977777777777778,0
44000,1582,180,3408.0,5,0.0,1152,0.4468042885105484,6.4,0
44000,1616,192,2110.375,8,0.0,3355,1.1436678985236282,17.473958333333332,0
44000,1711,132,2803.5,6,0.0,1548,1.1164337529286041,11.727272727272727,0
44000,1733,232,2836.8333333333335,6,0.0,2192,0.511769552368373,9.448275862068966,0
44000,1803,155,2087.0,6,0.0,1996,1.0440156398027434,12.87741935483871,0
44000,1839,136,2733.2,5,0.0,1551,1.0537651828974415,11.404411764705882,0
44000,1842,132,1644.3333333333333,6,0.0,1558,1.1236458572756882,11.803030303030303,0
44000,1952,154,2423.3333333333335,6,0.0,2327,1.233004908905962,15.11038961038961,0
44000,1972,157,2975.5,6,0.0,2397,1.2220207863450419,15.26751592356688,0
44000,2010,124,3679.2,5,0.0,1296,1.059184203707693,10.451612903225806,0
44000,2090,89,2623.0,5,0.0,697,1.105764463856627,7.831460674157303,0
44000,2119,206,2753.1428571428573,7,0.0,3803,1.1261642814216215,18.461165048543688,0
44000,2142,113,3581.4,5,0.0,1097,1.0795918681143404,9.70796460176991,0
44000,2147,242,2323.25,8,0.0,5053,1.084247502123436,20.880165289256198,0
44000,2170,204,1542.25,8,0.0,3524,1.0641073155757816,17.274509803921568,0
44000,2175,283,1991.875,8,0.0,4764,0.7474957810286943,16.833922261484098,0
44000,2198,188,2362.0,7,0.0,3221,1.14520936365015,17.132978723404257,0
44000,2270,208,2055.5714285714284,7,0.0,3467,1.0070175416046423,16.66826923076923,0
44000,2281,268,2173.3333333333335,6,0.0,2467,0.4316278166855658,9.205223880597014,0
44000,2380,92,4337.25,4,0.0,626,0.9294125714306287,6.804347826086956,0
44000,2403,118,2913.2,5,0.0,1327,1.1976137464273644,11.245762711864407,0
44000,2439,290,2017.4,10,0.0,7299,1.090629478171315,25.16896551724138,0
44000,2576,269,1908.142857142857,7,0.0,2679,0.46524103972952585,9.95910780669145,0
44000,2585,137,2482.0,6,0.0,1693,1.1335108663279918,12.357664233576642,0
44000,2602,259,2110.1666666666665,6,0.0,2434,0.45596437255482514,9.397683397683398,0
44000,2623,136,3000.2,5,0.0,1474,1.0014505993493417,10.838235294117647,0
44000,2658,69,2689.0,5,0.0,443,1.1692716198616075,6.420289855072464,0
44000,2729,152,3062.1666666666665,6,0.0,1944,1.057350436041994,12.789473684210526,0
44000,2744,196,3079.5,6,0.0,3260,1.066388176874503,16.632653061224488,0
44000,2750,213,2136.75,8,0.0,4188,1.1599982396115456,19.661971830985916,0
44000,2754,106,1897.4,5,0.0,1072,1.1989274918648125,10.11320754716981,0
44000,2797,346,2794.0,7,0.0,4359,0.45755629579999024,12.598265895953757,0
44000,2837,116,2763.6,5,0.0,1094,1.0216713326478102,9.431034482758621,0
44000,2873,236,1887.875,8,0.0,5018,1.132182701501981,21.26271186440678,0
44000,2907,196,2754.2,5,0.0,3321,1.0863420660736884,16.943877551020407,0
44000,2953,220,2693.375,8,0.0,4603,1.1951033871465966,20.922727272727272,0
44000,2970,109,3936.0,4,0.0,1265,1.337973135860984,11.605504587155963,0
44000,3006,138,3150.0,5,0.0,1579,1.0419186725516243,11.442028985507246,0
44000,3099,78,2142.4,5,0.0,577,1.191781039527489,7.397435897435898,0
44000,3100,139,1762.0,6,0.0,1720,1.1186873069042895,12.37410071942446,0
44000,3129,354,2011.7142857142858,7,0.0,3834,0.3844637950098397,10.830508474576272,0
44000,3131,167,2737.0,6,0.0,2675,1.2053154072720709,16.017964071856287,0
44000,3137,225,2294.625,8,0.0,4349,1.0795288059624304,19.32888888888889,0
44000,3150,144,2236.1666666666665,6,0.0,1988,1.204761997557197,13.805555555555555,0
44000,3218,152,3060.6666666666665,6,0.0,1876,1.0203649269623358,12.342105263157896,0
44000,3236,51,1935.8,5,0.0,255,1.231997119054821,5.0,0
44000,3309,140,2016.1666666666667,6,0.0,1689,1.0828877534516654,12.064285714285715,0
44000,3311,105,1810.1666666666667,6,0.0,1046,1.1922379739337592,9.961904761904762,0
44000,3323,143,2258.4,5,0.0,1731,1.0637384485038743,12.104895104895105,0
44000,3350,129,1456.8,5,0.0,612,0.4621488381700507,4.744186046511628,0
44000,3422,216,1154.142857142857,7,0.0,1729,0.4656904747991043,8.00462962962963,0
44000,3469,175,2282.0,6,0.0,2656,1.0898377257710357,15.177142857142858,0
44000,3478,99,2901.6,5,0.0,1001,1.2834340358099716,10.11111111111111,0
44000,3532,213,3044.1666666666665,6,0.0,2427,0.6722339368522495,11.394366197183098,0
44000,3614,152,2098.3333333333335,6,0.0,2133,1.1601483951016325,14.032894736842104,0
44000,3619,226,2886.3333333333335,6,0.0,2788,0.6859394093670877,12.336283185840708,0
44000,3635,153,2253.5,6,0.0,2212,1.1874412319604635,14.457516339869281,0
44000,3639,71,1408.0,5,0.0,448,1.1167891361303133,6.309859154929577,0
44000,3655,72,3712.0,4,0.0,427,1.0350772091688594,5.930555555555555,0
44000,3663,121,1704.3333333333333,6,0.0,1283,1.1011989275474912,10.603305785123966,0
44000,3792,185,3266.5,6,0.0,2773,1.0181605760005255,14.989189189189188,0
44000,3992,323,2176.0,8,0.0,3640,0.4384359960918574,11.269349845201239,0
44000,4042,216,2327.714285714286,7,0.0,3897,1.0496216196021453,18.041666666666668,0
44000,4157,52,2692.8,5,0.0,253,1.1757735818908546,4.865384615384615,0
44000,4253,89,2495.4,5,0.0,716,1.1359072541195767,8.044943820224718,0
44000,4329,238,2381.75,8,0.0,4981,1.10502598739713,20.928571428571427,0
44000,4352,315,2370.3333333333335,6,0.0,3504,0.44376480355469433,11.123809523809523,0
44000,4362,183,2790.714285714286,7,0.0,2854,1.0709314023524465,15.595628415300547,0
44000,4399,81,2924.4,5,0.0,594,1.137696105003711,7.333333333333333,0
44000,4405,203,2619.8333333333335,6,0.0,3346,1.020337209727142,16.482758620689655,0
44000,4477,356,2771.1666666666665,6,0.0,2301,0.22815315919423412,6.463483146067416,0
44000,4490,234,3242.5,6,0.0,2372,0.5443683084458316,10.136752136752136,0
44000,4501,193,2821.8571428571427,7,0.0,3048,1.0282772056314735,15.792746113989637,0
44000,4539,104,2965.4,5,0.0,886,1.0293827999558272,8.51923076923077,0
44000,4545,66,2952.2,5,0.0,412,1.188554796399444,6.242424242424242,0
44000,4591,133,1866.1666666666667,6,0.0,1535,1.0904731128408236,11.541353383458647,0
44000,4596,218,1788.0,8,0.0,4156,1.0989360380708004,19.06422018348624,0
44000,4611,82,2618.8,5,0.0,620,1.1587075819307981,7.560975609756097,0
44000,4647,92,2930.8,5,0.0,710,1.0541260794181253,7.717391304347826,0
44000,4663,133,3013.8,5,0.0,1473,1.0464279447651683,11.075187969924812,0
44000,4681,115,3468.2,5,0.0,1212,1.1516401651873964,10.539130434782608,0
44000,4703,120,3337.8,5,0.0,1306,1.1397000015522973,10.883333333333333,0
44000,4773,166,2649.1666666666665,6,0.0,2544,1.1601410525087,15.325301204819278,0
44000,4777,112,2875.6,5,0.0,1091,1.0929456585033368,9.741071428571429,0
44000,4792,131,3517.0,5,0.0,1681,1.2309346193542199,12.83206106870229,0
44000,4795,100,2971.0,5,0.0,915,1.1498229112138643,9.15,0
44000,4809,280,2105.875,8,0.0,6110,0.9793434241547774,21.821428571428573,0
44000,4843,192,2207.714285714286,7,0.0,3084,1.0512881666309595,16.0625,0
44000,4858,194,2416.0,7,0.0,3156,1.0537640997693047,16.2680412371134,0
44000,4904,69,3280.0,4,0.0,522,1.3777873263380567,7.565217391304348,0
44000,4920,127,2297.6666666666665,6,0.0,1377,1.0728434705172412,10.84251968503937,0
44000,4943,159,3502.6,5,0.0,949,0.47171732577931463,5.968553459119497,0
44000,4992,89,3232.6,5,0.0,678,1.0756216735936774,7.617977528089888,0
46000,45,195,2094.285714285714,7,0.0,3232,1.0681001926524352,16.574358974358976,0
46000,162,242,2031.5714285714287,7,0.0,3180,0.6823485170695678,13.140495867768594,0
46000,165,129,2094.8333333333335,6,0.0,1478,1.1161045470838806,11.457364341085272,0
46000,224,79,2308.0,5,0.0,567,1.1416651399361721,7.177215189873418,0
46000,262,65,3287.25,4,0.0,331,0.9844896268290855,5.092307692307692,0
46000,277,160,2838.6666666666665,6,0.0,2388,1.1722067588706915,14.925,0
46000,308,113,3347.8,5,0.0,1081,1.0638457697644503,9.56637168141593,0
46000,336,44,3300.25,4,0.0,222,1.4409784485473844,5.045454545454546,0
46000,370,191,1897.2857142857142,7,0.0,3109,1.070936823004925,16.277486910994764,0
46000,374,114,4068.8,5,0.0,1314,1.2705610177953182,11.526315789473685,0
46000,504,127,1483.0,6,0.0,1461,1.1382892595684015,11.503937007874017,0
46000,552,165,3460.3333333333335,6,0.0,2210,1.0200800388515618,13.393939393939394,0
46000,563,242,2491.75,8,0.0,5448,1.1690046292437124,22.512396694214875,0
46000,717,227,1694.25,8,0.0,4764,1.1617960683655242,20.986784140969164,0
46000,775,176,3625.4,5,0.0,2568,1.0417884729362847,14.590909090909092,0
46000,877,56,2858.75,4,0.0,343,1.3744467859455347,6.125,0
46000,903,384,2522.714285714286,7,0.0,4669,0.3978975721465588,12.158854166666666,0
46000,969,242,2110.875,8,0.0,5434,1.1660005791685633,22.454545454545453,0
46000,1245,258,1748.1666666666667,6,0.0,2372,0.44780108012228764,9.193798449612403,0
46000,1266,287,2084.4285714285716,7,0.0,2832,0.432055282689667,9.867595818815332,0
46000,1268,32,3930.5,4,0.0,91,1.1167380135807468,2.84375,0
46000,1304,241,2362.8888888888887,9,0.0,4972,1.0757389627346947,20.630705394190873,0
46000,1339,115,2785.2,5,0.0,1116,1.060421142202256,9.704347826086957,0
46000,1407,134,1796.1666666666667,6,0.0,1625,1.1372439434358241,12.126865671641792,0
46000,1582,176,3468.2,5,0.0,1090,0.44219214778058813,6.193181818181818,0
46000,1616,194,2099.875,8,0.0,3458,1.154599574462058,17.824742268041238,0
46000,1711,132,2818.5,6,0.0,1549,1.1171549633633124,11.734848484848484,0
46000,1733,233,2855.0,6,0.0,2197,0.5085434662592256,9.429184549356224,0
46000,1803,155,2100.5,6,0.0,2006,1.049246179080312,12.941935483870967,0
46000,1839,133,2746.2,5,0.0,1526,1.0840794594104866,11.473684210526315,0
46000,1842,132,1631.5,6,0.0,1577,1.1373488555351479,11.946969696969697,0
46000,1952,155,2437.1666666666665,6,0.0,2314,1.2103467888294328,14.929032258064517,0
46000,1972,157,2991.1666666666665,6,0.0,2392,1.2194717233781143,15.235668789808917,0
46000,2010,122,3737.0,5,0.0,1272,1.0739333123800636,10.426229508196721,0
46000,2090,88,2641.2,5,0.0,677,1.0985837946695711,7.693181818181818,0
46000,2119,205,2786.714285714286,7,0.0,3813,1.1401682606199053,18.6,0
46000,2142,112,3618.6,5,0.0,1067,1.0689028575830068,9.526785714285714,0
46000,2147,246,2323.375,8,0.0,5153,1.0700394569335847,20.947154471544714,0
46000,2170,207,1518.875,8,0.0,3647,1.0695594676787767,17.618357487922705,0
46000,2175,282,1983.875,8,0.0,4824,0.7622877602191621,17.106382978723403,0
46000,2198,189,2373.0,7,0.0,3260,1.1468427032504942,17.24867724867725,0
46000,2270,209,2037.2857142857142,7,0.0,3504,1.0080484108128143,16.76555023923445,0
46000,2281,268,2179.0,6,0.0,2474,0.4328525409323428,9.23134328358209,0
46000,2380,83,4400.5,4,0.0,519,0.946718877754741,6.253012048192771,0
46000,2403,118,2911.8,5,0.0,1302,1.1750513171427495,11.033898305084746,0
46000,2439,291,2002.2,10,0.0,7504,1.1135679206687594,25.786941580756015,0
46000,2576,271,1907.4285714285713,7,0.0,2707,0.46319038756376246,9.988929889298893,0
46000,2585,137,2493.1666666666665,6,0.0,1704,1.140875674083224,12.437956204379562,0
46000,2602,258,2121.3333333333335,6,0.0,2423,0.45742918091749707,9.391472868217054,0
46000,2623,136,3030.8,5,0.0,1432,0.9729153719594689,10.529411764705882,0
46000,2658,65,2715.6,5,0.0,402,1.1956641389283758,6.184615384615385,0
46000,2729,154,3087.5,6,0.0,1961,1.0390728948709032,12.733766233766234,0
46000,2744,197,3090.6666666666665,6,0.0,3263,1.0565607800936374,16.563451776649746,0
46000,2750,216,2131.5,8,0.0,4258,1.1468536967580023,19.712962962962962,0
46000,2754,105,1896.2,5,0.0,1035,1.179700098490861,9.857142857142858,0
46000,2797,347,2799.714285714286,7,0.0,4394,0.45857562540586005,12.662824207492795,0
46000,2837,114,2781.2,5,0.0,1063,1.0278587229196523,9.324561403508772,0
46000,2873,238,1875.0,8,0.0,5077,1.126323416586073,21.331932773109244,0
46000,2907,188,2814.2,5,0.0,3195,1.1359652023788354,16.99468085106383,0
46000,2953,223,2692.25,8,0.0,4717,1.191971891410087,21.152466367713004,0
46000,2970,103,4025.5,4,0.0,1155,1.3680986011485385,11.21359223300971,0
46000,3006,137,3175.4,5,0.0,1551,1.0384378934877232,11.321167883211679,0
46000,3099,75,2152.4,5,0.0,530,1.1840313645529532,7.066666666666666,0
46000,3100,139,1761.8333333333333,6,0.0,1721,1.1193377065013268,12.381294964028777,0
46000,3129,354,2024.142857142857,7,0.0,3863,0.3873718414509678,10.912429378531073,0
46000,3131,167,2745.3333333333335,6,0.0,2655,1.1963037032924668,15.89820359281437,0
46000,3137,226,2300.625,8,0.0,4422,1.0879569828627196,19.56637168141593,0
46000,3150,145,2235.3333333333335,6,0.0,2006,1.1989602593295838,13.83448275862069,0
46000,3218,155,3069.0,6,0.0,1901,0.9943255166658391,12.264516129032257,0
46000,3236,40,1973.8,5,0.0,160,1.2566370614359172,4.0,0
46000,3309,142,2009.8333333333333,6,0.0,1706,1.0631932289276307,12.014084507042254,0
46000,3311,107,1810.1666666666667,6,0.0,1052,1.1546704416373352,9.83177570093458,0
46000,3323,138,2308.0,5,0.0,1615,1.0656736264540045,11.702898550724637,0
46000,3350,123,1458.4,5,0.0,561,0.46597487703453605,4.560975609756097,0
46000,3422,219,1127.857142857143,7,0.0,1762,0.46166562462210675,8.045662100456621,0
46000,3469,175,2262.1666666666665,6,0.0,2647,1.0861447515496727,15.125714285714286,0
46000,3478,96,2946.4,5,0.0,928,1.265363707695889,9.666666666666666,0
46000,3532,213,3082.8333333333335,6,0.0,2425,0.6716799739871055,11.384976525821596,0
46000,3614,154,2120.8333333333335,6,0.0,2144,1.1360389018884325,13.922077922077921,0
46000,3619,225,2909.3333333333335,6,0.0,2780,0.6900644011440691,12.355555555555556,0
46000,3635,152,2264.8333333333335,6,0.0,2200,1.1965899996360017,14.473684210526315,0
46000,3639,66,1410.2,5,0.0,385,1.110664069450937,5.833333333333333,0
46000,3655,61,3766.75,4,0.0,300,1.0131446343208148,4.918032786885246,0
46000,3663,121,1670.0,6,0.0,1285,1.1029155275904334,10.619834710743802,0
46000,3792,184,3290.3333333333335,6,0.0,2783,1.0329693235988178,15.125,0
46000,3992,327,2169.125,8,0.0,3737,0.43917484485836605,11.428134556574923,0
46000,4042,217,2319.8571428571427,7,0.0,3927,1.0479759052557598,18.096774193548388,0
46000,4157,41,2731.2,5,0.0,162,1.2110363114373504,3.951219512195122,0
46000,4253,88,2523.2,5,0.0,686,1.1131883059724164,7.795454545454546,0
46000,4329,238,2375.125,8,0.0,5062,1.1229956932753007,21.26890756302521,0
46000,4352,314,2379.8333333333335,6,0.0,3497,0.4457036597672728,11.136942675159236,0
46000,4362,189,2779.5714285714284,7,0.0,3001,1.0557285130229244,15.878306878306878,0
46000,4399,77,2940.2,5,0.0,564,1.1953842176587237,7.324675324675325,0
46000,4405,204,2652.8333333333335,6,0.0,3345,1.0100564615780332,16.397058823529413,0
46000,4477,358,2781.6666666666665,6,0.0,2297,0.22521888596784606,6.416201117318436,0
46000,4490,234,3257.3333333333335,6,0.0,2383,0.5468927820516091,10.183760683760683,0
46000,4501,195,2803.4285714285716,7,0.0,3161,1.0446363579747362,16.21025641025641,0
46000,4539,102,3002.0,5,0.0,850,1.0266642658790173,8.333333333333334,0
46000,4545,61,2972.8,5,0.0,349,1.1786249245932146,5.721311475409836,0
46000,4591,132,1871.3333333333333,6,0.0,1540,1.110664069450937,11.666666666666666,0
46000,4596,221,1775.875,8,0.0,4272,1.0991489786151467,19.330316742081447,0
46000,4611,81,2633.2,5,0.0,595,1.139611418311798,7.345679012345679,0
46000,4647,89,2953.4,5,0.0,675,1.0708622856574224,7.584269662921348,0
46000,4663,131,3024.8,5,0.0,1436,1.0515301090973586,10.961832061068701,0
46000,4681,113,3504.0,5,0.0,1183,1.1642271467449996,10.469026548672566,0
46000,4703,117,3394.6,5,0.0,1265,1.161257858657634,10.811965811965813,0
46000,4773,167,2677.1666666666665,6,0.0,2563,1.154849864986287,15.347305389221557,0
46000,4777,109,2910.8,5,0.0,1065,1.1264358811794057,9.770642201834862,0
46000,4792,128,3584.6,5,0.0,1618,1.2409904573994837,12.640625,0
46000,4795,99,3009.4,5,0.0,889,1.1398330248102544,8.97979797979798,0
46000,4809,286,2093.5,8,0.0,6213,0.9545070740257902,21.723776223776223,0
46000,4843,194,2213.285714285714,7,0.0,3146,1.0504251767662334,16.216494845360824,0
46000,4858,196,2436.714285714286,7,0.0,3204,1.0480698523637753,16.346938775510203,0
46000,4904,60,3335.75,4,0.0,412,1.4381513036433273,6.866666666666666,0
46000,4920,128,2307.1666666666665,6,0.0,1388,1.064582666792635,10.84375,0
46000,4943,155,3524.4,5,0.0,916,0.47911739782530705,5.909677419354839,0
46000,4992,87,3264.0,5,0.0,643,1.0675355139427862,7.390804597701149,0
48000,45,195,2095.1428571428573,7,0.0,3247,1.07305734082378,16.651282051282053,0
48000,162,249,2658.1428571428573,7,0.0,3254,0.6595211364191665,13.068273092369479,0
48000,165,136,2365.0,6,0.0,1532,1.0408563895544036,11.264705882352942,0
48000,224,77,2315.2,5,0.0,528,1.1190830973826351,6.857142857142857,0
48000,262,50,3357.0,4,0.0,205,1.030442390377452,4.1,0
48000,277,159,2822.8333333333335,6,0.0,2402,1.1939568140378438,15.10691823899371,0
48000,308,110,3368.6,5,0.0,1023,1.062429515577639,9.3,0
48000,370,194,1899.2857142857142,7,0.0,3174,1.0597741611748328,16.36082474226804,0
48000,374,113,4139.2,5,0.0,1276,1.255751343403736,11.29203539823009,0
48000,504,127,1764.0,5,0.0,1447,1.1273816280598747,11.393700787401574,0
48000,552,165,3493.3333333333335,6,0.0,2218,1.0237726362772688,13.442424242424243,0
48000,563,244,2504.75,8,0.0,5513,1.163638826877219,22.59426229508197,0
48000,717,231,1686.625,8,0.0,4848,1.1416908367236982,20.98701298701299,0
48000,775,175,3658.0,5,0.0,2521,1.034443112450595,14.405714285714286,0
48000,877,41,2933.0,4,0.0,195,1.4577288933968104,4.7560975609756095,0
48000,903,384,2541.8571428571427,7,0.0,4692,0.39985765870885714,12.21875,0
48000,969,244,2428.8571428571427,7,0.0,5491,1.1589952473032488,22.50409836065574,0
48000,1245,265,2474.3333333333335,6,0.0,2443,0.4371611735262294,9.218867924528302,0
48000,1266,287,2076.4285714285716,7,0.0,2867,0.43739494896584574,9.989547038327526,0
48000,1304,245,2347.5555555555557,9,0.0,5147,1.0775361857910315,21.008163265306123,0
48000,1339,115,2804.2,5,0.0,1095,1.0404669809242566,9.521739130434783,0
48000,1407,136,1796.1666666666667,6,0.0,1623,1.1026827155657946,11.933823529411764,0
48000,1582,171,3523.2,5,0.0,1048,0.4503798229830859,6.128654970760234,0
48000,1616,201,2689.375,8,0.0,3621,1.126279745417058,18.01492537313433,0
48000,1711,132,2837.3333333333335,6,0.0,1544,1.1135489111897705,11.696969696969697,0
48000,1733,235,2865.0,6,0.0,2207,0.5021997274040868,9.391489361702128,0
48000,1803,155,2096.1666666666665,6,0.0,2015,1.0539536644301242,13.0,0
48000,1839,133,2757.6,5,0.0,1502,1.0670297169295877,11.293233082706767,0
48000,1842,142,1840.7142857142858,7,0.0,1654,1.0307864013167065,11.647887323943662,0
48000,1952,153,2459.5,6,0.0,2299,1.2341443907220189,15.026143790849673,0
48000,1972,157,2999.6666666666665,6,0.0,2400,1.2235502241251983,15.286624203821656,0
48000,2010,122,3803.6,5,0.0,1250,1.055358994084182,10.245901639344263,0
48000,2090,84,2671.6,5,0.0,637,1.1344640137963142,7.583333333333333,0
48000,2119,207,2831.0,7,0.0,3838,1.125574235522661,18.541062801932366,0
48000,2142,111,3662.8,5,0.0,1041,1.0617313375170765,9.378378378378379,0
48000,2147,253,2719.375,8,0.0,5272,1.0350092311847015,20.83794466403162,0
48000,2170,212,1705.857142857143,7,0.0,3758,1.0507391591483126,17.72641509433962,0
48000,2175,290,2420.125,8,0.0,4920,0.7351550942050787,16.96551724137931,0
48000,2198,190,2388.1428571428573,7,0.0,3290,1.1452454105607113,17.31578947368421,0
48000,2270,210,2021.4285714285713,7,0.0,3545,1.0101538282971263,16.88095238095238,0
48000,2281,267,2196.8333333333335,6,0.0,2492,0.43927387915362903,9.333333333333334,0
48000,2380,73,4470.25,4,0.0,401,0.9456022924297294,5.493150684931507,0
48000,2403,118,2915.8,5,0.0,1286,1.1606113624005958,10.898305084745763,0
48000,2439,292,1982.0,10,0.0,7719,1.1376409126036597,26.434931506849313,0
48000,2576,274,1905.7142857142858,7,0.0,2751,0.460467866696442,10.040145985401459,0
48000,2585,138,2521.3333333333335,6,0.0,1717,1.1329793291774153,12.442028985507246,0
48000,2602,258,2138.0,6,0.0,2419,0.4566740357570885,9.375968992248062,0
48000,2623,135,3076.6,5,0.0,1392,0.9598018049485852,10.311111111111112,0
48000,2658,62,2752.8,5,0.0,355,1.1605259022105896,5.725806451612903,0
48000,2729,157,3125.1666666666665,6,0.0,1981,1.0099387474966741,12.617834394904458,0
48000,2744,197,3103.5,6,0.0,3266,1.0575321813624947,16.578680203045685,0
48000,2750,218,2126.0,8,0.0,4335,1.1462674988058037,19.88532110091743,0
48000,2754,103,1894.6,5,0.0,996,1.1797629495618565,9.669902912621358,0
48000,2797,349,2803.8571428571427,7,0.0,4422,0.45622360125693767,12.670487106017193,0
48000,2837,112,2811.4,5,0.0,1017,1.0188136889989858,9.080357142857142,0
48000,2873,238,1857.75,8,0.0,5144,1.1411872473741895,21.613445378151262,0
48000,2907,185,2855.8,5,0.0,3107,1.1407951351004806,16.794594594594596,0
48000,2953,226,2694.625,8,0.0,4827,1.1876002614831178,21.358407079646017,0
48000,2970,98,4107.75,4,0.0,1061,1.3882673075630032,10.826530612244898,0
48000,3006,135,3205.8,5,0.0,1509,1.040474801485212,11.177777777777777,0
48000,3099,72,2164.2,5,0.0,486,1.1780972450961724,6.75,0
48000,3100,139,1768.8333333333333,6,0.0,1732,1.126492102068738,12.46043165467626,0
48000,3129,355,2038.4285714285713,7,0.0,3902,0.38908135796254306,10.991549295774648,0
48000,3131,165,2754.0,6,0.0,2638,1.217634001126887,15.987878787878788,0
48000,3137,228,2306.5,8,0.0,4498,1.0873256198712595,19.728070175438596,0
48000,3150,138,2715.2,5,0.0,1936,1.2774886320835623,14.028985507246377,0
48000,3218,159,3692.6,5,0.0,1918,0.9533760072125664,12.062893081761006,0
48000,3309,148,2272.6666666666665,6,0.0,1744,1.0005364477466396,11.783783783783784,0
48000,3311,100,2195.6,5,0.0,973,1.2227078607771475,9.73,0
48000,3323,133,2346.0,5,0.0,1541,1.0947355484610484,11.586466165413533,0
48000,3350,118,1448.2,5,0.0,528,0.4765185064910689,4.47457627118644,0
48000,3422,220,1104.7142857142858,7,0.0,1781,0.4624112823176381,8.095454545454546,0
48000,3469,175,2247.0,6,0.0,2644,1.084913760142552,15.108571428571429,0
48000,3478,93,3015.6,5,0.0,873,1.2684057748104471,9.387096774193548,0
48000,3532,211,3124.6666666666665,6,0.0,2425,0.6844735908856717,11.492890995260664,0
48000,3614,155,2134.6666666666665,6,0.0,2153,1.1261351064605745,13.890322580645162,0
48000,3619,221,3535.2,5,0.0,2725,0.7011191401512816,12.330316742081449,0
48000,3635,152,2269.5,6,0.0,2196,1.1944143814548451,14.447368421052632,0
48000,3639,60,1396.8,5,0.0,312,1.0890854532444616,5.2,0
48000,3655,41,3828.25,4,0.0,135,1.009196926197792,3.292682926829268,0
48000,3663,120,1642.0,6,0.0,1282,1.1187560505283654,10.683333333333334,0
48000,3792,187,3308.3333333333335,6,0.0,2792,1.003325996033367,14.93048128342246,0
48000,3992,331,2162.0,8,0.0,3828,0.4390619537222818,11.564954682779456,0
48000,4042,217,2316.4285714285716,7,0.0,3960,1.056782425467993,18.24884792626728,0
48000,4253,85,2551.6,5,0.0,651,1.1322778228301482,7.658823529411765,0
48000,4329,239,2369.5,8,0.0,5129,1.1283576072030985,21.460251046025103,0
48000,4352,313,2394.1666666666665,6,0.0,3485,0.4470169297537151,11.134185303514377,0
48000,4362,196,3236.5,6,0.0,3131,1.0241906079122909,15.974489795918368,0
48000,4399,76,2956.2,5,0.0,536,1.1661313450998123,7.052631578947368,0
48000,4405,205,2681.5,6,0.0,3344,0.9999272655423457,16.31219512195122,0
48000,4477,358,2792.1666666666665,6,0.0,2290,0.2245325419531421,6.396648044692737,0
48000,4490,233,3272.5,6,0.0,2394,0.5541434038345864,10.274678111587983,0
48000,4501,197,2797.4285714285716,7,0.0,3247,1.0513799733263993,16.482233502538072,0
48000,4539,100,3027.8,5,0.0,818,1.0279291162545803,8.18,0
48000,4545,56,2989.0,5,0.0,288,1.1540544441758425,5.142857142857143,0
48000,4591,131,1895.8333333333333,6,0.0,1547,1.1328113361933243,11.80916030534351,0
48000,4596,237,2180.222222222222,9,0.0,4521,1.011457593112176,19.075949367088608,0
48000,4611,77,2650.4,5,0.0,546,1.1572336575206794,7.090909090909091,0
48000,4647,86,2977.4,5,0.0,627,1.0653210350464035,7.290697674418604,0
48000,4663,129,3036.8,5,0.0,1403,1.059468660053237,10.875968992248062,0
48000,4681,112,3542.6,5,0.0,1155,1.1570597942908836,10.3125,0
48000,4703,116,3445.6,5,0.0,1237,1.1552170370067105,10.663793103448276,0
48000,4773,168,2709.0,6,0.0,2584,1.1504925477432009,15.380952380952381,0
48000,4777,109,2951.0,5,0.0,1051,1.1116282733516951,9.642201834862385,0
48000,4792,125,3644.6,5,0.0,1564,1.2578434330148958,12.512,0
48000,4795,97,3038.2,5,0.0,867,1.1579384974651294,8.938144329896907,0
48000,4809,291,2076.75,8,0.0,6302,0.9351952340157947,21.656357388316152,0
48000,4843,202,2965.5714285714284,7,0.0,3229,0.994432181005925,15.985148514851485,0
48000,4858,197,2477.8571428571427,7,0.0,3241,1.049437170788685,16.451776649746193,0
48000,4904,51,3393.5,4,0.0,287,1.386600679093073,5.627450980392157,0
48000,4920,129,2314.0,6,0.0,1396,1.0541826439303772,10.821705426356589,0
48000,4943,151,3543.6,5,0.0,896,0.49381466034234545,5.933774834437086,0
48000,4992,84,3285.4,5,0.0,597,1.0632260851434843,7.107142857142857,0
50000,45,195,2098.1428571428573,7,0.0,3254,1.0753706766370743,16.68717948717949,0
50000,162,252,2682.0,7,0.0,3302,0.6534101122545665,13.103174603174603,0
50000,165,134,2877.2,5,0.0,1566,1.0959532402587695,11.686567164179104,0
50000,224,75,2318.0,5,0.0,482,1.0767983353104216,6.426666666666667,0
50000,277,164,4118.5,6,0.0,2469,1.1535681531399762,15.054878048780488,0
50000,308,107,3414.2,5,0.0,969,1.0635700170594846,9.05607476635514,0
50000,370,196,1888.0,7,0.0,3254,1.0644254992483535,16.602040816326532,0
50000,374,112,4183.6,5,0.0,1239,1.2412095975120387,11.0625,0
50000,504,121,1796.4,5,0.0,1326,1.1381058284707508,10.958677685950413,0
50000,552,166,3522.8333333333335,6,0.0,2239,1.021051814688278,13.487951807228916,0
50000,563,245,2521.0,8,0.0,5564,1.1648360866021565,22.710204081632654,0
50000,717,234,2129.5,8,0.0,4985,1.1440455386182424,21.303418803418804,0
50000,775,174,3694.6,5,0.0,2481,1.029765011699865,14.258620689655173,0
50000,903,384,2540.1428571428573,7,0.0,4713,0.4016473029613904,12.2734375,0
50000,969,247,2455.714285714286,7,0.0,5505,1.133896150273685,22.28744939271255,0
50000,1245,266,2502.3333333333335,6,0.0,2473,0.43920847036732197,9.296992481203008,0
50000,1266,287,2069.0,7,0.0,2886,0.4402936249443428,10.05574912891986,0
50000,1304,247,2336.222222222222,9,0.0,5273,1.0861097911704163,21.34817813765182,0
50000,1339,114,2822.0,5,0.0,1085,1.0491314340242923,9.517543859649123,0
50000,1407,137,1790.6666666666667,6,0.0,1625,1.0879829638411027,11.861313868613138,0
50000,1582,168,3546.8,5,0.0,1002,0.44612752818834644,5.964285714285714,0
50000,1616,206,2681.75,8,0.0,3764,1.1146153971262118,18.271844660194176,0
50000,1711,132,2856.1666666666665,6,0.0,1537,1.1085004381468118,11.643939393939394,0
50000,1733,237,2862.1666666666665,6,0.0,2212,0.4948781676540883,9.333333333333334,0
50000,1803,156,2093.6666666666665,6,0.0,2017,1.0415174855835985,12.929487179487179,0
50000,1839,131,2770.0,5,0.0,1481,1.0844819579200475,11.305343511450381,0
50000,1842,155,2123.8333333333335,6,0.0,1811,0.9472506631677196,11.683870967741935,0
50000,1952,154,2477.8333333333335,6,0.0,2307,1.2224075310898386,14.980519480519481,0
50000,1972,153,3648.8,5,0.0,2322,1.246491202808407,15.176470588235293,0
50000,2010,122,3880.4,5,0.0,1235,1.0426946861551718,10.12295081967213,0
50000,2090,83,2704.8,5,0.0,611,1.114538023715119,7.36144578313253,0
50000,2119,206,2865.0,7,0.0,3847,1.1391937919087505,18.674757281553397,0
50000,2142,110,3706.8,5,0.0,1023,1.062429515577639,9.3,0
50000,2147,254,2722.5,8,0.0,5392,1.050249090963864,21.228346456692915,0
50000,2170,213,2766.5714285714284,7,0.0,3824,1.0591769981553367,17.953051643192488,0
50000,2175,294,2429.375,8,0.0,5003,0.7273537898981782,17.017006802721088,0
50000,2198,192,2790.3333333333335,6,0.0,3329,1.1348048984158443,17.338541666666668,0
50000,2270,213,2002.7142857142858,7,0.0,3590,0.9943633429334883,16.854460093896712,0
50000,2281,271,2854.3333333333335,6,0.0,2539,0.43444417954355113,9.3690036900369,0
50000,2380,60,4546.25,4,0.0,273,0.9529497715889039,4.55,0
50000,2403,117,2919.2,5,0.0,1267,1.1630938394618358,10.82905982905983,0
50000,2439,300,2196.9,10,0.0,8023,1.1202221271000405,26.743333333333332,0
50000,2576,278,1905.7142857142858,7,0.0,2787,0.45316591923579286,10.025179856115107,0
50000,2585,139,2547.5,6,0.0,1725,1.1219393048894764,12.410071942446043,0
50000,2602,255,2154.1666666666665,6,0.0,2411,0.465936479065282,9.454901960784314,0
50000,2623,135,3109.0,5,0.0,1360,0.9377373956394225,10.074074074074074,0
50000,2658,56,2787.8,5,0.0,296,1.1861115120696157,5.285714285714286,0
50000,2729,160,3161.1666666666665,6,0.0,2003,0.9832203258031805,12.51875,0
50000,2744,198,3113.0,6,0.0,3275,1.0497618549644498,16.54040404040404,0
50000,2750,219,2125.0,8,0.0,4399,1.1525919879186421,20.08675799086758,0
50000,2754,102,1888.6,5,0.0,956,1.1546953390356947,9.372549019607844,0
50000,2797,349,2809.0,7,0.0,4444,0.45849337041741994,12.73352435530086,0
50000,2837,110,2839.8,5,0.0,979,1.016733622434515,8.9,0
50000,2873,238,1849.0,8,0.0,5205,1.1547199888379969,21.869747899159663,0
50000,2907,182,2885.2,5,0.0,3028,1.1487432139922586,16.63736263736264,0
50000,2953,229,2675.625,8,0.0,4961,1.1887981658975963,21.663755458515283,0
50000,2970,95,4177.5,4,0.0,983,1.3687249101290933,10.347368421052632,0
50000,3006,134,3206.0,5,0.0,1488,1.0413655309738499,11.104477611940299,0
50000,3099,68,2171.8,5,0.0,434,1.179456065448071,6.382352941176471,0
50000,3100,139,1766.8333333333333,6,0.0,1730,1.1251913028746634,12.446043165467627,0
50000,3129,357,2041.2857142857142,7,0.0,3937,0.3881850866521672,11.028011204481793,0
50000,3131,165,2757.3333333333335,6,0.0,2627,1.21255667966654,15.921212121212122,0
50000,3137,230,2309.5,8,0.0,4566,1.084651195182684,19.85217391304348,0
50000,3150,135,2759.4,5,0.0,1855,1.2790462271405358,13.74074074074074,0
50000,3218,154,3758.2,5,0.0,1817,0.9627717745948143,11.7987012987013,0
50000,3309,145,2293.0,6,0.0,1763,1.0537223016939463,12.158620689655173,0
50000,3311,95,2246.0,5,0.0,863,1.2016374338162843,9.08421052631579,0
50000,3323,131,2373.4,5,0.0,1480,1.0837496946128766,11.297709923664122,0
50000,3350,114,1420.8,5,0.0,492,0.4757351756128588,4.315789473684211,0
50000,3422,221,1077.2857142857142,7,0.0,1807,0.4649256096342627,8.176470588235293,0
50000,3469,175,2230.0,6,0.0,2641,1.083682768735431,15.09142857142857,0
50000,3478,88,3092.0,5,0.0,800,1.2981787824751212,9.090909090909092,0
50000,3532,211,3183.8333333333335,6,0.0,2431,0.686167133790956,11.52132701421801,0
50000,3614,155,2141.8333333333335,6,0.0,2170,1.1350270232324415,14.0,0
50000,3619,211,3611.2,5,0.0,2602,0.7344331065915538,12.33175355450237,0
50000,3635,152,2255.6666666666665,6,0.0,2195,1.193870476909556,14.44078947368421,0
50000,3639,51,1379.6,5,0.0,231,1.1160444490261319,4.529411764705882,0
50000,3663,121,1614.3333333333333,6,0.0,1289,1.106348727676318,10.652892561983471,0
50000,3792,180,4020.2,5,0.0,2712,1.0518517625352493,15.066666666666666,0
50000,3992,341,2452.5714285714284,7,0.0,3920,0.42363045388574194,11.495601173020528,0
50000,4042,218,2309.1428571428573,7,0.0,3991,1.055306479292725,18.307339449541285,0
50000,4253,83,2576.0,5,0.0,623,1.136427477536038,7.506024096385542,0
50000,4329,240,2361.375,8,0.0,5182,1.130537022979327,21.591666666666665,0
50000,4352,312,2405.6666666666665,6,0.0,3475,0.44859609102664905,11.137820512820513,0
50000,4362,194,3268.0,6,0.0,3139,1.0480879306640833,16.18041237113402,0
50000,4399,73,2977.4,5,0.0,495,1.1672646751938056,6.780821917808219,0
50000,4405,204,2702.6666666666665,6,0.0,3339,1.0082447011088351,16.36764705882353,0
50000,4477,357,2800.5,6,0.0,2286,0.2253977922496455,6.4033613445378155,0
50000,4490,233,3288.0,6,0.0,2402,0.5559951779493217,10.30901287553648,0
50000,4501,199,2787.8571428571427,7,0.0,3304,1.0484404057938614,16.603015075376884,0
50000,4539,97,3041.6,5,0.0,793,1.0591063765742188,8.175257731958762,0
50000,4545,47,3010.4,5,0.0,204,1.1604977842142468,4.340425531914893,0
50000,4591,133,1922.8333333333333,6,0.0,1557,1.1061020434483142,11.706766917293233,0
50000,4596,245,2165.777777777778,9,0.0,4780,1.0007038989860366,19.510204081632654,0
50000,4611,75,2664.2,5,0.0,520,1.1616911501274256,6.933333333333334,0
50000,4647,84,2974.6,5,0.0,580,1.0329499654660317,6.904761904761905,0
50000,4663,129,3046.0,5,0.0,1378,1.0405900310430225,10.682170542635658,0
50000,4681,112,3600.2,5,0.0,1140,1.1420330437156774,10.178571428571429,0
50000,4703,115,3486.8,5,0.0,1216,1.1554409578117772,10.57391304347826,0
50000,4773,169,2755.8333333333335,6,0.0,2605,1.1461571881378678,15.414201183431953,0
50000,4777,110,3007.4,5,0.0,1044,1.0842389191232211,9.49090909090909,0
50000,4792,123,3678.2,5,0.0,1522,1.2641956556979748,12.373983739837398,0
50000,4795,95,3066.8,5,0.0,843,1.173789521097483,8.873684210526315,0
50000,4809,299,2047.75,8,0.0,6402,0.8998770111422404,21.411371237458194,0
50000,4843,204,2989.285714285714,7,0.0,3325,1.0040172600140391,16.29901960784314,0
50000,4858,197,2515.1428571428573,7,0.0,3281,1.0623891877067806,16.65482233502538,0
50000,4904,34,3441.5,4,0.0,128,1.3914320403442682,3.764705882352941,0
50000,4920,130,2317.5,6,0.0,1402,1.0424882604338201,10.784615384615385,0
50000,4943,149,3563.8,5,0.0,872,0.49357574774655183,5.852348993288591,0
50000,4992,81,3297.6,5,0.0,555,1.062998885988316,6.851851851851852,0
52000,45,196,2085.1428571428573,7,0.0,3265,1.0680237415629608,16.658163265306122,0
52000,162,256,2704.285714285714,7,0.0,3342,0.6408204741392266,13.0546875,0
52000,165,126,2940.2,5,0.0,1460,1.1556375092570164,11.587301587301587,0
52000,224,62,2917.5,4,0.0,348,1.1376422928712258,5.612903225806452,0
52000,277,167,4134.5,6,0.0,2510,1.1309688494403356,15.029940119760479,0
52000,308,103,3450.4,5,0.0,915,1.0838183723384525,8.883495145631068,0
52000,370,203,1857.625,8,0.0,3434,1.0471721393314422,16.91625615763547,0
52000,374,111,4233.4,5,0.0,1206,1.2300172843857773,10.864864864864865,0
52000,504,118,1800.2,5,0.0,1244,1.1227064812024425,10.542372881355933,0
52000,552,168,3542.5,6,0.0,2266,1.0089071645457017,13.488095238095237,0
52000,563,246,2535.75,8,0.0,5606,1.164106577832268,22.788617886178862,0
52000,717,240,2738.875,8,0.0,5185,1.1311915214488248,21.604166666666668,0
52000,775,172,3725.4,5,0.0,2431,1.032613810286207,14.133720930232558,0
52000,903,383,2536.0,7,0.0,4740,0.40606041838217233,12.37597911227154,0
52000,969,248,2477.714285714286,7,0.0,5543,1.132534344357975,22.350806451612904,0
52000,1245,267,2527.8333333333335,6,0.0,2489,0.43874505827182286,9.322097378277153,0
52000,1266,288,2041.5714285714287,7,0.0,2915,0.44163496263571794,10.121527777777779,0
52000,1304,250,2325.3333333333335,9,0.0,5402,1.086136544940292,21.608,0
52000,1339,113,2844.4,5,0.0,1071,1.054004458295769,9.47787610619469,0
52000,1407,137,1782.6666666666667,6,0.0,1618,1.083296267996864,11.81021897810219,0
52000,1582,165,3567.8,5,0.0,967,0.4463427138323349,5.86060606060606,0
52000,1616,211,2676.625,8,0.0,3881,1.0954400025679556,18.393364928909953,0
52000,1711,133,2876.1666666666665,6,0.0,1549,1.1004187959546812,11.646616541353383,0
52000,1733,235,2876.6666666666665,6,0.0,2217,0.5044752132554873,9.434042553191489,0
52000,1803,155,2073.8333333333335,6,0.0,2025,1.0591842037076928,13.064516129032258,0
52000,1839,130,2780.8,5,0.0,1458,1.0841283050731167,11.215384615384615,0
52000,1842,152,2125.0,6,0.0,1826,0.9931696996978814,12.013157894736842,0
52000,1952,153,2497.3333333333335,6,0.0,2301,1.2352180265556176,15.03921568627451,0
52000,1972,150,3711.0,5,0.0,2223,1.2415574166986862,14.82,0
52000,2010,119,3947.4,5,0.0,1210,1.0737453882758703,10.168067226890756,0
52000,2090,80,2731.6,5,0.0,567,1.113301896615883,7.0875,0
52000,2119,206,2885.5714285714284,7,0.0,3877,1.1480775490590658,18.820388349514563,0
52000,2142,108,3771.8,5,0.0,1001,1.0784410995347677,9.268518518518519,0
52000,2147,254,2725.75,8,0.0,5530,1.0771286114670195,21.771653543307085,0
52000,2170,218,2764.8571428571427,7,0.0,3973,1.0505468910623894,18.224770642201836,0
52000,2175,297,2436.5,8,0.0,5083,0.7241308917773434,17.114478114478114,0
52000,2198,185,2853.1666666666665,6,0.0,3230,1.1859569637510627,17.45945945945946,0
52000,2270,215,1983.7142857142858,7,0.0,3644,0.9906296272303909,16.948837209302326,0
52000,2281,268,2892.0,6,0.0,2558,0.44754923189366735,9.544776119402986,0
52000,2380,30,4656.0,4,0.0,68,0.9494591130849153,2.2666666666666666,0
52000,2403,116,2921.8,5,0.0,1244,1.1617542393179854,10.724137931034482,0
52000,2439,305,2180.1,10,0.0,8271,1.1172959027289944,27.118032786885244,0
52000,2576,280,1887.0,7,0.0,2823,0.4524855133206115,10.082142857142857,0
52000,2585,139,2552.0,6,0.0,1742,1.1329960980391118,12.532374100719425,0
52000,2602,253,2186.1666666666665,6,0.0,2411,0.47333218064990806,9.529644268774703,0
52000,2623,128,3926.0,4,0.0,1264,0.9694758579437253,9.875,0
52000,2658,48,2829.8,5,0.0,214,1.1671889372712079,4.458333333333333,0
52000,2729,157,3840.4,5,0.0,1944,0.9910756815414107,12.382165605095542,0
52000,2744,198,3130.0,6,0.0,3265,1.0465564752546348,16.48989898989899,0
52000,2750,222,2121.25,8,0.0,4485,1.1435795025850355,20.2027027027027,0
52000,2754,97,1885.6,5,0.0,908,1.2126968347154987,9.360824742268042,0
52000,2797,351,2810.4285714285716,7,0.0,4477,0.45664922557841264,12.754985754985755,0
52000,2837,110,2862.4,5,0.0,961,0.9980398479668732,8.736363636363636,0
52000,2873,239,1845.375,8,0.0,5282,1.1620169392175408,22.10041841004184,0
52000,2907,180,2914.0,5,0.0,2958,1.147263094977606,16.433333333333334,0
52000,2953,235,3289.0,8,0.0,5178,1.1782465738551706,22.03404255319149,0
52000,2970,89,4250.75,4,0.0,893,1.416711142358634,10.03370786516854,0
52000,3006,134,3211.6,5,0.0,1470,1.0287683672927146,10.970149253731343,0
52000,3099,65,2178.6,5,0.0,390,1.1599726720946928,6.0,0
52000,3100,140,1784.6666666666667,6,0.0,1732,1.1104568318403105,12.371428571428572,0
52000,3129,359,2038.5714285714287,7,0.0,3965,0.3866020552752859,11.044568245125348,0
52000,3131,167,2756.6666666666665,6,0.0,2634,1.1868414141138823,15.77245508982036,0
52000,3137,234,2315.0,8,0.0,4637,1.0641803736354642,19.816239316239315,0
52000,3150,132,2799.0,5,0.0,1787,1.288803046823912,13.537878787878787,0
52000,3218,149,4821.25,4,0.0,1696,0.9599821882776972,11.38255033557047,0
52000,3309,143,2258.3333333333335,6,0.0,1773,1.089548393528232,12.398601398601398,0
52000,3311,90,2275.0,5,0.0,782,1.213197755608503,8.688888888888888,0
52000,3323,130,2398.4,5,0.0,1430,1.0633082827534686,11.0,0
52000,3350,107,1392.4,5,0.0,452,0.4961131555323911,4.224299065420561,0
52000,3422,232,1319.5,8,0.0,1941,0.4531682030780164,8.366379310344827,0
52000,3469,174,2211.1666666666665,6,0.0,2641,1.096174685973133,15.17816091954023,0
52000,3478,84,3178.0,5,0.0,737,1.3125588354283888,8.773809523809524,0
52000,3532,213,3228.5,6,0.0,2440,0.6758346954756856,11.455399061032864,0
52000,3614,159,2144.5,6,0.0,2188,1.087584308540717,13.761006289308176,0
52000,3619,207,3674.4,5,0.0,2537,0.7440286179054172,12.256038647342995,0
52000,3635,152,2253.5,6,0.0,2190,1.1911509541831105,14.407894736842104,0
52000,3639,12,1652.25,4,0.0,18,1.5707963267948966,1.5,0
52000,3663,122,1582.6666666666667,6,0.0,1308,1.104327651409688,10.721311475409836,0
52000,3792,177,4088.6,5,0.0,2615,1.0489022680758797,14.774011299435028,0
52000,3992,338,2470.1428571428573,7,0.0,3910,0.43008393528014044,11.568047337278106,0
52000,4042,219,2297.1428571428573,7,0.0,4022,1.0538133610840597,18.365296803652967,0
52000,4253,81,2615.6,5,0.0,592,1.133865478387537,7.308641975308642,0
52000,4329,240,2346.375,8,0.0,5245,1.1442814908387822,21.854166666666668,0
52000,4352,312,2401.6666666666665,6,0.0,3467,0.4475633518242855,11.112179487179487,0
52000,4362,192,3300.0,6,0.0,3147,1.0727638976613583,16.390625,0
52000,4399,70,2997.8,5,0.0,453,1.161748140470348,6.4714285714285715,0
52000,4405,206,2722.0,6,0.0,3336,0.9878737951150485,16.194174757281555,0
52000,4477,358,2820.1666666666665,6,0.0,2288,0.2243364436632267,6.391061452513966,0
52000,4490,232,3313.1666666666665,6,0.0,2414,0.5636002278363378,10.405172413793103,0
52000,4501,200,2783.1428571428573,7,0.0,3346,1.0511769018911448,16.73,0
52000,4539,95,3065.2,5,0.0,752,1.0470815182269362,7.91578947368421,0
52000,4545,19,3492.5,4,0.0,35,1.2183461814475651,1.8421052631578947,0
52000,4591,135,2581.1428571428573,7,0.0,1618,1.1156316956945482,11.985185185185186,0
52000,4596,251,2169.222222222222,9,0.0,4982,0.993724836125417,19.84860557768924,0
52000,4611,72,2684.2,5,0.0,475,1.151432492635148,6.597222222222222,0
52000,4647,80,2975.6,5,0.0,540,1.0602875205865552,6.75,0
52000,4663,127,3060.2,5,0.0,1344,1.0471326248185708,10.582677165354331,0
52000,4681,110,3646.4,5,0.0,1116,1.1590140169937881,10.145454545454545,0
52000,4703,113,3499.0,5,0.0,1185,1.1661954090387359,10.486725663716815,0
52000,4773,170,2792.0,6,0.0,2629,1.1431483856453377,15.464705882352941,0
52000,4777,109,3039.4,5,0.0,1038,1.0978783517973927,9.522935779816514,0
52000,4792,123,3710.0,5,0.0,1486,1.2342935245513735,12.08130081300813,0
52000,4795,93,3072.6,5,0.0,818,1.188494758069812,8.795698924731182,0
52000,4809,309,1966.3333333333333,9,0.0,6567,0.8642908623128862,21.25242718446602,0
52000,4843,205,3018.285714285714,7,0.0,3392,1.0142802884927142,16.546341463414635,0
52000,4858,199,2552.5714285714284,7,0.0,3320,1.0535175990422578,16.683417085427134,0
52000,4920,131,2343.1666666666665,6,0.0,1409,1.0317589998037453,10.755725190839694,0
52000,4943,143,3600.2,5,0.0,847,0.5205005579912083,5.923076923076923,0
52000,4992,79,3338.8,5,0.0,510,1.026894570312959,6.455696202531645,0
54000,45,197,2070.0,7,0.0,3302,1.0691889965887806,16.761421319796955,0
54000,162,258,2724.0,7,0.0,3378,0.6377200879650454,13.093023255813954,0
54000,165,122,2974.4,5,0.0,1388,1.1718706270310757,11.37704918032787,0
54000,224,40,3001.5,4,0.0,142,1.1152653920243767,3.55,0
54000,277,168,4153.333333333333,6,0.0,2527,1.1251140356606302,15.041666666666666,0
54000,308,100,3477.6,5,0.0,858,1.0781945987120172,8.58,0
54000,370,212,1876.375,8,0.0,3699,1.034242722110061,17.44811320754717,0
54000,374,109,4299.2,5,0.0,1170,1.2374929398872343,10.73394495412844,0
54000,504,114,1802.0,5,0.0,1187,1.1477594582367143,10.412280701754385,0
54000,552,167,3564.6666666666665,6,0.0,2260,1.0183225496952824,13.532934131736527,0
54000,563,247,2531.125,8,0.0,5638,1.1612909164837486,22.82591093117409,0
54000,717,241,2714.875,8,0.0,5314,1.1497338793186178,22.04979253112033,0
54000,775,171,3748.6,5,0.0,2400,1.0314041747704255,14.035087719298245,0
54000,903,384,2513.5714285714284,7,0.0,4761,0.4057379183957521,12.3984375,0
54000,969,250,2501.5714285714284,7,0.0,5595,1.124941497397433,22.38,0
54000,1245,270,2529.1666666666665,6,0.0,2521,0.43456543647187207,9.337037037037037,0
54000,1266,288,2019.4285714285713,7,0.0,2951,0.4470891165482002,10.246527777777779,0
54000,1304,253,2315.222222222222,9,0.0,5536,1.0868382215171675,21.881422924901187,0
54000,1339,113,2887.0,5,0.0,1044,1.0274329173303294,9.238938053097344,0
54000,1407,136,1773.5,6,0.0,1614,1.0965680239822506,11.867647058823529,0
54000,1582,161,3587.8,5,0.0,924,0.4479505593020283,5.739130434782608,0
54000,1616,216,2665.625,8,0.0,4019,1.0824812135440138,18.60648148148148,0
54000,1711,133,2910.6666666666665,6,0.0,1551,1.1018396078280897,11.661654135338345,0
54000,1733,236,2907.5,6,0.0,2217,0.5002090572399147,9.39406779661017,0
54000,1803,155,2060.8333333333335,6,0.0,2023,1.058138095852179,13.051612903225806,0
54000,1839,130,2801.0,5,0.0,1434,1.0662825716562754,11.03076923076923,0
54000,1842,151,2123.6666666666665,6,0.0,1841,1.014634809922163,12.19205298013245,0
54000,1952,153,2529.8333333333335,6,0.0,2300,1.2346812086388181,15.032679738562091,0
54000,1972,148,3750.4,5,0.0,2156,1.2369017094849515,14.567567567567568,0
54000,2010,118,4006.4,5,0.0,1183,1.067654153747982,10.025423728813559,0
54000,2090,79,2751.0,5,0.0,539,1.0852866145072255,6.822784810126582,0
54000,2119,206,2903.714285714286,7,0.0,3906,1.156665180971037,18.961165048543688,0
54000,2142,107,3814.4,5,0.0,987,1.0833267356426328,9.22429906542056,0
54000,2147,257,3386.0,8,0.0,5731,1.090370330979915,22.299610894941633,0
54000,2170,218,2764.1428571428573,7,0.0,4061,1.0738159890773629,18.628440366972477,0
54000,2175,300,2448.625,8,0.0,5150,0.7190756518216638,17.166666666666668,0
54000,2198,183,2891.3333333333335,6,0.0,3167,1.1883811321829705,17.306010928961747,0
54000,2270,219,1968.857142857143,7,0.0,3692,0.9673493110697038,16.858447488584474,0
54000,2281,267,2917.0,6,0.0,2575,0.4539045902169321,9.644194756554308,0
54000,2403,115,2921.8,5,0.0,1227,1.1658931375288246,10.669565217391304,0
54000,2439,308,2163.0,10,0.0,8480,1.1233220485090845,27.532467532467532,0
54000,2576,282,1872.4285714285713,7,0.0,2854,0.4509886541595126,10.120567375886525,0
54000,2585,139,2557.1666666666665,6,0.0,1747,1.1362480960242987,12.568345323741006,0
54000,2602,253,2201.6666666666665,6,0.0,2405,0.4721542490514429,9.505928853754941,0
54000,2623,121,4022.0,4,0.0,1113,0.9552879238973949,9.198347107438016,0
54000,2658,33,2844.0,5,0.0,94,1.0847004938014346,2.8484848484848486,0
54000,2729,153,3866.4,5,0.0,1872,1.0049231402486383,12.235294117647058,0
54000,2744,197,3123.6666666666665,6,0.0,3270,1.0588273830543042,16.598984771573605,0
54000,2750,224,2104.875,8,0.0,4574,1.1455392855165587,20.419642857142858,0
54000,2754,95,1882.8,5,0.0,870,1.2113842032678648,9.157894736842104,0
54000,2797,342,3322.5,6,0.0,4375,0.47004096506464704,12.792397660818713,0
54000,2837,110,2874.4,5,0.0,918,0.953382497849729,8.345454545454546,0
54000,2873,248,2531.25,8,0.0,5448,1.1131241400076217,21.967741935483872,0
54000,2907,177,2935.8,5,0.0,2906,1.1656252355749546,16.418079096045197,0
54000,2953,229,3793.714285714286,7,0.0,5208,1.247986464018279,22.74235807860262,0
54000,2970,86,4328.0,4,0.0,814,1.3830483612883135,9.465116279069768,0
54000,3006,133,3222.4,5,0.0,1453,1.0322198260310858,10.924812030075188,0
54000,3099,61,2188.6,5,0.0,339,1.1448534367825205,5.557377049180328,0
54000,3100,141,1791.5,6,0.0,1747,1.1042427173324014,12.390070921985815,0
54000,3129,360,2038.142857142857,7,0.0,3993,0.38717220573407546,11.091666666666667,0
54000,3131,157,3353.0,5,0.0,2511,1.2801394219909887,15.993630573248408,0
54000,3137,234,2316.625,8,0.0,4725,1.0843761624816841,20.192307692307693,0
54000,3150,131,2838.2,5,0.0,1731,1.267547784712763,13.213740458015268,0
54000,3218,143,4926.0,4,0.0,1566,0.9623422359081845,10.951048951048952,0
54000,3309,144,2229.8333333333335,6,0.0,1784,1.0811345088742652,12.38888888888889,0
54000,3311,74,2950.75,4,0.0,561,1.2873874935455618,7.581081081081081,0
54000,3323,128,2425.4,5,0.0,1386,1.0630486860047492,10.828125,0
54000,3350,104,2104.8,5,0.0,426,0.49494026273271147,4.096153846153846,0
54000,3422,231,1507.2857142857142,7,0.0,1996,0.4700525804662752,8.64069264069264,0
54000,3469,174,2194.6666666666665,6,0.0,2640,1.095759625508925,15.172413793103448,0
54000,3478,83,3270.6,5,0.0,688,1.2549953523993482,8.289156626506024,0
54000,3532,213,3270.3333333333335,6,0.0,2451,0.6788814912339777,11.507042253521126,0
54000,3614,161,2145.3333333333335,6,0.0,2198,1.065579360763916,13.652173913043478,0
54000,3619,203,3737.0,5,0.0,2470,0.753207683211608,12.167487684729064,0
54000,3635,152,2254.3333333333335,6,0.0,2185,1.188431431456665,14.375,0
54000,3663,127,2680.5,6,0.0,1345,1.047911741354894,10.590551181102363,0
54000,3792,173,4143.0,5,0.0,2533,1.0635375978539805,14.641618497109826,0
54000,3992,338,2482.1428571428573,7,0.0,3902,0.4292039681491325,11.544378698224852,0
54000,4042,218,2291.1428571428573,7,0.0,4033,1.0664121851635078,18.5,0
54000,4253,78,2653.4,5,0.0,550,1.1360131225998595,7.051282051282051,0
54000,4329,241,2329.5,8,0.0,5318,1.1505993169394824,22.066390041493776,0
54000,4352,311,2405.1666666666665,6,0.0,3451,0.44836741752208414,11.096463022508038,0
54000,4362,193,3338.3333333333335,6,0.0,3160,1.066061669880399,16.373056994818654,0
54000,4399,67,3020.0,5,0.0,411,1.1505409495436891,6.134328358208955,0
54000,4405,205,2743.8333333333335,6,0.0,3339,0.9984321589850156,16.28780487804878,0
54000,4477,358,2855.0,6,0.0,2293,0.22482668938801523,6.405027932960894,0
54000,4490,232,3337.0,6,0.0,2428,0.5668688289919751,10.46551724137931,0
54000,4501,201,2780.5714285714284,7,0.0,3385,1.0528740508800722,16.8407960199005,0
54000,4539,93,3057.6,5,0.0,716,1.0402961452053612,7.698924731182796,0
54000,4591,135,3057.3333333333335,6,0.0,1641,1.1314904898855092,12.155555555555555,0
54000,4596,257,2158.8888888888887,9,0.0,5157,0.9811620654097754,20.06614785992218,0
54000,4611,68,2706.2,5,0.0,431,1.171303143336679,6.338235294117647,0
54000,4647,76,2984.0,5,0.0,484,1.0529991996796815,6.368421052631579,0
54000,4663,127,3050.4,5,0.0,1311,1.0214217791199005,10.32283464566929,0
54000,4681,110,3684.4,5,0.0,1102,1.1444744146300667,10.018181818181818,0
54000,4703,112,3506.4,5,0.0,1162,1.1640722778926467,10.375,0
54000,4773,171,2820.1666666666665,6,0.0,2654,1.1405611166002956,15.52046783625731,0
54000,4777,107,3065.0,5,0.0,1006,1.1041810497026228,9.401869158878505,0
54000,4792,121,3742.0,5,0.0,1452,1.2462516311761165,12.0,0
54000,4795,93,3076.2,5,0.0,801,1.16379498925907,8.612903225806452,0
54000,4809,317,2078.1111111111113,9,0.0,6820,0.8528560100103451,21.514195583596216,0
54000,4843,206,3044.1428571428573,7,0.0,3451,1.02192819752459,16.75242718446602,0
54000,4858,201,2582.5714285714284,7,0.0,3359,1.044786982837862,16.71144278606965,0
54000,4920,132,2355.8333333333335,6,0.0,1416,1.0212339755470954,10.727272727272727,0
54000,4943,138,3658.8,5,0.0,821,0.5417449209403948,5.949275362318841,0
54000,4992,74,3402.6,5,0.0,446,1.0234845314105534,6.027027027027027,0
56000,45,197,2061.5714285714284,7,0.0,3310,1.0717793999723997,16.80203045685279,0
56000,162,262,2742.4285714285716,7,0.0,3406,0.6235222060559894,13.0,0
56000,165,120,2998.4,5,0.0,1334,1.1641346110802178,11.116666666666667,0
56000,277,169,4176.333333333333,6,0.0,2538,1.1166782892491012,15.017751479289942,0
56000,308,98,3501.4,5,0.0,805,1.0533036593668403,8.214285714285714,0
56000,370,215,2132.1428571428573,7,0.0,3837,1.043097112975579,17.846511627906978,0
56000,374,108,4352.8,5,0.0,1139,1.2271172950750255,10.546296296296296,0
56000,504,112,1806.8,5,0.0,1129,1.1310134266271927,10.080357142857142,0
56000,552,168,3577.5,6,0.0,2282,1.0160309574109847,13.583333333333334,0
56000,563,248,2527.625,8,0.0,5684,1.1613431739727098,22.919354838709676,0
56000,717,244,2697.875,8,0.0,5401,1.1399987854097335,22.135245901639344,0
56000,775,169,3776.0,5,0.0,2382,1.0480408530304803,14.094674556213018,0
56000,903,385,2500.8571428571427,7,0.0,4778,0.4050741696435023,12.410389610389611,0
56000,969,256,2826.1428571428573,7,0.0,5710,1.0948787873533763,22.3046875,0
56000,1245,272,2531.3333333333335,6,0.0,2551,0.43329383971169777,9.378676470588236,0
56000,1266,289,2001.2857142857142,7,0.0,2986,0.44926644382223024,10.332179930795848,0
56000,1304,256,2306.4444444444443,9,0.0,5653,1.0839491742396912,22.08203125,0
56000,1339,112,2907.4,5,0.0,1028,1.0298333060874705,9.178571428571429,0
56000,1407,137,1764.8333333333333,6,0.0,1614,1.0806181560858705,11.781021897810218,0
56000,1582,157,3607.4,5,0.0,897,0.45730189626679285,5.713375796178344,0
56000,1616,227,3138.8888888888887,9,0.0,4316,1.0525423658827882,19.013215859030836,0
56000,1711,132,2931.1666666666665,6,0.0,1545,1.114270121624479,11.704545454545455,0
56000,1733,238,2922.0,6,0.0,2224,0.49339044287717676,9.344537815126051,0
56000,1803,157,2023.3333333333333,6,0.0,2041,1.0405275030998042,13.0,0
56000,1839,129,2818.2,5,0.0,1418,1.0707958374593658,10.992248062015504,0
56000,1842,153,2118.1666666666665,6,0.0,1863,1.0000917789974428,12.176470588235293,0
56000,1952,153,2554.5,6,0.0,2305,1.2373652982228158,15.065359477124183,0
56000,1972,146,3789.4,5,0.0,2094,1.2344708231595096,14.342465753424657,0
56000,2010,117,4056.2,5,0.0,1163,1.0676228376433428,9.94017094017094,0
56000,2090,74,2772.4,5,0.0,492,1.1290457162645569,6.648648648648648,0
56000,2119,206,2920.8571428571427,7,0.0,3922,1.1614031847845385,19.038834951456312,0
56000,2142,106,3840.2,5,0.0,958,1.0714296056030694,9.037735849056604,0
56000,2147,261,3401.375,8,0.0,5850,1.0791572069406081,22.413793103448278,0
56000,2170,218,2766.5714285714284,7,0.0,4107,1.0859793812215537,18.839449541284402,0
56000,2175,301,2477.0,8,0.0,5204,0.7217954843448211,17.289036544850497,0
56000,2198,183,2919.8333333333335,6,0.0,3128,1.1737468207983366,17.092896174863387,0
56000,2270,221,1947.7142857142858,7,0.0,3752,0.9653574362743517,16.97737556561086,0
56000,2281,265,2938.1666666666665,6,0.0,2584,0.4623923341759217,9.750943396226415,0
56000,2403,114,2925.6,5,0.0,1209,1.1690321693413543,10.605263157894736,0
56000,2439,309,2151.8,10,0.0,8652,1.138700249844844,28.0,0
56000,2576,288,1859.2857142857142,7,0.0,2895,0.4386048771287833,10.052083333333334,0
56000,2585,140,2560.5,6,0.0,1765,1.131614496650201,12.607142857142858,0
56000,2602,251,2213.5,6,0.0,2397,0.47811289285279496,9.549800796812749,0
56000,2623,115,4088.25,4,0.0,1012,0.9616005339683541,8.8,0
56000,2729,151,3888.0,5,0.0,1831,1.009123485587985,12.125827814569536,0
56000,2744,198,3132.0,6,0.0,3261,1.0452743233707087,16.46969696969697,0
56000,2750,230,2614.125,8,0.0,4705,1.1176705811069925,20.456521739130434,0
56000,2754,94,1878.4,5,0.0,834,1.1860970000425022,8.872340425531915,0
56000,2797,340,3350.6666666666665,6,0.0,4318,0.46939090235988673,12.7,0
56000,2837,98,3655.75,4,0.0,752,0.9839557165762285,7.673469387755102,0
56000,2873,249,2517.375,8,0.0,5532,1.1212264679381776,22.216867469879517,0
56000,2907,176,2961.8,5,0.0,2845,1.1541620737942873,16.164772727272727,0
56000,2953,230,3817.1428571428573,7,0.0,5231,1.2426216386335127,22.743478260869566,0
56000,2970,81,4401.0,4,0.0,731,1.4000940282116376,9.024691358024691,0
56000,3006,133,3235.8,5,0.0,1430,1.0158804894868911,10.75187969924812,0
56000,3099,55,2203.2,5,0.0,275,1.1423973285781066,5.0,0
56000,3100,141,1804.1666666666667,6,0.0,1768,1.1175163847989045,12.539007092198581,0
56000,3129,363,2035.142857142857,7,0.0,4020,0.383374009590449,11.074380165289256,0
56000,3131,155,4231.0,5,0.0,2470,1.2919432015595071,15.935483870967742,0
56000,3137,239,2317.25,8,0.0,4801,1.0561990392244252,20.08786610878661,0
56000,3150,129,2883.0,5,0.0,1681,1.2693990146468221,13.031007751937985,0
56000,3218,138,4995.5,4,0.0,1464,0.9660347920301317,10.608695652173912,0
56000,3309,144,2211.8333333333335,6,0.0,1790,1.0847706114825868,12.430555555555555,0
56000,3311,63,3023.0,4,0.0,388,1.22845850299102,6.158730158730159,0
56000,3323,127,2450.2,5,0.0,1340,1.0440161586732772,10.551181102362206,0
56000,3350,97,2132.4,5,0.0,388,0.5182008500766669,4.0,0
56000,3422,239,2301.1428571428573,7,0.0,2118,0.4659507529842392,8.861924686192468,0
56000,3469,174,2180.3333333333335,6,0.0,2641,1.096174685973133,15.17816091954023,0
56000,3478,80,3335.8,5,0.0,629,1.2350386119424874,7.8625,0
56000,3532,212,3305.5,6,0.0,2459,0.6875379436790051,11.599056603773585,0
56000,3614,150,2624.8,5,0.0,2078,1.1605741394061493,13.853333333333333,0
56000,3619,195,3787.2,5,0.0,2407,0.7954570432284689,12.343589743589744,0
56000,3635,152,2255.3333333333335,6,0.0,2186,1.1889753360019544,14.381578947368421,0
56000,3663,127,2683.0,6,0.0,1360,1.0595984893997443,10.708661417322835,0
56000,3792,172,4185.4,5,0.0,2481,1.0538522679226983,14.424418604651162,0
56000,3992,339,2486.0,7,0.0,3914,0.42798770098242966,11.545722713864306,0
56000,4042,221,2283.5714285714284,7,0.0,4059,1.0443459045409367,18.36651583710407,0
56000,4253,76,2680.6,5,0.0,517,1.1247945996578415,6.802631578947368,0
56000,4329,243,2318.375,8,0.0,5390,1.1470598589543588,22.181069958847736,0
56000,4352,311,2407.6666666666665,6,0.0,3442,0.44719810232136015,11.067524115755628,0
56000,4362,193,3364.0,6,0.0,3170,1.0694352827597673,16.424870466321245,0
56000,4399,63,3046.2,5,0.0,354,1.1208100774711887,5.619047619047619,0
56000,4405,206,2802.1666666666665,6,0.0,3345,0.9905389222601431,16.237864077669904,0
56000,4477,359,2877.5,6,0.0,2293,0.22357591746437086,6.387186629526463,0
56000,4490,232,3347.6666666666665,6,0.0,2434,0.5682696580586769,10.491379310344827,0
56000,4501,201,2778.1428571428573,7,0.0,3428,1.066248817257574,17.054726368159205,0
56000,4539,85,3857.25,4,0.0,587,1.0209632596026068,6.905882352941177,0
56000,4591,134,3096.8333333333335,6,0.0,1652,1.1561396889575268,12.328358208955224,0
56000,4596,261,2142.222222222222,9,0.0,5316,0.9806495234352601,20.367816091954023,0
56000,4611,64,2710.4,5,0.0,381,1.1688933603688585,5.953125,0
56000,4647,72,2996.4,5,0.0,425,1.0302290723577638,5.902777777777778,0
56000,4663,124,3044.8,5,0.0,1293,1.0567323884213327,10.42741935483871,0
56000,4681,108,3715.4,5,0.0,1087,1.171094380813479,10.064814814814815,0
56000,4703,112,3515.4,5,0.0,1142,1.144036610459038,10.196428571428571,0
56000,4773,173,2843.0,6,0.0,2687,1.1281979966180995,15.531791907514451,0
56000,4777,106,3083.2,5,0.0,988,1.104981680935107,9.320754716981131,0
56000,4792,119,3777.8,5,0.0,1416,1.2565483221476301,11.899159663865547,0
56000,4795,91,3084.8,5,0.0,776,1.1775756064174276,8.527472527472527,0
56000,4809,326,2055.6666666666665,9,0.0,6978,0.8250981797113017,21.404907975460123,0
56000,4843,207,3055.0,7,0.0,3500,1.026448625411494,16.908212560386474,0
56000,4858,203,2607.1428571428573,7,0.0,3398,1.0361942135842284,16.738916256157637,0
56000,4920,132,2380.6666666666665,6,0.0,1421,1.0248400277206373,10.765151515151516,0
56000,4943,134,3691.4,5,0.0,801,0.56057378381052,5.977611940298507,0
56000,4992,68,3454.6,5,0.0,376,1.021832904627822,5.529411764705882,0
58000,45,198,2049.8571428571427,7,0.0,3319,1.0638655256876364,16.762626262626263,0
58000,162,264,2765.8571428571427,7,0.0,3438,0.6198803686318703,13.022727272727273,0
58000,165,119,3012.6,5,0.0,1299,1.1527233548515334,10.915966386554622,0
58000,277,169,4211.333333333333,6,0.0,2545,1.119758174207629,15.059171597633137,0
58000,308,95,3524.0,5,0.0,751,1.045689122590996,7.905263157894737,0
58000,370,217,2130.285714285714,7,0.0,3906,1.0423717560297932,18.0,0
58000,374,107,4398.2,5,0.0,1107,1.2150381928636216,10.345794392523365,0
58000,504,110,1806.6,5,0.0,1082,1.123703554110465,9.836363636363636,0
58000,552,169,3592.1666666666665,6,0.0,2291,1.0080023485696181,13.55621301775148,0
58000,563,247,2533.5,8,0.0,5726,1.1794167768332644,23.182186234817813,0
58000,717,243,2687.25,8,0.0,5460,1.1619567402394804,22.469135802469136,0
58000,775,169,3817.0,5,0.0,2349,1.0335213953688491,13.899408284023668,0
58000,903,385,2487.8571428571427,7,0.0,4801,0.407024087161669,12.47012987012987,0
58000,969,258,2849.8571428571427,7,0.0,5817,1.0981698495241767,22.546511627906977,0
58000,1245,273,2546.0,6,0.0,2583,0.4355208750538682,9.461538461538462,0
58000,1266,290,1983.2857142857142,7,0.0,3024,0.4518514237553168,10.427586206896551,0
58000,1304,257,2298.6666666666665,9,0.0,5750,1.0939852387252682,22.373540856031127,0
58000,1339,111,2928.0,5,0.0,999,1.0188949146777708,9.0,0
58000,1407,137,1753.6666666666667,6,0.0,1615,1.081287684063619,11.788321167883211,0
58000,1582,155,3626.0,5,0.0,862,0.4508724857264353,5.561290322580645,0
58000,1616,230,3135.777777777778,9,0.0,4516,1.0727737182314938,19.63478260869565,0
58000,1711,133,2949.0,6,0.0,1549,1.1004187959546812,11.646616541353383,0
58000,1733,239,2940.3333333333335,6,0.0,2220,0.48839030766053404,9.288702928870293,0
58000,1803,158,1991.3333333333333,6,0.0,2055,1.0344452656829073,13.00632911392405,0
58000,1839,127,2826.6,5,0.0,1402,1.0923213839253247,11.039370078740157,0
58000,1842,152,2116.1666666666665,6,0.0,1867,1.0154697860547341,12.282894736842104,0
58000,1952,153,2559.8333333333335,6,0.0,2317,1.2438071132244095,15.143790849673202,0
58000,1972,145,3824.6,5,0.0,2049,1.2246608032733386,14.13103448275862,0
58000,2010,115,4105.6,5,0.0,1147,1.0898772850412077,9.97391304347826,0
58000,2090,72,2791.6,5,0.0,457,1.1077992613352896,6.347222222222222,0
58000,2119,206,2936.1428571428573,7,0.0,3941,1.1670295643130715,19.131067961165048,0
58000,2142,104,3862.4,5,0.0,936,1.0874743800887745,9.0,0
58000,2147,261,3408.625,8,0.0,5954,1.0983422239528855,22.81226053639847,0
58000,2170,221,2766.714285714286,7,0.0,4139,1.0649292187472126,18.728506787330318,0
58000,2175,304,2489.25,8,0.0,5275,0.7172741190999895,17.351973684210527,0
58000,2198,183,2940.8333333333335,6,0.0,3105,1.165116329468937,16.9672131147541,0
58000,2270,225,1921.142857142857,7,0.0,3836,0.9521895837369241,17.04888888888889,0
58000,2281,265,2952.8333333333335,6,0.0,2606,0.4663291110148808,9.833962264150943,0
58000,2403,113,2928.8,5,0.0,1194,1.175052589360549,10.56637168141593,0
58000,2439,313,2141.7,10,0.0,8816,1.1308181499881642,28.166134185303516,0
58000,2576,291,1849.857142857143,7,0.0,2927,0.4343567835550985,10.058419243986254,0
58000,2585,140,2569.8333333333335,6,0.0,1778,1.1399493343025822,12.7,0
58000,2602,251,2205.6666666666665,6,0.0,2403,0.4793096710576831,9.573705179282868,0
58000,2623,109,4158.25,4,0.0,915,0.9677829401682218,8.394495412844037,0
58000,2729,149,3905.0,5,0.0,1804,1.0211131295123619,12.10738255033557,0
58000,2744,196,3140.0,6,0.0,3250,1.0631170474975873,16.581632653061224,0
58000,2750,235,2622.875,8,0.0,4799,1.0920056600870922,20.42127659574468,0
58000,2754,92,1871.8,5,0.0,808,1.1996251720702045,8.782608695652174,0
58000,2797,338,3371.6666666666665,6,0.0,4289,0.4717723781116425,12.689349112426035,0
58000,2837,88,3710.0,4,0.0,614,0.9963522155496555,6.9772727272727275,0
58000,2873,251,2503.375,8,0.0,5596,1.116195139092299,22.294820717131476,0
58000,2907,173,2978.4,5,0.0,2800,1.1756436138930697,16.184971098265898,0
58000,2953,229,3837.5714285714284,7,0.0,5247,1.2573319847741762,22.912663755458514,0
58000,2970,77,4475.5,4,0.0,659,1.3967343961650691,8.558441558441558,0
58000,3006,131,3264.6,5,0.0,1409,1.0317589998037453,10.755725190839694,0
58000,3099,46,2218.4,5,0.0,191,1.1342990488386588,4.1521739130434785,0
58000,3100,145,2323.714285714286,7,0.0,1846,1.1033303283760776,12.73103448275862,0
58000,3129,362,2032.2857142857142,7,0.0,4042,0.38760469783614493,11.165745856353592,0
58000,3131,153,4295.8,5,0.0,2411,1.2942679974035611,15.758169934640524,0
58000,3137,241,2319.625,8,0.0,4885,1.0569156944808897,20.269709543568464,0
58000,3150,126,2921.4,5,0.0,1628,1.288614976075632,12.920634920634921,0
58000,3218,134,5049.0,4,0.0,1387,0.9706814458741464,10.350746268656716,0
58000,3309,143,2197.8333333333335,6,0.0,1793,1.1018388435398307,12.538461538461538,0
58000,3311,45,3081.25,4,0.0,215,1.334207250413443,4.777777777777778,0
58000,3323,127,2461.0,5,0.0,1311,1.0214217791199005,10.32283464566929,0
58000,3350,92,2151.0,5,0.0,347,0.5151855627578725,3.7717391304347827,0
58000,3422,246,2301.285714285714,7,0.0,2205,0.45787638318233154,8.963414634146341,0
58000,3469,174,2163.3333333333335,6,0.0,2644,1.097419867365757,15.195402298850574,0
58000,3478,75,3388.6,5,0.0,558,1.24658396494443,7.44,0
58000,3532,212,3338.1666666666665,6,0.0,2472,0.6911727518399758,11.660377358490566,0
58000,3614,149,2664.2,5,0.0,2020,1.1433750119816912,13.557046979865772,0
58000,3619,193,3833.6,5,0.0,2366,0.7981968072585519,12.259067357512953,0
58000,3635,152,2262.1666666666665,6,0.0,2186,1.1889753360019544,14.381578947368421,0
58000,3663,127,2685.0,6,0.0,1367,1.0650523051540075,10.763779527559056,0
58000,3792,172,4225.4,5,0.0,2434,1.0338881177443966,14.151162790697674,0
58000,3992,340,2486.1428571428573,7,0.0,3917,0.4257999454709765,11.520588235294118,0
58000,4042,221,2279.714285714286,7,0.0,4084,1.0507781902303979,18.479638009049772,0
58000,4253,73,2706.2,5,0.0,468,1.103595692910507,6.410958904109589,0
58000,4329,250,2238.777777777778,9,0.0,5536,1.113078843537478,22.144,0
58000,4352,311,2410.3333333333335,6,0.0,3430,0.44563901538706135,11.028938906752412,0
58000,4362,193,3383.5,6,0.0,3187,1.0751704246546936,16.512953367875646,0
58000,4399,56,3075.6,5,0.0,293,1.1740901116094506,5.232142857142857,0
58000,4405,208,2843.3333333333335,6,0.0,3341,0.9704198461208856,16.0625,0
58000,4477,360,2894.6666666666665,6,0.0,2309,0.22388695793638372,6.413888888888889,0
58000,4490,230,3357.6666666666665,6,0.0,2442,0.5800959742961267,10.617391304347827,0
58000,4501,202,2776.0,7,0.0,3456,1.0643411636904543,17.10891089108911,0
58000,4539,72,3925.0,4,0.0,425,1.0302290723577638,5.902777777777778,0
58000,4591,134,3129.3333333333335,6,0.0,1672,1.1701365374921218,12.477611940298507,0
58000,4596,266,2120.4444444444443,9,0.0,5489,0.9748545466422281,20.63533834586466,0
58000,4611,58,2719.0,5,0.0,323,1.2065807694524413,5.568965517241379,0
58000,4647,58,3439.25,4,0.0,289,1.079572267404816,4.982758620689655,0
58000,4663,122,3044.8,5,0.0,1264,1.067179014817925,10.360655737704919,0
58000,4681,108,3745.0,5,0.0,1069,1.1517018335690976,9.898148148148149,0
58000,4703,110,3523.0,5,0.0,1113,1.1558983879158478,10.118181818181819,0
58000,4773,175,2861.3333333333335,6,0.0,2718,1.1152782148515339,15.531428571428572,0
58000,4777,105,3096.8,5,0.0,982,1.1192903349932615,9.352380952380953,0
58000,4792,118,3811.8,5,0.0,1387,1.2517635767104405,11.754237288135593,0
58000,4795,89,3096.2,5,0.0,741,1.175568820255037,8.325842696629213,0
58000,4809,329,2040.0,9,0.0,7106,0.8249797173495836,21.598784194528875,0
58000,4843,207,3067.0,7,0.0,3535,1.036713111665609,17.07729468599034,0
58000,4858,203,2633.1428571428573,7,0.0,3431,1.046257312185841,16.901477832512317,0
58000,4920,126,2835.2,5,0.0,1365,1.0804419179012517,10.833333333333334,0
58000,4943,127,3721.2,5,0.0,780,0.6077108983322063,6.141732283464567,0
58000,4992,60,3491.6,5,0.0,281,0.9808750396208131,4.683333333333334,0
60000,45,198,2041.142857142857,7,0.0,3317,1.063224449745673,16.752525252525253,0
60000,162,265,2799.4285714285716,7,0.0,3455,0.6182529081183473,13.037735849056604,0
60000,165,116,3033.4,5,0.0,1257,1.1738947578960672,10.836206896551724,0
60000,277,170,4251.5,6,0.0,2557,1.1118411647375919,15.041176470588235,0
60000,308,91,3542.0,5,0.0,695,1.0546585650259177,7.637362637362638,0
60000,370,230,3043.714285714286,7,0.0,4138,0.9829799924804963,17.991304347826087,0
60000,374,106,4435.2,5,0.0,1081,1.208993114464424,10.19811320754717,0
60000,504,108,1809.6,5,0.0,1038,1.1183035577593297,9.61111111111111,0
60000,552,168,3606.1666666666665,6,0.0,2306,1.026716646708909,13.726190476190476,0
60000,563,248,2545.125,8,0.0,5763,1.1774842912745822,23.237903225806452,0
60000,717,242,2671.25,8,0.0,5556,1.1921787298234334,22.958677685950413,0
60000,775,168,3866.0,5,0.0,2324,1.0347309136823526,13.833333333333334,0
60000,903,385,2479.1428571428573,7,0.0,4820,0.40863488858971975,12.519480519480519,0
60000,969,263,3442.285714285714,7,0.0,5985,1.0873328821717771,22.75665399239544,0
60000,1245,280,3247.6666666666665,6,0.0,2639,0.42299301085834,9.425,0
60000,1266,295,2350.8571428571427,7,0.0,3138,0.45312577980878005,10.63728813559322,0
60000,1304,259,2291.0,9,0.0,5864,1.0985107151444102,22.64092664092664,0
60000,1339,110,2947.8,5,0.0,978,1.0156950794085347,8.89090909090909,0
60000,1407,136,2090.2,5,0.0,1602,1.0884151018708583,11.779411764705882,0
60000,1582,151,3644.6,5,0.0,829,0.45688878730335314,5.490066225165563,0
60000,1616,231,3136.0,9,0.0,4691,1.1047177630096676,20.307359307359306,0
60000,1711,132,2972.6666666666665,6,0.0,1546,1.1149913320591873,11.712121212121213,0
60000,1733,239,2952.8333333333335,6,0.0,2223,0.48905029456277793,9.301255230125523,0
60000,1803,158,1963.5,6,0.0,2071,1.0424993407441856,13.10759493670886,0
60000,1839,128,2830.0,5,0.0,1399,1.073019561126006,10.9296875,0
60000,1842,153,2110.3333333333335,6,0.0,1884,1.011364955250232,12.313725490196079,0
60000,1952,154,2550.6666666666665,6,0.0,2338,1.23883346670483,15.181818181818182,0
60000,1972,143,3859.0,5,0.0,2006,1.2327321361633576,14.027972027972028,0
60000,2010,116,4172.2,5,0.0,1138,1.0627623186043949,9.810344827586206,0
60000,2090,67,2800.0,5,0.0,414,1.1589390586644457,6.17910447761194,0
60000,2119,208,2942.714285714286,7,0.0,3999,1.1615411447582824,19.22596153846154,0
60000,2142,104,3883.8,5,0.0,922,1.0712087376515493,8.865384615384615,0
60000,2147,263,3415.625,8,0.0,6033,1.0960533463896962,22.93916349809886,0
60000,2170,219,2772.8571428571427,7,0.0,4174,1.0936392265452177,19.059360730593607,0
60000,2175,307,2506.625,8,0.0,5335,0.7113241225647613,17.377850162866448,0
60000,2198,181,2971.3333333333335,6,0.0,3080,1.1814175846960182,17.016574585635357,0
60000,2270,232,2877.0,8,0.0,4100,0.9572331955795297,17.67241379310345,0
60000,2281,265,2970.1666666666665,6,0.0,2617,0.4682974994343604,9.875471698113207,0
60000,2403,113,2932.0,5,0.0,1185,1.1661954090387359,10.486725663716815,0
60000,2439,313,2145.8,10,0.0,8968,1.1503150146431327,28.6517571884984,0
60000,2576,288,2153.5,6,0.0,2903,0.4398169113315572,10.07986111111111,0
60000,2585,141,2577.5,6,0.0,1781,1.1257334170400728,12.631205673758865,0
60000,2602,250,2194.8333333333335,6,0.0,2399,0.48234756966156245,9.596,0
60000,2623,104,4224.75,4,0.0,826,0.9596729037962903,7.9423076923076925,0
60000,2729,147,3926.4,5,0.0,1758,1.0223369679320387,11.959183673469388,0
60000,2744,196,3148.1666666666665,6,0.0,3249,1.0627899345598957,16.5765306122449,0
60000,2750,236,2631.125,8,0.0,4874,1.0996928033321354,20.652542372881356,0
60000,2754,93,2423.2,5,0.0,798,1.1594362065277626,8.580645161290322,0
60000,2797,338,3392.8333333333335,6,0.0,4263,0.4689124849358667,12.612426035502958,0
60000,2837,77,3766.0,4,0.0,481,1.0194677459110748,6.246753246753247,0
60000,2873,253,2491.25,8,0.0,5664,1.1119674289510906,22.387351778656125,0
60000,2907,171,2999.8,5,0.0,2745,1.1796685248936742,16.05263157894737,0
60000,2953,228,3856.285714285714,7,0.0,5261,1.2717696945626271,23.07456140350877,0
60000,2970,71,4604.75,4,0.0,573,1.4283932477738157,8.070422535211268,0
60000,3006,131,3301.6,5,0.0,1396,1.0222395768105241,10.65648854961832,0
60000,3100,150,2321.5714285714284,7,0.0,1972,1.1013725711785018,13.146666666666667,0
60000,3129,366,2028.0,7,0.0,4069,0.3817116219492033,11.117486338797814,0
60000,3131,151,4348.6,5,0.0,2371,1.306734999633595,15.701986754966887,0
60000,3137,245,2341.75,8,0.0,4982,1.0429930595708021,20.33469387755102,0
60000,3150,125,2957.2,5,0.0,1592,1.2803623691558275,12.736,0
60000,3218,130,5106.5,4,0.0,1298,0.9651567489608406,9.984615384615385,0
60000,3309,142,2182.6666666666665,6,0.0,1795,1.1186587608001743,12.640845070422536,0
60000,3323,124,2479.2,5,0.0,1269,1.0371178661304494,10.233870967741936,0
60000,3350,78,2758.5,4,0.0,257,0.5308279500148434,3.2948717948717947,0
60000,3422,250,2332.4285714285716,7,0.0,2285,0.45942650966097137,9.14,0
60000,3469,175,2146.1666666666665,6,0.0,2643,1.0845034296735117,15.102857142857143,0
60000,3478,57,4344.0,4,0.0,375,1.4504121207709109,6.578947368421052,0
60000,3532,214,3373.1666666666665,6,0.0,2486,0.6821555888570378,11.616822429906541,0
60000,3614,146,2697.2,5,0.0,1967,1.1596008162152605,13.472602739726028,0
60000,3619,190,3877.0,5,0.0,2330,0.8110704579350935,12.263157894736842,0
60000,3635,152,2274.0,6,0.0,2192,1.1922387632736888,14.421052631578947,0
60000,3663,127,2683.0,6,0.0,1379,1.0744017035898876,10.858267716535433,0
60000,3792,171,4257.0,5,0.0,2386,1.025387650417598,13.953216374269006,0
60000,3992,339,2489.0,7,0.0,3925,0.42919052793971296,11.578171091445428,0
60000,4042,221,2279.8571428571427,7,0.0,4105,1.0561813102095452,18.574660633484164,0
60000,4253,69,2734.6,5,0.0,421,1.1112039547669001,6.101449275362318,0
60000,4329,253,2215.6666666666665,9,0.0,5720,1.1229614572034319,22.608695652173914,0
60000,4352,311,2423.1666666666665,6,0.0,3431,0.44576893929825295,11.032154340836012,0
60000,4362,193,3401.3333333333335,6,0.0,3200,1.0795561213978726,16.580310880829014,0
60000,4399,47,3135.8,5,0.0,209,1.1889413573567529,4.446808510638298,0
60000,4405,204,3464.6,5,0.0,3281,0.9907310165732518,16.083333333333332,0
60000,4477,361,2926.3333333333335,6,0.0,2316,0.2233232889776463,6.415512465373961,0
60000,4490,229,3366.0,6,0.0,2452,0.5875696639348733,10.707423580786026,0
60000,4501,203,2773.0,7,0.0,3491,1.064553855097864,17.19704433497537,0
60000,4539,56,4001.0,4,0.0,266,1.0658975074679655,4.75,0
60000,4591,134,3163.3333333333335,6,0.0,1688,1.1813340163197974,12.597014925373134,0
60000,4596,274,2365.5,8,0.0,5665,0.9482189984861302,20.675182481751825,0
60000,4611,52,2725.6,5,0.0,258,1.1990102139440335,4.961538461538462,0
60000,4647,20,3519.25,4,0.0,41,1.288052987971815,2.05,0
60000,4663,121,3044.4,5,0.0,1241,1.0651503266457027,10.256198347107437,0
60000,4681,107,3772.2,5,0.0,1048,1.150280059729969,9.794392523364486,0
60000,4703,109,3549.6,5,0.0,1091,1.1539357242880108,10.009174311926605,0
60000,4773,182,3004.714285714286,7,0.0,2837,1.0762828593447946,15.587912087912088,0
60000,4777,106,3105.8,5,0.0,966,1.0803768256916126,9.11320754716981,0
60000,4792,117,3852.6,5,0.0,1359,1.2475489564551183,11.615384615384615,0
60000,4795,88,3108.0,5,0.0,722,1.1716063511837966,8.204545454545455,0
60000,4809,336,2025.4444444444443,9,0.0,7216,0.8032076455606557,21.476190476190474,0
60000,4843,210,3076.5714285714284,7,0.0,3576,1.018987331450077,17.02857142857143,0
60000,4858,207,2669.4285714285716,7,0.0,3473,1.0185303074440337,16.77777777777778,0
60000,4920,123,2913.6,5,0.0,1310,1.0881053278346564,10.65040650406504,0
60000,4943,121,3746.4,5,0.0,752,0.6454416161463082,6.214876033057851,0
64000,45,204,2019.2857142857142,7,0.0,3337,1.0076407809524357,16.357843137254903,0
64000,162,271,2817.4285714285716,7,0.0,3501,0.5990504421354755,12.918819188191883,0
64000,165,113,3058.2,5,0.0,1192,1.173084327066813,10.548672566371682,0
64000,277,170,4299.5,6,0.0,2583,1.123146550065389,15.194117647058823,0
64000,308,85,3578.0,5,0.0,608,1.0574883506616437,7.152941176470589,0
64000,370,238,4192.833333333333,6,0.0,4264,0.9459608131422129,17.915966386554622,0
64000,374,103,4504.8,5,0.0,1029,1.2188514810232434,9.990291262135923,0
64000,504,105,1803.4,5,0.0,966,1.101053425258137,9.2,0
64000,552,169,3642.3333333333335,6,0.0,2313,1.0176819870107057,13.68639053254438,0
64000,563,250,2570.75,8,0.0,5847,1.175609103714529,23.388,0
64000,717,245,2658.625,8,0.0,5657,1.1843058486535585,23.089795918367347,0
64000,775,167,3963.2,5,0.0,2271,1.0232789868840646,13.598802395209582,0
64000,903,385,2460.714285714286,7,0.0,4856,0.4116869334007633,12.612987012987013,0
64000,969,270,3854.8571428571427,7,0.0,6290,1.0842588637080823,23.296296296296298,0
64000,1245,304,3631.3333333333335,6,0.0,2872,0.3905234635175677,9.447368421052632,0
64000,1266,298,2364.5714285714284,7,0.0,3191,0.4515482256477199,10.708053691275168,0
64000,1304,267,2302.1111111111113,9,0.0,6096,1.074564031830065,22.831460674157302,0
64000,1339,97,3793.25,4,0.0,773,1.032394992549648,7.969072164948454,0
64000,1407,123,2142.0,5,0.0,1382,1.1479095901278589,11.235772357723578,0
64000,1582,145,3678.8,5,0.0,767,0.45842598150837033,5.289655172413793,0
64000,1616,238,3140.6666666666665,9,0.0,5047,1.1196679699645282,21.205882352941178,0
64000,1711,131,3024.6666666666665,6,0.0,1540,1.1276854930431284,11.755725190839694,0
64000,1733,238,2946.1666666666665,6,0.0,2221,0.49272489821502224,9.331932773109244,0
64000,1803,164,1907.1666666666667,6,0.0,2123,0.9919097566286631,12.945121951219512,0
64000,1839,129,2828.0,5,0.0,1409,1.0639995310156887,10.922480620155039,0
64000,1842,152,2106.6666666666665,6,0.0,1874,1.0192771178717577,12.328947368421053,0
64000,1952,158,3407.0,6,0.0,2438,1.2272396874622522,15.430379746835444,0
64000,1972,141,3927.4,5,0.0,1921,1.214224533483425,13.624113475177305,0
64000,2010,114,4273.0,5,0.0,1105,1.0684702623012376,9.692982456140351,0
64000,2090,57,2815.0,5,0.0,297,1.1487263996505614,5.2105263157894735,0
64000,2119,213,3813.0,7,0.0,4109,1.1381167064383575,19.291079812206572,0
64000,2142,102,3924.6,5,0.0,873,1.0544445930733908,8.558823529411764,0
64000,2147,264,3434.125,8,0.0,6167,1.1119261877116766,23.359848484848484,0
64000,2170,219,2772.4285714285716,7,0.0,4244,1.111980085639172,19.378995433789953,0
64000,2175,308,2920.8571428571427,7,0.0,5336,0.7068451003354332,17.324675324675326,0
64000,2198,180,2986.8333333333335,6,0.0,3043,1.1802304252930542,16.905555555555555,0
64000,2270,237,3868.1666666666665,6,0.0,4231,0.9465775440074357,17.852320675105485,0
64000,2281,267,2979.1666666666665,6,0.0,2644,0.4660674704984732,9.902621722846442,0
64000,2403,113,2936.4,5,0.0,1156,1.1376556057795602,10.230088495575222,0
64000,2439,320,2135.7,10,0.0,9279,1.1387046184632692,28.996875,0
64000,2576,281,2185.1666666666665,6,0.0,2821,0.4489524132560027,10.03914590747331,0
64000,2585,142,2580.0,6,0.0,1801,1.1223980101398965,12.683098591549296,0
64000,2602,253,3205.0,6,0.0,2480,0.48687839403225713,9.802371541501977,0
64000,2623,92,4288.25,4,0.0,654,0.9709837407597943,7.108695652173913,0
64000,2729,146,3958.2,5,0.0,1723,1.0157560784641047,11.801369863013699,0
64000,2744,196,3171.0,6,0.0,3254,1.0644254992483535,16.602040816326532,0
64000,2750,240,2648.875,8,0.0,5023,1.0958486040959396,20.929166666666667,0
64000,2754,95,2443.4,5,0.0,789,1.0986001567567187,8.305263157894737,0
64000,2797,337,3433.5,6,0.0,4231,0.468158688280725,12.554896142433234,0
64000,2837,47,3894.25,4,0.0,189,1.0751670647867286,4.0212765957446805,0
64000,2873,255,2449.5,8,0.0,5778,1.1166242123762753,22.658823529411766,0
64000,2907,167,3039.8,5,0.0,2639,1.1890943401087835,15.802395209580839,0
64000,2953,231,3887.4285714285716,7,0.0,5302,1.2486066040241435,22.952380952380953,0
64000,2970,59,4838.25,4,0.0,391,1.4115055760455146,6.627118644067797,0
64000,3006,129,3373.0,5,0.0,1369,1.0337937245993456,10.612403100775193,0
64000,3100,137,3336.6,5,0.0,1759,1.1776997128593842,12.83941605839416,0
64000,3129,371,2015.2857142857142,7,0.0,4132,0.37724401434552274,11.137466307277627,0
64000,3131,146,4440.8,5,0.0,2314,1.3641668981810435,15.849315068493151,0
64000,3137,261,2685.4444444444443,9,0.0,5417,0.9992811264952606,20.754789272030653,0
64000,3150,123,3019.6,5,0.0,1515,1.2583813524194691,12.317073170731707,0
64000,3218,123,5190.5,4,0.0,1167,0.9693274180023236,9.487804878048781,0
64000,3309,142,2161.8333333333335,6,0.0,1793,1.1174123443536004,12.626760563380282,0
64000,3323,123,2506.4,5,0.0,1206,1.0017213934111417,9.804878048780488,0
64000,3422,264,3150.0,6,0.0,2388,0.4305626295209152,9.045454545454545,0
64000,3469,177,2112.8333333333335,6,0.0,2655,1.0649466622338282,15.0,0
64000,3532,214,3437.8333333333335,6,0.0,2524,0.6925827458870327,11.794392523364486,0
64000,3614,146,2751.2,5,0.0,1923,1.1336616012109537,13.17123287671233,0
64000,3619,186,3910.6,5,0.0,2266,0.8230834724285433,12.182795698924732,0
64000,3635,151,2321.6666666666665,6,0.0,2180,1.201468704850796,14.437086092715232,0
64000,3663,129,2676.0,6,0.0,1410,1.0647546761760973,10.930232558139535,0
64000,3792,154,5512.5,4,0.0,2096,1.1106051951297364,13.61038961038961,0
64000,3992,338,2499.0,7,0.0,3951,0.4345937668265562,11.689349112426035,0
64000,4042,222,2314.1428571428573,7,0.0,4151,1.0584166143211777,18.6981981981982,0
64000,4253,59,2806.2,5,0.0,306,1.1046565377747506,5.186440677966102,0
64000,4329,261,2605.4444444444443,9,0.0,6079,1.1214011386311036,23.291187739463602,0
64000,4352,312,2425.0,6,0.0,3430,0.4427869330133543,10.993589743589743,0
64000,4362,193,3431.1666666666665,6,0.0,3224,1.0876527923083565,16.704663212435232,0
64000,4405,201,4684.6,5,0.0,3238,1.0071510123337295,16.109452736318406,0
64000,4477,363,2956.1666666666665,6,0.0,2329,0.2221089722229243,6.415977961432507,0
64000,4490,229,3389.5,6,0.0,2478,0.5938000111054715,10.820960698689957,0
64000,4501,204,2773.1428571428573,7,0.0,3527,1.0650131958103806,17.28921568627451,0
64000,4591,135,3192.6666666666665,6,0.0,1710,1.1790668724583915,12.666666666666666,0
64000,4596,279,2696.5714285714284,7,0.0,5767,0.9310037041277649,20.670250896057347,0
64000,4611,22,2763.0,5,0.0,48,1.2462516311761163,2.1818181818181817,0
64000,4663,119,3046.0,5,0.0,1193,1.0586597092670358,10.025210084033613,0
64000,4681,106,3839.6,5,0.0,1004,1.1228761211121938,9.471698113207546,0
64000,4703,106,3571.8,5,0.0,1046,1.1698490265770465,9.867924528301886,0
64000,4773,187,3013.0,7,0.0,3094,1.111851945461045,16.545454545454547,0
64000,4777,105,3090.8,5,0.0,962,1.0964941978243559,9.161904761904761,0
64000,4792,114,3979.6,5,0.0,1311,1.2676601935537763,11.5,0
64000,4795,86,3113.8,5,0.0,669,1.1366822527050144,7.77906976744186,0
64000,4809,349,1999.4444444444443,9,0.0,7410,0.7644995217806214,21.23209169054441,0
64000,4843,211,3086.5714285714284,7,0.0,3636,1.0262870006021867,17.232227488151658,0
64000,4858,219,3252.1428571428573,7,0.0,3609,0.9456022924297294,16.47945205479452,0
64000,4920,118,2977.2,5,0.0,1235,1.1145840066599813,10.466101694915254,0
64000,4943,103,3796.8,5,0.0,696,0.824412663549249,6.757281553398058,0
66000,45,197,2374.8333333333335,6,0.0,3255,1.0539703767100186,16.522842639593907,0
66000,162,272,2807.714285714286,7,0.0,3524,0.5985603650113771,12.955882352941176,0
66000,165,111,3069.6,5,0.0,1166,1.1892206912054861,10.504504504504505,0
66000,277,171,4322.166666666667,6,0.0,2589,1.1126272535335966,15.140350877192983,0
66000,308,81,3598.8,5,0.0,549,1.0515070061397935,6.777777777777778,0
66000,370,240,4210.166666666667,6,0.0,4327,0.944004959172433,18.029166666666665,0
66000,374,102,4508.4,5,0.0,1005,1.2138795143628383,9.852941176470589,0
66000,504,103,1801.0,5,0.0,936,1.108692892359335,9.087378640776699,0
66000,552,170,3662.0,6,0.0,2329,1.0127016318630628,13.7,0
66000,563,250,2573.0,8,0.0,5886,1.1834505189778892,23.544,0
66000,717,246,2649.625,8,0.0,5719,1.1875714446348091,23.247967479674795,0
66000,775,165,3998.4,5,0.0,2233,1.0306962564504696,13.533333333333333,0
66000,903,385,2450.714285714286,7,0.0,4879,0.41363685091893004,12.672727272727272,0
66000,969,273,3866.285714285714,7,0.0,6400,1.0791070849186049,23.44322344322344,0
66000,1245,305,3622.5,6,0.0,2933,0.39620709499505996,9.61639344262295,0
66000,1266,298,2368.0,7,0.0,3216,0.4550858958580593,10.791946308724832,0
66000,1304,270,2306.1111111111113,9,0.0,6220,1.0721923898671337,23.037037037037038,0
66000,1339,88,3859.5,4,0.0,644,1.0450339198924725,7.318181818181818,0
66000,1407,120,2153.4,5,0.0,1322,1.1536626355682518,11.016666666666667,0
66000,1582,143,3695.8,5,0.0,740,0.4547466504291548,5.174825174825175,0
66000,1616,238,3517.0,8,0.0,5213,1.1564947746037422,21.903361344537814,0
66000,1711,132,3031.8333333333335,6,0.0,1546,1.1149913320591873,11.712121212121213,0
66000,1733,240,2947.8333333333335,6,0.0,2226,0.4856378643674222,9.275,0
66000,1803,165,2142.8333333333335,6,0.0,2140,0.9877698113766256,12.969696969696969,0
66000,1839,137,3004.3333333333335,6,0.0,1568,1.0498198691094454,11.445255474452555,0
66000,1842,152,2102.1666666666665,6,0.0,1885,1.0252600678699377,12.401315789473685,0
66000,1952,163,3796.5,6,0.0,2513,1.1885765122467764,15.417177914110429,0
66000,1972,139,3963.6,5,0.0,1881,1.2234016420273073,13.532374100719425,0
66000,2010,114,4316.8,5,0.0,1092,1.0559000239212233,9.578947368421053,0
66000,2090,48,2831.0,5,0.0,222,1.210822168571066,4.625,0
66000,2119,213,3838.0,7,0.0,4141,1.1469801122806615,19.441314553990612,0
66000,2142,101,3935.6,5,0.0,855,1.0532542765686788,8.465346534653465,0
66000,2147,267,3425.75,8,0.0,6232,1.09853724513861,23.34082397003745,0
66000,2170,223,2776.714285714286,7,0.0,4262,1.076994742673265,19.112107623318387,0
66000,2175,307,2956.714285714286,7,0.0,5299,0.7065241847180262,17.26058631921824,0
66000,2198,180,3001.3333333333335,6,0.0,3026,1.1736369592299647,16.81111111111111,0
66000,2270,232,3917.8333333333335,6,0.0,4151,0.9691402426464946,17.892241379310345,0
66000,2281,266,2976.0,6,0.0,2647,0.47011112861395116,9.951127819548873,0
66000,2403,111,2938.4,5,0.0,1141,1.1637228204678043,10.27927927927928,0
66000,2439,323,2127.5,10,0.0,9435,1.1364405558040314,29.210526315789473,0
66000,2576,280,2188.0,6,0.0,2822,0.4523252279811426,10.07857142857143,0
66000,2585,142,2575.5,6,0.0,1807,1.1261372594796184,12.725352112676056,0
66000,2602,255,3208.0,6,0.0,2512,0.48545517852011133,9.850980392156863,0
66000,2623,86,4295.75,4,0.0,563,0.9565801319475682,6.546511627906977,0
66000,2729,144,3978.2,5,0.0,1687,1.022350850039734,11.715277777777779,0
66000,2744,196,3182.3333333333335,6,0.0,3250,1.0631170474975873,16.581632653061224,0
66000,2750,235,3080.4285714285716,7,0.0,4950,1.1263654964432395,21.06382978723404,0
66000,2754,93,2453.8,5,0.0,763,1.1085837413291768,8.204301075268818,0
66000,2797,336,3450.8333333333335,6,0.0,4212,0.468834617946436,12.535714285714286,0
66000,2873,254,2779.8571428571427,7,0.0,5780,1.1258233949872283,22.755905511811022,0
66000,2907,165,3060.6,5,0.0,2594,1.1973247152854984,15.72121212121212,0
66000,2953,231,3894.714285714286,7,0.0,5325,1.2540230415746068,23.051948051948052,0
66000,2970,49,4918.5,4,0.0,278,1.4549983468520824,5.673469387755102,0
66000,3006,129,3399.0,5,0.0,1344,1.014915095589131,10.418604651162791,0
66000,3100,132,3369.2,5,0.0,1670,1.204421425963029,12.651515151515152,0
66000,3129,371,2005.4285714285713,7,0.0,4164,0.38016555559892473,11.223719676549866,0
66000,3131,148,4937.6,5,0.0,2344,1.344757702705346,15.837837837837839,0
66000,3137,264,2668.4444444444443,9,0.0,5599,1.0095143059830838,21.208333333333332,0
66000,3150,121,3048.2,5,0.0,1480,1.2702840317773085,12.231404958677686,0
66000,3218,119,5235.75,4,0.0,1104,0.9796817426913725,9.277310924369749,0
66000,3309,142,2150.6666666666665,6,0.0,1795,1.1186587608001743,12.640845070422536,0
66000,3323,124,2518.8,5,0.0,1175,0.9602943204911568,9.475806451612904,0
66000,3422,264,3174.5,6,0.0,2363,0.4260550643039877,8.950757575757576,0
66000,3469,177,2096.6666666666665,6,0.0,2654,1.0645455523798795,14.994350282485875,0
66000,3532,215,3464.5,6,0.0,2542,0.6910484391930993,11.82325581395349,0
66000,3614,153,3070.2,5,0.0,1951,1.0473317556757975,12.751633986928105,0
66000,3619,181,3905.6,5,0.0,2230,0.8553770174909482,12.320441988950277,0
66000,3635,151,2334.6666666666665,6,0.0,2174,1.198161910250289,14.397350993377483,0
66000,3663,130,2671.3333333333335,6,0.0,1425,1.0595904216249596,10.961538461538462,0
66000,3792,152,5592.25,4,0.0,2008,1.092160326940496,13.210526315789474,0
66000,3992,340,2486.0,7,0.0,3965,0.4310178156222675,11.661764705882353,0
66000,4042,223,2326.0,7,0.0,4172,1.0542520099560913,18.708520179372197,0
66000,4253,52,2852.4,5,0.0,232,1.078179727267503,4.461538461538462,0
66000,4329,266,2583.3333333333335,9,0.0,6204,1.1018396078280897,23.32330827067669,0
66000,4352,311,2412.1666666666665,6,0.0,3431,0.44576893929825295,11.032154340836012,0
66000,4362,192,3447.8333333333335,6,0.0,3231,1.1013982057018903,16.828125,0
66000,4405,200,4775.2,5,0.0,3199,1.0049954898833748,15.995,0
66000,4477,364,2967.6666666666665,6,0.0,2343,0.22221807714529904,6.436813186813187,0
66000,4490,227,3409.1666666666665,6,0.0,2480,0.6047972816008607,10.92511013215859,0
66000,4501,205,2775.4285714285716,7,0.0,3551,1.0618246770158102,17.321951219512194,0
66000,4591,135,3189.8333333333335,6,0.0,1738,1.198373230603909,12.874074074074073,0
66000,4596,273,2717.0,7,0.0,5710,0.9627658523258177,20.915750915750916,0
66000,4663,117,3048.4,5,0.0,1166,1.0703768088496453,9.965811965811966,0
66000,4681,106,3868.8,5,0.0,982,1.0982712658686995,9.264150943396226,0
66000,4703,106,3580.0,5,0.0,1029,1.1508361838888919,9.70754716981132,0
66000,4773,189,3027.4285714285716,7,0.0,3162,1.1123670637049272,16.73015873015873,0
66000,4777,106,3091.2,5,0.0,960,1.0736664106252052,9.056603773584905,0
66000,4792,114,4040.2,5,0.0,1293,1.2502552481045253,11.342105263157896,0
66000,4795,83,3106.2,5,0.0,638,1.1637892948121864,7.686746987951807,0
66000,4809,356,1986.888888888889,9,0.0,7505,0.7441501346165698,21.081460674157302,0
66000,4843,213,3090.285714285714,7,0.0,3667,1.0156909132415324,17.215962441314552,0
66000,4858,221,3236.5714285714284,7,0.0,3704,0.9530074477505861,16.760180995475114,0
66000,4920,117,2984.6,5,0.0,1205,1.1061784345315802,10.2991452991453,0
66000,4943,94,3802.8,5,0.0,665,0.9457488069883262,7.074468085106383,0
68000,45,195,2384.1666666666665,6,0.0,3204,1.058846849399258,16.43076923076923,0
68000,162,274,2800.0,7,0.0,3550,0.5942060802516791,12.956204379562044,0
68000,165,110,3083.6,5,0.0,1135,1.1787463344874098,10.318181818181818,0
68000,277,171,4341.666666666667,6,0.0,2598,1.1164950191889857,15.192982456140351,0
68000,308,78,3620.8,5,0.0,488,1.0079534615067844,6.256410256410256,0
68000,370,240,4233.0,6,0.0,4343,0.9474956176764217,18.095833333333335,0
68000,374,101,4522.8,5,0.0,982,1.2097025726204007,9.722772277227723,0
68000,504,100,1801.2,5,0.0,896,1.125946807046582,8.96,0
68000,552,171,3695.8333333333335,6,0.0,2343,1.006908325619628,13.701754385964913,0
68000,563,251,2576.625,8,0.0,5914,1.1796243839513683,23.561752988047807,0
68000,717,245,2641.875,8,0.0,5775,1.2090094177080253,23.571428571428573,0
68000,775,163,4026.6,5,0.0,2207,1.0438473388494371,13.539877300613497,0
68000,903,387,2437.5714285714284,7,0.0,4902,0.4113023973692064,12.666666666666666,0
68000,969,274,3868.1428571428573,7,0.0,6467,1.0824593580246786,23.6021897810219,0
68000,1245,306,3624.5,6,0.0,2972,0.3988557121820182,9.712418300653594,0
68000,1266,298,2368.4285714285716,7,0.0,3248,0.4596141137272937,10.899328859060402,0
68000,1304,280,2208.6,10,0.0,6423,1.0295127354085327,22.939285714285713,0
68000,1339,81,3910.25,4,0.0,533,1.0208619932104006,6.580246913580247,0
68000,1407,117,2159.4,5,0.0,1270,1.1658478106681385,10.854700854700855,0
68000,1582,138,3711.8,5,0.0,711,0.46916033957201064,5.1521739130434785,0
68000,1616,242,3523.375,8,0.0,5280,1.1329560283419238,21.818181818181817,0
68000,1711,132,3031.5,6,0.0,1552,1.1193185946674378,11.757575757575758,0
68000,1733,240,2950.5,6,0.0,2228,0.4860741966804208,9.283333333333333,0
68000,1803,164,2136.6666666666665,6,0.0,2151,1.0049919390053013,13.115853658536585,0
68000,1839,140,2994.6666666666665,6,0.0,1619,1.0380078584003827,11.564285714285715,0
68000,1842,152,2096.5,6,0.0,1893,1.0296113042322503,12.453947368421053,0
68000,1952,168,3807.6666666666665,6,0.0,2585,1.150937784797281,15.386904761904763,0
68000,1972,138,3998.6,5,0.0,1848,1.219420966988855,13.391304347826088,0
68000,2010,112,4356.8,5,0.0,1072,1.0739117744414088,9.571428571428571,0
68000,2090,35,2853.0,5,0.0,123,1.261766192298921,3.5142857142857142,0
68000,2119,213,3860.0,7,0.0,4165,1.1536276666623895,19.55399061032864,0
68000,2142,100,3931.2,5,0.0,829,1.0417521239303755,8.29,0
68000,2147,267,3412.0,8,0.0,6314,1.1129916825746444,23.647940074906366,0
68000,2170,223,2782.8571428571427,7,0.0,4278,1.081037895156318,19.183856502242154,0
68000,2175,308,2970.8571428571427,7,0.0,5283,0.6998243375322516,17.1525974025974,0
68000,2198,179,3017.3333333333335,6,0.0,3011,1.1809039018705867,16.821229050279328,0
68000,2270,231,3945.3333333333335,6,0.0,4116,0.9693068242480903,17.818181818181817,0
68000,2281,264,2979.8333333333335,6,0.0,2656,0.47888372864637807,10.06060606060606,0
68000,2403,111,2938.8,5,0.0,1131,1.1535236721727313,10.18918918918919,0
68000,2439,325,2117.6,10,0.0,9587,1.1405803084483919,29.498461538461537,0
68000,2576,281,2186.1666666666665,6,0.0,2836,0.45133961148317037,10.092526690391459,0
68000,2585,142,2569.6666666666665,6,0.0,1819,1.1336157581590625,12.809859154929578,0
68000,2602,257,3212.3333333333335,6,0.0,2523,0.480021696922409,9.817120622568094,0
68000,2623,79,4319.25,4,0.0,461,0.9282321508123023,5.8354430379746836,0
68000,2729,144,3992.6,5,0.0,1677,1.0162906790258648,11.645833333333334,0
68000,2744,196,3188.0,6,0.0,3241,1.060173031058363,16.535714285714285,0
68000,2750,235,3106.714285714286,7,0.0,4932,1.1222696219107187,20.98723404255319,0
68000,2754,91,2461.6,5,0.0,735,1.1153583385525894,8.076923076923077,0
68000,2797,335,3480.8333333333335,6,0.0,4203,0.47063003512721413,12.546268656716418,0
68000,2873,251,2788.285714285714,7,0.0,5715,1.1399312401559127,22.768924302788843,0
68000,2907,164,3094.8,5,0.0,2556,1.1942163626673872,15.585365853658537,0
68000,2953,230,3895.285714285714,7,0.0,5344,1.2694647365432028,23.234782608695653,0
68000,2970,33,5026.25,4,0.0,128,1.4770389702828044,3.878787878787879,0
68000,3006,128,3414.0,5,0.0,1332,1.021631204731837,10.40625,0
68000,3100,130,3394.6,5,0.0,1623,1.2068177223139016,12.484615384615385,0
68000,3129,376,1991.5714285714287,7,0.0,4212,0.37438853148823587,11.202127659574469,0
68000,3131,150,4965.2,5,0.0,2361,1.3186311564667559,15.74,0
68000,3137,269,2663.3333333333335,9,0.0,5789,1.0053304886129995,21.520446096654275,0
68000,3150,118,3054.8,5,0.0,1441,1.3004984239652089,12.211864406779661,0
68000,3218,116,5281.75,4,0.0,1043,0.9740431443799507,8.991379310344827,0
68000,3309,142,2141.1666666666665,6,0.0,1795,1.1186587608001743,12.640845070422536,0
68000,3323,116,3158.0,4,0.0,1089,1.017001902425471,9.387931034482758,0
68000,3422,263,3183.6666666666665,6,0.0,2364,0.4294828627325114,8.988593155893536,0
68000,3469,177,2082.1666666666665,6,0.0,2656,1.065347772087777,15.005649717514125,0
68000,3532,217,3488.6666666666665,6,0.0,2570,0.6858411195587732,11.84331797235023,0
68000,3614,153,3084.6,5,0.0,1950,1.0467949377589982,12.745098039215685,0
68000,3619,179,3909.6,5,0.0,2191,0.8593027064093176,12.240223463687151,0
68000,3635,151,2340.3333333333335,6,0.0,2167,1.1943039832163644,14.350993377483444,0
68000,3663,133,3185.0,7,0.0,1508,1.0712921525498125,11.338345864661655,0
68000,3792,148,5662.0,4,0.0,1918,1.1003606116846645,12.95945945945946,0
68000,3992,342,2476.285714285714,7,0.0,3996,0.42932198774818964,11.68421052631579,0
68000,4042,223,2342.5714285714284,7,0.0,4192,1.0593059505599078,18.798206278026907,0
68000,4253,25,3371.25,4,0.0,59,1.186265385995506,2.36,0
68000,4329,266,2566.4444444444443,9,0.0,6298,1.1185341473406363,23.67669172932331,0
68000,4352,312,2406.6666666666665,6,0.0,3421,0.4416251014106954,10.96474358974359,0
68000,4362,192,3469.1666666666665,6,0.0,3225,1.0993528979847094,16.796875,0
68000,4405,198,4847.4,5,0.0,3168,1.0154642920694281,16.0,0
68000,4477,367,2977.8333333333335,6,0.0,2350,0.21925302692680215,6.4032697547683926,0
68000,4490,226,3417.0,6,0.0,2490,0.6126216389254119,11.017699115044248,0
68000,4501,206,2782.0,7,0.0,3564,1.055390349457444,17.300970873786408,0
68000,4591,135,3185.6666666666665,6,0.0,1777,1.2252642294494511,13.162962962962963,0
68000,4596,271,2724.4285714285716,7,0.0,5702,0.9756599888764587,21.04059040590406,0
68000,4663,116,3053.2,5,0.0,1137,1.0618284325599272,9.801724137931034,0
68000,4681,106,3902.6,5,0.0,962,1.075903215647341,9.075471698113208,0
68000,4703,106,3590.8,5,0.0,1014,1.134060146222873,9.566037735849056,0
68000,4773,189,3045.4285714285716,7,0.0,3212,1.1299566757179715,16.994708994708994,0
68000,4777,106,3087.8,5,0.0,953,1.0658375930477297,8.99056603773585,0
68000,4792,113,4119.0,5,0.0,1273,1.2527989499631316,11.265486725663717,0
68000,4795,82,3105.4,5,0.0,610,1.1400187499641725,7.439024390243903,0
68000,4809,363,1981.7777777777778,9,0.0,7607,0.7254542514812302,20.955922865013775,0
68000,4843,215,3092.1428571428573,7,0.0,3694,1.0042222401177454,17.18139534883721,0
68000,4858,224,3221.1428571428573,7,0.0,3777,0.9459339487092354,16.861607142857142,0
68000,4920,116,2995.0,5,0.0,1174,1.096382216205237,10.120689655172415,0
68000,4943,86,3814.4,5,0.0,628,1.0670201116573228,7.3023255813953485,0
70000,45,193,2389.3333333333335,6,0.0,3178,1.072134173063262,16.466321243523318,0
70000,162,278,2794.4285714285716,7,0.0,3586,0.583083238744009,12.899280575539569,0
70000,165,109,3093.8,5,0.0,1112,1.1761471360295765,10.20183486238532,0
70000,277,172,4366.833333333333,6,0.0,2605,1.1065236428611969,15.145348837209303,0
70000,308,72,3641.4,5,0.0,414,1.0035643198967394,5.75,0
70000,370,239,4227.0,6,0.0,4344,0.9556610344492611,18.175732217573223,0
70000,374,99,4538.8,5,0.0,952,1.2206085934975952,9.616161616161616,0
70000,504,99,1795.6,5,0.0,872,1.1180364427835117,8.808080808080808,0
70000,552,170,3750.3333333333335,6,0.0,2345,1.0196587920647842,13.794117647058824,0
70000,563,252,2577.375,8,0.0,5950,1.1774046541231589,23.61111111111111,0
70000,717,248,2633.0,8,0.0,5818,1.1887217780037342,23.45967741935484,0
70000,775,163,4055.2,5,0.0,2185,1.0334419734417852,13.404907975460123,0
70000,903,388,2432.5714285714284,7,0.0,4909,0.4097693255519262,12.652061855670103,0
70000,969,275,3876.285714285714,7,0.0,6514,1.082411083397496,23.687272727272727,0
70000,1245,303,3628.1666666666665,6,0.0,2989,0.40911982230848354,9.864686468646864,0
70000,1266,300,2374.285714285714,7,0.0,3276,0.4574158903626739,10.92,0
70000,1304,292,2774.1,10,0.0,6757,0.9958595215005739,23.14041095890411,0
70000,1339,71,3957.5,4,0.0,412,1.0270471519769844,5.802816901408451,0
70000,1407,116,2166.0,5,0.0,1216,1.135605430072886,10.482758620689655,0
70000,1582,135,3749.6,5,0.0,684,0.4716267489833566,5.066666666666666,0
70000,1616,243,3526.875,8,0.0,5330,1.134291103567112,21.93415637860082,0
70000,1711,131,3030.1666666666665,6,0.0,1565,1.1459920757223998,11.946564885496183,0
70000,1733,241,2957.8333333333335,6,0.0,2229,0.48226511422679696,9.248962655601659,0
70000,1803,163,2129.8333333333335,6,0.0,2150,1.0168879830205209,13.190184049079754,0
70000,1839,140,2991.1666666666665,6,0.0,1651,1.0585243818523975,11.792857142857143,0
70000,1842,153,2096.5,6,0.0,1893,1.0161963165014274,12.372549019607844,0
70000,1952,171,3810.8333333333335,6,0.0,2641,1.1349743439869557,15.444444444444445,0
70000,1972,137,4034.0,5,0.0,1815,1.2151932796132932,13.248175182481752,0
70000,2010,111,4400.2,5,0.0,1052,1.0729504006416566,9.477477477477477,0
70000,2119,215,3882.714285714286,7,0.0,4196,1.140692073506784,19.516279069767442,0
70000,2142,96,3938.0,5,0.0,807,1.1003755518433,8.40625,0
70000,2147,269,3398.625,8,0.0,6371,1.1064018903011608,23.684014869888475,0
70000,2170,222,2787.5714285714284,7,0.0,4299,1.096153463012947,19.364864864864863,0
70000,2175,310,2983.5714285714284,7,0.0,5273,0.6895158402655143,17.009677419354837,0
70000,2198,179,3040.8333333333335,6,0.0,2997,1.1754131497529554,16.743016759776538,0
70000,2270,234,5058.333333333333,6,0.0,4129,0.9475955925686504,17.645299145299145,0
70000,2281,264,2980.1666666666665,6,0.0,2678,0.48285038603727426,10.143939393939394,0
70000,2403,111,2945.6,5,0.0,1117,1.1392448645596296,10.063063063063064,0
70000,2439,329,2099.5,10,0.0,9750,1.1319381148548326,29.635258358662615,0
70000,2576,286,2896.6666666666665,6,0.0,2879,0.44230256979241106,10.066433566433567,0
70000,2585,143,2570.1666666666665,6,0.0,1824,1.1208890410578087,12.755244755244755,0
70000,2602,260,3210.1666666666665,6,0.0,2549,0.473841400828425,9.803846153846154,0
70000,2623,68,4358.0,4,0.0,341,0.9267154799949129,5.014705882352941,0
70000,2729,143,4006.2,5,0.0,1665,1.0231799634655985,11.643356643356643,0
70000,2744,195,3190.3333333333335,6,0.0,3241,1.071074481555242,16.620512820512822,0
70000,2750,238,3119.285714285714,7,0.0,4930,1.0937117281405042,20.714285714285715,0
70000,2754,89,2465.6,5,0.0,710,1.1263884782470663,7.977528089887641,0
70000,2797,335,3504.8333333333335,6,0.0,4196,0.4698462116092768,12.525373134328358,0
70000,2873,253,2785.5714285714284,7,0.0,5701,1.119231340474959,22.533596837944664,0
70000,2907,162,3153.0,5,0.0,2517,1.2052108991137798,15.537037037037036,0
70000,2953,230,3901.5714285714284,7,0.0,5357,1.272552880550512,23.291304347826088,0
70000,3006,126,3431.0,5,0.0,1311,1.0376991607095538,10.404761904761905,0
70000,3100,129,3412.4,5,0.0,1572,1.1870881921622871,12.186046511627907,0
70000,3129,384,2196.125,8,0.0,4347,0.37045636027438233,11.3203125,0
70000,3131,151,4994.6,5,0.0,2346,1.29295668879815,15.536423841059603,0
70000,3137,273,3015.875,8,0.0,5923,0.9986798849957652,21.695970695970697,0
70000,3150,118,3054.6,5,0.0,1414,1.2761310003378246,11.983050847457626,0
70000,3218,112,5301.75,4,0.0,999,1.0007815883087383,8.919642857142858,0
70000,3309,142,2133.8333333333335,6,0.0,1794,1.1180355525768872,12.633802816901408,0
70000,3323,109,3251.0,4,0.0,959,1.014321136198169,8.79816513761468,0
70000,3422,263,3184.3333333333335,6,0.0,2356,0.4280294520295249,8.958174904942966,0
70000,3469,178,2081.0,6,0.0,2660,1.0549976592032382,14.9438202247191,0
70000,3532,213,4232.8,5,0.0,2533,0.7015939687048819,11.892018779342724,0
70000,3614,153,3095.0,5,0.0,1944,1.0435740302582013,12.705882352941176,0
70000,3619,175,3917.6,5,0.0,2164,0.8879551350032081,12.365714285714287,0
70000,3635,150,2346.1666666666665,6,0.0,2156,1.2041375575359279,14.373333333333333,0
70000,3663,131,3764.6666666666665,6,0.0,1535,1.124024176507274,11.717557251908397,0
70000,3792,146,5733.5,4,0.0,1847,1.088857502567151,12.650684931506849,0
70000,3992,344,2472.5714285714284,7,0.0,4016,0.42646822934074535,11.674418604651162,0
70000,4042,224,2351.285714285714,7,0.0,4221,1.0571319029657618,18.84375,0
70000,4329,267,2551.1111111111113,9,0.0,6383,1.1251545628561854,23.906367041198504,0
70000,4352,311,2401.6666666666665,6,0.0,3428,0.4453791675646782,11.02250803858521,0
70000,4362,192,3487.3333333333335,6,0.0,3243,1.1054888211362521,16.890625,0
70000,4405,198,4907.4,5,0.0,3153,1.0106562225047053,15.924242424242424,0
70000,4477,368,2991.1666666666665,6,0.0,2354,0.21843422455548125,6.396739130434782,0
70000,4490,225,3428.3333333333335,6,0.0,2504,0.6215544102391184,11.12888888888889,0
70000,4501,206,2801.285714285714,7,0.0,3589,1.06279348041604,17.42233009708738,0
70000,4591,141,4287.333333333333,6,0.0,1836,1.1604977842142468,13.02127659574468,0
70000,4596,269,2702.714285714286,7,0.0,5715,0.9924794856492125,21.2453531598513,0
70000,4663,116,3037.6,5,0.0,1123,1.0487540279373775,9.681034482758621,0
70000,4681,104,3940.8,5,0.0,935,1.0863125484861156,8.990384615384615,0
70000,4703,104,3603.2,5,0.0,999,1.160669771056288,9.60576923076923,0
70000,4773,190,3059.4285714285716,7,0.0,3253,1.1323657509282656,17.121052631578948,0
70000,4777,109,3940.4,5,0.0,974,1.0301864302992874,8.935779816513762,0
70000,4792,113,4212.2,5,0.0,1249,1.2291798024382965,11.053097345132743,0
70000,4795,78,3106.2,5,0.0,576,1.1897155611227619,7.384615384615385,0
70000,4809,376,1971.7777777777778,9,0.0,7717,0.6859345435647475,20.523936170212767,0
70000,4843,210,3625.3333333333335,6,0.0,3661,1.0432082271920393,17.433333333333334,0
70000,4858,216,4556.2,5,0.0,3659,0.9855184773221067,16.939814814814813,0
70000,4920,112,3003.2,5,0.0,1138,1.1400294769723165,10.160714285714286,0
70000,4943,82,3836.2,5,0.0,587,1.097034436440933,7.158536585365853,0
72000,45,191,2394.6666666666665,6,0.0,3152,1.0857487507595764,16.50261780104712,0
72000,162,281,2794.0,7,0.0,3615,0.575314772747412,12.864768683274022,0
72000,165,108,3106.8,5,0.0,1084,1.1678622896060822,10.037037037037036,0
72000,277,171,4388.333333333333,6,0.0,2611,1.1220817918023256,15.269005847953217,0
72000,308,66,3668.0,5,0.0,326,0.9404584068597543,4.9393939393939394,0
72000,370,240,4222.0,6,0.0,4344,0.9477137838329209,18.1,0
72000,374,99,4555.8,5,0.0,936,1.2000941633547786,9.454545454545455,0
72000,504,97,1796.8,5,0.0,837,1.1178714214282737,8.628865979381443,0
72000,552,172,3789.1666666666665,6,0.0,2365,1.0045790462060384,13.75,0
72000,563,251,2577.125,8,0.0,5988,1.1943846484783214,23.856573705179283,0
72000,717,248,2615.5,8,0.0,5867,1.1987333570897059,23.657258064516128,0
72000,775,163,4076.2,5,0.0,2169,1.025874434963493,13.306748466257668,0
72000,903,388,2423.4285714285716,7,0.0,4929,0.4114387870534619,12.70360824742268,0
72000,969,276,3882.285714285714,7,0.0,6562,1.0825000521348573,23.77536231884058,0
72000,1245,304,3637.0,6,0.0,3006,0.40874426578475237,9.888157894736842,0
72000,1266,301,2377.714285714286,7,0.0,3309,0.45895873514546753,10.993355481727574,0
72000,1304,296,2765.0,10,0.0,6994,1.00311810715883,23.62837837837838,0
72000,1339,57,3993.75,4,0.0,273,1.0559000239212233,4.7894736842105265,0
72000,1407,112,2171.2,5,0.0,1167,1.1690811947510487,10.419642857142858,0
72000,1582,131,3787.8,5,0.0,653,0.4781679395825733,4.984732824427481,0
72000,1616,246,3526.5,8,0.0,5392,1.119668688489402,21.91869918699187,0
72000,1711,132,3012.6666666666665,6,0.0,1587,1.1445609598822317,12.022727272727273,0
72000,1733,242,2964.8333333333335,6,0.0,2235,0.47957513699700755,9.235537190082646,0
72000,1803,163,2118.3333333333335,6,0.0,2155,1.0192528387949873,13.220858895705522,0
72000,1839,141,2984.6666666666665,6,0.0,1689,1.067582111948727,11.97872340425532,0
72000,1842,153,2092.6666666666665,6,0.0,1900,1.0199540419190238,12.418300653594772,0
72000,1952,172,3805.8333333333335,6,0.0,2688,1.1417794825377723,15.627906976744185,0
72000,1972,136,4072.0,5,0.0,1781,1.2100295233657918,13.095588235294118,0
72000,2010,110,4445.8,5,0.0,1041,1.081123290045281,9.463636363636363,0
72000,2119,215,3905.4285714285716,7,0.0,4235,1.1512943115589205,19.697674418604652,0
72000,2142,95,3946.4,5,0.0,781,1.0874609916691982,8.221052631578948,0
72000,2147,270,3384.625,8,0.0,6428,1.1080470549945234,23.807407407407407,0
72000,2170,223,2791.0,7,0.0,4319,1.0913984733941415,19.367713004484305,0
72000,2175,310,2991.714285714286,7,0.0,5271,0.6892543133016358,17.003225806451614,0
72000,2198,177,3061.5,6,0.0,2980,1.1953073647671593,16.836158192090394,0
72000,2270,232,5094.666666666667,6,0.0,4133,0.9649377554463893,17.814655172413794,0
72000,2281,264,2982.6666666666665,6,0.0,2683,0.48375189908065974,10.162878787878787,0
72000,2403,109,2951.2,5,0.0,1091,1.1539357242880108,10.009174311926605,0
72000,2439,332,2076.0,10,0.0,9919,1.1308411065088242,29.876506024096386,0
72000,2576,291,2910.1666666666665,6,0.0,2915,0.4325760246201272,10.017182130584192,0
72000,2585,143,2566.5,6,0.0,1830,1.1245761760612882,12.797202797202797,0
72000,2602,260,3216.3333333333335,6,0.0,2552,0.4743990799977013,9.815384615384616,0
72000,2623,51,4404.5,4,0.0,180,0.8696450252151676,3.5294117647058822,0
72000,2729,142,4023.0,5,0.0,1645,1.0251775273071235,11.584507042253522,0
72000,2744,195,3194.6666666666665,6,0.0,3246,1.0727268642790235,16.646153846153847,0
72000,2750,237,3135.5714285714284,7,0.0,4928,1.1025133861660703,20.793248945147678,0
72000,2754,86,2472.0,5,0.0,672,1.1417794825377723,7.813953488372093,0
72000,2797,334,3528.5,6,0.0,4178,0.4706362403348329,12.508982035928144,0
72000,2873,253,2781.285714285714,7,0.0,5693,1.1176607650103385,22.50197628458498,0
72000,2907,161,3192.6,5,0.0,2481,1.202776339424602,15.409937888198758,0
72000,2953,230,3905.4285714285716,7,0.0,5373,1.276353673174893,23.360869565217392,0
72000,3006,125,3448.8,5,0.0,1295,1.0415007965180882,10.36,0
72000,3100,125,3436.0,5,0.0,1527,1.2280862674000932,12.216,0
72000,3129,394,2176.25,8,0.0,4484,0.3629802741296254,11.380710659898478,0
72000,3131,151,5025.8,5,0.0,2339,1.2890987617642253,15.490066225165563,0
72000,3137,270,3033.875,8,0.0,6007,1.035475833751105,22.248148148148147,0
72000,3150,117,3057.2,5,0.0,1374,1.261318812486632,11.743589743589743,0
72000,3218,111,5323.0,4,0.0,936,0.9546402804188122,8.432432432432432,0
72000,3309,143,2124.8333333333335,6,0.0,1803,1.10798406854563,12.608391608391608,0
72000,3323,102,3309.5,4,0.0,859,1.037534828694207,8.42156862745098,0
72000,3422,261,3186.1666666666665,6,0.0,2353,0.4340610099027779,9.015325670498084,0
72000,3469,180,2076.5,6,0.0,2669,1.035174171905081,14.827777777777778,0
72000,3532,197,4303.4,5,0.0,2432,0.7874826286202042,12.345177664974619,0
72000,3614,152,3107.6,5,0.0,1919,1.0437528224097667,12.625,0
72000,3619,174,3926.2,5,0.0,2126,0.882418546906051,12.218390804597702,0
72000,3635,150,2350.0,6,0.0,2156,1.2041375575359279,14.373333333333333,0
72000,3663,132,3811.5,6,0.0,1541,1.1113852798856454,11.674242424242424,0
72000,3792,142,5806.25,4,0.0,1770,1.1030785552179991,12.464788732394366,0
72000,3992,343,2469.4285714285716,7,0.0,4027,0.4301334857416926,11.740524781341108,0
72000,4042,225,2354.285714285714,7,0.0,4231,1.0502383026045166,18.804444444444446,0
72000,4329,268,2541.8888888888887,9,0.0,6460,1.1302455191685266,24.104477611940297,0
72000,4352,311,2399.5,6,0.0,3432,0.4458988632094445,11.035369774919614,0
72000,4362,192,3509.0,6,0.0,3248,1.1071932442339028,16.916666666666668,0
72000,4405,198,4956.4,5,0.0,3131,1.0036043871431122,15.813131313131313,0
72000,4477,368,3009.6666666666665,6,0.0,2356,0.2186198101328436,6.4021739130434785,0
72000,4490,224,3445.8333333333335,6,0.0,2508,0.6281181740436226,11.196428571428571,0
72000,4501,206,2811.285714285714,7,0.0,3609,1.0687159851829167,17.519417475728154,0
72000,4591,144,4307.666666666667,6,0.0,1891,1.1459783387226656,13.131944444444445,0
72000,4596,267,2670.285714285714,7,0.0,5748,1.0132208095405535,21.528089887640448,0
72000,4663,113,3023.2,5,0.0,1094,1.076639474673736,9.68141592920354,0
72000,4681,104,3966.0,5,0.0,906,1.052619432009006,8.711538461538462,0
72000,4703,105,3613.4,5,0.0,996,1.1352476310114952,9.485714285714286,0
72000,4773,192,3065.0,7,0.0,3293,1.1225330521127592,17.151041666666668,0
72000,4777,107,3974.0,5,0.0,963,1.056984444198435,9.0,0
72000,4792,111,4275.6,5,0.0,1234,1.258574899611981,11.117117117117116,0
72000,4795,77,3102.0,5,0.0,549,1.1635920842103533,7.12987012987013,0
72000,4809,384,1952.4444444444443,9,0.0,7853,0.6692417292925522,20.450520833333332,0
72000,4843,207,3654.3333333333335,6,0.0,3624,1.062814233854644,17.507246376811594,0
72000,4858,209,4622.0,5,0.0,3530,1.015528222080261,16.88995215311005,0
72000,4920,112,3009.6,5,0.0,1126,1.1280080765121514,10.053571428571429,0
72000,4943,80,3860.2,5,0.0,557,1.0936669425309469,6.9625,0
74000,45,190,2398.0,6,0.0,3130,1.0895495851231083,16.473684210526315,0
74000,162,282,2796.1428571428573,7,0.0,3637,0.5747181973294139,12.897163120567376,0
74000,165,107,3118.0,5,0.0,1053,1.1557680371141767,9.841121495327103,0
74000,277,171,4436.5,6,0.0,2620,1.1259495574577145,15.321637426900585,0
74000,308,30,5162.666666666667,3,0.0,91,1.270599695451872,3.033333333333333,0
74000,370,239,4240.166666666667,6,0.0,4352,0.9574209995219117,18.209205020920503,0
74000,374,97,4576.4,5,0.0,908,1.2126968347154987,9.360824742268042,0
74000,504,94,1798.4,5,0.0,799,1.1363207470431165,8.5,0
74000,552,167,4583.2,5,0.0,2310,1.0408518096442931,13.832335329341317,0
74000,563,252,2580.5,8,0.0,6015,1.1902670579076975,23.86904761904762,0
74000,717,248,2602.75,8,0.0,5911,1.2077233464730273,23.83467741935484,0
74000,775,162,4101.2,5,0.0,2142,1.0256502764806184,13.222222222222221,0
74000,903,389,2414.4285714285716,7,0.0,4951,0.4111531176220899,12.727506426735218,0
74000,969,277,3885.4285714285716,7,0.0,6597,1.0804304362487125,23.815884476534297,0
74000,1245,305,3665.0,6,0.0,3033,0.4097156901193375,9.944262295081968,0
74000,1266,302,2378.714285714286,7,0.0,3345,0.4608844974456321,11.07615894039735,0
74000,1304,298,2751.1,10,0.0,7193,1.0178584729188496,24.13758389261745,0
74000,1339,34,4038.75,4,0.0,105,1.1414090955949077,3.088235294117647,0
74000,1407,111,2172.0,5,0.0,1135,1.1576033314907606,10.225225225225225,0
74000,1582,127,3829.6,5,0.0,622,0.4846104855931183,4.897637795275591,0
74000,1616,247,3531.125,8,0.0,5439,1.1203017550115482,22.020242914979757,0
74000,1711,133,2999.6666666666665,6,0.0,1600,1.1366494987265914,12.030075187969924,0
74000,1733,244,2973.1666666666665,6,0.0,2242,0.4732229729473473,9.188524590163935,0
74000,1803,163,2107.6666666666665,6,0.0,2161,1.022090665724347,13.257668711656441,0
74000,1839,142,2983.8333333333335,6,0.0,1710,1.0656860618207789,12.04225352112676,0
74000,1842,153,2090.0,6,0.0,1902,1.0210276777526228,12.431372549019608,0
74000,1952,175,3797.3333333333335,6,0.0,2744,1.125946807046582,15.68,0
74000,1972,135,4128.6,5,0.0,1745,1.2031998201402885,12.925925925925926,0
74000,2010,110,4517.2,5,0.0,1024,1.0634680586036191,9.309090909090909,0
74000,2119,216,3951.714285714286,7,0.0,4260,1.1473923786259017,19.72222222222222,0
74000,2142,94,3958.8,5,0.0,755,1.0737448861296033,8.03191489361702,0
74000,2147,269,3376.25,8,0.0,6483,1.1258520569490542,24.100371747211895,0
74000,2170,225,2792.714285714286,7,0.0,4341,1.0775430091246057,19.293333333333333,0
74000,2175,310,2997.285714285714,7,0.0,5284,0.6909542385668457,17.045161290322582,0
74000,2198,176,3079.3333333333335,6,0.0,2964,1.202438097267581,16.84090909090909,0
74000,2270,230,5134.666666666667,6,0.0,4112,0.9768037044658774,17.878260869565217,0
74000,2281,264,2986.6666666666665,6,0.0,2695,0.48591553038478486,10.208333333333334,0
74000,2403,109,2952.0,5,0.0,1079,1.1412434890071161,9.899082568807339,0
74000,2439,337,2124.4166666666665,12,0.0,10238,1.1328311629917425,30.379821958456972,0
74000,2576,295,2920.0,6,0.0,2948,0.4256898657986882,9.99322033898305,0
74000,2585,143,2564.8333333333335,6,0.0,1840,1.1307214010670879,12.867132867132867,0
74000,2602,260,3221.0,6,0.0,2555,0.4749567591669776,9.826923076923077,0
74000,2729,141,4039.0,5,0.0,1624,1.026496950742885,11.5177304964539,0
74000,2744,195,3199.3333333333335,6,0.0,3248,1.0733878173685363,16.656410256410258,0
74000,2750,238,3144.5714285714284,7,0.0,4942,1.096373906789122,20.764705882352942,0
74000,2754,84,2480.0,5,0.0,641,1.1415878066615972,7.630952380952381,0
74000,2797,334,3571.0,6,0.0,4167,0.46939713103763736,12.476047904191617,0
74000,2873,254,2773.0,7,0.0,5696,1.109461947724438,22.4251968503937,0
74000,2907,163,4366.166666666667,6,0.0,2513,1.1885765122467764,15.417177914110429,0
74000,2953,231,3910.0,7,0.0,5404,1.2726273270740234,23.393939393939394,0
74000,3006,126,3464.8,5,0.0,1284,1.016327782113705,10.19047619047619,0
74000,3100,124,3457.6,5,0.0,1484,1.212831294986278,11.96774193548387,0
74000,3129,399,2161.25,8,0.0,4574,0.361044083831627,11.463659147869674,0
74000,3131,151,5060.8,5,0.0,2320,1.2786272455292873,15.364238410596027,0
74000,3137,271,3042.25,8,0.0,6115,1.046327750259478,22.564575645756456,0
74000,3150,116,3058.8,5,0.0,1349,1.2598122739871078,11.629310344827585,0
74000,3218,107,5348.5,4,0.0,886,0.9724695924816339,8.280373831775702,0
74000,3309,143,2112.8333333333335,6,0.0,1812,1.1135147710508495,12.671328671328672,0
74000,3323,97,3358.75,4,0.0,770,1.0283882849459627,7.938144329896907,0
74000,3422,260,3187.5,6,0.0,2347,0.4362910034304878,9.026923076923078,0
74000,3469,182,3210.5714285714284,7,0.0,2737,1.0383455008906248,15.038461538461538,0
74000,3532,188,4376.8,5,0.0,2367,0.8415742203538977,12.590425531914894,0
74000,3614,152,3120.2,5,0.0,1904,1.0355942542304304,12.526315789473685,0
74000,3619,158,4971.0,4,0.0,1969,0.9911546122285375,12.462025316455696,0
74000,3635,151,2354.3333333333335,6,0.0,2154,1.1871392615819332,14.264900662251655,0
74000,3663,131,3857.5,6,0.0,1544,1.1306145462718118,11.786259541984732,0
74000,3792,139,5915.5,4,0.0,1702,1.1069801141576168,12.244604316546763,0
74000,3992,344,2464.714285714286,7,0.0,4047,0.4297601902744015,11.76453488372093,0
74000,4042,225,2361.1428571428573,7,0.0,4248,1.054458120884894,18.88,0
74000,4329,270,2529.4444444444443,9,0.0,6544,1.1280429259309523,24.237037037037037,0
74000,4352,311,2395.0,6,0.0,3443,0.4473280262325517,11.070739549839228,0
74000,4362,192,3522.3333333333335,6,0.0,3258,1.1106020904292042,16.96875,0
74000,4405,196,5001.4,5,0.0,3109,1.0169941232830764,15.862244897959183,0
74000,4477,369,3045.8333333333335,6,0.0,2362,0.21799022767985227,6.401084010840108,0
74000,4490,223,3476.5,6,0.0,2518,0.6362911220204789,11.291479820627803,0
74000,4501,207,2836.5714285714284,7,0.0,3628,1.0639873179979715,17.52657004830918,0
74000,4591,142,5236.8,5,0.0,1850,1.1529352130809596,13.028169014084508,0
74000,4596,273,3768.285714285714,7,0.0,5910,0.9964879487295242,21.64835164835165,0
74000,4663,112,3012.0,5,0.0,1070,1.0719082076980482,9.553571428571429,0
74000,4681,96,4979.0,4,0.0,808,1.1017390903214206,8.416666666666666,0
74000,4703,104,3628.0,5,0.0,977,1.1351094757977913,9.39423076923077,0
74000,4773,192,3099.714285714286,7,0.0,3316,1.1303733983619526,17.270833333333332,0
74000,4777,106,3998.6,5,0.0,954,1.0669559955587977,9.0,0
74000,4792,111,4322.2,5,0.0,1227,1.2514354958054301,11.054054054054054,0
74000,4795,73,3107.2,5,0.0,506,1.1932038901981126,6.931506849315069,0
74000,4809,394,2563.4444444444443,9,0.0,8095,0.6552911059498924,20.54568527918782,0
74000,4843,206,3677.6666666666665,6,0.0,3596,1.0648663570844468,17.45631067961165,0
74000,4858,205,4683.4,5,0.0,3442,1.0292313540660147,16.790243902439023,0
74000,4920,112,3016.8,5,0.0,1104,1.1059688423351823,9.857142857142858,0
74000,4943,77,3909.6,5,0.0,509,1.0788130616813658,6.6103896103896105,0
76000,45,189,2400.5,6,0.0,3109,1.0937220749711,16.44973544973545,0
76000,162,284,2789.8571428571427,7,0.0,3655,0.569456514028501,12.869718309859154,0
76000,165,105,3128.0,5,0.0,1031,1.17514087105708,9.81904761904762,0
76000,277,172,4490.333333333333,6,0.0,2627,1.115868564221253,15.273255813953488,0
76000,370,240,4246.0,6,0.0,4352,0.9494591130849153,18.133333333333333,0
76000,374,95,4596.0,5,0.0,884,1.230877742171026,9.305263157894737,0
76000,504,93,1790.8,5,0.0,768,1.115848379214689,8.258064516129032,0
76000,552,160,4679.0,5,0.0,2196,1.0779589792629978,13.725,0
76000,563,252,2579.25,8,0.0,6052,1.1975887339081273,24.015873015873016,0
76000,717,249,2592.25,8,0.0,5953,1.2065548018141667,23.907630522088354,0
76000,775,162,4131.4,5,0.0,2117,1.0136795683050743,13.067901234567902,0
76000,903,389,2408.0,7,0.0,4964,0.41223269559201253,12.760925449871465,0
76000,969,277,3890.0,7,0.0,6620,1.0841972848213548,23.898916967509024,0
76000,1245,306,3677.1666666666665,6,0.0,3050,0.40932366155960825,9.967320261437909,0
76000,1266,302,2380.285714285714,7,0.0,3387,0.46667138799651897,11.21523178807947,0
76000,1304,301,2739.2,10,0.0,7372,1.022497369444662,24.491694352159467,0
76000,1407,109,2170.8,5,0.0,1098,1.1613395282018661,10.073394495412844,0
76000,1582,125,3854.6,5,0.0,584,0.4696806680822884,4.672,0
76000,1616,250,3518.375,8,0.0,5495,1.1048353044144583,21.98,0
76000,1711,127,3629.4,5,0.0,1519,1.1834780186751555,11.960629921259843,0
76000,1733,245,2969.3333333333335,6,0.0,2244,0.46978651659511844,9.159183673469387,0
76000,1803,164,2093.3333333333335,6,0.0,2177,1.0171396797836079,13.274390243902438,0
76000,1839,141,2986.6666666666665,6,0.0,1718,1.0859124146405643,12.184397163120567,0
76000,1842,153,2086.6666666666665,6,0.0,1902,1.0210276777526228,12.431372549019608,0
76000,1952,171,4588.0,5,0.0,2703,1.1616189518351918,15.807017543859649,0
76000,1972,133,4175.4,5,0.0,1714,1.217635775510861,12.887218045112782,0
76000,2010,110,4591.0,5,0.0,1009,1.047889913213918,9.172727272727272,0
76000,2119,216,3999.714285714286,7,0.0,4282,1.153317879172796,19.824074074074073,0
76000,2142,93,3962.2,5,0.0,731,1.062090058861898,7.860215053763441,0
76000,2147,271,3377.0,8,0.0,6528,1.1169955116424977,24.088560885608857,0
76000,2170,225,2797.4285714285716,7,0.0,4363,1.0830039504286237,19.391111111111112,0
76000,2175,311,3001.5714285714284,7,0.0,5293,0.6876872619369434,17.019292604501608,0
76000,2198,177,3095.1666666666665,6,0.0,2964,1.18888960710398,16.74576271186441,0
76000,2270,228,5184.0,6,0.0,4108,0.9930488320211504,18.017543859649123,0
76000,2281,264,2988.5,6,0.0,2706,0.48789885908023295,10.25,0
76000,2403,108,2939.6,5,0.0,1064,1.146315014890103,9.851851851851851,0
76000,2439,343,2280.0,11,0.0,10570,1.1290069392326025,30.816326530612244,0
76000,2576,299,2932.1666666666665,6,0.0,2975,0.4181715257963394,9.949832775919733,0
76000,2585,143,2564.0,6,0.0,1840,1.1307214010670879,12.867132867132867,0
76000,2602,260,3222.3333333333335,6,0.0,2565,0.4768156897312319,9.865384615384615,0
76000,2729,141,4052.6,5,0.0,1610,1.0176478390985497,11.418439716312056,0
76000,2744,196,3202.6666666666665,6,0.0,3259,1.0660610639368113,16.627551020408163,0
76000,2750,239,3153.0,7,0.0,4959,1.0909583494092738,20.748953974895397,0
76000,2754,82,2487.6,5,0.0,596,1.1138543852108964,7.2682926829268295,0
76000,2797,334,3598.5,6,0.0,4162,0.4688338995389121,12.461077844311378,0
76000,2873,259,3644.0,7,0.0,5761,1.079215591737201,22.243243243243242,0
76000,2907,168,5306.6,5,0.0,2534,1.1282306950391916,15.083333333333334,0
76000,2953,231,3925.0,7,0.0,5415,1.2752177972068537,23.441558441558442,0
76000,3006,124,3483.4,5,0.0,1250,1.0215897026501668,10.080645161290322,0
76000,3100,124,3479.6,5,0.0,1452,1.1866785985984338,11.709677419354838,0
76000,3129,405,2135.625,8,0.0,4644,0.35578860011025143,11.466666666666667,0
76000,3131,151,5089.2,5,0.0,2300,1.2676045968609313,15.2317880794702,0
76000,3137,279,3752.375,8,0.0,6312,1.0189865407411918,22.623655913978496,0
76000,3150,114,3064.8,5,0.0,1313,1.2695940763814708,11.517543859649123,0
76000,3218,103,5370.75,4,0.0,840,0.9949808008353007,8.155339805825243,0
76000,3309,144,2102.1666666666665,6,0.0,1812,1.098102987713099,12.583333333333334,0
76000,3323,92,3405.25,4,0.0,678,1.0066161716133646,7.369565217391305,0
76000,3422,259,3187.5,6,0.0,2345,0.43929188728063473,9.054054054054054,0
76000,3469,179,3776.0,6,0.0,2746,1.0769718082154205,15.340782122905027,0
76000,3532,178,4442.8,5,0.0,2320,0.9201483343426738,13.03370786516854,0
76000,3614,150,3132.4,5,0.0,1887,1.053899615524256,12.58,0
76000,3619,151,5028.75,4,0.0,1869,1.0300665180578612,12.37748344370861,0
76000,3635,151,2357.3333333333335,6,0.0,2150,1.184934731848262,14.23841059602649,0
76000,3663,131,3880.1666666666665,6,0.0,1552,1.1364726527291786,11.84732824427481,0
76000,3792,136,6028.5,4,0.0,1627,1.105400356269592,11.963235294117647,0
76000,3992,344,2463.5714285714284,7,0.0,4061,0.4312468823089558,11.805232558139535,0
76000,4042,226,2365.4285714285716,7,0.0,4279,1.0527742943621838,18.93362831858407,0
76000,4329,271,2515.8888888888887,9,0.0,6635,1.1353041084172752,24.48339483394834,0
76000,4352,311,2391.0,6,0.0,3453,0.44862726534446734,11.102893890675242,0
76000,4362,192,3531.8333333333335,6,0.0,3270,1.1146927058635658,17.03125,0
76000,4405,194,5047.6,5,0.0,3072,1.0257171465435055,15.835051546391753,0
76000,4477,370,3064.0,6,0.0,2359,0.2165381174526902,6.375675675675676,0
76000,4490,224,3492.0,6,0.0,2529,0.6333775367449447,11.290178571428571,0
76000,4501,207,2846.5714285714284,7,0.0,3649,1.0701460097504403,17.6280193236715,0
76000,4591,138,5303.2,5,0.0,1782,1.1758702181678244,12.91304347826087,0
76000,4596,274,3760.4285714285716,7,0.0,5977,1.0004421807505033,21.813868613138688,0
76000,4663,110,3001.0,5,0.0,1048,1.0883930912271416,9.527272727272727,0
76000,4681,88,5070.0,4,0.0,675,1.0953383477133836,7.670454545454546,0
76000,4703,104,3645.6,5,0.0,965,1.121167496565884,9.278846153846153,0
76000,4773,192,3136.4285714285716,7,0.0,3350,1.1419634754259773,17.447916666666668,0
76000,4777,104,4024.6,5,0.0,928,1.078179727267503,8.923076923076923,0
76000,4792,110,4374.6,5,0.0,1205,1.2514443463060168,10.954545454545455,0
76000,4795,73,3110.0,5,0.0,472,1.113028134730255,6.465753424657534,0
76000,4809,396,2548.777777777778,9,0.0,8239,0.660228085729168,20.805555555555557,0
76000,4843,205,3693.8333333333335,6,0.0,3587,1.0725894442285866,17.497560975609755,0
76000,4858,203,4718.2,5,0.0,3376,1.0294854811831533,16.63054187192118,0
76000,4920,110,3029.4,5,0.0,1086,1.1278577262143852,9.872727272727273,0
76000,4943,75,3937.8,5,0.0,465,1.038819970787025,6.2,0
78000,45,189,2401.0,6,0.0,3097,1.0895005680879695,16.386243386243386,0
78000,162,286,2783.0,7,0.0,3679,0.5652070699083989,12.863636363636363,0
78000,165,104,3138.4,5,0.0,1012,1.1757735818908546,9.73076923076923,0
78000,277,171,4524.166666666667,6,0.0,2632,1.1311065783315668,15.391812865497077,0
78000,370,241,4247.666666666667,6,0.0,4361,0.9435433661476275,18.095435684647303,0
78000,374,94,4617.0,5,0.0,862,1.2259180024420109,9.170212765957446,0
78000,504,92,1789.4,5,0.0,738,1.095697248747291,8.021739130434783,0
78000,552,158,4741.2,5,0.0,2139,1.0767291597546174,13.537974683544304,0
78000,563,253,2577.25,8,0.0,6078,1.193244709245185,24.023715415019762,0
78000,717,249,2578.25,8,0.0,6000,1.216080767828826,24.096385542168676,0
78000,775,161,4146.6,5,0.0,2111,1.0234021977127508,13.111801242236025,0
78000,903,390,2402.8571428571427,7,0.0,4981,0.4115259173578109,12.771794871794873,0
78000,969,278,3898.8571428571427,7,0.0,6640,1.0796633310820467,23.884892086330936,0
78000,1245,306,3689.1666666666665,6,0.0,3063,0.4110683197892066,10.009803921568627,0
78000,1266,304,2381.5714285714284,7,0.0,3434,0.4669420521306851,11.296052631578947,0
78000,1304,300,2727.7,10,0.0,7519,1.0498504516596292,25.063333333333333,0
78000,1407,109,2168.0,5,0.0,1069,1.1306666262730372,9.807339449541285,0
78000,1582,121,3876.8,5,0.0,561,0.4815063120453177,4.636363636363637,0
78000,1616,251,3504.375,8,0.0,5550,1.1070198395214903,22.111553784860558,0
78000,1711,123,3658.6,5,0.0,1424,1.1827954097988937,11.577235772357724,0
78000,1733,243,2969.0,6,0.0,2243,0.4773386388932518,9.23045267489712,0
78000,1803,163,2079.8333333333335,6,0.0,2188,1.034860886906465,13.423312883435583,0
78000,1839,142,2987.8333333333335,6,0.0,1729,1.077527018063232,12.17605633802817,0
78000,1842,152,2085.5,6,0.0,1901,1.0339625405945632,12.506578947368421,0
78000,1952,168,4628.8,5,0.0,2630,1.1709734522308894,15.654761904761905,0
78000,1972,132,4210.4,5,0.0,1685,1.215239582483655,12.765151515151516,0
78000,2010,107,4648.2,5,0.0,983,1.0789363537352665,9.186915887850468,0
78000,2119,217,4029.0,7,0.0,4315,1.1515192338117146,19.88479262672811,0
78000,2142,91,3954.0,5,0.0,698,1.0592110480404182,7.670329670329671,0
78000,2147,271,3368.5,8,0.0,6601,1.129486423460804,24.357933579335793,0
78000,2170,225,2804.0,7,0.0,4374,1.0857344210806326,19.44,0
78000,2175,311,3005.4285714285716,7,0.0,5307,0.6895061966936253,17.064308681672024,0
78000,2198,177,3111.1666666666665,6,0.0,2958,1.1864829479802876,16.71186440677966,0
78000,2270,228,5227.0,6,0.0,4102,0.9915984199003794,17.99122807017544,0
78000,2281,265,2988.0,6,0.0,2728,0.48816032803092657,10.294339622641509,0
78000,2403,108,2920.8,5,0.0,1050,1.1312319225889174,9.722222222222221,0
78000,2439,346,2253.909090909091,11,0.0,10799,1.1335513737885055,31.210982658959537,0
78000,2576,303,2945.0,6,0.0,2999,0.41048857380499904,9.897689768976898,0
78000,2585,143,2566.3333333333335,6,0.0,1845,1.1337940135699875,12.902097902097902,0
78000,2602,261,3225.0,6,0.0,2575,0.4750136423712933,9.865900383141762,0
78000,2729,142,4066.4,5,0.0,1601,0.9977563654824952,11.274647887323944,0
78000,2744,195,3205.1666666666665,6,0.0,3264,1.0786754420846374,16.73846153846154,0
78000,2750,240,3166.285714285714,7,0.0,4964,1.0829768008624814,20.683333333333334,0
78000,2754,78,2496.4,5,0.0,556,1.1484059930282216,7.128205128205129,0
78000,2797,334,3622.5,6,0.0,4156,0.46815802174044174,12.44311377245509,0
78000,2873,259,3646.0,7,0.0,5792,1.0850228618888855,22.362934362934364,0
78000,2907,167,5373.8,5,0.0,2514,1.1327711902362567,15.053892215568862,0
78000,2953,231,3935.8571428571427,7,0.0,5426,1.2778082673396838,23.48917748917749,0
78000,3006,123,3492.2,5,0.0,1236,1.0266398360333093,10.048780487804878,0
78000,3100,121,3493.4,5,0.0,1422,1.2205026305319815,11.75206611570248,0
78000,3129,410,2109.75,8,0.0,4716,0.3525461262184286,11.502439024390243,0
78000,3131,150,5107.4,5,0.0,2283,1.2750677383369775,15.22,0
78000,3137,280,3751.0,8,0.0,6460,1.0354432929688808,23.071428571428573,0
78000,3150,113,3068.6,5,0.0,1277,1.256735474550604,11.300884955752212,0
78000,3218,101,5398.0,4,0.0,781,0.9620954269007465,7.732673267326732,0
78000,3309,143,2094.3333333333335,6,0.0,1816,1.1159728610531692,12.6993006993007,0
78000,3323,85,3445.25,4,0.0,583,1.0140060994008855,6.858823529411764,0
78000,3422,260,3188.6666666666665,6,0.0,2338,0.43461796592265894,8.992307692307692,0
78000,3469,177,3804.1666666666665,6,0.0,2736,1.0974365604036738,15.457627118644067,0
78000,3532,170,4490.4,5,0.0,2274,0.9887863936696456,13.376470588235295,0
78000,3614,149,3141.6,5,0.0,1875,1.0613010631018174,12.583892617449665,0
78000,3619,147,5076.75,4,0.0,1788,1.0397829912755887,12.16326530612245,0
78000,3635,150,2357.5,6,0.0,2149,1.2002280200114606,14.326666666666666,0
78000,3663,131,3896.6666666666665,6,0.0,1560,1.1423307591865455,11.908396946564885,0
78000,3792,134,6106.5,4,0.0,1577,1.1036515069527966,11.76865671641791,0
78000,3992,346,2461.714285714286,7,0.0,4078,0.4280602372728516,11.786127167630058,0
78000,4042,226,2364.4285714285716,7,0.0,4293,1.0562187533762222,18.995575221238937,0
78000,4329,270,2510.1111111111113,9,0.0,6680,1.151486360821938,24.74074074074074,0
78000,4352,312,2386.3333333333335,6,0.0,3471,0.4480797214254673,11.125,0
78000,4362,193,3547.6666666666665,6,0.0,3275,1.104858217993135,16.968911917098445,0
78000,4405,193,5076.4,5,0.0,3059,1.0319881797987787,15.849740932642487,0
78000,4477,371,3078.3333333333335,6,0.0,2357,0.2151897729458851,6.353099730458221,0
78000,4490,222,3502.0,6,0.0,2539,0.6473909380297448,11.436936936936936,0
78000,4501,209,2845.714285714286,7,0.0,3676,1.0575302391974615,17.588516746411482,0
78000,4591,137,5357.4,5,0.0,1731,1.15895292948243,12.635036496350365,0
78000,4596,276,3758.5714285714284,7,0.0,6020,0.9930890450856203,21.81159420289855,0
78000,4663,109,2991.2,5,0.0,1026,1.085186116516498,9.412844036697248,0
78000,4681,81,5131.25,4,0.0,559,1.0706601392206643,6.901234567901234,0
78000,4703,103,3663.0,5,0.0,951,1.1264604066599655,9.233009708737864,0
78000,4773,192,3159.1428571428573,7,0.0,3379,1.1518491293923514,17.598958333333332,0
78000,4777,103,4047.6,5,0.0,909,1.0767113666182004,8.825242718446601,0
78000,4792,109,4419.2,5,0.0,1189,1.2575889790819843,10.908256880733944,0
78000,4795,68,3115.6,5,0.0,423,1.1495620177062997,6.220588235294118,0
78000,4809,401,2532.777777777778,9,0.0,8365,0.6537129134092107,20.860349127182044,0
78000,4843,203,3713.6666666666665,6,0.0,3565,1.0871195913560252,17.561576354679804,0
78000,4858,202,4746.6,5,0.0,3323,1.023381275157228,16.45049504950495,0
78000,4920,109,3032.8,5,0.0,1071,1.132781998819853,9.825688073394495,0
78000,4943,70,3965.8,5,0.0,401,1.0283907380322506,5.728571428571429,0
80000,45,188,2400.1666666666665,6,0.0,3089,1.098277467965015,16.430851063829788,0
80000,162,288,2779.4285714285716,7,0.0,3690,0.5590507760294336,12.8125,0
80000,165,103,3147.0,5,0.0,982,1.1631799362146016,9.533980582524272,0
80000,277,172,4553.333333333333,6,0.0,2637,1.1201162557485511,15.331395348837209,0
80000,370,241,4254.0,6,0.0,4356,0.9424615691215468,18.074688796680498,0
80000,374,93,4636.2,5,0.0,842,1.2233650199202708,9.053763440860216,0
80000,504,89,1790.4,5,0.0,706,1.1200426276653928,7.932584269662922,0
80000,552,156,4797.6,5,0.0,2090,1.0792124664698666,13.397435897435898,0
80000,563,254,2578.5,8,0.0,6114,1.1908796257702272,24.070866141732285,0
80000,717,250,2570.125,8,0.0,6026,1.211599189154054,24.104,0
80000,775,161,4167.8,5,0.0,2096,1.016130273048757,13.01863354037267,0
80000,903,391,2393.714285714286,7,0.0,4996,0.4106565733435707,12.777493606138107,0
80000,969,279,3905.0,7,0.0,6660,1.07516640705582,23.870967741935484,0
80000,1245,306,3694.5,6,0.0,3080,0.4133497959356044,10.065359477124183,0
80000,1266,308,2380.4285714285716,7,0.0,3484,0.4615158038921757,11.311688311688311,0
80000,1304,303,2716.5,10,0.0,7658,1.0481898960315714,25.273927392739274,0
80000,1407,107,2167.0,5,0.0,1035,1.1360113185310283,9.672897196261681,0
80000,1582,114,3899.0,5,0.0,518,0.5008756523728879,4.543859649122807,0
80000,1616,251,3496.375,8,0.0,5589,1.1147988978532628,22.266932270916335,0
80000,1711,120,3682.2,5,0.0,1358,1.1850785621041497,11.316666666666666,0
80000,1733,244,2967.0,6,0.0,2248,0.47448940374024823,9.21311475409836,0
80000,1803,163,2069.3333333333335,6,0.0,2198,1.0395905984553977,13.484662576687116,0
80000,1839,142,2988.6666666666665,6,0.0,1739,1.083759100296102,12.246478873239436,0
80000,1842,151,2083.3333333333335,6,0.0,1907,1.0510095505277375,12.629139072847682,0
80000,1952,165,4658.8,5,0.0,2578,1.1899395204340844,15.624242424242425,0
80000,1972,131,4238.8,5,0.0,1663,1.2177538798251444,12.694656488549619,0
80000,2010,107,4690.2,5,0.0,974,1.0690579944436924,9.102803738317757,0
80000,2119,219,4055.8571428571427,7,0.0,4332,1.1350371656430003,19.78082191780822,0
80000,2142,88,3958.2,5,0.0,669,1.08560200684482,7.6022727272727275,0
80000,2147,271,3371.375,8,0.0,6641,1.1363307587037113,24.505535055350553,0
80000,2170,226,2804.714285714286,7,0.0,4398,1.0820521959815106,19.460176991150444,0
80000,2175,311,3008.1428571428573,7,0.0,5320,0.6911952075391156,17.106109324758844,0
80000,2198,177,3125.1666666666665,6,0.0,2947,1.182070739586852,16.649717514124294,0
80000,2270,228,5261.5,6,0.0,4105,0.9923236259607648,18.00438596491228,0
80000,2281,266,2993.0,6,0.0,2737,0.4860952621897939,10.289473684210526,0
80000,2403,107,2908.6,5,0.0,1043,1.144792082345761,9.74766355140187,0
80000,2439,347,2234.181818181818,11,0.0,10985,1.1464390635146502,31.65706051873199,0
80000,2576,303,2958.5,6,0.0,3007,0.4115835750022115,9.924092409240924,0
80000,2585,143,2567.6666666666665,6,0.0,1855,1.1399392385757867,12.972027972027972,0
80000,2602,262,3225.6666666666665,6,0.0,2590,0.4741404913931335,9.885496183206106,0
80000,2729,140,4079.8,5,0.0,1582,1.0142856281589903,11.3,0
80000,2744,196,3209.0,6,0.0,3258,1.0657339509991197,16.622448979591837,0
80000,2750,241,3171.8571428571427,7,0.0,4991,1.0798497914338014,20.70954356846473,0
80000,2754,76,2498.4,5,0.0,514,1.1182677451143723,6.7631578947368425,0
80000,2797,333,3645.5,6,0.0,4153,0.4706340318826362,12.471471471471471,0
80000,2873,260,3649.1428571428573,7,0.0,5821,1.0820834814524372,22.388461538461538,0
80000,2907,167,5434.2,5,0.0,2506,1.129166508644415,15.005988023952096,0
80000,2953,231,3939.714285714286,7,0.0,5455,1.2846376885989634,23.614718614718615,0
80000,3006,124,3505.4,5,0.0,1222,0.9987060933108031,9.85483870967742,0
80000,3100,119,3504.8,5,0.0,1392,1.235250892958687,11.697478991596638,0
80000,3129,413,2090.75,8,0.0,4766,0.3511266545974697,11.539951573849878,0
80000,3131,151,5124.0,5,0.0,2271,1.2516217562918153,15.039735099337749,0
80000,3137,284,3755.375,8,0.0,6572,1.0239311108605496,23.140845070422536,0
80000,3150,112,3069.8,5,0.0,1247,1.249223864485482,11.133928571428571,0
80000,3218,95,5423.25,4,0.0,725,1.0094868360565539,7.631578947368421,0
80000,3309,142,2085.5,6,0.0,1822,1.1354853828289235,12.830985915492958,0
80000,3323,77,3477.75,4,0.0,491,1.0406625015433217,6.376623376623376,0
80000,3422,260,3186.1666666666665,6,0.0,2334,0.43387439369695724,8.976923076923077,0
80000,3469,177,3817.8333333333335,6,0.0,2748,1.1022498786510584,15.525423728813559,0
80000,3532,167,4521.8,5,0.0,2244,1.011113186511599,13.437125748502995,0
80000,3614,149,3152.8,5,0.0,1863,1.0545087362979657,12.503355704697986,0
80000,3619,144,5131.0,4,0.0,1724,1.04477348279105,11.972222222222221,0
80000,3635,150,2358.5,6,0.0,2146,1.198552503929546,14.306666666666667,0
80000,3663,131,3919.1666666666665,6,0.0,1563,1.1445275491080582,11.931297709923664,0
80000,3792,133,6173.25,4,0.0,1531,1.0876314890940073,11.511278195488721,0
80000,3992,347,2467.285714285714,7,0.0,4099,0.42778823134697774,11.812680115273775,0
80000,4042,226,2363.5714285714284,7,0.0,4306,1.0594171796035436,19.053097345132745,0
80000,4329,271,2501.0,9,0.0,6739,1.1530993800488345,24.867158671586715,0
80000,4352,316,3249.0,7,0.0,3535,0.44486180221278315,11.186708860759493,0
80000,4362,193,3555.6666666666665,6,0.0,3295,1.1116054437518716,17.072538860103627,0
80000,4405,192,5100.8,5,0.0,3041,1.0366301279911634,15.838541666666666,0
80000,4477,364,3660.8,5,0.0,2316,0.2196573054496426,6.362637362637362,0
80000,4490,221,3509.8333333333335,6,0.0,2533,0.6517191860562188,11.461538461538462,0
80000,4501,208,2845.285714285714,7,0.0,3690,1.0717896534528788,17.740384615384617,0
80000,4591,135,5417.8,5,0.0,1690,1.1652766166401647,12.518518518518519,0
80000,4596,276,3763.5714285714284,7,0.0,6063,1.0001825382648035,21.967391304347824,0
80000,4663,106,2978.6,5,0.0,1000,1.118402511067922,9.433962264150944,0
80000,4681,72,5185.75,4,0.0,442,1.0714382352520746,6.138888888888889,0
80000,4703,102,3692.6,5,0.0,935,1.129330692466919,9.166666666666666,0
80000,4773,194,3177.5714285714284,7,0.0,3409,1.1382388517470088,17.572164948453608,0
80000,4777,102,4063.4,5,0.0,901,1.0882641218317584,8.833333333333334,0
80000,4792,109,4457.8,5,0.0,1176,1.2438390575276819,10.788990825688073,0
80000,4795,65,3120.2,5,0.0,379,1.1272554941638169,5.8307692307692305,0
80000,4809,410,2612.2,10,0.0,8523,0.637139659406206,20.78780487804878,0
80000,4843,203,3725.6666666666665,6,0.0,3571,1.0889492456472276,17.591133004926107,0
80000,4858,200,4774.4,5,0.0,3282,1.03107070890817,16.41,0
80000,4920,108,3040.2,5,0.0,1039,1.1193809214951287,9.62037037037037,0
80000,4943,60,4420.0,4,0.0,297,1.0367255756846316,4.95,0
82000,45,188,2394.5,6,0.0,3087,1.097566378636452,16.420212765957448,0
82000,162,289,2771.285714285714,7,0.0,3709,0.5580473007825357,12.833910034602075,0
82000,165,101,3157.0,5,0.0,960,1.1826012929893936,9.504950495049505,0
82000,277,173,4585.666666666667,6,0.0,2646,1.1109832151289507,15.294797687861271,0
82000,370,240,4256.5,6,0.0,4356,0.9503317777109125,18.15,0
82000,374,92,4659.4,5,0.0,818,1.2144720182591924,8.891304347826088,0
82000,504,88,1787.6,5,0.0,678,1.100206518147665,7.704545454545454,0
82000,552,154,4855.8,5,0.0,2049,1.0857013572618464,13.305194805194805,0
82000,563,254,2578.875,8,0.0,6148,1.1975021163289756,24.20472440944882,0
82000,717,249,2561.375,8,0.0,6060,1.2282415755071143,24.337349397590362,0
82000,775,159,4190.4,5,0.0,2081,1.0343980557921537,13.08805031446541,0
82000,903,391,2385.5714285714284,7,0.0,5019,0.4125471060070819,12.836317135549873,0
82000,969,279,3913.285714285714,7,0.0,6678,1.0780722622100252,23.93548387096774,0
82000,1245,307,3700.5,6,0.0,3093,0.41239465999865166,10.074918566775244,0
82000,1266,309,2386.285714285714,7,0.0,3527,0.4641927625060986,11.414239482200648,0
82000,1304,304,2701.2,10,0.0,7809,1.0618376485406291,25.6875,0
82000,1407,106,2163.4,5,0.0,1007,1.1262313286453975,9.5,0
82000,1582,109,3924.8,5,0.0,470,0.49711254850170955,4.3119266055045875,0
82000,1616,252,3487.875,8,0.0,5636,1.1152693496870794,22.365079365079364,0
82000,1711,118,3701.0,5,0.0,1301,1.1741488199713648,11.025423728813559,0
82000,1733,243,2973.1666666666665,6,0.0,2244,0.47755145148303924,9.234567901234568,0
82000,1803,166,2054.8333333333335,6,0.0,2213,1.009195027201947,13.331325301204819,0
82000,1839,143,2992.8333333333335,6,0.0,1749,1.0747998535143133,12.23076923076923,0
82000,1842,152,2079.1666666666665,6,0.0,1916,1.0421211087738995,12.605263157894736,0
82000,1952,164,4683.2,5,0.0,2545,1.189076933876565,15.518292682926829,0
82000,1972,130,4272.6,5,0.0,1644,1.2224327390536378,12.646153846153846,0
82000,2010,107,4738.0,5,0.0,963,1.056984444198435,9.0,0
82000,2119,219,4085.5714285714284,7,0.0,4346,1.1387053374617913,19.84474885844749,0
82000,2142,86,3960.0,5,0.0,641,1.089108107599274,7.453488372093023,0
82000,2147,273,3370.5,8,0.0,6699,1.129521619042146,24.53846153846154,0
82000,2170,226,2808.1428571428573,7,0.0,4411,1.085250622208832,19.51769911504425,0
82000,2175,313,3005.5714285714284,7,0.0,5351,0.6863665971627345,17.095846645367413,0
82000,2198,176,3137.6666666666665,6,0.0,2934,1.1902676711818767,16.670454545454547,0
82000,2270,227,5294.333333333333,6,0.0,4100,0.999866473614326,18.061674008810574,0
82000,2281,266,2995.5,6,0.0,2751,0.48858168296825827,10.342105263157896,0
82000,2403,106,2898.0,5,0.0,1032,1.1541913914220956,9.735849056603774,0
82000,2439,352,2210.090909090909,11,0.0,11194,1.1352979133614458,31.801136363636363,0
82000,2576,306,2965.5,6,0.0,3033,0.4070421854132104,9.911764705882353,0
82000,2585,143,2572.8333333333335,6,0.0,1854,1.139324716075207,12.965034965034965,0
82000,2602,262,3232.0,6,0.0,2594,0.4748727547003044,9.900763358778626,0
82000,2729,140,4092.2,5,0.0,1577,1.0110799213696129,11.264285714285714,0
82000,2744,196,3215.5,6,0.0,3259,1.0660610639368113,16.627551020408163,0
82000,2750,242,3179.5714285714284,7,0.0,5010,1.075020776892621,20.702479338842974,0
82000,2754,73,2487.8,5,0.0,467,1.10123758245557,6.397260273972603,0
82000,2797,333,3690.5,6,0.0,4155,0.47086067962252665,12.477477477477477,0
82000,2873,261,3653.4285714285716,7,0.0,5847,1.0786037929883308,22.402298850574713,0
82000,2907,166,5506.4,5,0.0,2477,1.1295870232170007,14.921686746987952,0
82000,2953,232,3950.4285714285716,7,0.0,5472,1.2775561088319967,23.586206896551722,0
82000,3006,121,3520.2,5,0.0,1200,1.0299600257653854,9.917355371900827,0
82000,3100,119,3521.6,5,0.0,1364,1.2104038922382536,11.46218487394958,0
82000,3129,418,2069.0,8,0.0,4815,0.34630087743034393,11.519138755980862,0
82000,3131,150,5147.4,5,0.0,2250,1.2566370614359172,15.0,0
82000,3137,286,3761.625,8,0.0,6666,1.0241017472164684,23.307692307692307,0
82000,3150,110,3073.2,5,0.0,1206,1.2524828893319968,10.963636363636363,0
82000,3218,93,5451.75,4,0.0,681,0.9894436800067749,7.32258064516129,0
82000,3309,142,2079.8333333333335,6,0.0,1821,1.1348621746056364,12.82394366197183,0
82000,3323,68,3517.75,4,0.0,381,1.035421108146809,5.602941176470588,0
82000,3422,261,3184.6666666666665,6,0.0,2339,0.43147841145881743,8.96168582375479,0
82000,3469,178,3829.6666666666665,6,0.0,2769,1.0982287662908896,15.5561797752809,0
82000,3532,158,4557.4,5,0.0,2203,1.10894545999973,13.943037974683545,0
82000,3614,148,3162.8,5,0.0,1846,1.0590540610896197,12.472972972972974,0
82000,3619,139,5203.5,4,0.0,1657,1.0777121322909347,11.920863309352518,0
82000,3635,149,2359.3333333333335,6,0.0,2147,1.2152604706557877,14.409395973154362,0
82000,3663,130,3958.5,6,0.0,1575,1.1711262554802189,12.115384615384615,0
82000,3792,130,6248.25,4,0.0,1469,1.0923075995558358,11.3,0
82000,3992,348,2484.4285714285716,7,0.0,4121,0.4276160432502159,11.841954022988507,0
82000,4042,226,2360.714285714286,7,0.0,4319,1.0626156058308651,19.11061946902655,0
82000,4329,274,2491.5555555555557,9,0.0,6807,1.13936923613329,24.843065693430656,0
82000,4352,322,3242.4285714285716,7,0.0,3694,0.4477081618132285,11.472049689440993,0
82000,4362,194,3566.1666666666665,6,0.0,3310,1.1051835140166029,17.061855670103093,0
82000,4405,191,5125.0,5,0.0,3017,1.0392461868786937,15.795811518324607,0
82000,4477,351,3740.8,5,0.0,2227,0.2271516250531885,6.344729344729345,0
82000,4490,219,3511.6666666666665,6,0.0,2542,0.6660351973833118,11.60730593607306,0
82000,4501,210,2843.0,7,0.0,3711,1.0574558129226053,17.67142857142857,0
82000,4591,133,5497.0,5,0.0,1658,1.1778530430554304,12.466165413533835,0
82000,4596,275,3783.5714285714284,7,0.0,6089,1.0117901576308495,22.14181818181818,0
82000,4663,104,2968.2,5,0.0,976,1.1339476441951324,9.384615384615385,0
82000,4681,61,5245.25,4,0.0,311,1.0502932709125778,5.098360655737705,0
82000,4703,100,3737.4,5,0.0,915,1.1498229112138643,9.15,0
82000,4773,194,3199.1428571428573,7,0.0,3434,1.1465861592546869,17.701030927835053,0
82000,4777,101,4083.6,5,0.0,880,1.0840511852402777,8.712871287128714,0
82000,4792,108,4497.4,5,0.0,1155,1.2443551148478091,10.694444444444445,0
82000,4795,59,3128.4,5,0.0,320,1.1551963793722881,5.423728813559322,0
82000,4809,420,2588.9,10,0.0,8772,0.6248991101426228,20.885714285714286,0
82000,4843,203,3740.8333333333335,6,0.0,3576,1.0904739575565627,17.61576354679803,0
82000,4858,200,4802.4,5,0.0,3240,1.017876019763093,16.2,0
82000,4920,107,3050.2,5,0.0,1023,1.1228401728089294,9.560747663551401,0
82000,4943,22,4523.75,4,0.0,48,1.2462516311761163,2.1818181818181817,0
84000,45,189,3880.0,6,0.0,3108,1.0933702827308391,16.444444444444443,0
84000,162,291,2766.714285714286,7,0.0,3726,0.5529256493086084,12.804123711340207,0
84000,165,101,3166.0,5,0.0,941,1.1591956423989787,9.316831683168317,0
84000,277,173,4621.166666666667,6,0.0,2650,1.112662706005941,15.31791907514451,0
84000,370,239,4262.666666666667,6,0.0,4349,0.9567610126196677,18.196652719665273,0
84000,374,91,4680.2,5,0.0,796,1.2079254931807635,8.747252747252746,0
84000,504,85,1786.6,5,0.0,641,1.114884922325845,7.541176470588235,0
84000,552,153,4921.2,5,0.0,2014,1.081151284434165,13.163398692810457,0
84000,563,256,2578.0,8,0.0,6177,1.1844249158462008,24.12890625,0
84000,717,249,2550.25,8,0.0,6102,1.236754140881916,24.50602409638554,0
84000,775,160,4211.4,5,0.0,2066,1.014145378486955,12.9125,0
84000,903,393,2378.0,7,0.0,5040,0.41006745201568306,12.82442748091603,0
84000,969,280,3919.714285714286,7,0.0,6716,1.0764763398729107,23.985714285714284,0
84000,1245,307,3710.8333333333335,6,0.0,3100,0.41332798124662795,10.09771986970684,0
84000,1266,311,2374.5714285714284,7,0.0,3575,0.464477982509838,11.495176848874598,0
84000,1304,304,2687.6,10,0.0,7965,1.0830499258069037,26.200657894736842,0
84000,1407,103,2160.6,5,0.0,966,1.1442279209605957,9.37864077669903,0
84000,1582,102,3956.4,5,0.0,422,0.5097086120011122,4.137254901960785,0
84000,1616,253,3481.25,8,0.0,5683,1.1156975456795635,22.462450592885375,0
84000,1711,117,3714.0,5,0.0,1252,1.1493239834303224,10.7008547008547,0
84000,1733,246,2978.6666666666665,6,0.0,2266,0.4705432581819335,9.211382113821138,0
84000,1803,167,2043.1666666666667,6,0.0,2229,1.0043544085268956,13.347305389221557,0
84000,1839,144,2979.3333333333335,6,0.0,1772,1.073862303657622,12.305555555555555,0
84000,1842,152,2075.5,6,0.0,1923,1.045928440590923,12.651315789473685,0
84000,1952,164,4704.2,5,0.0,2509,1.172256985106602,15.298780487804878,0
84000,1972,129,4309.6,5,0.0,1623,1.2256005953431246,12.581395348837209,0
84000,2010,105,4789.8,5,0.0,932,1.0622999920709977,8.876190476190477,0
84000,2119,219,4115.142857142857,7,0.0,4383,1.1483997915543098,20.013698630136986,0
84000,2142,84,3964.2,5,0.0,603,1.0739117744414088,7.178571428571429,0
84000,2147,275,3367.125,8,0.0,6743,1.1204632998694068,24.52,0
84000,2170,227,2815.4285714285716,7,0.0,4424,1.0788803120170192,19.48898678414097,0
84000,2175,312,3007.0,7,0.0,5383,0.6949043907903459,17.253205128205128,0
84000,2198,176,3153.6666666666665,6,0.0,2931,1.1890506285733062,16.65340909090909,0
84000,2270,226,5328.166666666667,6,0.0,4092,1.0067661632460987,18.106194690265486,0
84000,2281,267,2997.6666666666665,6,0.0,2763,0.4870440321434498,10.348314606741573,0
84000,2403,105,2886.2,5,0.0,1018,1.1603233818972913,9.695238095238095,0
84000,2439,356,2187.2727272727275,11,0.0,11411,1.1314453279293375,32.05337078651685,0
84000,2576,311,2981.8333333333335,6,0.0,3056,0.39704747260141676,9.82636655948553,0
84000,2585,142,2575.8333333333335,6,0.0,1864,1.1616601282069776,13.126760563380282,0
84000,2602,264,3243.1666666666665,6,0.0,2597,0.46824587473442913,9.837121212121213,0
84000,2729,139,4107.8,5,0.0,1561,1.0152737709753465,11.23021582733813,0
84000,2744,195,3204.3333333333335,6,0.0,3264,1.0786754420846374,16.73846153846154,0
84000,2750,242,3185.0,7,0.0,5033,1.07995600201608,20.797520661157026,0
84000,2754,68,2485.8,5,0.0,416,1.130538532779718,6.117647058823529,0
84000,2797,334,3714.6666666666665,6,0.0,4152,0.4677074365414616,12.431137724550899,0
84000,2873,262,3653.5714285714284,7,0.0,5875,1.0755117324072043,22.423664122137403,0
84000,2907,166,5585.8,5,0.0,2467,1.1250267203376425,14.86144578313253,0
84000,2953,232,3952.8571428571427,7,0.0,5499,1.2838598396321546,23.70258620689655,0
84000,3006,121,3533.0,5,0.0,1178,1.01107742529302,9.735537190082646,0
84000,3100,117,3542.0,5,0.0,1343,1.232861110021504,11.478632478632479,0
84000,3129,421,2043.625,8,0.0,4882,0.3461333514215192,11.596199524940618,0
84000,3131,149,5168.6,5,0.0,2228,1.2611086765817863,14.953020134228188,0
84000,3137,288,3770.0,8,0.0,6741,1.021290320112307,23.40625,0
84000,3150,110,3070.4,5,0.0,1178,1.2234036846045542,10.709090909090909,0
84000,3218,87,5480.0,4,0.0,609,1.0110872908105082,7.0,0
84000,3309,142,2070.1666666666665,6,0.0,1820,1.1342389663823496,12.816901408450704,0
84000,3323,55,3560.75,4,0.0,256,1.0634680586036191,4.654545454545454,0
84000,3422,259,3185.5,6,0.0,2340,0.43835523080455663,9.034749034749035,0
84000,3469,180,3841.5,6,0.0,2803,1.0871461985200235,15.572222222222223,0
84000,3532,155,4588.6,5,0.0,2179,1.1397345085822532,14.058064516129033,0
84000,3614,147,3179.0,5,0.0,1809,1.0519952076160741,12.306122448979592,0
84000,3619,134,5281.25,4,0.0,1596,1.1169485130606616,11.91044776119403,0
84000,3635,150,2361.1666666666665,6,0.0,2148,1.1996695146508223,14.32,0
84000,3663,130,3996.0,6,0.0,1587,1.1800491221886393,12.207692307692307,0
84000,3792,128,6330.75,4,0.0,1415,1.0852914074290911,11.0546875,0
84000,3992,349,2481.285714285714,7,0.0,4144,0.42754197277447975,11.873925501432664,0
84000,4042,227,2355.714285714286,7,0.0,4333,1.0566881537002133,19.088105726872246,0
84000,4329,275,2485.3333333333335,9,0.0,6879,1.143061996114734,25.014545454545456,0
84000,4352,318,3816.5,6,0.0,3693,0.45891783037487066,11.61320754716981,0
84000,4362,193,3576.5,6,0.0,3321,1.1203768372382297,17.207253886010363,0
84000,4405,190,5148.2,5,0.0,2994,1.0422081335011457,15.757894736842106,0
84000,4477,344,3791.8,5,0.0,2159,0.2292691501859236,6.276162790697675,0
84000,4490,208,4261.0,5,0.0,2433,0.7066840723173046,11.697115384615385,0
84000,4501,212,2844.0,7,0.0,3736,1.0445879453374391,17.62264150943396,0
84000,4591,134,5577.8,5,0.0,1639,1.1470417374100403,12.23134328358209,0
84000,4596,277,3803.285714285714,7,0.0,6124,1.0029643764722018,22.108303249097474,0
84000,4663,103,2954.2,5,0.0,955,1.131198410473467,9.271844660194175,0
84000,4681,39,5318.75,4,0.0,131,1.082310684076957,3.358974358974359,0
84000,4703,99,3753.4,5,0.0,904,1.1590653030691451,9.131313131313131,0
84000,4773,194,3219.285714285714,7,0.0,3463,1.1562690359635936,17.850515463917525,0
84000,4777,101,4109.4,5,0.0,861,1.0606455346498624,8.524752475247524,0
84000,4792,107,4535.2,5,0.0,1140,1.2512588435993937,10.654205607476635,0
84000,4795,52,3139.4,5,0.0,248,1.1525369498376756,4.769230769230769,0
84000,4809,432,2875.7,10,0.0,9009,0.6066231184883069,20.854166666666668,0
84000,4843,202,3753.0,6,0.0,3576,1.101297454096373,17.702970297029704,0
84000,4858,197,4833.8,5,0.0,3204,1.0374565551394468,16.263959390862944,0
84000,4920,106,3061.4,5,0.0,1008,1.1273497311564655,9.50943396226415,0
86000,45,189,3909.1666666666665,6,0.0,3109,1.0937220749711,16.44973544973545,0
86000,162,293,2759.4285714285716,7,0.0,3746,0.5483304909945307,12.784982935153584,0
86000,165,98,3176.2,5,0.0,916,1.1985418037018951,9.346938775510203,0
86000,277,172,4670.5,6,0.0,2648,1.1247887164285792,15.395348837209303,0
86000,370,239,4262.166666666667,6,0.0,4351,0.9572010038878305,18.205020920502093,0
86000,374,89,4704.4,5,0.0,765,1.2136439237450785,8.595505617977528,0
86000,504,83,1785.4,5,0.0,604,1.1017691756529162,7.27710843373494,0
86000,552,151,5009.8,5,0.0,1965,1.0829752316659695,13.013245033112582,0
86000,563,255,2579.25,8,0.0,6212,1.200496643697027,24.36078431372549,0
86000,717,251,2541.625,8,0.0,6134,1.2235062514639317,24.438247011952193,0
86000,775,160,4231.8,5,0.0,2062,1.0121818830784615,12.8875,0
86000,903,396,2372.714285714286,7,0.0,5066,0.40596134024808417,12.792929292929292,0
86000,969,280,3936.0,7,0.0,6727,1.0782394786070684,24.025,0
86000,1245,307,3721.1666666666665,6,0.0,3102,0.41359464446033545,10.104234527687296,0
86000,1266,312,2362.714285714286,7,0.0,3626,0.46808904347126024,11.621794871794872,0
86000,1304,308,2667.5,10,0.0,8170,1.082257209471606,26.525974025974026,0
86000,1407,101,2158.0,5,0.0,933,1.149340631624067,9.237623762376238,0
86000,1582,95,3978.8,5,0.0,371,0.5165787809337676,3.905263157894737,0
86000,1616,255,3477.375,8,0.0,5726,1.1065749809737888,22.454901960784312,0
86000,1711,114,3725.0,5,0.0,1205,1.165164403685965,10.570175438596491,0
86000,1733,250,2977.6666666666665,6,0.0,2276,0.4576169522925036,9.104,0
86000,1803,171,2506.1428571428573,7,0.0,2276,0.9781149590739535,13.309941520467836,0
86000,1839,143,2977.8333333333335,6,0.0,1770,1.087704826026492,12.377622377622378,0
86000,1842,153,2073.5,6,0.0,1929,1.035521761506209,12.607843137254902,0
86000,1952,162,4726.4,5,0.0,2476,1.1855789377058876,15.283950617283951,0
86000,1972,128,4357.8,5,0.0,1602,1.2287186110963986,12.515625,0
86000,2010,104,4853.0,5,0.0,918,1.0665614112409134,8.826923076923077,0
86000,2119,219,4158.0,7,0.0,4402,1.1533780247369545,20.100456621004565,0
86000,2142,81,3968.2,5,0.0,573,1.097474525533883,7.074074074074074,0
86000,2147,276,3362.75,8,0.0,6804,1.1224215718874686,24.652173913043477,0
86000,2170,227,2819.714285714286,7,0.0,4447,1.0844893190641238,19.590308370044053,0
86000,2175,318,2903.5,8,0.0,5454,0.6777519217071608,17.150943396226417,0
86000,2198,176,3170.1666666666665,6,0.0,2921,1.1849938198780714,16.59659090909091,0
86000,2270,224,5368.333333333333,6,0.0,4080,1.0218190391140272,18.214285714285715,0
86000,2281,268,2999.5,6,0.0,2780,0.48639048657716777,10.373134328358208,0
86000,2403,104,2881.2,5,0.0,999,1.160669771056288,9.60576923076923,0
86000,2439,363,2604.6363636363635,11,0.0,11693,1.1151224612291344,32.21212121212121,0
86000,2576,311,2989.0,6,0.0,3077,0.3997758747364396,9.893890675241158,0
86000,2585,143,2585.8333333333335,6,0.0,1872,1.1503861210856459,13.090909090909092,0
86000,2602,264,3253.6666666666665,6,0.0,2601,0.4689670851691375,9.852272727272727,0
86000,2729,139,4122.0,5,0.0,1549,1.007468975810898,11.143884892086332,0
86000,2744,198,3192.3333333333335,6,0.0,3282,1.0520056207613204,16.575757575757574,0
86000,2750,242,3194.0,7,0.0,5040,1.0814580270536547,20.826446280991735,0
86000,2754,64,2486.6,5,0.0,359,1.1013982057018903,5.609375,0
86000,2797,333,3740.1666666666665,6,0.0,4148,0.47006741253290996,12.456456456456456,0
86000,2873,263,3657.1428571428573,7,0.0,5899,1.0717087171146722,22.429657794676807,0
86000,2907,164,5672.0,5,0.0,2455,1.147027061951657,14.96951219512195,0
86000,2953,232,3959.285714285714,7,0.0,5526,1.2901635704323124,23.81896551724138,0
86000,3006,121,3546.2,5,0.0,1157,0.9930531248421257,9.561983471074381,0
86000,3100,118,3554.4,5,0.0,1335,1.2048337237984412,11.313559322033898,0
86000,3129,429,3467.375,8,0.0,4966,0.3390798597644419,11.575757575757576,0
86000,3131,149,5189.0,5,0.0,2216,1.2543163497779346,14.87248322147651,0
86000,3137,289,3788.0,8,0.0,6800,1.0231117943707855,23.529411764705884,0
86000,3150,107,3812.75,4,0.0,1120,1.229306934062562,10.467289719626168,0
86000,3218,83,5511.5,4,0.0,544,0.992321906548322,6.554216867469879,0
86000,3309,143,2061.1666666666665,6,0.0,1822,1.119659996056649,12.741258741258742,0
86000,3323,29,3623.5,4,0.0,77,1.1505476067843714,2.6551724137931036,0
86000,3422,260,3181.5,6,0.0,2349,0.4366627895433387,9.034615384615385,0
86000,3469,177,4652.2,5,0.0,2756,1.105458757482648,15.570621468926554,0
86000,3532,148,5806.75,4,0.0,2082,1.194447754706711,14.067567567567568,0
86000,3614,148,3186.4,5,0.0,1795,1.0297952544181297,12.128378378378379,0
86000,3619,130,5336.5,4,0.0,1541,1.1458447998063601,11.853846153846154,0
86000,3635,150,2358.8333333333335,6,0.0,2147,1.1991110092901842,14.313333333333333,0
86000,3663,130,4020.5,6,0.0,1611,1.197894855605481,12.392307692307693,0
86000,3792,125,6422.25,4,0.0,1366,1.0986023845897364,10.928,0
86000,3992,352,2474.5714285714284,7,0.0,4169,0.4228208862608422,11.84375,0
86000,4042,227,2349.285714285714,7,0.0,4354,1.0618094210040916,19.180616740088105,0
86000,4329,277,2478.0,9,0.0,6946,1.1375882689379349,25.075812274368232,0
86000,4352,318,3846.6666666666665,6,0.0,3695,0.45916636426621915,11.619496855345911,0
86000,4362,193,3592.3333333333335,6,0.0,3330,1.123413088829661,17.253886010362695,0
86000,4405,190,5161.8,5,0.0,2991,1.0411638367741907,15.742105263157894,0
86000,4477,339,3827.2,5,0.0,2107,0.2303960362723504,6.215339233038348,0
86000,4490,201,4297.8,5,0.0,2365,0.7356121507625911,11.766169154228855,0
86000,4501,214,2833.1428571428573,7,0.0,3776,1.0361301301384451,17.64485981308411,0
86000,4591,133,5655.2,5,0.0,1611,1.144463964030337,12.112781954887218,0
86000,4596,278,3814.5714285714284,7,0.0,6144,0.999013781049412,22.100719424460433,0
86000,4663,101,2935.6,5,0.0,937,1.1542681370115229,9.277227722772277,0
86000,4703,99,3771.6,5,0.0,889,1.1398330248102544,8.97979797979798,0
86000,4773,194,3241.1428571428573,7,0.0,3491,1.1656180203721935,17.99484536082474,0
86000,4777,98,4136.0,5,0.0,848,1.1095670846497896,8.653061224489797,0
86000,4792,107,4578.2,5,0.0,1129,1.2391852933541363,10.551401869158878,0
86000,4795,37,3669.75,4,0.0,126,1.1565834166612534,3.4054054054054053,0
86000,4809,442,2860.7,10,0.0,9180,0.5904838262925473,20.76923076923077,0
86000,4843,202,3771.0,6,0.0,3582,1.1031452686166687,17.73267326732673,0
86000,4858,196,4871.2,5,0.0,3171,1.0372751254199535,16.178571428571427,0
86000,4920,105,3075.6,5,0.0,973,1.1090320732672538,9.266666666666667,0
88000,45,190,3943.3333333333335,6,0.0,3124,1.0874609916691982,16.442105263157895,0
88000,162,294,2754.5714285714284,7,0.0,3763,0.54707821534816,12.799319727891156,0
88000,165,98,3191.0,5,0.0,892,1.167138961683505,9.10204081632653,0
88000,277,173,4709.833333333333,6,0.0,2662,1.117701178636911,15.38728323699422,0
88000,370,239,4266.166666666667,6,0.0,4353,0.957640995155993,18.213389121338913,0
88000,374,89,4728.6,5,0.0,741,1.175568820255037,8.325842696629213,0
88000,504,80,1787.6,5,0.0,563,1.1054479149819085,7.0375,0
88000,552,149,5097.2,5,0.0,1931,1.0929985881864583,12.95973154362416,0
88000,563,255,2578.75,8,0.0,6242,1.2062942771984615,24.478431372549018,0
88000,717,251,2530.75,8,0.0,6180,1.2326815510347406,24.621513944223107,0
88000,775,159,4250.2,5,0.0,2051,1.019486022311248,12.89937106918239,0
88000,903,399,2354.285714285714,7,0.0,5091,0.4018529581956303,12.759398496240602,0
88000,969,280,3972.0,7,0.0,6743,1.0808040440385702,24.082142857142856,0
88000,1245,309,3727.1666666666665,6,0.0,3116,0.41010055230195724,10.084142394822006,0
88000,1266,316,2348.4285714285716,7,0.0,3693,0.4647453000203135,11.686708860759493,0
88000,1304,316,2734.3,10,0.0,8413,1.058733335789574,26.623417721518987,0
88000,1407,99,2153.0,5,0.0,905,1.1603474549530712,9.141414141414142,0
88000,1582,85,3964.4,5,0.0,312,0.5426584957342646,3.6705882352941175,0
88000,1616,256,3479.875,8,0.0,5774,1.1071506336564616,22.5546875,0
88000,1711,112,3739.0,5,0.0,1161,1.163070494520966,10.366071428571429,0
88000,1733,251,2966.8333333333335,6,0.0,2293,0.45736873730140126,9.135458167330677,0
88000,1803,174,2916.1666666666665,6,0.0,2375,0.9857686024938246,13.649425287356323,0
88000,1839,143,2988.3333333333335,6,0.0,1769,1.087090303525912,12.37062937062937,0
88000,1842,151,2055.5,6,0.0,1936,1.0669923910968535,12.821192052980132,0
88000,1952,162,4749.0,5,0.0,2454,1.1750447145114087,15.148148148148149,0
88000,1972,128,4402.8,5,0.0,1587,1.2172137551872562,12.3984375,0
88000,2010,103,4913.0,5,0.0,896,1.0613128542243206,8.699029126213592,0
88000,2119,221,4191.571428571428,7,0.0,4419,1.1369708184691791,19.995475113122172,0
88000,2142,80,3975.0,5,0.0,536,1.0524335389525807,6.7,0
88000,2147,276,3357.5,8,0.0,6880,1.1349589086692804,24.92753623188406,0
88000,2170,228,2812.1428571428573,7,0.0,4467,1.0798318239139433,19.592105263157894,0
88000,2175,331,3404.5,8,0.0,5670,0.6503347120181132,17.129909365558913,0
88000,2198,176,3185.6666666666665,6,0.0,2915,1.1825597346609307,16.5625,0
88000,2270,224,5417.666666666667,6,0.0,4071,1.0195650265277463,18.174107142857142,0
88000,2281,262,3628.0,5,0.0,2706,0.4953761273010885,10.32824427480916,0
88000,2403,104,2871.2,5,0.0,993,1.1536987814403346,9.548076923076923,0
88000,2439,369,2584.7272727272725,11,0.0,11949,1.102779521823266,32.38211382113821,0
88000,2576,314,2990.5,6,0.0,3090,0.39383022839029824,9.840764331210192,0
88000,2585,144,2605.6666666666665,6,0.0,1877,1.1374940993032487,13.034722222222221,0
88000,2602,265,3292.0,6,0.0,2606,0.4663291110148808,9.833962264150943,0
88000,2729,139,4137.6,5,0.0,1544,1.004216977825711,11.107913669064748,0
88000,2744,198,3184.0,6,0.0,3287,1.053608310616228,16.6010101010101,0
88000,2750,243,3203.0,7,0.0,5057,1.0761932665551377,20.810699588477366,0
88000,2754,57,2494.0,5,0.0,284,1.0984454461305033,4.982456140350878,0
88000,2797,332,3749.6666666666665,6,0.0,4138,0.4717633328695951,12.463855421686747,0
88000,2873,264,3662.1428571428573,7,0.0,5933,1.0697353772812352,22.473484848484848,0
88000,2907,164,5731.4,5,0.0,2431,1.1358137627716816,14.823170731707316,0
88000,2953,232,3968.5714285714284,7,0.0,5546,1.2948330006546516,23.905172413793103,0
88000,3006,119,3554.8,5,0.0,1144,1.0151774580062773,9.61344537815126,0
88000,3100,117,3566.4,5,0.0,1311,1.2034854171542755,11.205128205128204,0
88000,3129,435,3464.5,8,0.0,5039,0.3346383486629984,11.583908045977012,0
88000,3131,148,5219.6,5,0.0,2191,1.256981282690876,14.804054054054054,0
88000,3137,290,3810.5,8,0.0,6867,1.0260792747776986,23.679310344827588,0
88000,3150,96,3899.5,4,0.0,965,1.31581463138635,10.052083333333334,0
88000,3218,75,5551.25,4,0.0,465,1.038819970787025,6.2,0
88000,3309,143,2053.5,6,0.0,1828,1.1233471310601284,12.783216783216783,0
88000,3422,260,3181.3333333333335,6,0.0,2350,0.4368486825997641,9.038461538461538,0
88000,3469,175,4684.8,5,0.0,2671,1.09599268280664,15.262857142857143,0
88000,3532,142,5901.75,4,0.0,1949,1.214632827186373,13.725352112676056,0
88000,3614,146,3188.0,5,0.0,1779,1.0487696248332223,12.184931506849315,0
88000,3619,126,5384.0,4,0.0,1486,1.1762173553122783,11.793650793650794,0
88000,3635,150,2356.1666666666665,6,0.0,2153,1.2024620414540133,14.353333333333333,0
88000,3663,127,4888.0,5,0.0,1518,1.1826989021388323,11.952755905511811,0
88000,3792,122,6504.5,4,0.0,1318,1.1127705233623615,10.80327868852459,0
88000,3992,354,3273.285714285714,7,0.0,4190,0.42016257201127494,11.836158192090396,0
88000,4042,228,2346.714285714286,7,0.0,4366,1.0554165532142996,19.149122807017545,0
88000,4329,277,2473.222222222222,9,0.0,6988,1.1444668619836293,25.227436823104693,0
88000,4352,319,3872.6666666666665,6,0.0,3705,0.45752698112440654,11.614420062695924,0
88000,4362,194,3610.3333333333335,6,0.0,3328,1.1111935754221312,17.15463917525773,0
88000,4405,189,5181.8,5,0.0,2980,1.0483408759774457,15.767195767195767,0
88000,4477,333,3857.6,5,0.0,2050,0.23231393338776887,6.156156156156156,0
88000,4490,195,4326.2,5,0.0,2308,0.762739865297593,11.835897435897436,0
88000,4501,208,3316.5,6,0.0,3693,1.0726610271548729,17.754807692307693,0
88000,4591,131,5712.2,5,0.0,1595,1.1679599749375258,12.17557251908397,0
88000,4596,277,3825.1428571428573,7,0.0,6167,1.0100067455427937,22.263537906137184,0
88000,4663,106,4570.6,5,0.0,981,1.0971528633576315,9.254716981132075,0
88000,4703,97,3794.0,5,0.0,866,1.156602928263901,8.927835051546392,0
88000,4773,196,3252.285714285714,7,0.0,3529,1.1543815571135339,18.005102040816325,0
88000,4777,98,4164.6,5,0.0,818,1.0703135321268018,8.346938775510203,0
88000,4792,106,4632.8,5,0.0,1106,1.2369531772411217,10.433962264150944,0
88000,4809,448,2838.4,10,0.0,9313,0.5831005337787337,20.787946428571427,0
88000,4843,202,3785.0,6,0.0,3599,1.1083807430908406,17.816831683168317,0
88000,4858,196,4919.8,5,0.0,3150,1.0304057537284308,16.071428571428573,0
88000,4920,102,3081.6,5,0.0,959,1.1583188599740912,9.401960784313726,0
90000,45,190,3966.6666666666665,6,0.0,3117,1.085024299306303,16.405263157894737,0
90000,162,297,2751.1428571428573,7,0.0,3789,0.5397859431328652,12.757575757575758,0
90000,165,97,3200.0,5,0.0,869,1.1606096358675866,8.958762886597938,0
90000,277,173,4738.333333333333,6,0.0,2669,1.120640287671644,15.427745664739884,0
90000,370,239,4269.333333333333,6,0.0,4357,0.9585209776923184,18.230125523012553,0
90000,374,87,4756.2,5,0.0,715,1.187072927634669,8.218390804597702,0
90000,504,76,1785.6,5,0.0,522,1.1356726905636232,6.868421052631579,0
90000,552,147,5160.8,5,0.0,1899,1.1043332776467245,12.918367346938776,0
90000,563,256,2579.125,8,0.0,6266,1.2014904521114285,24.4765625,0
90000,717,253,2520.75,8,0.0,6215,1.2201408140768057,24.565217391304348,0
90000,775,159,4265.4,5,0.0,2044,1.01600654783237,12.855345911949685,0
90000,903,402,2333.5714285714284,7,0.0,5125,0.39852138188776737,12.748756218905474,0
90000,969,280,3996.285714285714,7,0.0,6755,1.0827274681121966,24.125,0
90000,1245,308,3738.5,6,0.0,3125,0.41396007094232173,10.146103896103897,0
90000,1266,318,2333.4285714285716,7,0.0,3762,0.46749224962639147,11.830188679245284,0
90000,1304,319,2714.4,10,0.0,8598,1.0617589699615781,26.952978056426332,0
90000,1407,99,2144.2,5,0.0,878,1.125729354087068,8.868686868686869,0
90000,1582,73,3961.4,5,0.0,239,0.5635883987299385,3.2739726027397262,0
90000,1616,257,3476.25,8,0.0,5822,1.1076838364971324,22.653696498054476,0
90000,1711,110,3752.0,5,0.0,1112,1.1548598448898677,10.10909090909091,0
90000,1733,254,2954.6666666666665,6,0.0,2312,0.45032935799489127,9.10236220472441,0
90000,1803,174,2920.0,6,0.0,2396,0.9944848722421912,13.770114942528735,0
90000,1839,143,2983.8333333333335,6,0.0,1775,1.0907774385293916,12.412587412587413,0
90000,1842,153,2039.5,6,0.0,1929,1.035521761506209,12.607843137254902,0
90000,1952,161,4774.0,5,0.0,2428,1.1770822056118233,15.080745341614907,0
90000,1972,127,4431.8,5,0.0,1571,1.223992078563969,12.37007874015748,0
90000,2010,102,4958.0,5,0.0,875,1.0568602736989885,8.57843137254902,0
90000,2119,221,4217.285714285715,7,0.0,4442,1.1428885213034836,20.099547511312217,0
90000,2142,77,3982.0,5,0.0,501,1.0618572571755684,6.5064935064935066,0
90000,2147,276,3357.0,8,0.0,6949,1.1463414907475042,25.17753623188406,0
90000,2170,227,2803.714285714286,7,0.0,4493,1.0957073331583334,19.792951541850222,0
90000,2175,336,3395.875,8,0.0,5796,0.6451484913621897,17.25,0
90000,2198,176,3204.1666666666665,6,0.0,2910,1.1805313303133131,16.53409090909091,0
90000,2270,223,5454.333333333333,6,0.0,4069,1.0282242158464372,18.246636771300448,0
90000,2281,260,3662.8,5,0.0,2633,0.4894564175681613,10.126923076923077,0
90000,2403,104,2859.4,5,0.0,982,1.1409186338110862,9.442307692307692,0
90000,2439,372,2571.090909090909,11,0.0,12127,1.1012282954700956,32.5994623655914,0
90000,2576,317,2997.3333333333335,6,0.0,3108,0.3886622403390252,9.804416403785488,0
90000,2585,144,2607.6666666666665,6,0.0,1881,1.1399181677087966,13.0625,0
90000,2602,266,3314.1666666666665,6,0.0,2612,0.4638950766677902,9.819548872180452,0
90000,2729,137,4154.2,5,0.0,1524,1.020360638088517,11.124087591240876,0
90000,2744,198,3181.1666666666665,6,0.0,3291,1.0548904625001538,16.62121212121212,0
90000,2750,244,3213.5714285714284,7,0.0,5069,1.0699229482025436,20.774590163934427,0
90000,2754,48,2502.4,5,0.0,191,1.0417433972841155,3.9791666666666665,0
90000,2797,331,3755.0,6,0.0,4137,0.47450347506506785,12.498489425981873,0
90000,2873,265,3669.4285714285716,7,0.0,5968,1.0679401897685374,22.52075471698113,0
90000,2907,164,5772.4,5,0.0,2418,1.1297398923825284,14.74390243902439,0
90000,2953,234,3971.714285714286,7,0.0,5582,1.281055606131801,23.854700854700855,0
90000,3006,118,3563.4,5,0.0,1125,1.0153093178076753,9.533898305084746,0
90000,3100,115,3580.4,5,0.0,1291,1.226705819518918,11.226086956521739,0
90000,3129,440,3463.625,8,0.0,5097,0.3308408627137846,11.584090909090909,0
90000,3131,148,5247.2,5,0.0,2179,1.2500968575917017,14.722972972972974,0
90000,3137,291,3825.625,8,0.0,6935,1.029130267835534,23.831615120274915,0
90000,3150,89,3944.5,4,0.0,853,1.353252636541898,9.584269662921349,0
90000,3218,68,5590.75,4,0.0,379,1.0299858267392141,5.573529411764706,0
90000,3309,143,2039.1666666666667,6,0.0,1839,1.1301068785665078,12.86013986013986,0
90000,3422,260,3181.1666666666665,6,0.0,2352,0.437220468712615,9.046153846153846,0
90000,3469,173,4701.8,5,0.0,2610,1.09586779723604,15.086705202312139,0
90000,3532,139,5971.5,4,0.0,1869,1.2155968468628586,13.446043165467627,0
90000,3614,147,3183.0,5,0.0,1764,1.0258261726007487,12.0,0
90000,3619,122,5434.75,4,0.0,1426,1.203953540451235,11.688524590163935,0
90000,3635,150,2353.8333333333335,6,0.0,2154,1.2030205468146513,14.36,0
90000,3663,124,4946.2,5,0.0,1432,1.1703331633560312,11.548387096774194,0
90000,3792,121,6568.5,4,0.0,1278,1.0969074274401354,10.561983471074381,0
90000,3992,353,3285.714285714286,7,0.0,4215,0.4250676286586355,11.940509915014164,0
90000,4042,228,2343.285714285714,7,0.0,4374,1.057350436041994,19.18421052631579,0
90000,4329,277,2468.4444444444443,9,0.0,7036,1.1523281111787087,25.40072202166065,0
90000,4352,320,3898.8333333333335,6,0.0,3710,0.45528549784445826,11.59375,0
90000,4362,195,3623.6666666666665,6,0.0,3347,1.1061049952994122,17.164102564102564,0
90000,4405,189,5201.8,5,0.0,2966,1.043415784613793,15.693121693121693,0
90000,4477,331,3882.6,5,0.0,2006,0.23008314502792507,6.0604229607250755,0
90000,4490,192,4351.6,5,0.0,2266,0.7724445478553029,11.802083333333334,0
90000,4501,205,3328.0,6,0.0,3628,1.084849317998693,17.697560975609758,0
90000,4591,131,5756.6,5,0.0,1580,1.1569760253299628,12.061068702290076,0
90000,4596,279,3832.8571428571427,7,0.0,6200,1.0009056642261387,22.22222222222222,0
90000,4663,106,4584.0,5,0.0,978,1.0937976558244278,9.226415094339623,0
90000,4703,97,3818.0,5,0.0,855,1.1419116670503873,8.814432989690722,0
90000,4773,197,3258.5714285714284,7,0.0,3554,1.1507867031727819,18.04060913705584,0
90000,4777,96,4189.4,5,0.0,792,1.0799224746714915,8.25,0
90000,4792,105,4675.4,5,0.0,1090,1.2423894757053513,10.380952380952381,0
90000,4809,454,2818.6,10,0.0,9438,0.575410962071464,20.788546255506606,0
90000,4843,202,3796.5,6,0.0,3617,1.1139241866517284,17.905940594059405,0
90000,4858,195,4960.8,5,0.0,3115,1.0294344369159454,15.974358974358974,0
90000,4920,102,3089.0,5,0.0,947,1.1438247762205052,9.284313725490197,0
92000,45,189,3983.8333333333335,6,0.0,3117,1.0965364128931872,16.49206349206349,0
92000,162,298,2759.4285714285716,7,0.0,3802,0.5380088855884146,12.758389261744966,0
92000,165,96,3211.0,5,0.0,852,1.1617347833587255,8.875,0
92000,277,173,4766.0,6,0.0,2679,1.1248390148641192,15.485549132947977,0
92000,370,239,4270.5,6,0.0,4360,0.9591809645945623,18.242677824267783,0
92000,374,85,4787.6,5,0.0,686,1.19315297459521,8.070588235294117,0
92000,504,73,1784.6,5,0.0,473,1.1153862451851921,6.47945205479452,0
92000,552,147,5212.8,5,0.0,1869,1.0868872543031742,12.714285714285714,0
92000,563,256,2580.75,8,0.0,6322,1.212228317626628,24.6953125,0
92000,717,253,2513.25,8,0.0,6245,1.2260304720691313,24.68379446640316,0
92000,775,159,4291.0,5,0.0,2032,1.0100417344400079,12.779874213836479,0
92000,903,408,2312.4285714285716,7,0.0,5159,0.38945301085807726,12.644607843137255,0
92000,969,280,4020.0,7,0.0,6769,1.0849714628647606,24.175,0
92000,1245,308,3743.5,6,0.0,3129,0.414489939833128,10.159090909090908,0
92000,1266,326,2409.125,8,0.0,3988,0.47155224142858576,12.233128834355828,0
92000,1304,320,2701.1,10,0.0,8735,1.071945774574486,27.296875,0
92000,1407,100,2920.4,5,0.0,861,1.0819645098963246,8.61,0
92000,1582,44,3970.8,5,0.0,136,0.8827615720830824,3.090909090909091,0
92000,1616,258,3473.5,8,0.0,5873,1.1087418817698969,22.76356589147287,0
92000,1711,109,3756.8,5,0.0,1072,1.1338396850932608,9.8348623853211,0
92000,1733,258,3574.5,6,0.0,2421,0.45705160833729275,9.383720930232558,0
92000,1803,173,2924.0,6,0.0,2402,1.0085342716325547,13.884393063583815,0
92000,1839,142,2980.1666666666665,6,0.0,1774,1.1055713881111473,12.492957746478874,0
92000,1842,153,2023.6666666666667,6,0.0,1935,1.0387426690070058,12.647058823529411,0
92000,1952,161,4794.0,5,0.0,2407,1.1669015110822318,14.950310559006212,0
92000,1972,126,4460.0,5,0.0,1552,1.22845850299102,12.317460317460318,0
92000,2010,100,4991.6,5,0.0,851,1.0693981392819656,8.51,0
92000,2119,220,4240.857142857143,7,0.0,4460,1.157975473967808,20.272727272727273,0
92000,2142,72,3997.0,5,0.0,453,1.098102987713099,6.291666666666667,0
92000,2147,279,3356.375,8,0.0,7014,1.1323148917551835,25.13978494623656,0
92000,2170,227,2796.8571428571427,7,0.0,4511,1.100096990847372,19.87224669603524,0
92000,2175,337,3390.25,8,0.0,5905,0.6533862099498182,17.522255192878337,0
92000,2198,176,3246.3333333333335,6,0.0,2901,1.176880202487602,16.482954545454547,0
92000,2270,223,5482.5,6,0.0,4070,1.028476912876628,18.251121076233183,0
92000,2281,255,3697.6,5,0.0,2566,0.49589091882269337,10.062745098039215,0
92000,2403,103,2852.0,5,0.0,968,1.1465969228673465,9.398058252427184,0
92000,2439,373,2555.4545454545455,11,0.0,12295,1.1105055502702241,32.96246648793566,0
92000,2576,318,3027.0,6,0.0,3124,0.38820993828624323,9.823899371069182,0
92000,2585,144,2610.0,6,0.0,1893,1.1471903729254394,13.145833333333334,0
92000,2602,266,3332.0,6,0.0,2626,0.46638149744625457,9.87218045112782,0
92000,2729,138,4179.4,5,0.0,1517,1.0010073630530805,10.992753623188406,0
92000,2744,198,3174.5,6,0.0,3305,1.0593779940938952,16.69191919191919,0
92000,2750,245,3224.285714285714,7,0.0,5088,1.0651844012637979,20.76734693877551,0
92000,2797,332,3762.5,6,0.0,4126,0.47039524200578775,12.427710843373495,0
92000,2873,267,3675.714285714286,7,0.0,5992,1.0562315745941193,22.44194756554307,0
92000,2907,163,5809.8,5,0.0,2406,1.1379685986731969,14.760736196319018,0
92000,2953,234,3974.5714285714284,7,0.0,5631,1.292300988557537,24.064102564102566,0
92000,3006,116,3580.4,5,0.0,1093,1.0207374466033425,9.422413793103448,0
92000,3100,114,3592.8,5,0.0,1273,1.2309164198275797,11.166666666666666,0
92000,3129,450,3461.375,8,0.0,5173,0.32101647006459255,11.495555555555555,0
92000,3131,149,5274.8,5,0.0,2163,1.2243169063942565,14.516778523489933,0
92000,3137,292,3835.625,8,0.0,6990,1.0301995050005937,23.938356164383563,0
92000,3150,83,3983.75,4,0.0,749,1.366266742655686,9.024096385542169,0
92000,3218,58,5632.5,4,0.0,279,1.0422168256261026,4.810344827586207,0
92000,3309,144,2032.0,6,0.0,1847,1.1193135862616412,12.82638888888889,0
92000,3422,259,3178.8333333333335,6,0.0,2354,0.44097786893757535,9.088803088803088,0
92000,3469,174,4719.2,5,0.0,2564,1.0642150302291227,14.735632183908047,0
92000,3532,136,6033.0,4,0.0,1785,1.2127471640695893,13.125,0
92000,3614,146,3177.2,5,0.0,1755,1.0346209621036004,12.020547945205479,0
92000,3619,119,5495.25,4,0.0,1382,1.226376964129961,11.61344537815126,0
92000,3635,151,2351.0,6,0.0,2155,1.187690394015351,14.271523178807946,0
92000,3663,122,4991.4,5,0.0,1375,1.1608948934926002,11.270491803278688,0
92000,3792,118,6634.75,4,0.0,1231,1.1109740179744427,10.432203389830509,0
92000,3992,354,3294.1428571428573,7,0.0,4244,0.42557755503958256,11.98870056497175,0
92000,4042,228,2338.4285714285716,7,0.0,4381,1.0590425835162267,19.214912280701753,0
92000,4329,280,2462.3333333333335,9,0.0,7105,1.1388273369263,25.375,0
92000,4352,320,3933.0,6,0.0,3723,0.45688083786385936,11.634375,0
92000,4362,197,3634.6666666666665,6,0.0,3372,1.0918550261954478,17.116751269035532,0
92000,4405,189,5221.8,5,0.0,2952,1.0384906932501408,15.619047619047619,0
92000,4477,319,4919.5,4,0.0,1868,0.23067757105003817,5.855799373040752,0
92000,4490,185,4373.6,5,0.0,2214,0.8129129157104809,11.967567567567567,0
92000,4501,206,3329.3333333333335,6,0.0,3586,1.0619051047010084,17.40776699029126,0
92000,4591,131,5791.4,5,0.0,1574,1.1525824454869376,12.01526717557252,0
92000,4596,278,3840.285714285714,7,0.0,6212,1.0100705741990474,22.345323741007196,0
92000,4663,107,4596.2,5,0.0,976,1.0712531853973755,9.121495327102803,0
92000,4703,97,3873.4,5,0.0,835,1.1152002830258165,8.608247422680412,0
92000,4773,194,3817.3333333333335,6,0.0,3540,1.1819787430872428,18.24742268041237,0
92000,4777,95,4216.6,5,0.0,775,1.0791066178535578,8.157894736842104,0
92000,4792,104,4705.4,5,0.0,1076,1.250130804461027,10.346153846153847,0
92000,4809,455,2801.2,10,0.0,9546,0.5794400380856064,20.98021978021978,0
92000,4843,202,3809.6666666666665,6,0.0,3640,1.121007475646196,18.019801980198018,0
92000,4858,194,4990.2,5,0.0,3089,1.031393315648727,15.922680412371134,0
92000,4920,101,3102.6,5,0.0,916,1.1283987337273798,9.069306930693068,0
94000,45,188,4003.6666666666665,6,0.0,3112,1.1064549952434855,16.5531914893617,0
94000,162,300,2754.285714285714,7,0.0,3823,0.5337914984299458,12.743333333333334,0
94000,165,95,3226.8,5,0.0,826,1.1501187952865015,8.694736842105263,0
94000,277,174,4787.833333333333,6,0.0,2687,1.1152674673266976,15.442528735632184,0
94000,370,240,4273.833333333333,6,0.0,4364,0.9520771069629067,18.183333333333334,0
94000,374,84,4818.2,5,0.0,658,1.1718639263390498,7.833333333333333,0
94000,504,70,1786.8,5,0.0,429,1.100198570114303,6.128571428571429,0
94000,552,146,5254.2,5,0.0,1838,1.0835517540435429,12.58904109589041,0
94000,563,259,2580.0,8,0.0,6354,1.1903030498000653,24.53281853281853,0
94000,717,252,2497.625,8,0.0,6304,1.247455283965108,25.015873015873016,0
94000,775,158,4309.2,5,0.0,2022,1.0178337358690213,12.79746835443038,0
94000,903,420,3043.0,7,0.0,5241,0.3733579840694809,12.478571428571428,0
94000,969,280,4038.1428571428573,7,0.0,6784,1.0873757429567936,24.228571428571428,0
94000,1245,308,3753.1666666666665,6,0.0,3133,0.4150198087239341,10.172077922077921,0
94000,1266,331,2384.625,8,0.0,4147,0.47565044986580524,12.528700906344412,0
94000,1304,322,2688.0,10,0.0,8867,1.0746692665939082,27.53726708074534,0
94000,1407,101,2939.2,5,0.0,843,1.0384717604063114,8.346534653465346,0
94000,1616,260,3467.625,8,0.0,5925,1.1014163593206818,22.78846153846154,0
94000,1711,108,3763.6,5,0.0,1035,1.1150714665519328,9.583333333333334,0
94000,1733,256,3593.8333333333335,6,0.0,2424,0.46479617872934925,9.46875,0
94000,1803,173,2923.5,6,0.0,2412,1.01273299882503,13.942196531791907,0
94000,1839,142,2977.3333333333335,6,0.0,1773,1.1049481798878602,12.485915492957746,0
94000,1842,152,2008.8333333333333,6,0.0,1948,1.0595260542231504,12.81578947368421,0
94000,1952,160,4812.0,5,0.0,2386,1.1712250111664446,14.9125,0
94000,1972,125,4483.8,5,0.0,1523,1.2248692765228173,12.184,0
94000,2010,100,5010.2,5,0.0,838,1.0530618574832986,8.38,0
94000,2119,222,4262.0,7,0.0,4481,1.1425595877555281,20.184684684684683,0
94000,2142,69,4003.2,5,0.0,408,1.076891243574573,5.913043478260869,0
94000,2147,281,3339.375,8,0.0,7115,1.132327692419872,25.320284697508896,0
94000,2170,228,2795.5714285714284,7,0.0,4527,1.0943359451216523,19.855263157894736,0
94000,2175,339,3385.75,8,0.0,5992,0.6552126480037606,17.67551622418879,0
94000,2198,175,3281.0,6,0.0,2889,1.1854447250574252,16.50857142857143,0
94000,2270,223,5509.666666666667,6,0.0,4074,1.0294877009973913,18.269058295964125,0
94000,2281,253,3725.4,5,0.0,2523,0.4953202371545906,9.972332015810277,0
94000,2403,102,2843.6,5,0.0,953,1.1510718180972983,9.343137254901961,0
94000,2439,374,2541.909090909091,11,0.0,12440,1.1176016646360212,33.2620320855615,0
94000,2576,319,3056.0,6,0.0,3142,0.38800263824369374,9.849529780564263,0
94000,2585,144,2612.6666666666665,6,0.0,1894,1.1477963900268264,13.152777777777779,0
94000,2602,266,3348.1666666666665,6,0.0,2625,0.4662038959620785,9.868421052631579,0
94000,2729,138,4201.6,5,0.0,1501,0.9904496057631338,10.876811594202898,0
94000,2744,198,3178.6666666666665,6,0.0,3313,1.0619422978617472,16.732323232323232,0
94000,2750,246,3238.714285714286,7,0.0,5104,1.0598644261961996,20.747967479674795,0
94000,2797,331,3782.5,6,0.0,4114,0.4718654330233718,12.429003021148036,0
94000,2873,267,3687.714285714286,7,0.0,6004,1.0583468581213438,22.48689138576779,0
94000,2907,163,5836.2,5,0.0,2386,1.1285091755753316,14.63803680981595,0
94000,2953,234,3976.0,7,0.0,5670,1.301251394978021,24.23076923076923,0
94000,3006,116,3589.8,5,0.0,1079,1.0076630419807928,9.301724137931034,0
94000,3100,114,3605.4,5,0.0,1257,1.2154453572060233,11.026315789473685,0
94000,3129,468,4035.4444444444443,9,0.0,5363,0.30769890790419424,11.459401709401709,0
94000,3131,148,5306.8,5,0.0,2146,1.2311646885689729,14.5,0
94000,3137,293,3843.875,8,0.0,7054,1.0325475930260062,24.07508532423208,0
94000,3150,78,4017.5,4,0.0,657,1.3570193119056504,8.423076923076923,0
94000,3218,40,5689.5,4,0.0,146,1.1466813185602744,3.65,0
94000,3309,145,2022.8333333333333,6,0.0,1854,1.108111824923753,12.786206896551723,0
94000,3422,259,3177.8333333333335,6,0.0,2356,0.4413525315280066,9.096525096525097,0
94000,3469,169,5938.5,4,0.0,2471,1.0871993903603345,14.621301775147929,0
94000,3532,133,6102.25,4,0.0,1720,1.2218982111310857,12.93233082706767,0
94000,3614,146,3174.2,5,0.0,1741,1.026367575511321,11.924657534246576,0
94000,3619,114,5535.5,4,0.0,1323,1.2792634905199434,11.605263157894736,0
94000,3635,150,2347.3333333333335,6,0.0,2159,1.2058130736178425,14.393333333333333,0
94000,3663,119,5031.2,5,0.0,1332,1.18200731998633,11.193277310924369,0
94000,3792,117,6690.25,4,0.0,1190,1.0924085785000668,10.17094017094017,0
94000,3992,357,3301.5714285714284,7,0.0,4266,0.4206242264816219,11.949579831932773,0
94000,4042,229,2332.714285714286,7,0.0,4399,1.0541268155177437,19.209606986899562,0
94000,4329,279,2459.222222222222,9,0.0,7153,1.1547545510015438,25.63799283154122,0
94000,4352,320,3960.8333333333335,6,0.0,3732,0.457985304031137,11.6625,0
94000,4362,191,4409.2,5,0.0,3318,1.1429296811612546,17.3717277486911,0
94000,4405,188,5244.6,5,0.0,2931,1.0421014110085653,15.590425531914894,0
94000,4477,311,4990.0,4,0.0,1770,0.22996532280906665,5.691318327974277,0
94000,4490,182,4393.8,5,0.0,2182,0.8277931614699829,11.989010989010989,0
94000,4501,206,4216.333333333333,6,0.0,3565,1.0556864746957877,17.305825242718445,0
94000,4591,130,5830.4,5,0.0,1548,1.151049805386272,11.907692307692308,0
94000,4596,279,3843.714285714286,7,0.0,6238,1.0070402473294602,22.3584229390681,0
94000,4663,106,4623.8,5,0.0,970,1.0848504357358844,9.150943396226415,0
94000,4703,95,3912.2,5,0.0,813,1.1320176520192806,8.557894736842105,0
94000,4773,190,3855.0,6,0.0,3464,1.2058146207241045,18.231578947368423,0
94000,4777,93,4273.4,5,0.0,753,1.0940544655581521,8.096774193548388,0
94000,4792,103,4736.2,5,0.0,1055,1.2496485058110025,10.242718446601941,0
94000,4809,464,2777.5,10,0.0,9657,0.5636585957141169,20.8125,0
94000,4843,201,3833.1666666666665,6,0.0,3669,1.1412097171872926,18.253731343283583,0
94000,4858,192,5018.2,5,0.0,3058,1.0424251665231759,15.927083333333334,0
94000,4920,99,3110.0,5,0.0,904,1.1590653030691451,9.131313131313131,0
96000,45,188,4021.6666666666665,6,0.0,3114,1.107166084572048,16.56382978723404,0
96000,162,303,2748.1428571428573,7,0.0,3845,0.5262849504102105,12.689768976897689,0
96000,165,92,3241.4,5,0.0,787,1.1684467950733304,8.554347826086957,0
96000,277,174,4811.666666666667,6,0.0,2691,1.1169277091835292,15.46551724137931,0
96000,370,240,4278.333333333333,6,0.0,4366,0.9525134392759054,18.191666666666666,0
96000,374,81,4827.2,5,0.0,626,1.1989861308624967,7.728395061728395,0
96000,504,64,1795.4,5,0.0,371,1.1382137446111458,5.796875,0
96000,552,145,5296.2,5,0.0,1810,1.0818135939115388,12.482758620689655,0
96000,563,259,2584.125,8,0.0,6392,1.1974216390182588,24.679536679536678,0
96000,717,252,2842.714285714286,7,0.0,6334,1.2533917780195105,25.134920634920636,0
96000,775,157,4329.6,5,0.0,2007,1.0231938749246972,12.78343949044586,0
96000,903,420,3041.4285714285716,7,0.0,5299,0.37748978393134497,12.616666666666667,0
96000,969,280,4056.1428571428573,7,0.0,6812,1.0918637324619218,24.32857142857143,0
96000,1245,307,3761.6666666666665,6,0.0,3132,0.41759459266594795,10.201954397394136,0
96000,1266,335,2365.75,8,0.0,4253,0.47622877454105195,12.695522388059702,0
96000,1304,323,2674.9,10,0.0,8995,1.0834427980346861,27.848297213622292,0
96000,1407,99,2953.0,5,0.0,821,1.0526466967032833,8.292929292929292,0
96000,1616,262,3461.75,8,0.0,5975,1.093818315086476,22.80534351145038,0
96000,1711,105,3769.0,5,0.0,990,1.1284087898608237,9.428571428571429,0
96000,1733,255,3603.6666666666665,6,0.0,2431,0.46980156806623835,9.533333333333333,0
96000,1803,174,2923.1666666666665,6,0.0,2424,1.006106565240013,13.931034482758621,0
96000,1839,143,2975.6666666666665,6,0.0,1777,1.0920064835305514,12.426573426573427,0
96000,1842,154,1993.1666666666667,6,0.0,1968,1.0427819771065463,12.779220779220779,0
96000,1952,159,4827.6,5,0.0,2371,1.1785477127742414,14.91194968553459,0
96000,1972,125,4506.0,5,0.0,1508,1.2128055607330324,12.064,0
96000,2010,98,5036.8,5,0.0,808,1.057229014619139,8.244897959183673,0
96000,2119,223,4278.714285714285,7,0.0,4516,1.1411797883417327,20.251121076233183,0
96000,2142,63,4019.8,5,0.0,354,1.1208100774711887,5.619047619047619,0
96000,2147,281,3802.285714285714,7,0.0,7177,1.1421947784254984,25.540925266903916,0
96000,2170,228,2790.714285714286,7,0.0,4545,1.098687181483965,19.93421052631579,0
96000,2175,342,3383.5,8,0.0,6077,0.6529003302166538,17.769005847953217,0
96000,2198,175,3300.6666666666665,6,0.0,2883,1.1829827422431833,16.474285714285713,0
96000,2270,223,5531.5,6,0.0,4087,1.032772762389872,18.327354260089685,0
96000,2281,252,3755.0,5,0.0,2486,0.49193747397481896,9.865079365079366,0
96000,2403,102,2832.4,5,0.0,943,1.13899341496931,9.245098039215685,0
96000,2439,378,2528.7272727272725,11,0.0,12574,1.1058589072601008,33.264550264550266,0
96000,2576,320,3076.8333333333335,6,0.0,3161,0.387913061640521,9.878125,0
96000,2585,144,2617.6666666666665,6,0.0,1901,1.1520385097365349,13.20138888888889,0
96000,2602,266,3368.8333333333335,6,0.0,2631,0.4672695048671347,9.890977443609023,0
96000,2729,137,4224.4,5,0.0,1491,0.9982662148228209,10.883211678832117,0
96000,2744,198,3178.6666666666665,6,0.0,3318,1.0635449877166547,16.757575757575758,0
96000,2750,247,3249.1428571428573,7,0.0,5113,1.0531536814440239,20.700404858299596,0
96000,2797,331,3794.5,6,0.0,4104,0.4707184582226344,12.3987915407855,0
96000,2873,268,3695.1428571428573,7,0.0,6034,1.0557123007218094,22.51492537313433,0
96000,2907,163,5853.8,5,0.0,2368,1.119995694787253,14.52760736196319,0
96000,2953,238,4502.428571428572,7,0.0,5740,1.27340878692221,24.11764705882353,0
96000,3006,115,3601.6,5,0.0,1066,1.0129112343974955,9.269565217391305,0
96000,3100,113,3620.2,5,0.0,1230,1.2104813106478018,10.88495575221239,0
96000,3129,473,4029.1111111111113,9,0.0,5523,0.31021488006966336,11.676532769556026,0
96000,3131,148,5334.0,5,0.0,2139,1.227148773927788,14.452702702702704,0
96000,3137,295,3853.375,8,0.0,7095,1.0245147889557982,24.050847457627118,0
96000,3150,72,4052.0,4,0.0,555,1.3453579650789624,7.708333333333333,0
96000,3309,145,2012.5,6,0.0,1869,1.1170771309506442,12.889655172413793,0
96000,3422,260,3176.5,6,0.0,2362,0.4390793992768693,9.084615384615384,0
96000,3469,164,6001.5,4,0.0,2349,1.0975016572400988,14.323170731707316,0
96000,3532,130,6171.5,4,0.0,1656,1.2313556057620585,12.738461538461538,0
96000,3614,146,3168.8,5,0.0,1732,1.021061826987713,11.863013698630137,0
96000,3619,112,5570.25,4,0.0,1278,1.2802791490075751,11.410714285714286,0
96000,3635,150,2343.3333333333335,6,0.0,2173,1.213632148666777,14.486666666666666,0
96000,3663,118,5069.0,5,0.0,1294,1.1678313397716726,10.966101694915254,0
96000,3792,115,6746.0,4,0.0,1159,1.1012796629143502,10.078260869565218,0
96000,3992,356,3311.0,7,0.0,4284,0.42477537331077747,12.03370786516854,0
96000,4042,231,2324.285714285714,7,0.0,4419,1.0406625015433215,19.12987012987013,0
96000,4329,280,2458.0,9,0.0,7203,1.1545353001942489,25.725,0
96000,4352,321,3978.1666666666665,6,0.0,3738,0.4558679880482001,11.644859813084112,0
96000,4362,187,4472.0,5,0.0,3229,1.1603652009999075,17.267379679144383,0
96000,4405,187,5268.0,5,0.0,2895,1.040339813222277,15.481283422459892,0
96000,4477,302,5044.0,4,0.0,1671,0.2302355740602844,5.533112582781457,0
96000,4490,179,4413.4,5,0.0,2153,0.8443992363757467,12.027932960893855,0
96000,4501,203,4247.166666666667,6,0.0,3541,1.0798009741912162,17.44334975369458,0
96000,4591,130,5864.0,5,0.0,1543,1.1473319442577634,11.86923076923077,0
96000,4596,279,3849.1428571428573,7,0.0,6251,1.009138920496386,22.405017921146953,0
96000,4663,105,4646.6,5,0.0,949,1.0816767086645673,9.038095238095238,0
96000,4703,94,3940.6,5,0.0,793,1.1277876751003648,8.436170212765957,0
96000,4773,190,3878.8333333333335,6,0.0,3428,1.1932830600006439,18.042105263157893,0
96000,4777,92,4327.2,5,0.0,718,1.0660035563693153,7.804347826086956,0
96000,4792,102,4765.4,5,0.0,1036,1.2513225640596022,10.156862745098039,0
96000,4809,470,2757.7,10,0.0,9754,0.554877224864008,20.7531914893617,0
96000,4843,206,4786.833333333333,6,0.0,3735,1.1060277652142405,18.131067961165048,0
96000,4858,191,5048.4,5,0.0,3026,1.0423463578040857,15.842931937172775,0
96000,4920,99,3119.8,5,0.0,888,1.1385508729263285,8.969696969696969,0
98000,45,189,4036.3333333333335,6,0.0,3117,1.0965364128931872,16.49206349206349,0
98000,162,304,2743.714285714286,7,0.0,3860,0.5248678862039734,12.697368421052632,0
98000,165,90,3235.4,5,0.0,761,1.180618276237942,8.455555555555556,0
98000,277,175,4829.166666666667,6,0.0,2713,1.1132265625063325,15.502857142857144,0
98000,370,241,4281.333333333333,6,0.0,4374,0.9463560384154375,18.149377593360995,0
98000,374,80,4819.8,5,0.0,595,1.1682797680537043,7.4375,0
98000,504,58,1801.4,5,0.0,309,1.1542831509622427,5.327586206896552,0
98000,552,144,5328.2,5,0.0,1779,1.0781044233673307,12.354166666666666,0
98000,563,261,2587.375,8,0.0,6449,1.1896555260786292,24.708812260536398,0
98000,717,250,2856.285714285714,7,0.0,6276,1.2618646716114907,25.104,0
98000,775,157,4358.2,5,0.0,1996,1.0175859363974566,12.713375796178344,0
98000,903,419,3046.0,7,0.0,5320,0.38079694048445156,12.69689737470167,0
98000,969,280,4073.5714285714284,7,0.0,6825,1.0939474418750172,24.375,0
98000,1245,307,3770.8333333333335,6,0.0,3134,0.41786125587965545,10.208469055374593,0
98000,1266,336,2354.375,8,0.0,4334,0.48241434809588163,12.898809523809524,0
98000,1304,325,2664.0,10,0.0,9087,1.0810945303922537,27.96,0
98000,1407,99,2963.8,5,0.0,809,1.0372608740961708,8.171717171717171,0
98000,1616,263,3455.375,8,0.0,6021,1.0938732303352163,22.893536121673005,0
98000,1711,104,3776.6,5,0.0,944,1.0967690329100461,9.076923076923077,0
98000,1733,256,3610.5,6,0.0,2439,0.46767239270663485,9.52734375,0
98000,1803,173,2921.1666666666665,6,0.0,2433,1.021550325929228,14.063583815028903,0
98000,1839,143,2977.5,6,0.0,1779,1.0932355285317115,12.44055944055944,0
98000,1842,155,1977.5,6,0.0,1985,1.0382620465974175,12.806451612903226,0
98000,1952,159,4848.2,5,0.0,2359,1.1725828993818792,14.836477987421384,0
98000,1972,125,4526.6,5,0.0,1491,1.1991333495046097,11.928,0
98000,2010,96,5062.0,5,0.0,782,1.0662870898902856,8.145833333333334,0
98000,2119,224,4293.142857142857,7,0.0,4539,1.1367736810143552,20.263392857142858,0
98000,2142,58,4047.4,5,0.0,283,1.057159002337588,4.879310344827586,0
98000,2147,281,3818.4285714285716,7,0.0,7145,1.1371020888742074,25.427046263345197,0
98000,2170,229,2774.0,7,0.0,4555,1.0915088985413328,19.890829694323145,0
98000,2175,345,3377.375,8,0.0,6163,0.650674581779421,17.86376811594203,0
98000,2198,174,3301.8333333333335,6,0.0,2876,1.1937138950619957,16.528735632183906,0
98000,2270,223,5551.166666666667,6,0.0,4090,1.0335308534804444,18.340807174887892,0
98000,2281,247,3782.4,5,0.0,2446,0.5038165274422222,9.902834008097166,0
98000,2403,102,2820.2,5,0.0,942,1.137785574656511,9.235294117647058,0
98000,2439,381,2516.818181818182,11,0.0,12698,1.0992468642481987,33.32808398950131,0
98000,2576,319,3094.3333333333335,6,0.0,3173,0.3918307992193636,9.946708463949843,0
98000,2585,145,2621.0,6,0.0,1911,1.1421799878259395,13.179310344827586,0
98000,2602,268,3385.0,6,0.0,2636,0.4611961592148972,9.835820895522389,0
98000,2729,136,4237.4,5,0.0,1478,1.0041682400531389,10.867647058823529,0
98000,2744,198,3177.0,6,0.0,3330,1.0673914433684328,16.818181818181817,0
98000,2750,248,3244.285714285714,7,0.0,5135,1.0491726246217212,20.705645161290324,0
98000,2797,332,3800.8333333333335,6,0.0,4104,0.4678870754221408,12.36144578313253,0
98000,2873,269,3687.5714285714284,7,0.0,6084,1.0565608382659333,22.617100371747213,0
98000,2907,160,5871.2,5,0.0,2351,1.1540444263421257,14.69375,0
98000,2953,244,4503.428571428572,7,0.0,5818,1.2280157255163544,23.84426229508197,0
98000,3006,115,3617.2,5,0.0,1041,0.9891562804951153,9.052173913043479,0
98000,3100,113,3631.0,5,0.0,1217,1.1976876057385162,10.769911504424778,0
98000,3129,478,4028.222222222222,9,0.0,5659,0.3112388233165498,11.838912133891213,0
98000,3131,147,5348.8,5,0.0,2119,1.232270782166092,14.414965986394558,0
98000,3137,296,3859.875,8,0.0,7145,1.0247753611166488,24.138513513513512,0
98000,3150,63,4084.5,4,0.0,449,1.4215924428942477,7.126984126984127,0
98000,3309,146,2003.8333333333333,6,0.0,1883,1.1100804966615838,12.897260273972602,0
98000,3422,258,3175.1666666666665,6,0.0,2359,0.4453468583509598,9.143410852713178,0
98000,3469,160,6058.0,4,0.0,2268,1.113301896615883,14.175,0
98000,3532,128,6233.5,4,0.0,1596,1.2241166687327416,12.46875,0
98000,3614,146,3163.4,5,0.0,1721,1.0145770232366362,11.787671232876713,0
98000,3619,108,5600.5,4,0.0,1227,1.321925303825335,11.36111111111111,0
98000,3635,152,2336.6666666666665,6,0.0,2187,1.1895192405472435,14.388157894736842,0
98000,3663,117,5098.6,5,0.0,1258,1.1548319258429278,10.752136752136753,0
98000,3792,112,6802.0,4,0.0,1103,1.104967058963502,9.848214285714286,0
98000,3992,357,3320.285714285714,7,0.0,4298,0.4237794011762801,12.03921568627451,0
98000,4042,231,2320.714285714286,7,0.0,4429,1.0430174743913492,19.173160173160174,0
98000,4329,280,2456.6666666666665,9,0.0,7258,1.1633509938650366,25.92142857142857,0
98000,4352,322,3993.0,6,0.0,3752,0.45473768898842265,11.652173913043478,0
98000,4362,187,4505.6,5,0.0,3169,1.1388037540937463,16.946524064171122,0
98000,4405,186,5288.0,5,0.0,2872,1.043202000359566,15.440860215053764,0
98000,4477,296,5088.0,4,0.0,1606,0.23034138977653434,5.425675675675675,0
98000,4490,178,4431.4,5,0.0,2129,0.8443947430239452,11.960674157303371,0
98000,4501,201,4271.0,6,0.0,3524,1.0961087607980426,17.53233830845771,0
98000,4591,130,5890.4,5,0.0,1534,1.1406397942264481,11.8,0
98000,4596,279,3851.4285714285716,7,0.0,6276,1.0131748304327817,22.49462365591398,0
98000,4663,105,4658.6,5,0.0,941,1.072558253797005,8.961904761904762,0
98000,4703,93,3963.0,5,0.0,776,1.1274717998315085,8.344086021505376,0
98000,4773,189,3898.6666666666665,6,0.0,3404,1.197500785848062,18.01058201058201,0
98000,4777,90,4358.6,5,0.0,697,1.081328434346709,7.7444444444444445,0
98000,4792,101,4786.2,5,0.0,1014,1.249122615720047,10.03960396039604,0
98000,4809,472,2744.2,10,0.0,9827,0.5543024814497791,20.819915254237287,0
98000,4843,210,4794.0,6,0.0,3809,1.0853810809545144,18.13809523809524,0
98000,4858,190,5072.2,5,0.0,3004,1.045689122590996,15.810526315789474,0
98000,4920,97,3131.4,5,0.0,865,1.1552673590626725,8.917525773195877,0
100000,45,189,4056.5,6,0.0,3118,1.096888205133448,16.497354497354497,0
100000,162,306,2737.0,7,0.0,3883,0.5211159927331013,12.68954248366013,0
100000,165,89,3236.4,5,0.0,733,1.1628771190916896,8.235955056179776,0
100000,277,175,4850.666666666667,6,0.0,2722,1.1169195367276954,15.554285714285715,0
100000,370,241,4279.833333333333,6,0.0,4376,0.9467887572258697,18.157676348547717,0
100000,374,78,4818.2,5,0.0,561,1.1587333850518566,7.1923076923076925,0
100000,504,50,1808.2,5,0.0,232,1.1661591930125312,4.64,0
100000,552,142,5360.6,5,0.0,1757,1.0949768483152682,12.373239436619718,0
100000,563,261,2590.25,8,0.0,6496,1.1983256779976392,24.88888888888889,0
100000,717,251,2865.4285714285716,7,0.0,6244,1.2454471852202136,24.87649402390438,0
100000,775,158,4386.6,5,0.0,1995,1.0042424842031143,12.626582278481013,0
100000,903,418,3049.8571428571427,7,0.0,5343,0.38427530386507325,12.782296650717702,0
100000,969,280,4092.285714285714,7,0.0,6843,1.0968325779854569,24.439285714285713,0
100000,1245,308,3774.6666666666665,6,0.0,3141,0.41607954650554646,10.198051948051948,0
100000,1266,339,2344.375,8,0.0,4392,0.4802559996716482,12.955752212389381,0
100000,1304,327,2653.7,10,0.0,9188,1.0797801644524132,28.097859327217126,0
100000,1407,98,2975.6,5,0.0,779,1.0192839138469174,7.948979591836735,0
100000,1616,265,3443.625,8,0.0,6089,1.0895924623828124,22.977358490566036,0
100000,1711,103,4685.0,4,0.0,886,1.0494678446905672,8.601941747572816,0
100000,1733,257,3618.5,6,0.0,2449,0.46594258254577076,9.529182879377432,0
100000,1803,174,2913.3333333333335,6,0.0,2449,1.016483076845211,14.074712643678161,0
100000,1839,143,2973.3333333333335,6,0.0,1795,1.1030678885409906,12.552447552447552,0
100000,1842,155,1962.1666666666667,6,0.0,2003,1.0476770172970415,12.92258064516129,0
100000,1952,158,4878.8,5,0.0,2339,1.177405098020594,14.80379746835443,0
100000,1972,122,4545.4,5,0.0,1472,1.2427907514335328,12.065573770491802,0
100000,2010,96,5082.4,5,0.0,762,1.0390163203278742,7.9375,0
100000,2119,224,4310.571428571428,7,0.0,4552,1.1400294769723165,20.321428571428573,0
100000,2142,48,4873.0,4,0.0,182,0.9926560120717749,3.7916666666666665,0
100000,2147,282,3834.4285714285716,7,0.0,7129,1.1265235162940312,25.28014184397163,0
100000,2170,228,2763.285714285714,7,0.0,4576,1.1061809774412814,20.07017543859649,0
100000,2175,348,3375.5,8,0.0,6244,0.6479093846285727,17.942528735632184,0
100000,2198,174,3304.5,6,0.0,2877,1.1941289555262036,16.53448275862069,0
100000,2270,221,5571.166666666667,6,0.0,4084,1.0507781902303979,18.479638009049772,0
100000,2281,245,3809.8,5,0.0,2419,0.5064231656165737,9.873469387755103,0
100000,2403,105,3359.0,6,0.0,953,1.0862359360983485,9.076190476190476,0
100000,2439,381,2504.7272727272725,11,0.0,12806,1.1085962626840788,33.61154855643045,0
100000,2576,319,3104.8333333333335,6,0.0,3195,0.3945475586214518,10.015673981191222,0
100000,2585,145,2624.8333333333335,6,0.0,1916,1.1451684231682366,13.213793103448277,0
100000,2602,268,3400.6666666666665,6,0.0,2649,0.4634706471017689,9.884328358208956,0
100000,2729,135,4252.8,5,0.0,1462,1.0080677003123792,10.829629629629629,0
100000,2744,199,3174.3333333333335,6,0.0,3342,1.0604987397588028,16.79396984924623,0
100000,2750,249,3243.8571428571427,7,0.0,5146,1.0429919385411897,20.666666666666668,0
100000,2797,332,3810.6666666666665,6,0.0,4100,0.4674310451342049,12.349397590361447,0
100000,2873,273,3335.25,8,0.0,6149,1.0367858539319534,22.523809523809526,0
100000,2907,161,5890.4,5,0.0,2341,1.1349050425606584,14.540372670807454,0
100000,2953,248,4502.142857142857,7,0.0,5894,1.2042499414840167,23.766129032258064,0
100000,3006,114,3628.6,5,0.0,1023,0.9891810663657613,8.973684210526315,0
100000,3100,111,3641.6,5,0.0,1197,1.2208380509202117,10.783783783783784,0
100000,3129,483,4025.8888888888887,9,0.0,5764,0.3104842500982313,11.933747412008282,0
100000,3131,147,5370.4,5,0.0,2107,1.2252923728286722,14.333333333333334,0
100000,3137,298,3868.125,8,0.0,7192,1.0177169661104362,24.13422818791946,0
100000,3150,54,4116.5,4,0.0,329,1.417810676311443,6.092592592592593,0
100000,3309,147,1991.5,6,0.0,1897,1.1031702094238212,12.904761904761905,0
100000,3422,258,3176.3333333333335,6,0.0,2347,0.443081422869734,9.0968992248062,0
100000,3469,158,6108.0,4,0.0,2180,1.0973677270991427,13.79746835443038,0
100000,3532,126,6289.25,4,0.0,1541,1.2197516450445631,12.23015873015873,0
100000,3614,144,3161.6,5,0.0,1684,1.0205327987355732,11.694444444444445,0
100000,3619,106,5637.75,4,0.0,1183,1.3230701705933516,11.160377358490566,0
100000,3635,153,2331.3333333333335,6,0.0,2202,1.1820730527924685,14.392156862745098,0
100000,3663,116,5133.4,5,0.0,1222,1.141208746339693,10.53448275862069,0
100000,3792,111,6849.0,4,0.0,1069,1.0902889527432802,9.63063063063063,0
100000,3992,358,3331.5714285714284,7,0.0,4310,0.42259181476770413,12.039106145251397,0
100000,4042,231,2316.5714285714284,7,0.0,4446,1.0470209282329956,19.246753246753247,0
100000,4329,282,2456.4444444444443,9,0.0,7316,1.1560732283920794,25.94326241134752,0
100000,4352,323,4008.5,6,0.0,3758,0.45264903113,11.634674922600619,0
100000,4362,186,4530.0,5,0.0,3131,1.13727906097695,16.833333333333332,0
100000,4405,185,5309.4,5,0.0,2857,1.0490028004448255,15.443243243243243,0
100000,4477,288,5131.25,4,0.0,1548,0.23452861823673804,5.375,0
100000,4490,174,4456.2,5,0.0,2101,0.8720420353008529,12.074712643678161,0
100000,4501,201,4291.0,6,0.0,3521,1.0951756375624029,17.51741293532338,0
100000,4591,129,5920.0,5,0.0,1523,1.1500860793022667,11.806201550387597,0
100000,4596,279,3857.5714285714284,7,0.0,6293,1.0159192491895308,22.555555555555557,0
100000,4663,104,4674.8,5,0.0,930,1.0805033904728207,8.942307692307692,0
100000,4703,92,3982.6,5,0.0,757,1.1239062565063673,8.228260869565217,0
100000,4773,187,3912.5,6,0.0,3392,1.2189404650949789,18.13903743315508,0
100000,4777,87,4386.6,5,0.0,663,1.10074035107942,7.620689655172414,0
100000,4792,100,4811.0,5,0.0,996,1.2516105131901736,9.96,0
100000,4809,477,2729.5,10,0.0,9926,0.5482105345609973,20.80922431865828,0
100000,4843,213,4804.166666666667,6,0.0,3853,1.0672094596999249,18.089201877934272,0
100000,4858,189,5092.8,5,0.0,2971,1.0451747458150975,15.71957671957672,0
100000,4920,97,3142.2,5,0.0,852,1.1379049594467017,8.783505154639176,0
102000,45,189,4073.3333333333335,6,0.0,3120,1.0975917896139697,16.50793650793651,0
102000,162,307,2730.714285714286,7,0.0,3901,0.5201265983364823,12.70684039087948,0
102000,165,87,3244.8,5,0.0,705,1.1704705090663519,8.10344827586207,0
102000,277,177,4869.5,6,0.0,2733,1.0962332308418277,15.440677966101696,0
102000,370,241,4282.333333333333,6,0.0,4390,0.9498177888988959,18.21576763485477,0
102000,374,74,4822.6,5,0.0,509,1.1680574584932102,6.878378378378378,0
102000,504,37,1822.4,5,0.0,123,1.1290457162645569,3.324324324324324,0
102000,552,141,5391.2,5,0.0,1735,1.0966577644944,12.304964539007091,0
102000,563,267,3368.375,8,0.0,6595,1.1625245718371522,24.700374531835205,0
102000,717,250,2862.0,7,0.0,6228,1.2522136989796628,24.912,0
102000,775,158,4428.4,5,0.0,1985,0.9992086872898156,12.563291139240507,0
102000,903,420,3046.0,7,0.0,5379,0.38318881822357137,12.807142857142857,0
102000,969,282,4117.142857142857,7,0.0,6860,1.0840161764310638,24.326241134751772,0
102000,1245,308,3784.1666666666665,6,0.0,3145,0.41660941539635266,10.21103896103896,0
102000,1266,344,2333.75,8,0.0,4458,0.47340522071739105,12.959302325581396,0
102000,1304,327,2643.0,10,0.0,9267,1.0890642995189934,28.339449541284402,0
102000,1407,95,2989.8,5,0.0,742,1.0331575618675353,7.810526315789474,0
102000,1616,268,3438.625,8,0.0,6139,1.0740831644234652,22.90671641791045,0
102000,1711,92,4765.0,4,0.0,750,1.113513464174076,8.152173913043478,0
102000,1733,260,3621.3333333333335,6,0.0,2475,0.46008531465294306,9.51923076923077,0
102000,1803,175,2911.3333333333335,6,0.0,2458,1.0085922929010562,14.045714285714286,0
102000,1839,143,2973.0,6,0.0,1800,1.1061405010438903,12.587412587412587,0
102000,1842,157,1942.3333333333333,6,0.0,2038,1.0389980653196476,12.980891719745223,0
102000,1952,158,4934.0,5,0.0,2331,1.1733780604899549,14.753164556962025,0
102000,1972,122,4568.6,5,0.0,1455,1.228437869113988,11.926229508196721,0
102000,2010,95,5107.6,5,0.0,731,1.0178412098721945,7.6947368421052635,0
102000,2119,225,4324.142857142857,7,0.0,4580,1.1368686896546174,20.355555555555554,0
102000,2147,284,3857.8571428571427,7,0.0,7126,1.1102454497857999,25.091549295774648,0
102000,2170,230,2755.5714285714284,7,0.0,4598,1.0922527804314457,19.991304347826087,0
102000,2175,352,3368.0,8,0.0,6358,0.6448297421075642,18.0625,0
102000,2198,174,3309.6666666666665,6,0.0,2869,1.1908084718125402,16.488505747126435,0
102000,2270,221,5589.0,6,0.0,4087,1.0515500645131333,18.493212669683256,0
102000,2281,244,3850.0,5,0.0,2387,0.5038283837757885,9.782786885245901,0
102000,2403,103,4031.4,5,0.0,1001,1.1856854543287334,9.718446601941748,0
102000,2439,384,2492.818181818182,11,0.0,12931,1.1019947537860681,33.674479166666664,0
102000,2576,319,3112.8333333333335,6,0.0,3204,0.3956589601950333,10.043887147335424,0
102000,2585,146,2632.6666666666665,6,0.0,1930,1.1377882945070934,13.219178082191782,0
102000,2602,268,3426.3333333333335,6,0.0,2662,0.46574513498864045,9.932835820895523,0
102000,2729,134,4264.6,5,0.0,1449,1.0140716763313902,10.813432835820896,0
102000,2744,199,3168.0,6,0.0,3352,1.0636719855390506,16.844221105527637,0
102000,2750,250,3243.714285714286,7,0.0,5160,1.0374795579214933,20.64,0
102000,2797,331,3819.5,6,0.0,4094,0.4695714834218969,12.36858006042296,0
102000,2873,278,4127.125,8,0.0,6363,1.0346231589872086,22.888489208633093,0
102000,2907,161,5911.0,5,0.0,2323,1.1261787329638655,14.428571428571429,0
102000,2953,245,5276.0,6,0.0,5884,1.231828816241389,24.016326530612243,0
102000,3006,115,3641.2,5,0.0,1005,0.9549491468756877,8.73913043478261,0
102000,3100,109,3651.2,5,0.0,1179,1.2470121163479053,10.81651376146789,0
102000,3129,483,4027.3333333333335,9,0.0,5847,0.31495513711387196,12.105590062111801,0
102000,3131,147,5423.8,5,0.0,2098,1.2200585658256071,14.272108843537415,0
102000,3137,299,3885.0,8,0.0,7232,1.0165433527929837,24.187290969899667,0
102000,3150,40,4159.25,4,0.0,182,1.4294246573833558,4.55,0
102000,3309,149,1985.8333333333333,6,0.0,1911,1.0816780435133724,12.825503355704697,0
102000,3422,258,3178.6666666666665,6,0.0,2346,0.4428926365796319,9.093023255813954,0
102000,3469,155,6152.0,4,0.0,2115,1.1062590572058126,13.64516129032258,0
102000,3532,124,6341.5,4,0.0,1485,1.2136485667483983,11.975806451612904,0
102000,3614,146,3147.8,5,0.0,1682,0.9915854463010005,11.520547945205479,0
102000,3619,103,5674.25,4,0.0,1133,1.3420395801742806,11.0,0
102000,3635,154,2317.5,6,0.0,2228,1.1805478887161511,14.467532467532468,0
102000,3663,115,5160.2,5,0.0,1191,1.131686003909397,10.356521739130434,0
102000,3792,109,6898.25,4,0.0,1033,1.092589920430353,9.477064220183486,0
102000,3992,358,3347.8571428571427,7,0.0,4326,0.4241606010870274,12.083798882681565,0
102000,4042,232,2305.1428571428573,7,0.0,4464,1.0422168256261026,19.24137931034483,0
102000,4329,282,2463.777777777778,9,0.0,7349,1.1612878834682052,26.06028368794326,0
102000,4352,324,4022.3333333333335,6,0.0,3778,0.45225335487205603,11.660493827160494,0
102000,4362,185,4551.2,5,0.0,3096,1.136756272375632,16.735135135135135,0
102000,4405,185,5329.8,5,0.0,2838,1.0420265830109958,15.340540540540541,0
102000,4477,283,5180.75,4,0.0,1482,0.2325333223099339,5.236749116607774,0
102000,4490,171,4475.6,5,0.0,2066,0.8878670937815413,12.08187134502924,0
102000,4501,199,4308.0,6,0.0,3507,1.112857295132891,17.623115577889447,0
102000,4591,129,5945.2,5,0.0,1511,1.1410243373773636,11.713178294573643,0
102000,4596,280,3862.714285714286,7,0.0,6309,1.011240206709082,22.53214285714286,0
102000,4663,103,4687.6,5,0.0,917,1.0861873742452033,8.902912621359222,0
102000,4703,91,4005.8,5,0.0,736,1.116875832890756,8.087912087912088,0
102000,4773,188,3925.1666666666665,6,0.0,3384,1.2031631439280057,18.0,0
102000,4777,85,4408.6,5,0.0,634,1.1027098919728326,7.458823529411765,0
102000,4792,100,4830.6,5,0.0,980,1.231504320207199,9.8,0
102000,4809,480,2715.9,10,0.0,10012,0.5460698897177259,20.858333333333334,0
102000,4843,214,4802.5,6,0.0,3895,1.068783595574482,18.200934579439252,0
102000,4858,189,5112.8,5,0.0,2947,1.0367317320488363,15.592592592592593,0
102000,4920,95,3152.8,5,0.0,836,1.1640427516459024,8.8,0
104000,45,190,4085.5,6,0.0,3128,1.0888533873051383,16.46315789473684,0
104000,162,309,2721.8571428571427,7,0.0,3926,0.5167056381057394,12.705501618122977,0
104000,165,85,3271.6,5,0.0,671,1.1670636238387548,7.894117647058824,0
104000,277,177,4886.166666666667,6,0.0,2742,1.099843219527366,15.491525423728813,0
104000,370,241,4283.333333333333,6,0.0,4402,0.9524141017614896,18.265560165975103,0
104000,374,71,4826.8,5,0.0,470,1.1716314597795698,6.619718309859155,0
104000,552,141,5421.8,5,0.0,1705,1.077695382399396,12.092198581560284,0
104000,563,271,3370.25,8,0.0,6665,1.1404373598494557,24.59409594095941,0
104000,717,251,2845.714285714286,7,0.0,6247,1.2460455743226575,24.888446215139442,0
104000,775,157,4449.0,5,0.0,1981,1.0099387474966741,12.617834394904458,0
104000,903,420,3046.4285714285716,7,0.0,5388,0.38382995958144683,12.82857142857143,0
104000,969,282,4145.714285714285,7,0.0,6877,1.0867025138945228,24.386524822695037,0
104000,1245,309,3791.5,6,0.0,3149,0.4144437224643336,10.190938511326861,0
104000,1266,346,2322.625,8,0.0,4514,0.47382636367083186,13.046242774566474,0
104000,1304,330,2636.3,10,0.0,9359,1.0799693533497474,28.36060606060606,0
104000,1407,94,3000.2,5,0.0,719,1.0225464544730924,7.648936170212766,0
104000,1616,272,3925.1428571428573,7,0.0,6196,1.0524063625455427,22.779411764705884,0
104000,1711,85,4808.0,4,0.0,640,1.1131456322754145,7.529411764705882,0
104000,1733,260,3627.3333333333335,6,0.0,2480,0.46101477993507023,9.538461538461538,0
104000,1803,177,3494.4,5,0.0,2453,0.9839224717361885,13.858757062146893,0
104000,1839,143,2976.1666666666665,6,0.0,1799,1.1055259785433103,12.58041958041958,0
104000,1842,162,2304.8333333333335,6,0.0,2119,1.0146372249591178,13.080246913580247,0
104000,1952,158,4981.4,5,0.0,2319,1.1673375041939962,14.677215189873417,0
104000,1972,121,4582.0,5,0.0,1438,1.2342354308755201,11.884297520661157,0
104000,2010,92,5132.6,5,0.0,700,1.0392792332291376,7.608695652173913,0
104000,2119,225,4338.428571428572,7,0.0,4598,1.141336732539723,20.435555555555556,0
104000,2147,285,3861.8571428571427,7,0.0,7140,1.104633871179126,25.05263157894737,0
104000,2170,230,2759.5714285714284,7,0.0,4615,1.0962911225948504,20.065217391304348,0
104000,2175,362,3553.75,8,0.0,6504,0.6236964262064043,17.96685082872928,0
104000,2198,174,3315.3333333333335,6,0.0,2869,1.1908084718125402,16.488505747126435,0
104000,2270,221,5614.666666666667,6,0.0,4085,1.0510354816579763,18.4841628959276,0
104000,2281,239,3883.2,5,0.0,2361,0.5194096920660003,9.878661087866108,0
104000,2403,100,4049.8,5,0.0,964,1.2113981272242242,9.64,0
104000,2439,384,2479.5454545454545,11,0.0,13039,1.1111986385133819,33.955729166666664,0
104000,2576,320,3120.6666666666665,6,0.0,3215,0.3945398586441869,10.046875,0
104000,2585,138,3211.8,5,0.0,1833,1.2095230695295296,13.282608695652174,0
104000,2602,270,3462.3333333333335,6,0.0,2669,0.46007740973559164,9.885185185185184,0
104000,2729,134,4269.0,5,0.0,1434,1.003574039930444,10.701492537313433,0
104000,2744,199,3161.1666666666665,6,0.0,3363,1.0671625558973232,16.899497487437184,0
104000,2750,251,3249.714285714286,7,0.0,5175,1.0322212017159842,20.617529880478088,0
104000,2797,331,3824.1666666666665,6,0.0,4093,0.4694567859418232,12.365558912386707,0
104000,2873,279,4117.0,8,0.0,6501,1.0494980198603432,23.301075268817204,0
104000,2907,160,5931.0,5,0.0,2311,1.1344094722571894,14.44375,0
104000,2953,242,5317.166666666667,6,0.0,5819,1.2486119562351619,24.045454545454547,0
104000,3006,108,4606.5,4,0.0,908,0.9782462721054637,8.407407407407407,0
104000,3100,109,3662.6,5,0.0,1158,1.2248007046063398,10.623853211009175,0
104000,3129,488,4023.222222222222,9,0.0,5929,0.3128611737962558,12.149590163934427,0
104000,3131,146,5466.2,5,0.0,2084,1.228575547022167,14.273972602739725,0
104000,3137,300,3893.625,8,0.0,7305,1.0199704148654862,24.35,0
104000,3309,150,2367.1666666666665,6,0.0,1943,1.0851759157199943,12.953333333333333,0
104000,3422,256,3177.6666666666665,6,0.0,2343,0.44926462325200717,9.15234375,0
104000,3469,153,6195.0,4,0.0,2051,1.1010135473557463,13.405228758169935,0
104000,3532,122,6391.0,4,0.0,1435,1.211552125208641,11.762295081967213,0
104000,3614,150,4425.4,5,0.0,1696,0.9472250916423626,11.306666666666667,0
104000,3619,102,5704.75,4,0.0,1085,1.3105067393867458,10.637254901960784,0
104000,3635,164,2527.8571428571427,7,0.0,2406,1.1241332427925406,14.670731707317072,0
104000,3663,113,5190.6,5,0.0,1160,1.1415921303670327,10.265486725663717,0
104000,3792,107,6947.75,4,0.0,985,1.0811315446889496,9.205607476635514,0
104000,3992,359,3364.1428571428573,7,0.0,4345,0.42365345023231205,12.103064066852367,0
104000,4042,232,2290.285714285714,7,0.0,4462,1.0417498826038687,19.232758620689655,0
104000,4329,282,2472.6666666666665,9,0.0,7412,1.1712431340680824,26.28368794326241,0
104000,4352,324,4035.3333333333335,6,0.0,3783,0.4528518902808332,11.675925925925926,0
104000,4362,186,4568.6,5,0.0,3068,1.1143954516375865,16.49462365591398,0
104000,4405,184,5356.4,5,0.0,2821,1.0470738274783562,15.331521739130435,0
104000,4477,277,5217.0,4,0.0,1429,0.23403593957850694,5.15884476534296,0
104000,4490,170,4494.8,5,0.0,2042,0.8879075707446862,12.011764705882353,0
104000,4501,199,4323.166666666667,6,0.0,3501,1.1109533476647424,17.592964824120603,0
104000,4591,129,5971.2,5,0.0,1509,1.1395140470565466,11.69767441860465,0
104000,4596,281,3869.4285714285716,7,0.0,6322,1.0061244794769404,22.498220640569397,0
104000,4663,102,4700.2,5,0.0,901,1.0882641218317584,8.833333333333334,0
104000,4703,88,4025.2,5,0.0,705,1.1440200520562005,8.011363636363637,0
104000,4773,187,3937.0,6,0.0,3381,1.2149875331621827,18.080213903743317,0
104000,4777,83,4435.2,5,0.0,596,1.0871762064389703,7.180722891566265,0
104000,4792,99,4853.8,5,0.0,962,1.2334301123368558,9.717171717171718,0
104000,4809,485,2703.1,10,0.0,10091,0.539089152383881,20.80618556701031,0
104000,4843,214,4799.833333333333,6,0.0,3916,1.0745459718279002,18.299065420560748,0
104000,4858,187,5135.4,5,0.0,2924,1.0507611792269216,15.636363636363637,0
104000,4920,94,3197.6,5,0.0,811,1.1533868909286202,8.627659574468085,0
106000,45,190,4081.5,6,0.0,3129,1.0892014862141233,16.46842105263158,0
106000,162,312,2712.4285714285716,7,0.0,3952,0.5101731659675732,12.666666666666666,0
106000,165,84,3283.6,5,0.0,644,1.1469306513105593,7.666666666666667,0
106000,277,177,4901.0,6,0.0,2762,1.1078654166063402,15.6045197740113,0
106000,370,241,4282.166666666667,6,0.0,4420,0.9563085710553803,18.3402489626556,0
106000,374,68,4833.4,5,0.0,427,1.1604325805214895,6.279411764705882,0
106000,552,139,5449.6,5,0.0,1690,1.0991753189931681,12.158273381294965,0
106000,563,271,3368.25,8,0.0,6725,1.150703862713817,24.81549815498155,0
106000,717,252,2838.8571428571427,7,0.0,6254,1.2375611272077707,24.817460317460316,0
106000,775,157,4471.8,5,0.0,1970,1.0043308089694336,12.547770700636942,0
106000,903,420,3045.4285714285716,7,0.0,5399,0.38461357679662794,12.854761904761904,0
106000,969,282,4161.714285714285,7,0.0,6888,1.0884407322532315,24.425531914893618,0
106000,1245,309,3802.8333333333335,6,0.0,3150,0.4145753336813753,10.194174757281553,0
106000,1266,346,2311.125,8,0.0,4567,0.4793896772008615,13.199421965317919,0
106000,1304,331,2626.9,10,0.0,9455,1.0844646740972241,28.564954682779454,0
106000,1407,91,3010.8,5,0.0,680,1.0318961499534158,7.472527472527473,0
106000,1616,269,3946.0,7,0.0,6153,1.0685435302186537,22.87360594795539,0
106000,1711,76,4846.0,4,0.0,534,1.1617801087374997,7.026315789473684,0
106000,1733,260,3630.8333333333335,6,0.0,2479,0.46082888687864476,9.534615384615385,0
106000,1803,171,3531.8,5,0.0,2358,1.013354601711943,13.789473684210526,0
106000,1839,143,2961.8333333333335,6,0.0,1799,1.1055259785433103,12.58041958041958,0
106000,1842,161,2309.5,6,0.0,2134,1.0345524821975416,13.254658385093167,0
106000,1952,159,4999.0,5,0.0,2311,1.1487236458124301,14.534591194968554,0
106000,1972,121,4600.8,5,0.0,1418,1.2170694304460972,11.71900826446281,0
106000,2010,92,5155.2,5,0.0,674,1.0006774331377695,7.326086956521739,0
106000,2119,225,4351.0,7,0.0,4627,1.1485352460768374,20.564444444444444,0
106000,2147,286,3867.5714285714284,7,0.0,7157,1.0995343841626557,25.024475524475523,0
106000,2170,232,2756.5714285714284,7,0.0,4643,1.0840082261160382,20.012931034482758,0
106000,2175,363,3529.25,8,0.0,6657,0.6348559158814973,18.33884297520661,0
106000,2198,175,3322.8333333333335,6,0.0,2875,1.1797000984908612,16.428571428571427,0
106000,2270,221,5635.166666666667,6,0.0,4082,1.050263607375241,18.470588235294116,0
106000,2281,240,3911.4,5,0.0,2341,0.5107269723648407,9.754166666666666,0
106000,2403,99,4065.4,5,0.0,937,1.2013763152387047,9.464646464646465,0
106000,2439,388,2471.181818181818,11,0.0,13135,1.0964188411335407,33.853092783505154,0
106000,2576,320,3128.5,6,0.0,3239,0.39748510175692736,10.121875,0
106000,2585,134,3265.2,5,0.0,1747,1.2226247194968518,13.037313432835822,0
106000,2602,270,3491.5,6,0.0,2673,0.4607669225265029,9.9,0
106000,2729,134,4273.4,5,0.0,1426,0.9979753005166061,10.64179104477612,0
106000,2744,200,3154.5,6,0.0,3376,1.0606016798519142,16.88,0
106000,2750,253,3239.714285714286,7,0.0,5196,1.0200887642708096,20.537549407114625,0
106000,2797,331,3828.3333333333335,6,0.0,4092,0.46934208846174946,12.362537764350453,0
106000,2873,282,4108.0,8,0.0,6621,1.0462494320918474,23.47872340425532,0
106000,2907,159,5953.2,5,0.0,2300,1.1432559002027647,14.465408805031446,0
106000,2953,241,5353.666666666667,6,0.0,5783,1.2512064403649918,23.99585062240664,0
106000,3006,100,4666.25,4,0.0,790,0.9927432785343746,7.9,0
106000,3100,108,3674.2,5,0.0,1140,1.2281946588108246,10.555555555555555,0
106000,3129,490,4020.0,9,0.0,6004,0.3142377724640253,12.253061224489796,0
106000,3131,145,5487.6,5,0.0,2068,1.2360168575740675,14.26206896551724,0
106000,3137,303,3903.0,8,0.0,7349,1.0058954747892423,24.254125412541253,0
106000,3309,149,2373.3333333333335,6,0.0,1961,1.1099794051960874,13.161073825503356,0
106000,3422,256,3177.3333333333335,6,0.0,2343,0.44926462325200717,9.15234375,0
106000,3469,150,6232.0,4,0.0,1997,1.1153352051944565,13.313333333333333,0
106000,3532,120,6440.0,4,0.0,1381,1.2051498485020844,11.508333333333333,0
106000,3614,146,4432.6,5,0.0,1698,1.0010178881207485,11.63013698630137,0
106000,3619,99,5732.0,4,0.0,1042,1.3360022630509394,10.525252525252526,0
106000,3635,167,2508.0,7,0.0,2521,1.135925286629118,15.095808383233534,0
106000,3663,112,5221.0,5,0.0,1128,1.1300116432555123,10.071428571428571,0
106000,3792,104,6995.5,4,0.0,948,1.1014163593206818,9.115384615384615,0
106000,3992,361,3368.5714285714284,7,0.0,4376,0.4219614475674353,12.121883656509695,0
106000,4042,234,2272.8571428571427,7,0.0,4477,1.0274607575514285,19.132478632478634,0
106000,4329,283,2475.1111111111113,9,0.0,7458,1.1701980551872382,26.353356890459363,0
106000,4352,324,4048.0,6,0.0,3780,0.4524927690355669,11.666666666666666,0
106000,4362,185,4585.2,5,0.0,3039,1.1158276200741424,16.427027027027027,0
106000,4405,183,5356.6,5,0.0,2804,1.0521694646798387,15.3224043715847,0
106000,4477,273,5247.0,4,0.0,1382,0.23301968614961124,5.062271062271062,0
106000,4490,167,4511.6,5,0.0,2014,0.9074785907461498,12.059880239520957,0
106000,4501,198,4341.0,6,0.0,3489,1.118356980754493,17.62121212121212,0
106000,4591,129,5995.0,5,0.0,1505,1.1364934664149122,11.666666666666666,0
106000,4596,280,3875.1428571428573,7,0.0,6335,1.0154076255352724,22.625,0
106000,4663,103,4712.6,5,0.0,891,1.055390349457444,8.650485436893204,0
106000,4703,87,4048.2,5,0.0,672,1.1156825277909055,7.724137931034483,0
106000,4773,188,3946.0,6,0.0,3382,1.2024520545994433,17.98936170212766,0
106000,4777,81,4462.2,5,0.0,562,1.0764060791449253,6.938271604938271,0
106000,4792,97,4877.8,5,0.0,940,1.2554350491548116,9.690721649484535,0
106000,4809,486,2688.6,10,0.0,10162,0.5406503843550183,20.909465020576132,0
106000,4843,216,4799.833333333333,6,0.0,3939,1.0609339388280346,18.23611111111111,0
106000,4858,187,5159.4,5,0.0,2895,1.040339813222277,15.481283422459892,0
106000,4920,94,3227.0,5,0.0,793,1.1277876751003648,8.436170212765957,0
108000,45,189,4087.1666666666665,6,0.0,3128,1.100406127536057,16.55026455026455,0
108000,162,314,2705.714285714286,7,0.0,3977,0.5068811709735327,12.665605095541402,0
108000,165,81,3296.8,5,0.0,601,1.1511032981603204,7.419753086419753,0
108000,277,177,4920.666666666667,6,0.0,2772,1.1118765151458272,15.661016949152541,0
108000,370,241,4286.5,6,0.0,4426,0.9576067274866772,18.365145228215766,0
108000,374,64,4843.4,5,0.0,367,1.1259418983080607,5.734375,0
108000,552,139,5473.2,5,0.0,1668,1.0848665278583458,12.0,0
108000,563,272,3369.75,8,0.0,6774,1.1505811329702238,24.904411764705884,0
108000,717,253,2827.1428571428573,7,0.0,6277,1.232312773927612,24.8102766798419,0
108000,775,157,4491.6,5,0.0,1965,1.001781746002506,12.51592356687898,0
108000,903,419,3038.714285714286,7,0.0,5434,0.38895687492340403,12.968973747016706,0
108000,969,282,4174.0,7,0.0,6909,1.0917591491198573,24.5,0
108000,1245,309,3812.0,6,0.0,3157,0.41549661220066725,10.216828478964402,0
108000,1266,347,2303.625,8,0.0,4613,0.481431351842793,13.293948126801153,0
108000,1304,334,2620.4,10,0.0,9516,1.0719421883739277,28.491017964071855,0
108000,1407,89,3020.6,5,0.0,647,1.026441331585707,7.269662921348314,0
108000,1616,268,3961.285714285714,7,0.0,6124,1.0714587553232287,22.850746268656717,0
108000,1711,68,4882.25,4,0.0,424,1.1522796584100972,6.235294117647059,0
108000,1733,261,3633.8333333333335,6,0.0,2497,0.46062487961208515,9.567049808429118,0
108000,1803,169,3556.4,5,0.0,2297,1.0106422499626422,13.591715976331361,0
108000,1839,143,2951.6666666666665,6,0.0,1798,1.1049114560427304,12.573426573426573,0
108000,1842,161,2308.1666666666665,6,0.0,2152,1.0432787917943342,13.366459627329192,0
108000,1952,159,5019.0,5,0.0,2298,1.142261764637371,14.452830188679245,0
108000,1972,120,4620.2,5,0.0,1396,1.218239817892042,11.633333333333333,0
108000,2010,89,5179.6,5,0.0,639,1.0137496304223597,7.179775280898877,0
108000,2119,227,4364.714285714285,7,0.0,4654,1.1349703824880668,20.502202643171806,0
108000,2147,288,3868.714285714286,7,0.0,7187,1.0888612269169484,24.95486111111111,0
108000,2170,232,2750.285714285714,7,0.0,4657,1.0872768272716755,20.073275862068964,0
108000,2175,366,3514.125,8,0.0,6769,0.634997780529407,18.494535519125684,0
108000,2198,176,3327.5,6,0.0,2876,1.1667381807495152,16.34090909090909,0
108000,2270,221,5651.666666666667,6,0.0,4084,1.0507781902303979,18.479638009049772,0
108000,2281,236,3932.2,5,0.0,2314,0.5220946136459912,9.805084745762711,0
108000,2403,97,4076.8,5,0.0,903,1.2060189887093562,9.309278350515465,0
108000,2439,387,2460.0,11,0.0,13243,1.1111541510323133,34.21963824289406,0
108000,2576,321,3129.1666666666665,6,0.0,3266,0.3983052030405087,10.174454828660435,0
108000,2585,132,3306.2,5,0.0,1692,1.2202880555266138,12.818181818181818,0
108000,2602,270,3514.0,6,0.0,2690,0.46369735188787614,9.962962962962964,0
108000,2729,135,4278.8,5,0.0,1419,0.9784186503031916,10.511111111111111,0
108000,2744,200,3148.0,6,0.0,3391,1.0653140688322988,16.955,0
108000,2750,254,3232.1428571428573,7,0.0,5212,1.0151888468293138,20.519685039370078,0
108000,2797,333,3838.3333333333335,6,0.0,4091,0.4636079519460305,12.285285285285285,0
108000,2873,283,4102.0,8,0.0,6721,1.0545590143354018,23.749116607773853,0
108000,2907,159,5975.0,5,0.0,2293,1.1397764257238867,14.421383647798741,0
108000,2953,240,5390.166666666667,6,0.0,5763,1.257291559905415,24.0125,0
108000,3006,94,4717.0,4,0.0,699,0.9941028813305864,7.4361702127659575,0
108000,3100,106,3685.6,5,0.0,1117,1.249255604862869,10.537735849056604,0
108000,3129,490,4020.8888888888887,9,0.0,6068,0.3175874089459869,12.383673469387755,0
108000,3131,145,5508.4,5,0.0,2062,1.232430735163311,14.220689655172414,0
108000,3137,304,3905.5,8,0.0,7405,1.006903289466431,24.35855263157895,0
108000,3309,148,2375.1666666666665,6,0.0,1979,1.1353564392721331,13.371621621621621,0
108000,3422,257,3177.5,6,0.0,2342,0.44558494419036143,9.11284046692607,0
108000,3469,148,6275.0,4,0.0,1952,1.1198664827989913,13.18918918918919,0
108000,3532,117,6488.5,4,0.0,1330,1.2209272347941924,11.367521367521368,0
108000,3614,145,4440.0,5,0.0,1696,1.0136772681071655,11.696551724137931,0
108000,3619,97,5770.25,4,0.0,990,1.3222135092162377,10.206185567010309,0
108000,3635,169,2498.1428571428573,7,0.0,2606,1.1465971717033718,15.420118343195266,0
108000,3663,111,5244.8,5,0.0,1103,1.1249660569465276,9.936936936936936,0
108000,3792,102,7044.5,4,0.0,911,1.1003425249597467,8.931372549019608,0
108000,3992,362,3372.285714285714,7,0.0,4391,0.4210718031169006,12.129834254143647,0
108000,4042,234,2254.714285714286,7,0.0,4500,1.0327392023635087,19.23076923076923,0
108000,4329,283,2473.777777777778,9,0.0,7509,1.1782002140521548,26.53356890459364,0
108000,4352,326,4058.1666666666665,6,0.0,3800,0.4493225971486023,11.656441717791411,0
108000,4362,183,4603.8,5,0.0,2993,1.1230895890822956,16.3551912568306,0
108000,4405,183,5364.0,5,0.0,2783,1.0442894508573435,15.207650273224044,0
108000,4477,265,5290.25,4,0.0,1325,0.2371013323463995,5.0,0
108000,4490,161,4531.8,5,0.0,1986,0.9628028255128012,12.335403726708075,0
108000,4501,198,4354.666666666667,6,0.0,3496,1.1206007465513639,17.656565656565657,0
108000,4591,129,6019.4,5,0.0,1501,1.1334728857732779,11.635658914728682,0
108000,4596,281,3881.8571428571427,7,0.0,6356,1.011535462125187,22.619217081850532,0
108000,4663,101,4728.0,5,0.0,865,1.0655730400373185,8.564356435643564,0
108000,4703,84,4067.4,5,0.0,641,1.1415878066615972,7.630952380952381,0
108000,4773,186,3956.3333333333335,6,0.0,3377,1.2266341069687516,18.155913978494624,0
108000,4777,78,4490.0,5,0.0,511,1.0554594648155058,6.551282051282051,0
108000,4792,96,4897.0,5,0.0,918,1.2517283229146832,9.5625,0
108000,4809,492,2677.7,10,0.0,10251,0.532164490249669,20.835365853658537,0
108000,4843,216,4799.833333333333,6,0.0,3963,1.0673981212428283,18.34722222222222,0
108000,4858,185,5176.6,5,0.0,2871,1.0541431711855425,15.518918918918919,0
108000,4920,92,3252.8,5,0.0,766,1.1372684180764563,8.326086956521738,0
110000,45,190,4090.5,6,0.0,3131,1.0898976840320933,16.478947368421053,0
110000,162,315,2698.4285714285716,7,0.0,4007,0.5074673424211358,12.72063492063492,0
110000,165,77,3309.0,5,0.0,557,1.1805478887161511,7.233766233766234,0
110000,277,177,4937.833333333333,6,0.0,2784,1.1166898333932118,15.728813559322035,0
110000,370,241,4289.0,6,0.0,4433,0.9591212433231903,18.394190871369293,0
110000,374,58,4857.2,5,0.0,300,1.1206632533614007,5.172413793103448,0
110000,552,137,5500.4,5,0.0,1649,1.1040516353070635,12.036496350364963,0
110000,563,275,3377.0,8,0.0,6824,1.133922817486109,24.814545454545456,0
110000,717,254,2817.1428571428573,7,0.0,6292,1.225550311636616,24.771653543307085,0
110000,775,158,4514.0,5,0.0,1962,0.9876309543892283,12.417721518987342,0
110000,903,421,3037.1428571428573,7,0.0,5460,0.3871134983124733,12.969121140142517,0
110000,969,282,4181.714285714285,7,0.0,6926,1.0944454865833162,24.56028368794326,0
110000,1245,310,3822.5,6,0.0,3164,0.41373565685569635,10.206451612903226,0
110000,1266,350,2297.875,8,0.0,4654,0.4774195007283885,13.297142857142857,0
110000,1304,334,2613.1,10,0.0,9603,1.0817424164517473,28.751497005988025,0
110000,1407,89,3034.4,5,0.0,609,0.9661557510598076,6.842696629213483,0
110000,1616,267,3972.714285714286,7,0.0,6108,1.0766793153572896,22.876404494382022,0
110000,1711,58,4918.25,4,0.0,302,1.1281343417171432,5.206896551724138,0
110000,1733,263,3634.8333333333335,6,0.0,2520,0.4578243714407483,9.581749049429657,0
110000,1803,167,3575.8,5,0.0,2254,1.015619038501401,13.497005988023952,0
110000,1839,142,2945.3333333333335,6,0.0,1800,1.1217748019166094,12.67605633802817,0
110000,1842,162,2309.3333333333335,6,0.0,2160,1.03426918636701,13.333333333333334,0
110000,1952,158,5040.6,5,0.0,2287,1.15122935407144,14.474683544303797,0
110000,1972,119,4636.8,5,0.0,1383,1.2272643570128337,11.621848739495798,0
110000,2010,86,5205.4,5,0.0,594,1.0092515068860666,6.906976744186046,0
110000,2119,228,4375.428571428572,7,0.0,4680,1.1313214542013106,20.526315789473685,0
110000,2147,289,3874.0,7,0.0,7216,1.0857021629675865,24.968858131487888,0
110000,2170,232,2741.714285714286,7,0.0,4681,1.0928801435384825,20.176724137931036,0
110000,2175,367,3501.25,8,0.0,6851,0.639192547861924,18.667574931880107,0
110000,2198,175,3334.8333333333335,6,0.0,2865,1.1755967938004581,16.37142857142857,0
110000,2270,220,5671.833333333333,6,0.0,4082,1.059833158012689,18.554545454545455,0
110000,2281,235,3948.0,5,0.0,2295,0.522224002896411,9.76595744680851,0
110000,2403,96,4087.0,5,0.0,877,1.19582324531174,9.135416666666666,0
110000,2439,389,2448.4545454545455,11,0.0,13334,1.1073148193037663,34.27763496143959,0
110000,2576,320,3133.6666666666665,6,0.0,3292,0.4039891802975625,10.2875,0
110000,2585,130,3333.0,5,0.0,1643,1.2216891668279362,12.638461538461538,0
110000,2602,270,3528.6666666666665,6,0.0,2687,0.46318021729469266,9.951851851851853,0
110000,2729,134,4287.4,5,0.0,1404,0.982578767128552,10.477611940298507,0
110000,2744,201,3139.8333333333335,6,0.0,3407,1.0597169546080962,16.950248756218905,0
110000,2750,255,3224.285714285714,7,0.0,5234,1.011493791550264,20.525490196078433,0
110000,2797,333,3844.8333333333335,6,0.0,4091,0.4636079519460305,12.285285285285285,0
110000,2873,285,4094.75,8,0.0,6827,1.0562094451736541,23.95438596491228,0
110000,2907,159,5995.6,5,0.0,2285,1.135799883462312,14.371069182389936,0
110000,2953,241,5424.666666666667,6,0.0,5756,1.2453647364241558,23.883817427385893,0
110000,3006,87,4767.25,4,0.0,617,1.0243692256651618,7.091954022988506,0
110000,3100,106,3697.8,5,0.0,1101,1.2313611646857823,10.38679245283019,0
110000,3129,494,4020.4444444444443,9,0.0,6134,0.3158637141588912,12.417004048582996,0
110000,3131,145,5534.4,5,0.0,2047,1.2234654291364198,14.117241379310345,0
110000,3137,306,3911.25,8,0.0,7449,0.9996891655598432,24.34313725490196,0
110000,3309,149,2372.3333333333335,6,0.0,2008,1.1365826851778398,13.476510067114093,0
110000,3422,257,3175.3333333333335,6,0.0,2339,0.4450141692832004,9.101167315175097,0
110000,3469,146,6315.25,4,0.0,1884,1.1106700242753182,12.904109589041095,0
110000,3532,115,6539.25,4,0.0,1280,1.2162536398018708,11.130434782608695,0
110000,3614,145,4449.4,5,0.0,1692,1.0112865198333278,11.668965517241379,0
110000,3619,95,5805.5,4,0.0,947,1.3185986672352505,9.968421052631578,0
110000,3635,169,2488.714285714286,7,0.0,2672,1.1756360870266347,15.810650887573965,0
110000,3663,110,5270.0,5,0.0,1077,1.1185108389805642,9.790909090909091,0
110000,3792,99,7090.75,4,0.0,863,1.1064970758281774,8.717171717171718,0
110000,3992,362,3377.1428571428573,7,0.0,4405,0.42241432309950977,12.168508287292818,0
110000,4042,234,2236.285714285714,7,0.0,4520,1.037329154374013,19.316239316239315,0
110000,4329,284,2471.5555555555557,9,0.0,7565,1.1786425522915485,26.637323943661972,0
110000,4352,326,4066.6666666666665,6,0.0,3810,0.45050502503583545,11.687116564417177,0
110000,4362,184,4619.0,5,0.0,2969,1.1020071583776105,16.13586956521739,0
110000,4405,183,5370.4,5,0.0,2772,1.0401618245693698,15.147540983606557,0
110000,4477,260,5326.0,4,0.0,1272,0.23645596777314892,4.892307692307693,0
110000,4490,158,4549.8,5,0.0,1954,0.9836039168585893,12.367088607594937,0
110000,4501,199,4369.5,6,0.0,3508,1.1131746197109158,17.628140703517587,0
110000,4591,129,6044.6,5,0.0,1485,1.1213905632067407,11.511627906976743,0
110000,4596,282,3886.285714285714,7,0.0,6375,1.0073765487970894,22.606382978723403,0
110000,4663,99,4747.8,5,0.0,851,1.0911112532210647,8.595959595959595,0
110000,4703,83,4083.0,5,0.0,618,1.1273068717773216,7.445783132530121,0
110000,4773,188,3960.5,6,0.0,3397,1.207785224563663,18.069148936170212,0
110000,4777,74,4513.6,5,0.0,472,1.0831495489367293,6.378378378378378,0
110000,4792,95,4920.8,5,0.0,897,1.2489788854382469,9.442105263157895,0
110000,4809,497,2666.2,10,0.0,10320,0.5250211317813791,20.764587525150905,0
110000,4843,218,4806.5,6,0.0,3985,1.053719949882613,18.279816513761467,0
110000,4858,184,5195.6,5,0.0,2848,1.057095448655923,15.478260869565217,0
110000,4920,90,3272.8,5,0.0,741,1.1495902006469318,8.233333333333333,0
112000,45,190,4096.833333333333,6,0.0,3137,1.0919862774860034,16.510526315789473,0
112000,162,317,2686.285714285714,7,0.0,4038,0.5049607871586178,12.738170347003155,0
112000,165,76,3321.8,5,0.0,522,1.1356726905636232,6.868421052631579,0
112000,277,178,4955.166666666667,6,0.0,2802,1.1113170831155914,15.741573033707866,0
112000,370,241,4291.333333333333,6,0.0,4438,0.960203040349271,18.414937759336098,0
112000,374,49,4873.8,5,0.0,219,1.146203733671245,4.469387755102041,0
112000,552,138,5519.2,5,0.0,1640,1.0821701222195463,11.884057971014492,0
112000,563,276,3383.0,8,0.0,6882,1.1352888385845912,24.934782608695652,0
112000,717,255,2806.1428571428573,7,0.0,6324,1.2221411421023824,24.8,0
112000,775,158,4538.6,5,0.0,1956,0.984610676241249,12.379746835443038,0
112000,903,420,3032.1428571428573,7,0.0,5485,0.3907400386607713,13.05952380952381,0
112000,969,283,4192.142857142857,7,0.0,6937,1.0884505107044609,24.512367491166078,0
112000,1245,311,3833.1666666666665,6,0.0,3168,0.41159895065487184,10.186495176848874,0
112000,1266,354,2288.375,8,0.0,4695,0.4708026910722997,13.26271186440678,0
112000,1304,333,2606.5,10,0.0,9667,1.095501850760762,29.03003003003003,0
112000,1407,86,3046.0,5,0.0,560,0.9514829021148102,6.511627906976744,0
112000,1616,267,3982.285714285714,7,0.0,6098,1.0749165790846025,22.83895131086142,0
112000,1711,39,4962.0,4,0.0,145,1.1979774747416698,3.717948717948718,0
112000,1733,264,3635.6666666666665,6,0.0,2531,0.4563459025617405,9.587121212121213,0
112000,1803,166,3594.6,5,0.0,2212,1.008738996914011,13.325301204819278,0
112000,1839,143,2941.6666666666665,6,0.0,1801,1.10675502354447,12.594405594405595,0
112000,1842,163,2312.3333333333335,6,0.0,2153,1.0183068964852007,13.208588957055214,0
112000,1952,157,5070.2,5,0.0,2276,1.1603334625453965,14.496815286624203,0
112000,1972,119,4659.0,5,0.0,1356,1.2033047491752726,11.394957983193278,0
112000,2010,84,5230.0,5,0.0,556,0.9902072082743338,6.619047619047619,0
112000,2119,228,4390.0,7,0.0,4701,1.1363978966240087,20.61842105263158,0
112000,2147,291,3876.8571428571427,7,0.0,7263,1.0778043453914181,24.95876288659794,0
112000,2170,234,2734.8571428571427,7,0.0,4703,1.0793272152701292,20.0982905982906,0
112000,2175,369,3492.0,8,0.0,6925,0.6391119079944865,18.766937669376695,0
112000,2198,175,3339.8333333333335,6,0.0,2858,1.172724480517176,16.33142857142857,0
112000,2270,220,5690.666666666667,6,0.0,4089,1.061650608308154,18.586363636363636,0
112000,2281,234,3962.4,5,0.0,2280,0.523254529197511,9.743589743589743,0
112000,2403,96,4092.8,5,0.0,855,1.1658253987930873,8.90625,0
112000,2439,390,2437.818181818182,11,0.0,13441,1.1104838095174334,34.46410256410256,0
112000,2576,321,3133.6666666666665,6,0.0,3320,0.40489077590155814,10.342679127725857,0
112000,2585,129,3355.4,5,0.0,1607,1.2135182727765874,12.457364341085272,0
112000,2602,271,3542.3333333333335,6,0.0,2692,0.4606237618476722,9.933579335793358,0
112000,2729,133,4301.4,5,0.0,1394,0.9903058757655429,10.481203007518797,0
112000,2744,202,3132.1666666666665,6,0.0,3429,1.0560259983491227,16.975247524752476,0
112000,2750,256,3219.0,7,0.0,5249,1.0064831444514664,20.50390625,0
112000,2797,333,3853.6666666666665,6,0.0,4102,0.46485451451542825,12.318318318318319,0
112000,2873,286,4089.25,8,0.0,6938,1.065889277255904,24.25874125874126,0
112000,2907,158,6019.4,5,0.0,2263,1.1391482414795229,14.322784810126583,0
112000,2953,241,5468.166666666667,6,0.0,5744,1.242768423561562,23.83402489626556,0
112000,3006,82,4813.75,4,0.0,531,0.9923769774278287,6.475609756097561,0
112000,3100,106,3707.6,5,0.0,1092,1.221295542086171,10.30188679245283,0
112000,3129,495,4022.1111111111113,9,0.0,6186,0.3172556621586607,12.496969696969696,0
112000,3131,144,5564.8,5,0.0,2037,1.234456835525156,14.145833333333334,0
112000,3137,309,3911.625,8,0.0,7512,0.9886634624172989,24.310679611650485,0
112000,3309,149,2368.1666666666665,6,0.0,2035,1.151865420486506,13.657718120805368,0
112000,3422,256,3174.6666666666665,6,0.0,2337,0.4481141376610929,9.12890625,0
112000,3469,145,6350.0,4,0.0,1839,1.0991465188968617,12.682758620689656,0
112000,3532,114,6589.25,4,0.0,1239,1.1980404117567724,10.868421052631579,0
112000,3614,144,4457.0,5,0.0,1686,1.0217448329383472,11.708333333333334,0
112000,3619,91,5839.0,4,0.0,895,1.3581574326592754,9.835164835164836,0
112000,3635,172,2478.5714285714284,7,0.0,2727,1.1583454794942356,15.854651162790697,0
112000,3663,109,5296.0,5,0.0,1041,1.1010514106176164,9.55045871559633,0
112000,3792,97,7138.75,4,0.0,824,1.1005090218123028,8.494845360824742,0
112000,3992,364,3379.0,7,0.0,4424,0.4195871845031169,12.153846153846153,0
112000,4042,236,2213.5714285714284,7,0.0,4543,1.0250111624000597,19.25,0
112000,4329,284,2470.6666666666665,9,0.0,7611,1.185809446859349,26.799295774647888,0
112000,4352,327,4077.5,6,0.0,3813,0.4481064178338105,11.660550458715596,0
112000,4362,184,4632.2,5,0.0,2943,1.0923567083547685,15.994565217391305,0
112000,4405,181,5382.4,5,0.0,2766,1.0609743633990865,15.281767955801104,0
112000,4477,253,5358.25,4,0.0,1232,0.2418686215515084,4.869565217391305,0
112000,4490,156,4572.6,5,0.0,1937,1.000207917489058,12.416666666666666,0
112000,4501,198,4379.333333333333,6,0.0,3510,1.1250882781451048,17.727272727272727,0
112000,4591,129,6063.8,5,0.0,1481,1.1183699825651063,11.48062015503876,0
112000,4596,282,3891.1428571428573,7,0.0,6393,1.0102209061113399,22.670212765957448,0
112000,4663,99,4761.0,5,0.0,836,1.0718789749621742,8.444444444444445,0
112000,4703,81,4098.6,5,0.0,583,1.1166276586147534,7.197530864197531,0
112000,4773,189,3968.5,6,0.0,3410,1.1996115392896274,18.04232804232804,0
112000,4777,70,4539.2,5,0.0,414,1.0617300886417749,5.914285714285715,0
112000,4792,94,4943.6,5,0.0,869,1.2358732530418879,9.24468085106383,0
112000,4809,501,2656.2,10,0.0,10394,0.5203758398000377,20.746506986027946,0
112000,4843,219,4812.333333333333,6,0.0,4008,1.050145189265269,18.301369863013697,0
112000,4858,184,5213.6,5,0.0,2824,1.0481873409425302,15.347826086956522,0
112000,4920,89,3291.8,5,0.0,721,1.1438395673466688,8.101123595505618,0
114000,45,190,4103.666666666667,6,0.0,3146,1.0951191676668688,16.557894736842105,0
114000,162,319,2675.285714285714,7,0.0,4074,0.5030944456412503,12.77115987460815,0
114000,165,72,3340.4,5,0.0,471,1.1417362190129572,6.541666666666667,0
114000,277,179,4983.0,6,0.0,2812,1.1028567824842543,15.70949720670391,0
114000,370,240,4295.5,6,0.0,4434,0.9673487379178571,18.475,0
114000,374,10,5484.333333333333,3,0.0,14,1.7592918860102842,1.4,0
114000,552,137,5541.2,5,0.0,1626,1.088652491818851,11.86861313868613,0
114000,563,278,3392.25,8,0.0,6939,1.1282807009605906,24.96043165467626,0
114000,717,256,2794.285714285714,7,0.0,6362,1.219898221566056,24.8515625,0
114000,775,158,4559.6,5,0.0,1944,0.9785701199452905,12.30379746835443,0
114000,903,428,3554.375,8,0.0,5585,0.38312942113501164,13.049065420560748,0
114000,969,284,4199.714285714285,7,0.0,6957,1.083914902351924,24.496478873239436,0
114000,1245,310,3847.3333333333335,6,0.0,3168,0.4142587107834533,10.219354838709677,0
114000,1266,355,2283.125,8,0.0,4731,0.47174369669933147,13.326760563380281,0
114000,1304,338,2593.5,10,0.0,9734,1.0707000066539354,28.798816568047336,0
114000,1407,82,3057.6,5,0.0,514,0.9606059630845649,6.2682926829268295,0
114000,1616,266,3990.8571428571427,7,0.0,6086,1.080882632695318,22.8796992481203,0
114000,1733,265,3634.0,6,0.0,2551,0.4564871689174831,9.626415094339622,0
114000,1803,165,3609.0,5,0.0,2188,1.0099253959308676,13.26060606060606,0
114000,1839,143,2943.5,6,0.0,1798,1.1049114560427304,12.573426573426573,0
114000,1842,164,2310.1666666666665,6,0.0,2163,1.0105985885952888,13.189024390243903,0
114000,1952,157,5100.2,5,0.0,2266,1.1552353366115415,14.433121019108281,0
114000,1972,118,4690.0,5,0.0,1334,1.2039312266270565,11.305084745762711,0
114000,2010,81,5256.8,5,0.0,505,0.9672332205839631,6.234567901234568,0
114000,2119,229,4404.428571428572,7,0.0,4733,1.134162813786197,20.66812227074236,0
114000,2147,297,4013.5555555555557,9,0.0,7397,1.0537863872667732,24.905723905723907,0
114000,2170,235,2727.5714285714284,7,0.0,4723,1.0747119676164485,20.097872340425532,0
114000,2175,372,3483.25,8,0.0,6988,0.6345661192994991,18.78494623655914,0
114000,2198,176,3344.6666666666665,6,0.0,2860,1.1602472868371396,16.25,0
114000,2270,219,5697.5,6,0.0,4087,1.0708441588141602,18.662100456621005,0
114000,2281,231,3973.0,5,0.0,2258,0.5317528690845938,9.774891774891774,0
114000,2403,88,5160.25,4,0.0,740,1.2008153737894869,8.409090909090908,0
114000,2439,391,2428.2727272727275,11,0.0,13536,1.1126195710125244,34.61892583120205,0
114000,2576,322,3137.5,6,0.0,3359,0.4071065824392622,10.43167701863354,0
114000,2585,127,3380.4,5,0.0,1556,1.2123053305191192,12.251968503937007,0
114000,2602,270,3549.5,6,0.0,2708,0.4668001594469772,10.02962962962963,0
114000,2729,133,4315.8,5,0.0,1386,0.9846226282719097,10.421052631578947,0
114000,2744,205,3726.1428571428573,7,0.0,3471,1.0379029720985293,16.931707317073172,0
114000,2750,260,3742.8333333333335,6,0.0,5265,0.978726942079897,20.25,0
114000,2797,333,3878.1666666666665,6,0.0,4111,0.4658744293449355,12.345345345345345,0
114000,2873,292,4653.875,8,0.0,7134,1.0514224990950265,24.431506849315067,0
114000,2907,157,6037.8,5,0.0,2250,1.1470783351173734,14.331210191082803,0
114000,2953,241,5541.666666666667,6,0.0,5739,1.2416866265354813,23.813278008298756,0
114000,3006,74,4868.75,4,0.0,444,1.0188949146777708,6.0,0
114000,3100,106,3719.0,5,0.0,1088,1.2168219320418994,10.264150943396226,0
114000,3129,498,4022.4444444444443,9,0.0,6265,0.3174477504353165,12.580321285140561,0
114000,3131,143,5629.6,5,0.0,2027,1.2456371086755365,14.174825174825175,0
114000,3137,307,4493.142857142857,7,0.0,7499,0.9998537197962782,24.42671009771987,0
114000,3309,150,2364.6666666666665,6,0.0,2068,1.1549890857997676,13.786666666666667,0
114000,3422,257,3171.0,6,0.0,2340,0.4452044275855874,9.105058365758754,0
114000,3469,142,6388.75,4,0.0,1789,1.1149195114604522,12.598591549295774,0
114000,3532,113,6646.75,4,0.0,1193,1.1740684582136809,10.557522123893806,0
114000,3614,143,4465.0,5,0.0,1678,1.0311687559731375,11.734265734265735,0
114000,3619,89,5875.25,4,0.0,841,1.3342150847968772,9.44943820224719,0
114000,3635,173,2470.4285714285716,7,0.0,2785,1.1693455231043568,16.09826589595376,0
114000,3663,108,5319.2,5,0.0,1021,1.0999883742507472,9.453703703703704,0
114000,3792,93,7191.0,4,0.0,777,1.128924727408611,8.35483870967742,0
114000,3992,364,3382.0,7,0.0,4435,0.42063046186060654,12.184065934065934,0
114000,4042,239,3187.8571428571427,7,0.0,4624,1.017259811992031,19.347280334728033,0
114000,4329,286,2465.8888888888887,9,0.0,7683,1.180344092988918,26.863636363636363,0
114000,4352,329,4083.3333333333335,6,0.0,3827,0.4443002221076353,11.632218844984802,0
114000,4362,177,5819.75,4,0.0,2855,1.1451686330235704,16.129943502824858,0
114000,4405,180,5379.0,5,0.0,2755,1.0685293531654174,15.305555555555555,0
114000,4477,248,5392.5,4,0.0,1183,0.24170812364702945,4.770161290322581,0
114000,4490,152,4597.4,5,0.0,1913,1.0404893951380323,12.585526315789474,0
114000,4501,198,4406.833333333333,6,0.0,3504,1.123165050319216,17.696969696969695,0
114000,4591,128,6087.4,5,0.0,1472,1.1290098598838318,11.5,0
114000,4596,283,3893.714285714286,7,0.0,6415,1.0065460611459014,22.6678445229682,0
114000,4663,98,4791.0,5,0.0,818,1.0703135321268018,8.346938775510203,0
114000,4703,77,4115.2,5,0.0,544,1.15299470639423,7.064935064935065,0
114000,4773,190,3973.0,6,0.0,3427,1.1929349610916589,18.03684210526316,0
114000,4777,65,4575.6,5,0.0,349,1.0380268270796098,5.369230769230769,0
114000,4792,94,4963.4,5,0.0,852,1.2116962158707576,9.063829787234043,0
114000,4809,500,2648.0,10,0.0,10461,0.5258272119872452,20.922,0
114000,4843,219,4827.833333333333,6,0.0,4032,1.0564334838117677,18.410958904109588,0
114000,4858,183,5228.4,5,0.0,2806,1.052919942186743,15.333333333333334,0
114000,4920,85,3320.8,5,0.0,671,1.1670636238387548,7.894117647058824,0
116000,45,191,4111.666666666667,6,0.0,3153,1.0860932141957311,16.50785340314136,0
116000,162,323,2752.375,8,0.0,4178,0.5032377999098296,12.93498452012384,0
116000,165,69,3361.2,5,0.0,424,1.1191222727343604,6.144927536231884,0
116000,277,179,5004.833333333333,6,0.0,2829,1.1095241243413783,15.804469273743017,0
116000,370,241,4297.833333333333,6,0.0,4445,0.961717556185784,18.443983402489625,0
116000,552,135,5571.4,5,0.0,1601,1.1039099782490553,11.85925925925926,0
116000,563,280,3388.375,8,0.0,7005,1.1227988029794131,25.017857142857142,0
116000,717,260,2852.875,8,0.0,6425,1.1943628875333976,24.71153846153846,0
116000,775,158,4564.4,5,0.0,1936,0.9745430824146515,12.253164556962025,0
116000,903,429,4074.285714285714,7,0.0,5626,0.38414484314030406,13.114219114219114,0
116000,969,284,4208.857142857143,7,0.0,6968,1.085628724965963,24.535211267605632,0
116000,1245,310,3870.8333333333335,6,0.0,3178,0.4155663456028455,10.251612903225807,0
116000,1266,358,2274.0,8,0.0,4773,0.46798856888312107,13.332402234636872,0
116000,1304,338,2575.3,10,0.0,9820,1.0801596533122708,29.05325443786982,0
116000,1407,70,3759.25,4,0.0,383,0.9822285602652169,5.4714285714285715,0
116000,1616,266,3984.1428571428573,7,0.0,6080,1.079817023790262,22.857142857142858,0
116000,1733,266,3633.0,6,0.0,2568,0.4560806113640448,9.654135338345865,0
116000,1803,164,3621.6,5,0.0,2158,1.0082624845994608,13.158536585365853,0
116000,1839,143,2924.1666666666665,6,0.0,1793,1.1018388435398307,12.538461538461538,0
116000,1842,162,2314.5,6,0.0,2162,1.0352268430210536,13.345679012345679,0
116000,1952,157,5123.6,5,0.0,2251,1.147588147710759,14.337579617834395,0
116000,1972,116,4711.2,5,0.0,1318,1.230861806608605,11.362068965517242,0
116000,2010,71,6524.5,4,0.0,390,0.972204828327728,5.492957746478873,0
116000,2119,229,4419.285714285715,7,0.0,4756,1.1396742747448032,20.768558951965066,0
116000,2147,301,4516.625,8,0.0,7564,1.0491277946933564,25.12956810631229,0
116000,2170,237,2719.8571428571427,7,0.0,4749,1.0624667351669375,20.037974683544302,0
116000,2175,374,3475.125,8,0.0,7050,0.6333675028684848,18.850267379679146,0
116000,2198,175,3973.2,5,0.0,2835,1.163286879729249,16.2,0
116000,2270,219,5704.166666666667,6,0.0,4083,1.069796109723077,18.643835616438356,0
116000,2281,231,3987.8,5,0.0,2240,0.5275139179581444,9.696969696969697,0
116000,2403,77,5225.0,4,0.0,590,1.2504905823025656,7.662337662337662,0
116000,2439,395,2418.2727272727275,11,0.0,13646,1.099059082862011,34.54683544303798,0
116000,2576,324,3610.714285714286,7,0.0,3412,0.4084405629495646,10.530864197530864,0
116000,2585,127,3400.6,5,0.0,1532,1.193606533647359,12.062992125984252,0
116000,2602,271,3563.3333333333335,6,0.0,2711,0.4638748210880533,10.00369003690037,0
116000,2729,132,4336.2,5,0.0,1368,0.986615874681092,10.363636363636363,0
116000,2744,205,4363.833333333333,6,0.0,3487,1.0426873130819854,17.009756097560974,0
116000,2750,251,3768.1666666666665,6,0.0,5185,1.0342158320574644,20.657370517928285,0
116000,2797,334,3889.3333333333335,6,0.0,4119,0.4639901086498748,12.332335329341317,0
116000,2873,295,4658.75,8,0.0,7306,1.0549830934617421,24.766101694915253,0
116000,2907,157,6062.0,5,0.0,2246,1.1450390847438314,14.305732484076433,0
116000,2953,240,5620.5,6,0.0,5725,1.249001245958442,23.854166666666668,0
116000,3006,64,4923.0,4,0.0,335,1.0277671278833795,5.234375,0
116000,3100,104,3733.8,5,0.0,1067,1.2396743200370968,10.259615384615385,0
116000,3129,499,4012.222222222222,9,0.0,6326,0.31925518574799344,12.677354709418838,0
116000,3131,143,5677.2,5,0.0,2019,1.240720928670897,14.118881118881118,0
116000,3137,304,4527.142857142857,7,0.0,7463,1.0147899053731226,24.549342105263158,0
116000,3309,151,2355.6666666666665,6,0.0,2102,1.1584803750442076,13.920529801324504,0
116000,3422,257,3169.3333333333335,6,0.0,2343,0.44577520249274843,9.116731517509727,0
116000,3469,142,6429.5,4,0.0,1743,1.0862519331892502,12.274647887323944,0
116000,3532,109,6725.5,4,0.0,1143,1.2089354105052215,10.486238532110091,0
116000,3614,141,4453.2,5,0.0,1666,1.0530442856758906,11.815602836879433,0
116000,3619,86,5930.75,4,0.0,790,1.3422705226262501,9.186046511627907,0
116000,3635,176,2462.0,7,0.0,2840,1.15213366944667,16.136363636363637,0
116000,3663,106,5348.4,5,0.0,992,1.1094552909793787,9.358490566037736,0
116000,3792,92,7244.0,4,0.0,731,1.0853044564149994,7.945652173913044,0
116000,3992,364,3384.714285714286,7,0.0,4446,0.4216737392180962,12.214285714285714,0
116000,4042,239,3181.285714285714,7,0.0,4653,1.0236396853803895,19.468619246861923,0
116000,4329,288,2460.6666666666665,9,0.0,7745,1.1734006125604237,26.89236111111111,0
116000,4352,328,4092.1666666666665,6,0.0,3836,0.448064746399853,11.695121951219512,0
116000,4362,171,5892.75,4,0.0,2730,1.173222248801359,15.964912280701755,0
116000,4405,180,5369.0,5,0.0,2750,1.066590098440979,15.277777777777779,0
116000,4477,241,5429.5,4,0.0,1133,0.24513520610989725,4.7012448132780085,0
116000,4490,150,4618.6,5,0.0,1896,1.0589261637699996,12.64,0
116000,4501,197,4425.833333333333,6,0.0,3500,1.1333014803333532,17.766497461928935,0
116000,4591,128,6113.6,5,0.0,1468,1.1259418983080607,11.46875,0
116000,4596,284,3911.285714285714,7,0.0,6436,1.0027420312687914,22.661971830985916,0
116000,4663,97,4811.4,5,0.0,794,1.0604419457754473,8.185567010309278,0
116000,4703,75,4127.8,5,0.0,507,1.13264887137424,6.76,0
116000,4773,192,3989.285714285714,7,0.0,3518,1.1992320915070414,18.322916666666668,0
116000,4777,56,5054.5,4,0.0,255,1.0218190391140272,4.553571428571429,0
116000,4792,91,4971.0,5,0.0,827,1.2549678176639338,9.087912087912088,0
116000,4809,504,2639.1,10,0.0,10541,0.5214715318954712,20.91468253968254,0
116000,4843,220,4837.5,6,0.0,4055,1.0528229925873231,18.431818181818183,0
116000,4858,182,5250.4,5,0.0,2779,1.054279191441376,15.26923076923077,0
116000,4920,84,3341.2,5,0.0,647,1.1522734959595216,7.7023809523809526,0
118000,45,191,4122.333333333333,6,0.0,3163,1.089537848557278,16.56020942408377,0
118000,162,325,2726.0,8,0.0,4334,0.5156227241906051,13.335384615384616,0
118000,165,64,3409.8,5,0.0,359,1.1013982057018903,5.609375,0
118000,277,179,5028.0,6,0.0,2841,1.114230483299348,15.871508379888269,0
118000,370,242,4300.833333333333,6,0.0,4453,0.9555024989027627,18.40082644628099,0
118000,552,134,5596.6,5,0.0,1579,1.105051191806256,11.783582089552239,0
118000,563,282,3384.0,8,0.0,7082,1.1190965833068214,25.113475177304963,0
118000,717,268,3237.5714285714284,7,0.0,6604,1.1554398465307971,24.64179104477612,0
118000,775,158,4575.8,5,0.0,1935,0.9740397027233215,12.246835443037975,0
118000,903,431,4077.5714285714284,7,0.0,5657,0.38268505534224,13.125290023201856,0
118000,969,284,4216.285714285715,7,0.0,6976,1.086875141412537,24.56338028169014,0
118000,1245,311,3904.3333333333335,6,0.0,3182,0.4134178854115537,10.231511254019292,0
118000,1266,358,2274.75,8,0.0,4818,0.47240078040621775,13.458100558659218,0
118000,1304,340,2560.8,10,0.0,9891,1.0752073680504028,29.091176470588234,0
118000,1407,49,3849.0,4,0.0,190,0.9944233305823585,3.877551020408163,0
118000,1616,266,3979.0,7,0.0,6079,1.0796394223060857,22.853383458646615,0
118000,1733,268,3631.8333333333335,6,0.0,2582,0.45174828645404574,9.634328358208956,0
118000,1803,164,3630.6,5,0.0,2141,1.0003197310136447,13.054878048780488,0
118000,1839,143,2911.1666666666665,6,0.0,1788,1.0987662310369308,12.503496503496503,0
118000,1842,164,2317.8333333333335,6,0.0,2160,1.009196926197792,13.170731707317072,0
118000,1952,156,5137.2,5,0.0,2245,1.1592497546530383,14.39102564102564,0
118000,1972,115,4733.0,5,0.0,1298,1.2333572066115845,11.28695652173913,0
118000,2010,52,6631.75,4,0.0,220,1.0224118103398736,4.230769230769231,0
118000,2119,230,4432.428571428572,7,0.0,4784,1.136436994689873,20.8,0
118000,2147,305,4524.375,8,0.0,7660,1.0347583865196588,25.114754098360656,0
118000,2170,238,2714.5714285714284,7,0.0,4778,1.0599907985913446,20.07563025210084,0
118000,2175,373,3468.75,8,0.0,7086,0.6400197095742015,18.99731903485255,0
118000,2198,168,4059.2,5,0.0,2723,1.2123804982603466,16.208333333333332,0
118000,2270,219,5707.333333333333,6,0.0,4090,1.0716301956324725,18.67579908675799,0
118000,2281,228,3997.6,5,0.0,2220,0.5366524846852371,9.736842105263158,0
118000,2403,68,5283.5,4,0.0,450,1.2229383167088295,6.617647058823529,0
118000,2439,396,2405.0,11,0.0,13747,1.1016088717707093,34.714646464646464,0
118000,2576,332,4193.428571428572,7,0.0,3624,0.41316344086984363,10.91566265060241,0
118000,2585,125,3416.6,5,0.0,1500,1.2063715789784806,12.0,0
118000,2602,272,3571.0,6,0.0,2718,0.46165921455758313,9.992647058823529,0
118000,2729,132,4384.4,5,0.0,1356,0.9779613494645911,10.272727272727273,0
118000,2744,204,4372.666666666667,6,0.0,3499,1.0565583136207886,17.151960784313726,0
118000,2750,250,3781.6666666666665,6,0.0,5141,1.0336593812547281,20.564,0
118000,2797,334,3897.3333333333335,6,0.0,4119,0.4639901086498748,12.332335329341317,0
118000,2873,298,4662.5,8,0.0,7423,1.050405038853972,24.909395973154364,0
118000,2907,158,6083.8,5,0.0,2243,1.1290806476529252,14.19620253164557,0
118000,2953,241,5703.666666666667,6,0.0,5726,1.2388739542676714,23.759336099585063,0
118000,3006,52,4986.0,4,0.0,219,1.0177644839292377,4.211538461538462,0
118000,3100,104,3748.6,5,0.0,1050,1.2199231827918946,10.096153846153847,0
118000,3129,498,4508.25,8,0.0,6351,0.32180537318670305,12.75301204819277,0
118000,3131,144,5709.6,5,0.0,2012,1.219306407990483,13.972222222222221,0
118000,3137,303,4555.428571428572,7,0.0,7431,1.0171192370606696,24.524752475247524,0
118000,3309,151,2345.8333333333335,6,0.0,2151,1.18548586428168,14.245033112582782,0
118000,3422,258,3166.1666666666665,6,0.0,2347,0.443081422869734,9.0968992248062,0
118000,3469,139,6461.75,4,0.0,1696,1.1030777165753924,12.201438848920864,0
118000,3532,107,6846.0,4,0.0,1099,1.2062574290488892,10.271028037383177,0
118000,3614,140,4447.0,5,0.0,1652,1.0591655232102732,11.8,0
118000,3619,82,5999.0,4,0.0,730,1.3642847335636819,8.902439024390244,0
118000,3635,175,2454.0,7,0.0,2899,1.1895480297478283,16.565714285714286,0
118000,3663,105,5373.6,5,0.0,967,1.1021932321165822,9.209523809523809,0
118000,3792,89,7296.0,4,0.0,682,1.081967524175351,7.662921348314606,0
118000,3992,365,3386.8571428571427,7,0.0,4464,0.42106420283354734,12.23013698630137,0
118000,4042,240,3168.8571428571427,7,0.0,4694,1.0240719386076729,19.558333333333334,0
118000,4329,289,2456.6666666666665,9,0.0,7812,1.1753749025918494,27.031141868512112,0
118000,4352,330,4106.0,6,0.0,3848,0.4440348404412681,11.66060606060606,0
118000,4362,167,5941.25,4,0.0,2640,1.1895449253077632,15.808383233532934,0
118000,4405,180,5364.2,5,0.0,2741,1.0630994399369904,15.227777777777778,0
118000,4477,236,5467.5,4,0.0,1097,0.2475098492522266,4.648305084745763,0
118000,4490,147,4638.2,5,0.0,1871,1.0880503225260776,12.727891156462585,0
118000,4501,198,4434.333333333333,6,0.0,3506,1.123806126261179,17.707070707070706,0
118000,4591,127,6138.0,5,0.0,1468,1.1437430753226652,11.559055118110237,0
118000,4596,283,3934.4285714285716,7,0.0,6458,1.0132929794045566,22.819787985865723,0
118000,4663,95,4828.0,5,0.0,768,1.0693598484019773,8.08421052631579,0
118000,4703,73,4126.2,5,0.0,472,1.113028134730255,6.465753424657534,0
118000,4773,193,4004.5714285714284,7,0.0,3662,1.2354170364246904,18.974093264248705,0
118000,4792,91,4978.6,5,0.0,804,1.2200654478860977,8.835164835164836,0
118000,4809,507,2630.3,10,0.0,10622,0.5192783814203639,20.95069033530572,0
118000,4843,224,5434.166666666667,6,0.0,4097,1.026076618443669,18.290178571428573,0
118000,4858,181,5272.0,5,0.0,2752,1.0556042834686499,15.204419889502763,0
118000,4920,82,3365.2,5,0.0,618,1.154969815537473,7.536585365853658,0
120000,45,193,4130.333333333333,6,0.0,3168,1.0687605601838939,16.414507772020727,0
120000,162,325,5077.857142857143,7,0.0,4471,0.5319218273779869,13.756923076923076,0
120000,165,56,3435.4,5,0.0,280,1.121997376282069,5.0,0
120000,277,180,5055.0,6,0.0,2854,1.1069265967092927,15.855555555555556,0
120000,370,243,4305.5,6,0.0,4462,0.9495697756316048,18.362139917695472,0
120000,552,135,5622.4,5,0.0,1570,1.082535081730804,11.62962962962963,0
120000,563,285,3373.25,8,0.0,7186,1.1117505599850417,25.2140350877193,0
120000,717,270,3243.5714285714284,7,0.0,6637,1.1440740983196411,24.581481481481482,0
120000,775,159,4594.8,5,0.0,1919,0.9538730749952633,12.069182389937106,0
120000,903,429,4075.5714285714284,7,0.0,5685,0.3881733795329948,13.251748251748252,0
120000,969,284,4223.571428571428,7,0.0,6982,1.0878099537474675,24.58450704225352,0
120000,1245,311,3935.8333333333335,6,0.0,3185,0.41380765714512835,10.241157556270096,0
120000,1266,355,2612.285714285714,7,0.0,4793,0.4779259222743385,13.501408450704226,0
120000,1304,339,2551.5,10,0.0,9948,1.0877929610049082,29.345132743362832,0
120000,1616,265,3974.4285714285716,7,0.0,6085,1.088876684775729,22.962264150943398,0
120000,1733,273,4256.166666666667,6,0.0,2656,0.44782944024122107,9.728937728937728,0
120000,1803,162,3641.4,5,0.0,2112,1.0112854266699653,13.037037037037036,0
120000,1839,143,2898.0,6,0.0,1791,1.1006097985386707,12.524475524475525,0
120000,1842,164,2329.8333333333335,6,0.0,2153,1.0059263806036325,13.128048780487806,0
120000,1952,156,5156.8,5,0.0,2235,1.154086058641221,14.326923076923077,0
120000,1972,115,4761.4,5,0.0,1280,1.2162536398018708,11.130434782608695,0
120000,2119,230,5182.833333333333,6,0.0,4807,1.1419006340874205,20.9,0
120000,2147,305,4529.25,8,0.0,7745,1.0462406923752947,25.39344262295082,0
120000,2170,240,2692.285714285714,7,0.0,4826,1.0528698712655793,20.108333333333334,0
120000,2175,374,3464.25,8,0.0,7119,0.639566418854006,19.03475935828877,0
120000,2198,165,4086.0,5,0.0,2670,1.232404390829715,16.181818181818183,0
120000,2270,219,5713.666666666667,6,0.0,4095,1.0729402569963264,18.698630136986303,0
120000,2281,227,4011.4,5,0.0,2204,0.5374891970356035,9.709251101321586,0
120000,2403,56,5345.0,4,0.0,303,1.2141614464766675,5.410714285714286,0
120000,2439,399,2794.0,11,0.0,13874,1.095130218425884,34.771929824561404,0
120000,2576,337,4209.285714285715,7,0.0,3754,0.4153788030739404,11.13946587537092,0
120000,2585,124,3433.4,5,0.0,1477,1.207110392651437,11.911290322580646,0
120000,2602,272,3579.1666666666665,6,0.0,2725,0.4628481823654945,10.018382352941176,0
120000,2729,132,4411.2,5,0.0,1335,0.9628159303357148,10.113636363636363,0
120000,2744,204,4382.833333333333,6,0.0,3509,1.059577914402786,17.20098039215686,0
120000,2750,248,3796.8333333333335,6,0.0,5103,1.0426344505247602,20.576612903225808,0
120000,2797,337,3903.3333333333335,6,0.0,4124,0.45631917524691795,12.237388724035608,0
120000,2873,300,4669.125,8,0.0,7543,1.053201483823458,25.143333333333334,0
120000,2907,157,6109.8,5,0.0,2233,1.13841152102982,14.222929936305732,0
120000,2953,241,5759.833333333333,6,0.0,5727,1.2390903136728875,23.763485477178424,0
120000,3006,18,5069.25,4,0.0,34,1.318693212617938,1.8888888888888888,0
120000,3100,104,3764.4,5,0.0,1042,1.210628529970623,10.01923076923077,0
120000,3129,495,4523.0,8,0.0,6334,0.32484600131150293,12.795959595959596,0
120000,3131,144,5742.2,5,0.0,2004,1.2144582711793876,13.916666666666666,0
120000,3137,303,4580.142857142857,7,0.0,7421,1.0157504855641541,24.49174917491749,0
120000,3309,153,2325.6666666666665,6,0.0,2226,1.1949566827956561,14.549019607843137,0
120000,3422,258,3163.1666666666665,6,0.0,2348,0.4432702091598362,9.10077519379845,0
120000,3469,136,6489.25,4,0.0,1641,1.1149120987328829,12.066176470588236,0
120000,3532,105,6957.25,4,0.0,1051,1.1979370082259855,10.00952380952381,0
120000,3614,140,4442.0,5,0.0,1647,1.0559598164208959,11.764285714285714,0
120000,3619,78,6073.5,4,0.0,671,1.3859360095718283,8.602564102564102,0
120000,3635,177,2442.4285714285716,7,0.0,2966,1.1896918268118772,16.757062146892654,0
120000,3663,103,5395.0,5,0.0,944,1.118168899986338,9.16504854368932,0
120000,3792,85,7358.5,4,0.0,626,1.0887955715693898,7.364705882352941,0
120000,3992,368,3387.8571428571427,7,0.0,4482,0.4158972788690174,12.179347826086957,0
120000,4042,241,3156.714285714286,7,0.0,4732,1.0238127054828188,19.634854771784234,0
120000,4329,289,2446.3333333333335,9,0.0,7899,1.1884647152551227,27.33217993079585,0
120000,4352,333,4099.666666666667,6,0.0,3866,0.43811008120834855,11.60960960960961,0
120000,4362,164,5969.25,4,0.0,2550,1.1914130378723933,15.548780487804878,0
120000,4405,180,5363.6,5,0.0,2731,1.0592209304881142,15.172222222222222,0
120000,4477,230,5499.25,4,0.0,1053,0.25013966459206444,4.578260869565217,0
120000,4490,143,4654.8,5,0.0,1849,1.1362521035723072,12.93006993006993,0
120000,4501,197,4432.0,6,0.0,3516,1.1384822871005913,17.84771573604061,0
120000,4591,128,6159.4,5,0.0,1470,1.1274758790959463,11.484375,0
120000,4596,283,3954.1428571428573,7,0.0,6485,1.0175294164506892,22.915194346289752,0
120000,4663,93,4843.4,5,0.0,751,1.091148610403947,8.075268817204302,0
120000,4703,69,4127.4,5,0.0,420,1.1085645154444135,6.086956521739131,0
120000,4773,197,5099.833333333333,6,0.0,3867,1.2521362355568793,19.629441624365484,0
120000,4792,88,4990.2,5,0.0,777,1.2608561424789613,8.829545454545455,0
120000,4809,512,2628.6,10,0.0,10682,0.5120619617560755,20.86328125,0
120000,4843,225,5457.833333333333,6,0.0,4113,1.020947799246603,18.28,0
120000,4858,181,5292.0,5,0.0,2738,1.0502342035382137,15.12707182320442,0
120000,4920,79,3396.0,5,0.0,583,1.1738814401812847,7.379746835443038,0
122000,45,192,4145.333333333333,6,0.0,3172,1.081286013149612,16.520833333333332,0
122000,162,331,5092.571428571428,7,0.0,4539,0.5206118620547119,13.712990936555892,0
122000,165,30,4634.666666666667,3,0.0,97,1.3543754995475996,3.2333333333333334,0
122000,277,181,5071.333333333333,6,0.0,2875,1.102784271428913,15.883977900552486,0
122000,370,243,4311.166666666667,6,0.0,4471,0.9514850889396917,18.39917695473251,0
122000,552,135,5657.4,5,0.0,1561,1.0763294666126018,11.562962962962963,0
122000,563,293,3739.125,8,0.0,7327,1.0725086779276365,25.006825938566553,0
122000,717,275,3103.5,8,0.0,6739,1.1197986323327795,24.505454545454544,0
122000,775,161,4595.8,5,0.0,1916,0.9288671770808292,11.900621118012422,0
122000,903,429,4076.0,7,0.0,5706,0.38960726536768137,13.3006993006993,0
122000,969,284,4230.142857142857,7,0.0,6991,1.0892121722498633,24.616197183098592,0
122000,1245,311,3937.5,6,0.0,3192,0.4147171245234693,10.263665594855306,0
122000,1266,358,2616.5714285714284,7,0.0,4738,0.4645568488096014,13.23463687150838,0
122000,1304,343,2538.8,10,0.0,10020,1.0702601259328928,29.21282798833819,0
122000,1616,265,3968.8571428571427,7,0.0,6086,1.0890556291774998,22.966037735849056,0
122000,1733,277,4255.666666666667,6,0.0,2707,0.44334169939749346,9.772563176895307,0
122000,1803,161,3649.8,5,0.0,2100,1.0180694529591552,13.043478260869565,0
122000,1839,143,2886.6666666666665,6,0.0,1809,1.1116712035491096,12.65034965034965,0
122000,1842,162,2776.4,5,0.0,2129,1.0194255082293355,13.141975308641975,0
122000,1952,156,5174.6,5,0.0,2226,1.149438732230585,14.26923076923077,0
122000,1972,115,4802.8,5,0.0,1257,1.194399082211681,10.930434782608696,0
122000,2119,225,5203.166666666667,6,0.0,4716,1.1706272358976366,20.96,0
122000,2147,305,4533.625,8,0.0,7819,1.05623705276726,25.63606557377049,0
122000,2170,246,2613.75,8,0.0,4896,1.0166724589844423,19.902439024390244,0
122000,2175,377,3457.75,8,0.0,7146,0.6318153537294334,18.954907161803714,0
122000,2198,163,4115.4,5,0.0,2625,1.241549281594822,16.104294478527606,0
122000,2270,219,5722.166666666667,6,0.0,4099,1.0739883060874094,18.71689497716895,0
122000,2281,225,4024.4,5,0.0,2182,0.5416260875166758,9.697777777777778,0
122000,2403,35,5426.5,4,0.0,114,1.1694418367648536,3.257142857142857,0
122000,2439,405,2780.6363636363635,11,0.0,14028,1.0747206034338086,34.63703703703704,0
122000,2576,339,4208.428571428572,7,0.0,3835,0.4193492164710316,11.312684365781712,0
122000,2585,123,3454.2,5,0.0,1451,1.2052220081588445,11.796747967479675,0
122000,2602,273,3594.3333333333335,6,0.0,2730,0.4603066159105924,10.0,0
122000,2729,126,5516.0,4,0.0,1271,1.006037859086074,10.087301587301587,0
122000,2744,205,4396.333333333333,6,0.0,3512,1.0501628458686356,17.13170731707317,0
122000,2750,247,3806.0,6,0.0,5086,1.047592337927695,20.591093117408906,0
122000,2797,337,3907.1666666666665,6,0.0,4130,0.45698307317404735,12.25519287833828,0
122000,2873,305,4676.5,8,0.0,7665,1.0354338162758727,25.131147540983605,0
122000,2907,157,6143.8,5,0.0,2230,1.1368820832496636,14.203821656050955,0
122000,2953,241,5821.166666666667,6,0.0,5729,1.2395230324833197,23.771784232365146,0
122000,3100,103,3733.4,5,0.0,1031,1.221220482929994,10.009708737864077,0
122000,3129,494,4533.5,8,0.0,6356,0.3272953647202335,12.866396761133604,0
122000,3131,143,5776.4,5,0.0,1988,1.2216707311529187,13.902097902097902,0
122000,3137,303,4611.857142857143,7,0.0,7411,1.0143817340676384,24.458745874587457,0
122000,3309,158,3649.0,7,0.0,2269,1.1421685196275022,14.360759493670885,0
122000,3422,258,3158.8333333333335,6,0.0,2356,0.44478049948065335,9.131782945736434,0
122000,3469,134,6532.5,4,0.0,1594,1.1155488282072021,11.895522388059701,0
122000,3532,102,7027.0,4,0.0,1006,1.215087354675637,9.862745098039216,0
122000,3614,140,4445.4,5,0.0,1622,1.039931282474009,11.585714285714285,0
122000,3619,74,6128.0,4,0.0,604,1.3860642533003908,8.162162162162161,0
122000,3635,185,3472.714285714286,7,0.0,3084,1.1323502403121604,16.67027027027027,0
122000,3663,102,5417.0,5,0.0,921,1.1124209280877353,9.029411764705882,0
122000,3792,81,7371.0,4,0.0,564,1.0802367057610993,6.962962962962963,0
122000,3992,370,3392.285714285714,7,0.0,4500,0.4130655059504476,12.162162162162161,0
122000,4042,243,3141.4285714285716,7,0.0,4798,1.0210748058001882,19.744855967078188,0
122000,4329,287,2756.375,8,0.0,7865,1.1998992932041774,27.40418118466899,0
122000,4352,334,4090.5,6,0.0,3881,0.4371802893105521,11.619760479041917,0
122000,4362,161,5996.75,4,0.0,2477,1.2008371595142036,15.385093167701863,0
122000,4405,180,5362.6,5,0.0,2723,1.056118122929013,15.127777777777778,0
122000,4477,224,5520.0,4,0.0,1010,0.25295030134930574,4.508928571428571,0
122000,4490,140,4675.4,5,0.0,1828,1.1720064021963554,13.057142857142857,0
122000,4501,197,4438.0,6,0.0,3516,1.1384822871005913,17.84771573604061,0
122000,4591,127,6184.8,5,0.0,1459,1.136731026495755,11.488188976377952,0
122000,4596,284,3962.285714285714,7,0.0,6512,1.0145829875112444,22.929577464788732,0
122000,4663,92,4858.6,5,0.0,722,1.0719422948449104,7.8478260869565215,0
122000,4703,64,4128.0,5,0.0,369,1.1320778214596032,5.765625,0
122000,4773,200,5142.166666666667,6,0.0,3889,1.2217653829810706,19.445,0
122000,4792,88,5009.4,5,0.0,752,1.220288055526614,8.545454545454545,0
122000,4809,514,2622.4,10,0.0,10754,0.511509445967458,20.92217898832685,0
122000,4843,224,5492.5,6,0.0,4106,1.0283306310299498,18.330357142857142,0
122000,4858,180,5312.2,5,0.0,2717,1.0537910172596874,15.094444444444445,0
122000,4920,76,3413.2,5,0.0,538,1.1704825814621251,7.078947368421052,0
124000,45,192,4156.333333333333,6,0.0,3174,1.0819677823886722,16.53125,0
124000,162,333,5104.714285714285,7,0.0,4579,0.518910000479314,13.75075075075075,0
124000,277,181,5078.666666666667,6,0.0,2887,1.107387197083573,15.950276243093922,0
124000,370,243,4314.5,6,0.0,4478,0.952974777068204,18.42798353909465,0
124000,552,134,5680.4,5,0.0,1553,1.0868552887112828,11.58955223880597,0
124000,563,300,4338.0,8,0.0,7522,1.0502693306801079,25.073333333333334,0
124000,717,275,3548.0,7,0.0,6800,1.1299348122663453,24.727272727272727,0
124000,775,152,5797.0,4,0.0,1797,0.9773964678844976,11.822368421052632,0
124000,903,430,4077.1428571428573,7,0.0,5738,0.38997206373819865,13.344186046511627,0
124000,969,284,4236.857142857143,7,0.0,7002,1.0909259948639025,24.654929577464788,0
124000,1245,311,3940.1666666666665,6,0.0,3198,0.41549666799061874,10.282958199356914,0
124000,1266,358,2613.5714285714284,7,0.0,4724,0.4631841607801936,13.195530726256983,0
124000,1304,344,2527.0,10,0.0,10084,1.0708430340318913,29.313953488372093,0
124000,1616,265,3966.714285714286,7,0.0,6097,1.0910240175969794,23.00754716981132,0
124000,1733,280,4253.333333333333,6,0.0,2741,0.4393421154841644,9.789285714285715,0
124000,1803,160,3655.8,5,0.0,2085,1.0234719816773,13.03125,0
124000,1839,142,2876.8333333333335,6,0.0,1807,1.1261372594796184,12.725352112676056,0
124000,1842,157,2826.0,5,0.0,2030,1.0349195645725637,12.929936305732484,0
124000,1952,155,5177.6,5,0.0,2217,1.159610557837015,14.303225806451612,0
124000,1972,113,4849.0,5,0.0,1233,1.2134337040884062,10.91150442477876,0
124000,2119,223,5218.666666666667,6,0.0,4678,1.182116707232645,20.977578475336323,0
124000,2147,306,4526.625,8,0.0,7878,1.0572628871365881,25.745098039215687,0
124000,2170,247,2973.714285714286,7,0.0,4959,1.0214334258323712,20.076923076923077,0
124000,2175,375,3455.25,8,0.0,7177,0.6413428757280412,19.138666666666666,0
124000,2198,162,4138.6,5,0.0,2588,1.2392077103323251,15.975308641975309,0
124000,2270,219,5731.666666666667,6,0.0,4098,1.0737262938146388,18.71232876712329,0
124000,2281,222,4022.4,5,0.0,2160,0.5507540079339301,9.72972972972973,0
124000,2439,405,2766.5454545454545,11,0.0,14160,1.0848334577005083,34.96296296296296,0
124000,2576,341,4209.0,7,0.0,3897,0.4211448670389633,11.428152492668621,0
124000,2585,123,3453.6,5,0.0,1436,1.1927627868477606,11.674796747967479,0
124000,2602,274,3604.8333333333335,6,0.0,2741,0.45879404675207114,10.003649635036496,0
124000,2729,120,5613.75,4,0.0,1154,1.007054978400728,9.616666666666667,0
124000,2744,205,4405.166666666667,6,0.0,3512,1.0501628458686356,17.13170731707317,0
124000,2750,247,3814.1666666666665,6,0.0,5067,1.043678799897686,20.51417004048583,0
124000,2797,338,3914.8333333333335,6,0.0,4129,0.45417303549148336,12.215976331360947,0
124000,2873,305,5378.857142857143,7,0.0,7681,1.037595191495757,25.18360655737705,0
124000,2907,156,6174.2,5,0.0,2200,1.1360131225998595,14.102564102564102,0
124000,2953,241,5856.666666666667,6,0.0,5718,1.2371430790259423,23.726141078838175,0
124000,3100,101,3717.8,5,0.0,1013,1.2478907393731833,10.029702970297029,0
124000,3129,494,4544.625,8,0.0,6389,0.3289946641280006,12.933198380566802,0
124000,3131,143,5788.0,5,0.0,1980,1.2167545511482794,13.846153846153847,0
124000,3137,302,4634.0,7,0.0,7417,1.0219373146649486,24.55960264900662,0
124000,3309,162,4270.833333333333,6,0.0,2415,1.15637040975756,14.907407407407407,0
124000,3422,257,3155.3333333333335,6,0.0,2354,0.44786804381900547,9.15953307392996,0
124000,3469,133,6567.5,4,0.0,1553,1.103260419701498,11.676691729323307,0
124000,3532,101,7083.0,4,0.0,971,1.1961519328048973,9.613861386138614,0
124000,3614,139,4446.6,5,0.0,1611,1.0477937508272153,11.589928057553957,0
124000,3619,70,6171.5,4,0.0,531,1.3617842441274939,7.585714285714285,0
124000,3635,189,3500.4285714285716,7,0.0,3160,1.1116634792244053,16.719576719576718,0
124000,3663,102,5439.8,5,0.0,901,1.0882641218317584,8.833333333333334,0
124000,3792,76,7396.0,4,0.0,503,1.0943359451216523,6.618421052631579,0
124000,3992,370,3395.0,7,0.0,4510,0.41398342929700416,12.18918918918919,0
124000,4042,247,4180.285714285715,7,0.0,4920,1.0134003740865631,19.91902834008097,0
124000,4329,289,2757.5,8,0.0,7859,1.1824464105823533,27.19377162629758,0
124000,4352,335,4086.8333333333335,6,0.0,3897,0.43636574991452615,11.632835820895522,0
124000,4362,158,6027.5,4,0.0,2412,1.2141518154876751,15.265822784810126,0
124000,4405,180,5366.2,5,0.0,2713,1.0522396134801368,15.072222222222223,0
124000,4477,220,5547.25,4,0.0,973,0.2526255910696586,4.422727272727273,0
124000,4490,138,4689.8,5,0.0,1812,1.1956660130864745,13.130434782608695,0
124000,4501,196,4443.833333333333,6,0.0,3521,1.1517646536120014,17.964285714285715,0
124000,4591,128,6209.4,5,0.0,1460,1.1198059751565181,11.40625,0
124000,4596,286,3967.0,7,0.0,6539,1.0045906578230552,22.863636363636363,0
124000,4663,92,4874.6,5,0.0,699,1.037794548610239,7.5978260869565215,0
124000,4703,59,4135.6,5,0.0,313,1.1299264585735194,5.305084745762712,0
124000,4773,201,5178.666666666667,6,0.0,3886,1.2087056312318938,19.333333333333332,0
124000,4792,86,5041.4,5,0.0,725,1.2318305429164953,8.430232558139535,0
124000,4809,516,2615.7,10,0.0,10827,0.5109972907339807,20.982558139534884,0
124000,4843,223,5515.666666666667,6,0.0,4105,1.0373213089333064,18.408071748878925,0
124000,4858,179,5331.8,5,0.0,2696,1.0573619792238795,15.061452513966481,0
124000,4920,74,3425.4,5,0.0,500,1.1474041831956876,6.756756756756757,0
126000,45,193,4169.5,6,0.0,3181,1.0731462569270727,16.481865284974095,0
126000,162,335,5118.142857142857,7,0.0,4606,0.5157558748027475,13.749253731343284,0
126000,277,182,5080.333333333333,6,0.0,2905,1.1020802630936297,15.961538461538462,0
126000,370,243,4322.666666666667,6,0.0,4482,0.9538260274273538,18.444444444444443,0
126000,552,133,5705.4,5,0.0,1544,1.0968667662711606,11.609022556390977,0
126000,563,303,4337.0,8,0.0,7627,1.0439467663923734,25.17161716171617,0
126000,717,276,3551.4285714285716,7,0.0,6829,1.126545695828854,24.742753623188406,0
126000,775,148,5843.75,4,0.0,1721,0.9873412996398894,11.628378378378379,0
126000,903,431,4080.5714285714284,7,0.0,5765,0.3899910454389276,13.375870069605568,0
126000,969,285,4243.714285714285,7,0.0,7014,1.0851403322759647,24.610526315789475,0
126000,1245,311,3947.6666666666665,6,0.0,3203,0.4161462875465765,10.29903536977492,0
126000,1266,360,2607.714285714286,7,0.0,4732,0.4588276678020648,13.144444444444444,0
126000,1304,346,2516.5,10,0.0,10152,1.0656369614502181,29.341040462427745,0
126000,1616,265,3962.714285714286,7,0.0,6102,1.0919187396058336,23.026415094339622,0
126000,1733,282,4251.666666666667,6,0.0,2773,0.43818904624538485,9.833333333333334,0
126000,1803,160,3664.8,5,0.0,2060,1.0112001353742146,12.875,0
126000,1839,142,2863.8333333333335,6,0.0,1808,1.1267604677029053,12.732394366197184,0
126000,1842,153,2848.8,5,0.0,1969,1.0569944781781884,12.869281045751634,0
126000,1952,155,5175.4,5,0.0,2209,1.15542612641496,14.251612903225807,0
126000,1972,112,4879.4,5,0.0,1209,1.2111560963616264,10.794642857142858,0
126000,2119,224,5231.833333333333,6,0.0,4659,1.1668271821647678,20.799107142857142,0
126000,2147,306,4517.875,8,0.0,7936,1.0650467469301805,25.934640522875817,0
126000,2170,247,2963.0,7,0.0,5000,1.0298784289497593,20.242914979757085,0
126000,2175,376,3452.375,8,0.0,7209,0.6407803712010192,19.17287234042553,0
126000,2198,161,4149.0,5,0.0,2564,1.2430143225653687,15.925465838509316,0
126000,2270,219,5744.666666666667,6,0.0,4098,1.0737262938146388,18.71232876712329,0
126000,2281,220,4024.8,5,0.0,2147,0.557437969194817,9.75909090909091,0
126000,2439,409,2753.4545454545455,11,0.0,14282,1.0728827847411104,34.919315403422985,0
126000,2576,341,4208.285714285715,7,0.0,3942,0.4260079717391823,11.560117302052786,0
126000,2585,123,3457.6,5,0.0,1420,1.1794729507826045,11.544715447154472,0
126000,2602,276,3611.8333333333335,6,0.0,2750,0.4536536335524013,9.96376811594203,0
126000,2729,116,5659.75,4,0.0,1067,0.9964564094471787,9.198275862068966,0
126000,2744,206,4409.0,6,0.0,3526,1.044137590400378,17.116504854368934,0
126000,2750,246,3824.1666666666665,6,0.0,5030,1.0444980532458628,20.447154471544714,0
126000,2797,337,3921.8333333333335,6,0.0,4129,0.4568724235195258,12.252225519287833,0
126000,2873,304,5409.714285714285,7,0.0,7669,1.0428009894555108,25.226973684210527,0
126000,2907,155,6204.4,5,0.0,2193,1.1470572635708498,14.148387096774194,0
126000,2953,240,5872.0,6,0.0,5719,1.2476922490194462,23.829166666666666,0
126000,3100,102,3709.0,5,0.0,1005,1.2138795143628383,9.852941176470589,0
126000,3129,495,4551.75,8,0.0,6420,0.3292566037922085,12.969696969696969,0
126000,3131,143,5789.2,5,0.0,1973,1.2124528936442196,13.797202797202797,0
126000,3137,304,4642.571428571428,7,0.0,7429,1.0101667167381654,24.4375,0
126000,3309,164,4284.166666666667,6,0.0,2464,1.151232049144148,15.024390243902438,0
126000,3422,258,3151.3333333333335,6,0.0,2361,0.4457244309311641,9.151162790697674,0
126000,3469,132,6605.75,4,0.0,1516,1.0933550190179353,11.484848484848484,0
126000,3532,99,7133.25,4,0.0,920,1.179579733211962,9.292929292929292,0
126000,3614,139,4441.8,5,0.0,1600,1.040639355259804,11.510791366906474,0
126000,3619,63,6216.5,4,0.0,448,1.4184263127318995,7.111111111111111,0
126000,3635,191,3507.4285714285716,7,0.0,3213,1.1067610203650124,16.82198952879581,0
126000,3663,101,5463.6,5,0.0,872,1.0741961744653659,8.633663366336634,0
126000,3792,69,7428.5,4,0.0,427,1.1270405907018204,6.188405797101449,0
126000,3992,372,3394.5714285714284,7,0.0,4526,0.41099688837285825,12.166666666666666,0
126000,4042,247,4178.714285714285,7,0.0,4975,1.0247290368050104,20.141700404858298,0
126000,4329,289,2751.375,8,0.0,7868,1.1838005291337264,27.224913494809687,0
126000,4352,340,4086.0,6,0.0,3923,0.4264521792398878,11.538235294117648,0
126000,4362,157,6056.25,4,0.0,2357,1.2016282826096218,15.012738853503185,0
126000,4405,180,5370.4,5,0.0,2704,1.0487489549761482,15.022222222222222,0
126000,4477,209,5585.5,4,0.0,921,0.2649579298968613,4.4066985645933014,0
126000,4490,136,4711.6,5,0.0,1786,1.2134265742455386,13.132352941176471,0
126000,4501,197,4452.333333333333,6,0.0,3528,1.14236789217602,17.908629441624367,0
126000,4591,127,6239.6,5,0.0,1455,1.1336145603504615,11.456692913385826,0
126000,4596,286,3970.714285714286,7,0.0,6573,1.009814099077985,22.982517482517483,0
126000,4663,90,4889.2,5,0.0,668,1.0363377247397443,7.4222222222222225,0
126000,4703,52,4149.0,5,0.0,242,1.124652991373861,4.653846153846154,0
126000,4773,201,5209.166666666667,6,0.0,3889,1.2096387544675336,19.34825870646766,0
126000,4792,84,5061.8,5,0.0,691,1.2306352174776345,8.226190476190476,0
126000,4809,521,2606.1,10,0.0,10914,0.5052640127508962,20.948176583493282,0
126000,4843,223,5533.833333333333,6,0.0,4104,1.0370686119031158,18.40358744394619,0
126000,4858,179,5352.0,5,0.0,2687,1.0538322100054023,15.011173184357542,0
126000,4920,71,3439.4,5,0.0,454,1.1317461334892014,6.394366197183099,0
128000,45,193,4183.833333333333,6,0.0,3187,1.0751704246546936,16.512953367875646,0
128000,162,338,5129.857142857143,7,0.0,4637,0.5100509483104888,13.718934911242604,0
128000,277,183,5083.833333333333,6,0.0,2922,1.0964476375871928,15.967213114754099,0
128000,370,243,4332.0,6,0.0,4489,0.9553157155558659,18.473251028806583,0
128000,552,133,5727.6,5,0.0,1537,1.091893924714232,11.556390977443609,0
128000,563,301,4343.125,8,0.0,7685,1.065910510605294,25.53156146179402,0
128000,717,276,3556.5714285714284,7,0.0,6866,1.1326493992621045,24.8768115942029,0
128000,775,145,5882.0,4,0.0,1667,0.9963443431218425,11.49655172413793,0
128000,903,432,4080.5714285714284,7,0.0,5793,0.3900730075927141,13.409722222222221,0
128000,969,285,4252.428571428572,7,0.0,7028,1.0873062810429828,24.659649122807018,0
128000,1245,311,3957.0,6,0.0,3209,0.41692583101372593,10.318327974276528,0
128000,1266,361,2599.5714285714284,7,0.0,4739,0.4569641910470923,13.12742382271468,0
128000,1304,347,2506.7,10,0.0,10212,1.065765654675613,29.429394812680115,0
128000,1616,265,3960.714285714286,7,0.0,6114,1.094066072427084,23.071698113207546,0
128000,1733,286,4250.0,6,0.0,2805,0.43093390353168215,9.807692307692308,0
128000,1803,160,3669.6,5,0.0,2048,1.0053096491487339,12.8,0
128000,1839,142,2855.6666666666665,6,0.0,1806,1.1255140512563313,12.71830985915493,0
128000,1842,152,2866.8,5,0.0,1932,1.050823581498525,12.710526315789474,0
128000,1952,154,5177.0,5,0.0,2192,1.1614726086471288,14.233766233766234,0
128000,1972,110,4905.2,5,0.0,1187,1.232750571838375,10.790909090909091,0
128000,2119,224,5243.5,6,0.0,4655,1.1658253987930873,20.78125,0
128000,2147,307,4513.0,8,0.0,7997,1.0662528600094463,26.04885993485342,0
128000,2170,248,2947.1428571428573,7,0.0,5048,1.0313969637956084,20.35483870967742,0
128000,2175,379,3449.375,8,0.0,7240,0.6333882613457189,19.102902374670183,0
128000,2198,161,4154.8,5,0.0,2541,1.2318640380805779,15.782608695652174,0
128000,2270,219,5756.333333333333,6,0.0,4098,1.0737262938146388,18.71232876712329,0
128000,2281,219,4030.0,5,0.0,2130,0.5580861410017521,9.726027397260275,0
128000,2439,409,2742.6363636363635,11,0.0,14383,1.0804700387152635,35.16625916870416,0
128000,2576,343,4212.571428571428,7,0.0,3985,0.4256473654533511,11.61807580174927,0
128000,2585,121,3466.4,5,0.0,1397,1.1990451299952027,11.545454545454545,0
128000,2602,276,3617.6666666666665,6,0.0,2763,0.4557981780019218,10.01086956521739,0
128000,2729,112,5693.5,4,0.0,991,0.992767321335295,8.848214285714286,0
128000,2744,206,4419.5,6,0.0,3524,1.0435453399236905,17.106796116504853,0
128000,2750,245,3831.3333333333335,6,0.0,5021,1.0511577984955836,20.493877551020407,0
128000,2797,337,3927.5,6,0.0,4128,0.4567617738650042,12.249258160237389,0
128000,2873,303,5431.428571428572,7,0.0,7676,1.0506536487252993,25.333333333333332,0
128000,2907,155,6225.0,5,0.0,2189,1.1449650478598223,14.12258064516129,0
128000,2953,241,5887.166666666667,6,0.0,5731,1.239955751293752,23.780082987551868,0
128000,3100,100,3708.4,5,0.0,983,1.2352742313915066,9.83,0
128000,3129,494,4552.5,8,0.0,6467,0.3330111900009046,13.091093117408906,0
128000,3131,143,5800.0,5,0.0,1965,1.20753671363958,13.741258741258742,0
128000,3137,304,4651.285714285715,7,0.0,7433,1.0107106212834545,24.450657894736842,0
128000,3309,165,4298.166666666667,6,0.0,2492,1.150244098107734,15.103030303030303,0
128000,3422,259,3146.6666666666665,6,0.0,2366,0.4432258444801628,9.135135135135135,0
128000,3469,128,6642.25,4,0.0,1463,1.1221069463383466,11.4296875,0
128000,3532,95,7182.5,4,0.0,872,1.214168994539745,9.178947368421053,0
128000,3614,137,4445.8,5,0.0,1582,1.0591932607979226,11.547445255474452,0
128000,3619,56,6262.0,4,0.0,350,1.402496720352586,6.25,0
128000,3635,193,3511.5714285714284,7,0.0,3267,1.1021593276896404,16.927461139896373,0
128000,3663,100,5483.6,5,0.0,850,1.0681415022205296,8.5,0
128000,3792,62,7466.0,4,0.0,345,1.1278350317257844,5.564516129032258,0
128000,3992,374,3391.285714285714,7,0.0,4533,0.40724182844011936,12.120320855614974,0
128000,4042,247,4176.714285714285,7,0.0,5017,1.0333800156081885,20.31174089068826,0
128000,4329,290,2741.5,8,0.0,7904,1.1810296472758013,27.255172413793105,0
128000,4352,342,4079.0,6,0.0,3950,0.42437984274408136,11.549707602339181,0
128000,4362,155,6091.25,4,0.0,2286,1.19570127885224,14.748387096774193,0
128000,4405,180,5373.0,5,0.0,2697,1.046033998361935,14.983333333333333,0
128000,4477,205,5622.0,4,0.0,885,0.264633860647421,4.317073170731708,0
128000,4490,135,4727.8,5,0.0,1772,1.2218166654948945,13.125925925925927,0
128000,4501,197,4459.333333333333,6,0.0,3530,1.1430154930219247,17.918781725888326,0
128000,4591,128,6269.4,5,0.0,1452,1.1136700520049756,11.34375,0
128000,4596,289,3972.8571428571427,7,0.0,6612,0.9948257624087695,22.878892733564015,0
128000,4663,87,4902.6,5,0.0,632,1.0492728535176374,7.264367816091954,0
128000,4703,39,4162.2,5,0.0,136,1.1236202521714975,3.4871794871794872,0
128000,4773,202,5236.833333333333,6,0.0,3895,1.199539592758773,19.282178217821784,0
128000,4792,84,5077.2,5,0.0,667,1.1878924602859364,7.940476190476191,0
128000,4809,523,2599.1,10,0.0,10994,0.5050823807869175,21.021032504780116,0
128000,4843,222,5555.333333333333,6,0.0,4108,1.0474525299039745,18.504504504504503,0
128000,4858,179,5372.6,5,0.0,2679,1.0506946373667558,14.966480446927374,0
128000,4920,66,3456.6,5,0.0,408,1.1770154294441098,6.181818181818182,0
130000,45,193,4191.5,6,0.0,3195,1.0778693149581884,16.55440414507772,0
130000,162,339,5138.428571428572,7,0.0,4677,0.5114201526558056,13.79646017699115,0
130000,277,185,5083.666666666667,6,0.0,2951,1.0835167182753518,15.95135135135135,0
130000,370,243,4343.0,6,0.0,4494,0.9563797785048032,18.493827160493826,0
130000,552,132,5751.6,5,0.0,1516,1.0933550190179353,11.484848484848484,0
130000,563,302,4347.0,8,0.0,7742,1.0667168248801446,25.635761589403973,0
130000,717,276,3565.285714285714,7,0.0,6893,1.1371034531188007,24.97463768115942,0
130000,775,144,5924.75,4,0.0,1611,0.9762935503343281,11.1875,0
130000,903,432,4083.0,7,0.0,5816,0.39162171796292516,13.462962962962964,0
130000,969,286,4258.428571428572,7,0.0,7049,1.0829422766469974,24.646853146853147,0
130000,1245,311,3973.3333333333335,6,0.0,3213,0.41744552665849216,10.331189710610932,0
130000,1266,368,3322.0,7,0.0,4806,0.44596214240171744,13.059782608695652,0
130000,1304,348,2495.7,10,0.0,10293,1.068054339523046,29.57758620689655,0
130000,1616,266,3957.714285714286,7,0.0,6126,1.0879866920623593,23.030075187969924,0
130000,1733,285,4258.666666666667,6,0.0,2818,0.4359745446754589,9.887719298245614,0
130000,1803,160,3655.2,5,0.0,2034,0.9984374152190061,12.7125,0
130000,1839,142,2848.6666666666665,6,0.0,1802,1.1230212183631834,12.690140845070422,0
130000,1842,153,2908.8,5,0.0,1910,1.0253222210870185,12.483660130718954,0
130000,1952,154,5179.0,5,0.0,2186,1.1582933953022918,14.194805194805195,0
130000,1972,109,4926.2,5,0.0,1167,1.2343198810670106,10.706422018348624,0
130000,2119,224,5256.333333333333,6,0.0,4652,1.1650740612643269,20.767857142857142,0
130000,2147,307,4508.0,8,0.0,8046,1.0727861087452801,26.208469055374593,0
130000,2170,253,3643.0,8,0.0,5228,1.0263710661292904,20.66403162055336,0
130000,2175,378,3439.5,8,0.0,7252,0.6377993315929895,19.185185185185187,0
130000,2198,152,5237.75,4,0.0,2438,1.3260392814148052,16.039473684210527,0
130000,2270,218,5769.833333333333,6,0.0,4101,1.0843928518114418,18.81192660550459,0
130000,2281,218,4044.8,5,0.0,2120,0.5605737249061831,9.724770642201834,0
130000,2439,412,2729.090909090909,11,0.0,14486,1.0724175506622147,35.16019417475728,0
130000,2576,344,4208.285714285715,7,0.0,4024,0.42731776764620494,11.69767441860465,0
130000,2585,121,3474.2,5,0.0,1378,1.1827374295872508,11.388429752066116,0
130000,2602,278,3617.6666666666665,6,0.0,2782,0.45235291973949615,10.007194244604317,0
130000,2729,108,5717.5,4,0.0,927,0.998716183085644,8.583333333333334,0
130000,2744,205,4427.333333333333,6,0.0,3524,1.0537511016062278,17.190243902439025,0
130000,2750,245,3836.3333333333335,6,0.0,5019,1.0507390939353383,20.485714285714284,0
130000,2797,337,3937.3333333333335,6,0.0,4132,0.4572043724830904,12.261127596439168,0
130000,2873,304,5450.0,7,0.0,7690,1.0456564883182786,25.29605263157895,0
130000,2907,155,6250.6,5,0.0,2185,1.1428728321487946,14.096774193548388,0
130000,2953,242,5900.5,6,0.0,5724,1.228227330725222,23.65289256198347,0
130000,3100,101,3708.0,5,0.0,975,1.201079438192353,9.653465346534654,0
130000,3129,494,4555.5,8,0.0,6499,0.3346589954872243,13.15587044534413,0
130000,3131,142,5813.4,5,0.0,1949,1.214632827186373,13.725352112676056,0
130000,3137,305,4660.857142857143,7,0.0,7452,1.0066605086611615,24.432786885245903,0
130000,3309,165,4334.5,6,0.0,2511,1.1590140169937881,15.218181818181819,0
130000,3422,259,3142.8333333333335,6,0.0,2376,0.44509915743231904,9.173745173745173,0
130000,3469,128,6676.0,4,0.0,1424,1.0921943209745766,11.125,0
130000,3532,94,7227.0,4,0.0,818,1.1633421415284975,8.702127659574469,0
130000,3614,137,4446.6,5,0.0,1571,1.0518284530426905,11.467153284671532,0
130000,3619,46,6314.75,4,0.0,235,1.395603541764842,5.108695652173913,0
130000,3635,196,3517.4285714285716,7,0.0,3307,1.0817624849460064,16.872448979591837,0
130000,3663,99,5516.8,5,0.0,828,1.0616217598907656,8.363636363636363,0
130000,3792,51,7511.0,4,0.0,232,1.1208758102773273,4.549019607843137,0
130000,3992,368,3973.1666666666665,6,0.0,4456,0.4134846663633069,12.108695652173912,0
130000,4042,248,4177.142857142857,7,0.0,5051,1.0320099176171986,20.366935483870968,0
130000,4329,292,2726.75,8,0.0,7955,1.1724230418139803,27.243150684931507,0
130000,4352,345,4936.666666666667,6,0.0,4010,0.4233660673268665,11.623188405797102,0
130000,4362,154,6116.5,4,0.0,2237,1.1853167087334064,14.525974025974026,0
130000,4405,180,5382.8,5,0.0,2678,1.03866483040907,14.877777777777778,0
130000,4477,196,5683.0,4,0.0,837,0.27379352884784014,4.270408163265306,0
130000,4490,133,4750.2,5,0.0,1749,1.2424999832955053,13.150375939849624,0
130000,4501,197,4471.0,6,0.0,3534,1.1443106947137343,17.939086294416242,0
130000,4591,128,6307.6,5,0.0,1452,1.1136700520049756,11.34375,0
130000,4596,292,3974.5714285714284,7,0.0,6666,0.9824477682881199,22.828767123287673,0
130000,4663,86,4920.6,5,0.0,609,1.0347376560498562,7.0813953488372094,0
130000,4773,203,5271.5,6,0.0,3899,1.1889703468996193,19.20689655172414,0
130000,4792,80,5095.8,5,0.0,627,1.2311116211255002,7.8375,0
130000,4809,528,2592.2,10,0.0,11098,0.5002495877746145,21.018939393939394,0
130000,4843,223,5570.5,6,0.0,4105,1.0373213089333064,18.408071748878925,0
130000,4858,177,5401.2,5,0.0,2653,1.0641444425259308,14.98870056497175,0
130000,4920,61,3479.0,5,0.0,344,1.1617391806878676,5.639344262295082,0
132000,45,193,4197.5,6,0.0,3201,1.0798934826858093,16.585492227979273,0
132000,162,344,5148.428571428572,7,0.0,4726,0.5018647539502894,13.738372093023257,0
132000,277,188,5086.666666666667,6,0.0,2981,1.0598786442226318,15.856382978723405,0
132000,370,243,4353.333333333333,6,0.0,4500,0.9576566540435278,18.51851851851852,0
132000,552,132,5781.2,5,0.0,1505,1.085421704236143,11.401515151515152,0
132000,563,302,4355.875,8,0.0,7792,1.073605980297867,25.801324503311257,0
132000,717,278,3567.5714285714284,7,0.0,6917,1.124703503176885,24.881294964028775,0
132000,775,141,5972.25,4,0.0,1574,0.9948929805845449,11.163120567375886,0
132000,903,432,4085.1428571428573,7,0.0,5828,0.39242974076477444,13.49074074074074,0
132000,969,286,4266.285714285715,7,0.0,7055,1.0838640603978675,24.667832167832167,0
132000,1245,311,3996.0,6,0.0,3215,0.4177053744808753,10.337620578778136,0
132000,1266,369,3330.0,7,0.0,4838,0.4465015755779531,13.11111111111111,0
132000,1304,350,2484.5,10,0.0,10375,1.0642946540732767,29.642857142857142,0
132000,1616,266,3956.0,7,0.0,6126,1.0879866920623593,23.030075187969924,0
132000,1733,293,4248.666666666667,6,0.0,2861,0.41878631466506994,9.764505119453926,0
132000,1803,159,3651.4,5,0.0,2016,1.0020886499168582,12.679245283018869,0
132000,1839,142,2841.6666666666665,6,0.0,1802,1.1230212183631834,12.690140845070422,0
132000,1842,151,2939.2,5,0.0,1869,1.0300665180578612,12.37748344370861,0
132000,1952,154,5180.0,5,0.0,2174,1.1519349686126177,14.116883116883116,0
132000,1972,108,4956.4,5,0.0,1136,1.2238852038676287,10.518518518518519,0
132000,2119,226,5272.666666666667,6,0.0,4668,1.1484810483951096,20.654867256637168,0
132000,2147,308,4503.125,8,0.0,8087,1.071262429987378,26.256493506493506,0
132000,2170,257,3627.5,8,0.0,5364,1.0205455340038851,20.8715953307393,0
132000,2175,379,3431.125,8,0.0,7275,0.6364502211726665,19.195250659630606,0
132000,2198,148,5294.25,4,0.0,2326,1.334431065056585,15.716216216216216,0
132000,2270,218,5782.0,6,0.0,4103,1.084921694948146,18.821100917431192,0
132000,2281,217,4057.2,5,0.0,2100,0.5604149225966629,9.67741935483871,0
132000,2439,413,2715.181818181818,11,0.0,14622,1.077250093060051,35.404358353510894,0
132000,2576,346,4200.857142857143,7,0.0,4058,0.425960873676614,11.728323699421965,0
132000,2585,120,3478.4,5,0.0,1363,1.1894418852341355,11.358333333333333,0
132000,2602,279,3613.5,6,0.0,2810,0.4536362768508791,10.07168458781362,0
132000,2729,103,5740.75,4,0.0,861,1.0198553208561831,8.359223300970873,0
132000,2744,205,4433.833333333333,6,0.0,3523,1.0534520802947618,17.185365853658535,0
132000,2750,244,3840.1666666666665,6,0.0,5018,1.0591582864628852,20.565573770491802,0
132000,2797,340,3941.5,6,0.0,4140,0.4500413005488493,12.176470588235293,0
132000,2873,305,5465.714285714285,7,0.0,7704,1.040702168374341,25.25901639344262,0
132000,2907,155,6287.4,5,0.0,2180,1.1402575625100102,14.064516129032258,0
132000,2953,242,5911.833333333333,6,0.0,5723,1.2280127557198544,23.64876033057851,0
132000,3100,100,3713.6,5,0.0,966,1.213911401347096,9.66,0
132000,3129,494,4563.5,8,0.0,6551,0.3373366794024937,13.261133603238866,0
132000,3131,142,5821.8,5,0.0,1939,1.208400744953503,13.654929577464788,0
132000,3137,306,4671.0,7,0.0,7464,1.0017022327478413,24.392156862745097,0
132000,3309,165,4356.833333333333,6,0.0,2531,1.1682455105580558,15.33939393939394,0
132000,3422,259,3135.5,6,0.0,2383,0.44641047649882837,9.200772200772201,0
132000,3469,126,6726.0,4,0.0,1384,1.0954810361724046,10.984126984126984,0
132000,3532,91,7280.0,4,0.0,775,1.1760581120792608,8.516483516483516,0
132000,3614,137,4447.4,5,0.0,1564,1.047141757198452,11.416058394160585,0
132000,3619,20,6380.0,4,0.0,51,1.6022122533307945,2.55,0
132000,3635,198,3523.8571428571427,7,0.0,3338,1.069955747136285,16.858585858585858,0
132000,3663,98,5545.4,5,0.0,806,1.0546121111176066,8.224489795918368,0
132000,3792,28,7576.5,4,0.0,72,1.1540544441758425,2.5714285714285716,0
132000,3992,367,3996.6666666666665,6,0.0,4415,0.4119157931412049,12.029972752043596,0
132000,4042,249,4177.714285714285,7,0.0,5081,1.029817730223044,20.40562248995984,0
132000,4329,295,2707.25,8,0.0,8035,1.160250363532042,27.23728813559322,0
132000,4352,347,4967.666666666667,6,0.0,4024,0.4199609277726857,11.596541786743515,0
132000,4362,150,6144.0,4,0.0,2180,1.2175416861912443,14.533333333333333,0
132000,4405,178,5384.4,5,0.0,2667,1.0577739688327206,14.98314606741573,0
132000,4477,186,5730.75,4,0.0,788,0.2862267326891845,4.236559139784946,0
132000,4490,131,4773.2,5,0.0,1728,1.2653509947912505,13.19083969465649,0
132000,4501,197,4480.333333333333,6,0.0,3551,1.149815301903925,18.0253807106599,0
132000,4591,128,6349.0,5,0.0,1448,1.1106020904292042,11.3125,0
132000,4596,297,3967.285714285714,7,0.0,6733,0.9591920704971183,22.67003367003367,0
132000,4663,82,4940.0,5,0.0,564,1.0540501229176937,6.878048780487805,0
132000,4773,203,5313.333333333333,6,0.0,3889,1.1859209230809489,19.157635467980295,0
132000,4792,78,5112.2,5,0.0,593,1.2248286940031212,7.602564102564102,0
132000,4809,536,2578.0,10,0.0,11200,0.48988969871081645,20.895522388059703,0
132000,4843,224,5586.0,6,0.0,4110,1.0293324144016303,18.348214285714285,0
132000,4858,177,5431.8,5,0.0,2631,1.0553200257390591,14.864406779661017,0
132000,4920,53,3506.4,5,0.0,267,1.1944538818205408,5.037735849056604,0
134000,45,193,4217.333333333333,6,0.0,3210,1.0829297342772408,16.632124352331605,0
134000,162,349,6767.0,7,0.0,4797,0.49491284831061283,13.744985673352435,0
134000,277,181,6151.4,5,0.0,2892,1.1093050827730144,15.977900552486188,0
134000,370,243,4348.666666666667,6,0.0,4505,0.9587207169924652,18.53909465020576,0
134000,552,131,5818.8,5,0.0,1500,1.0983949607562937,11.450381679389313,0
134000,563,302,4376.25,8,0.0,7833,1.0792550877403995,25.93708609271523,0
134000,717,276,3567.714285714286,7,0.0,6939,1.1446918411709501,25.141304347826086,0
134000,775,140,6010.5,4,0.0,1519,0.9738937226128358,10.85,0
134000,903,434,4087.8571428571427,7,0.0,5846,0.3900220997023919,13.47004608294931,0
134000,969,286,4277.714285714285,7,0.0,7060,1.0846322135235924,24.685314685314687,0
134000,1245,312,3990.3333333333335,6,0.0,3220,0.4156775289513122,10.320512820512821,0
134000,1266,369,3317.1428571428573,7,0.0,4860,0.4485319671990186,13.170731707317072,0
134000,1304,350,2471.5,10,0.0,10445,1.071475437281482,29.84285714285714,0
134000,1616,267,3955.4285714285716,7,0.0,6139,1.0821437978026198,22.99250936329588,0
134000,1733,285,5136.0,5,0.0,2774,0.42916727712197406,9.733333333333333,0
134000,1803,156,3650.0,5,0.0,2002,1.0337719415658722,12.833333333333334,0
134000,1839,142,2834.1666666666665,6,0.0,1798,1.1205283854700354,12.661971830985916,0
134000,1842,148,2959.8,5,0.0,1839,1.0550381464484349,12.425675675675675,0
134000,1952,154,5184.2,5,0.0,2163,1.1461064108137498,14.045454545454545,0
134000,1972,108,4974.0,5,0.0,1114,1.2001832016800513,10.314814814814815,0
134000,2119,222,6396.0,5,0.0,4592,1.1708622242743552,20.684684684684683,0
134000,2147,308,4501.5,8,0.0,8121,1.0757663155592305,26.366883116883116,0
134000,2170,258,3615.625,8,0.0,5447,1.0283189221863833,21.112403100775193,0
134000,2175,379,3425.5,8,0.0,7304,0.6389872736007087,19.271767810026386,0
134000,2198,143,5333.75,4,0.0,2242,1.3777594463002234,15.678321678321678,0
134000,2270,218,5795.333333333333,6,0.0,4099,1.083864008674738,18.80275229357798,0
134000,2281,214,4063.8,5,0.0,2082,0.5712984456960389,9.728971962616823,0
134000,2439,422,3437.818181818182,11,0.0,14807,1.044845408272592,35.08767772511848,0
134000,2576,347,4194.0,7,0.0,4089,0.4267445908704055,11.78386167146974,0
134000,2585,119,3489.2,5,0.0,1343,1.1917686416979287,11.285714285714286,0
134000,2602,283,3609.6666666666665,6,0.0,2840,0.44561041522281525,10.035335689045937,0
134000,2729,101,5764.0,4,0.0,799,0.9842692011442974,7.910891089108911,0
134000,2744,205,4441.333333333333,6,0.0,3522,1.0531530589832958,17.180487804878048,0
134000,2750,244,3843.5,6,0.0,5018,1.0591582864628852,20.565573770491802,0
134000,2797,341,3956.8333333333335,6,0.0,4164,0.4499992882602626,12.211143695014663,0
134000,2873,305,5482.857142857143,7,0.0,7710,1.0415126840817976,25.278688524590162,0
134000,2907,155,6328.8,5,0.0,2172,1.1360731310879553,14.012903225806452,0
134000,2953,243,5919.166666666667,6,0.0,5738,1.2211186402003917,23.613168724279834,0
134000,3100,101,3716.8,5,0.0,954,1.17521003490821,9.445544554455445,0
134000,3129,494,4575.25,8,0.0,6594,0.33955091802473564,13.348178137651821,0
134000,3131,142,5830.2,5,0.0,1929,1.202168662720633,13.584507042253522,0
134000,3137,306,4678.571428571428,7,0.0,7481,1.0039837088942392,24.447712418300654,0
134000,3309,165,4373.0,6,0.0,2546,1.1751691307312564,15.43030303030303,0
134000,3422,259,3125.6666666666665,6,0.0,2395,0.44865845204141586,9.247104247104247,0
134000,3469,124,6780.5,4,0.0,1343,1.0975959765273393,10.830645161290322,0
134000,3532,87,7345.25,4,0.0,719,1.1937138950619957,8.264367816091953,0
134000,3614,136,4452.2,5,0.0,1552,1.0544445930733908,11.411764705882353,0
134000,3635,201,3539.714285714286,7,0.0,3381,1.051629886565886,16.82089552238806,0
134000,3663,95,5595.4,5,0.0,757,1.0540434964066363,7.968421052631579,0
134000,3992,364,4012.6666666666665,6,0.0,4386,0.4159831354499708,12.04945054945055,0
134000,4042,250,4157.857142857143,7,0.0,5115,1.0284317710791546,20.46,0
134000,4329,303,4519.125,8,0.0,8202,1.1226499774420147,27.06930693069307,0
134000,4352,350,5005.833333333333,6,0.0,4031,0.4135105301753618,11.517142857142858,0
134000,4362,149,6168.5,4,0.0,2136,1.2090341710855903,14.335570469798657,0
134000,4405,177,5388.4,5,0.0,2662,1.067754431211469,15.03954802259887,0
134000,4477,182,5762.75,4,0.0,746,0.283012694068106,4.0989010989010985,0
134000,4490,129,4816.0,5,0.0,1701,1.284501917854994,13.186046511627907,0
134000,4501,197,4488.166666666667,6,0.0,3549,1.1491677010580201,18.01522842639594,0
134000,4591,127,6381.2,5,0.0,1453,1.132056327277815,11.440944881889763,0
134000,4596,295,4663.333333333333,6,0.0,6699,0.9673325681768699,22.708474576271186,0
134000,4663,80,4952.2,5,0.0,529,1.0386890710931254,6.6125,0
134000,4773,203,5341.0,6,0.0,3891,1.186530807844683,19.167487684729064,0
134000,4792,76,5131.0,5,0.0,556,1.2096437087229397,7.315789473684211,0
134000,4809,541,3033.2,10,0.0,11386,0.4888622623781302,21.046210720887245,0
134000,4843,224,5602.833333333333,6,0.0,4113,1.0300837519303905,18.361607142857142,0
134000,4858,176,5440.2,5,0.0,2619,1.062478197281982,14.880681818181818,0
134000,4920,44,3554.4,5,0.0,175,1.1359064346657308,3.977272727272727,0
136000,45,193,4229.0,6,0.0,3219,1.0859659858686723,16.678756476683937,0
136000,162,352,6779.0,7,0.0,4839,0.4907724319060243,13.747159090909092,0
136000,277,180,6222.4,5,0.0,2823,1.094903217417776,15.683333333333334,0
136000,370,244,4347.166666666667,6,0.0,4508,0.9515116690662985,18.475409836065573,0
136000,552,131,5852.6,5,0.0,1500,1.0983949607562937,11.450381679389313,0
136000,563,303,4396.25,8,0.0,7874,1.0777549283563064,25.986798679867988,0
136000,717,275,3566.0,7,0.0,6970,1.158183182573004,25.345454545454544,0
136000,775,137,6074.0,4,0.0,1487,0.9955881029118275,10.854014598540147,0
136000,903,432,4089.4285714285716,7,0.0,5869,0.39519048533775925,13.585648148148149,0
136000,969,286,4300.571428571428,7,0.0,7061,1.0847858441487372,24.68881118881119,0
136000,1245,312,3972.5,6,0.0,3224,0.41619389855249395,10.333333333333334,0
136000,1266,373,3308.285714285714,7,0.0,4886,0.44131192506061945,13.099195710455763,0
136000,1304,357,2613.090909090909,11,0.0,10554,1.040616053981959,29.563025210084035,0
136000,1616,267,3954.0,7,0.0,6149,1.083906534075307,23.029962546816478,0
136000,1733,281,5163.2,5,0.0,2723,0.43335605150517376,9.690391459074734,0
136000,1803,156,3650.6,5,0.0,1988,1.0265427671493275,12.743589743589743,0
136000,1839,142,2829.5,6,0.0,1796,1.1192819690234614,12.647887323943662,0
136000,1842,148,2957.8,5,0.0,1813,1.0401218920668909,12.25,0
136000,1952,154,5188.2,5,0.0,2156,1.1423973285781066,14.0,0
136000,1972,105,4985.4,5,0.0,1081,1.2321312139793439,10.295238095238096,0
136000,2119,219,6471.6,5,0.0,4501,1.1793172397412612,20.552511415525114,0
136000,2147,309,4498.0,8,0.0,8156,1.0734210861921576,26.39482200647249,0
136000,2170,259,3610.0,8,0.0,5509,1.0320081053428642,21.27027027027027,0
136000,2175,381,3427.75,8,0.0,7331,0.6346337030873795,19.241469816272964,0
136000,2198,141,5371.0,4,0.0,2171,1.372244384275125,15.397163120567376,0
136000,2270,217,5814.0,6,0.0,4099,1.093876556058915,18.889400921658986,0
136000,2281,213,4068.4,5,0.0,2062,0.5711357139634687,9.68075117370892,0
136000,2439,422,3444.0,11,0.0,14945,1.0545832799779757,35.41469194312796,0
136000,2576,347,4193.571428571428,7,0.0,4119,0.42987551230012233,11.870317002881844,0
136000,2585,119,3492.4,5,0.0,1323,1.1740207840404762,11.117647058823529,0
136000,2602,288,4988.166666666667,6,0.0,2932,0.4442105353166123,10.180555555555555,0
136000,2729,96,5786.25,4,0.0,743,1.0131090892435834,7.739583333333333,0
136000,2744,205,4455.666666666667,6,0.0,3525,1.054050122917694,17.195121951219512,0
136000,2750,245,3847.8333333333335,6,0.0,5017,1.0503203893750932,20.477551020408164,0
136000,2797,344,4895.714285714285,7,0.0,4209,0.4469633409599594,12.23546511627907,0
136000,2873,304,5497.428571428572,7,0.0,7716,1.0491918678626577,25.38157894736842,0
136000,2907,155,6371.8,5,0.0,2166,1.1329348075214138,13.974193548387097,0
136000,2953,242,5929.666666666667,6,0.0,5730,1.229514780757429,23.677685950413224,0
136000,3100,93,4653.75,4,0.0,893,1.2974643263524963,9.602150537634408,0
136000,3129,499,4582.125,8,0.0,6649,0.33555607493493655,13.324649298597194,0
136000,3131,142,5838.8,5,0.0,1920,1.19655978871105,13.52112676056338,0
136000,3137,308,4690.857142857143,7,0.0,7504,0.9940340391523784,24.363636363636363,0
136000,3309,166,4372.166666666667,6,0.0,2571,1.1724538702829668,15.487951807228916,0
136000,3422,263,4512.5,6,0.0,2433,0.44201853004577,9.250950570342205,0
136000,3469,123,6828.0,4,0.0,1308,1.0864440983265118,10.634146341463415,0
136000,3532,83,7404.0,4,0.0,657,1.198447596695308,7.9156626506024095,0
136000,3614,135,4456.2,5,0.0,1541,1.062539210794375,11.414814814814815,0
136000,3635,195,4161.666666666667,6,0.0,3324,1.0985040347700168,17.046153846153846,0
136000,3663,88,6928.0,4,0.0,692,1.1229246468409797,7.863636363636363,0
136000,3992,363,4025.0,6,0.0,4366,0.41637087708256226,12.02754820936639,0
136000,4042,250,4143.142857142857,7,0.0,5142,1.033860443184558,20.568,0
136000,4329,312,4579.111111111111,9,0.0,8457,1.091734429298524,27.10576923076923,0
136000,4352,354,5028.0,6,0.0,4041,0.40522122995168547,11.415254237288135,0
136000,4362,147,6198.25,4,0.0,2088,1.2142432247110904,14.204081632653061,0
136000,4405,177,5393.8,5,0.0,2652,1.063743332671982,14.983050847457626,0
136000,4477,172,5786.5,4,0.0,692,0.2939402536890396,4.023255813953488,0
136000,4490,129,4849.0,5,0.0,1687,1.2739298856092738,13.077519379844961,0
136000,4501,198,4498.833333333333,6,0.0,3552,1.1385508729263285,17.939393939393938,0
136000,4591,128,6401.6,5,0.0,1453,1.1144370423989183,11.3515625,0
136000,4596,293,4687.5,6,0.0,6661,0.9750211960797034,22.733788395904437,0
136000,4663,73,6046.0,4,0.0,447,1.0540753733568304,6.123287671232877,0
136000,4773,204,5361.5,6,0.0,3903,1.1785501852134719,19.13235294117647,0
136000,4792,73,5156.2,5,0.0,517,1.2191431052024193,7.082191780821918,0
136000,4809,544,3021.6,10,0.0,11496,0.4881562114196078,21.13235294117647,0
136000,4843,223,5618.666666666667,6,0.0,4119,1.040859067355978,18.47085201793722,0
136000,4858,176,5455.0,5,0.0,2605,1.0567986651086534,14.801136363636363,0
138000,45,193,4237.0,6,0.0,3229,1.0893395987480405,16.730569948186528,0
138000,162,352,6794.714285714285,7,0.0,4869,0.4938150384274504,13.832386363636363,0
138000,277,178,6284.8,5,0.0,2778,1.101798307243081,15.606741573033707,0
138000,370,244,4346.0,6,0.0,4511,0.9521448844627491,18.487704918032787,0
138000,552,131,5905.2,5,0.0,1505,1.102056277292148,11.488549618320612,0
138000,563,303,4410.375,8,0.0,7913,1.0830930591927168,26.115511551155116,0
138000,717,277,3564.4285714285716,7,0.0,7009,1.1479061585064765,25.303249097472925,0
138000,775,136,6134.5,4,0.0,1451,0.9858241653025065,10.669117647058824,0
138000,903,430,4092.5714285714284,7,0.0,5888,0.40016652340371445,13.693023255813953,0
138000,969,286,4313.428571428572,7,0.0,7062,1.0849394747738823,24.692307692307693,0
138000,1245,312,3946.0,6,0.0,3228,0.41671026815367573,10.346153846153847,0
138000,1266,373,3306.1428571428573,7,0.0,4889,0.44158289022131975,13.107238605898123,0
138000,1304,360,2588.909090909091,11,0.0,10776,1.044870445527272,29.933333333333334,0
138000,1616,267,3954.8571428571427,7,0.0,6149,1.083906534075307,23.029962546816478,0
138000,1733,282,5177.0,5,0.0,2704,0.42728567654075755,9.588652482269504,0
138000,1803,156,3656.2,5,0.0,1968,1.0162153751256924,12.615384615384615,0
138000,1839,142,2821.1666666666665,6,0.0,1794,1.1180355525768872,12.633802816901408,0
138000,1842,147,2955.0,5,0.0,1784,1.0374568548297822,12.136054421768707,0
138000,1952,154,5190.0,5,0.0,2153,1.140807721905688,13.980519480519481,0
138000,1972,105,4999.8,5,0.0,1059,1.2070554630935477,10.085714285714285,0
138000,2119,216,6517.2,5,0.0,4441,1.196143087670805,20.560185185185187,0
138000,2147,310,4494.5,8,0.0,8208,1.073306659757129,26.47741935483871,0
138000,2170,261,3603.125,8,0.0,5587,1.030641250457637,21.406130268199234,0
138000,2175,382,3417.0,8,0.0,7377,0.6352766921282834,19.31151832460733,0
138000,2198,138,5408.25,4,0.0,2107,1.3903246631198687,15.268115942028986,0
138000,2270,218,5850.0,6,0.0,4099,1.083864008674738,18.80275229357798,0
138000,2281,211,4078.0,5,0.0,2044,0.5769336164001291,9.687203791469194,0
138000,2439,424,3449.5454545454545,11,0.0,15067,1.0531856646412738,35.535377358490564,0
138000,2576,347,4189.142857142857,7,0.0,4148,0.432902069682182,11.953890489913544,0
138000,2585,118,3482.6,5,0.0,1291,1.1651238482575188,10.940677966101696,0
138000,2602,286,5022.666666666667,6,0.0,2941,0.45182766855140016,10.283216783216783,0
138000,2729,92,5811.0,4,0.0,668,0.9917693254243771,7.260869565217392,0
138000,2744,204,4487.333333333333,6,0.0,3523,1.0638053554975817,17.269607843137255,0
138000,2750,245,3851.5,6,0.0,5008,1.0484362188539897,20.440816326530612,0
138000,2797,347,4890.142857142857,7,0.0,4357,0.45471415564254264,12.556195965417867,0
138000,2873,304,5515.714285714285,7,0.0,7728,1.050823581498525,25.42105263157895,0
138000,2907,154,6434.4,5,0.0,2151,1.1397479841240759,13.967532467532468,0
138000,2953,243,5940.833333333333,6,0.0,5736,1.2206930150208168,23.604938271604937,0
138000,3100,84,4702.0,4,0.0,751,1.3374921104568789,8.94047619047619,0
138000,3129,500,4586.875,8,0.0,6698,0.33667820149991096,13.396,0
138000,3131,140,5849.2,5,0.0,1905,1.2213742867527666,13.607142857142858,0
138000,3137,309,4722.0,7,0.0,7519,0.9895847409365908,24.333333333333332,0
138000,3309,167,4371.333333333333,6,0.0,2586,1.165213324562832,15.48502994011976,0
138000,3422,261,4527.333333333333,6,0.0,2468,0.45527521140673854,9.455938697318008,0
138000,3469,120,6867.25,4,0.0,1271,1.1091567396423965,10.591666666666667,0
138000,3532,80,7453.75,4,0.0,600,1.1780972450961724,7.5,0
138000,3614,135,4459.2,5,0.0,1530,1.0549545700943503,11.333333333333334,0
138000,3635,193,4197.666666666667,6,0.0,3267,1.1021593276896404,16.927461139896373,0
138000,3663,76,7041.5,4,0.0,530,1.1530776360128743,6.973684210526316,0
138000,3992,364,4043.3333333333335,6,0.0,4351,0.412663616585231,11.953296703296703,0
138000,4042,250,4131.571428571428,7,0.0,5176,1.0406965487987692,20.704,0
138000,4329,317,4564.111111111111,9,0.0,8671,1.0843276338415984,27.353312302839118,0
138000,4352,357,5046.833333333333,6,0.0,4055,0.39981979333871936,11.358543417366947,0
138000,4362,145,6228.25,4,0.0,2049,1.2246608032733386,14.13103448275862,0
138000,4405,177,5396.4,5,0.0,2649,1.062540003110136,14.966101694915254,0
138000,4477,162,5808.25,4,0.0,640,0.3064501292939289,3.950617283950617,0
138000,4490,129,4897.6,5,0.0,1669,1.2603372727219193,12.937984496124031,0
138000,4501,196,4507.333333333333,6,0.0,3553,1.1622322676181316,18.127551020408163,0
138000,4591,128,6422.0,5,0.0,1448,1.1106020904292042,11.3125,0
138000,4596,292,4704.0,6,0.0,6636,0.9780263111851129,22.726027397260275,0
138000,4663,54,6143.5,4,0.0,260,1.1204582852309275,4.814814814814815,0
138000,4773,205,5379.5,6,0.0,3902,1.1667811573403806,19.034146341463416,0
138000,4792,70,5207.0,5,0.0,473,1.2130394491003855,6.757142857142857,0
138000,4809,549,3013.7,10,0.0,11585,0.4830156620825778,21.10200364298725,0
138000,4843,223,5641.333333333333,6,0.0,4119,1.040859067355978,18.47085201793722,0
138000,4858,175,5494.0,5,0.0,2583,1.0598836015310937,14.76,0
140000,45,194,4247.333333333333,6,0.0,3237,1.0808093760941822,16.685567010309278,0
140000,162,354,6814.857142857143,7,0.0,4905,0.4918609584046071,13.85593220338983,0
140000,277,175,6340.0,5,0.0,2726,1.1185608586038565,15.577142857142857,0
140000,370,244,4345.166666666667,6,0.0,4514,0.9527780998591996,18.5,0
140000,552,132,5958.2,5,0.0,1497,1.0796520207584757,11.340909090909092,0
140000,563,305,4420.0,8,0.0,7960,1.0752841718924915,26.098360655737704,0
140000,717,278,3561.4285714285716,7,0.0,7044,1.1453536903828219,25.33812949640288,0
140000,775,136,6178.5,4,0.0,1420,0.9647624498480766,10.441176470588236,0
140000,903,433,4090.4285714285716,7,0.0,5924,0.39705358458076867,13.681293302540416,0
140000,969,286,4325.0,7,0.0,7061,1.0847858441487372,24.68881118881119,0
140000,1245,313,3923.5,6,0.0,3238,0.4153345246893916,10.345047923322683,0
140000,1266,377,3300.1428571428573,7,0.0,4910,0.43411886185439663,13.023872679045093,0
140000,1304,366,2565.6363636363635,11,0.0,10986,1.03059323635634,30.016393442622952,0
140000,1616,267,3952.4285714285716,7,0.0,6153,1.0846116285843819,23.04494382022472,0
140000,1733,279,5196.2,5,0.0,2675,0.4318423631943421,9.587813620071685,0
140000,1803,156,3655.8,5,0.0,1956,1.0100189399115114,12.538461538461538,0
140000,1839,142,2813.6666666666665,6,0.0,1796,1.1192819690234614,12.647887323943662,0
140000,1842,146,2956.8,5,0.0,1770,1.0434638763096142,12.123287671232877,0
140000,1952,153,5194.6,5,0.0,2138,1.1477167061173015,13.973856209150327,0
140000,1972,104,5011.8,5,0.0,1039,1.207143035162646,9.990384615384615,0
140000,2119,216,6561.4,5,0.0,4390,1.1824067000393683,20.324074074074073,0
140000,2147,310,4492.5,8,0.0,8243,1.0778833816250017,26.59032258064516,0
140000,2170,261,3599.25,8,0.0,5648,1.0418940008206075,21.63984674329502,0
140000,2175,385,3407.75,8,0.0,7411,0.6282973359623263,19.24935064935065,0
140000,2198,137,5445.5,4,0.0,2050,1.37253235438416,14.963503649635037,0
140000,2270,218,5885.5,6,0.0,4104,1.085186116516498,18.825688073394495,0
140000,2281,209,4086.0,5,0.0,2031,0.584288334007085,9.717703349282298,0
140000,2439,427,3446.5454545454545,11,0.0,15213,1.0485013144165003,35.62763466042155,0
140000,2576,347,4185.571428571428,7,0.0,4180,0.4362417192072133,12.046109510086456,0
140000,2585,117,3480.2,5,0.0,1274,1.169519772276542,10.88888888888889,0
140000,2602,285,5049.833333333333,6,0.0,2952,0.45670576858834444,10.357894736842105,0
140000,2729,87,5832.5,4,0.0,609,1.0110872908105082,7.0,0
140000,2744,204,4518.5,6,0.0,3521,1.0632014353411823,17.25980392156863,0
140000,2750,245,3852.8333333333335,6,0.0,5009,1.0486455711341123,20.444897959183674,0
140000,2797,350,4887.428571428572,7,0.0,4488,0.46039078626321606,12.822857142857142,0
140000,2873,304,5531.142857142857,7,0.0,7740,1.0524552951343922,25.460526315789473,0
140000,2907,154,6499.2,5,0.0,2139,1.1333895574344017,13.88961038961039,0
140000,2953,242,5952.166666666667,6,0.0,5732,1.2299439307681643,23.68595041322314,0
140000,3100,76,4736.0,4,0.0,632,1.3749906904908236,8.31578947368421,0
140000,3129,500,4595.375,8,0.0,6751,0.33934227207015505,13.502,0
140000,3131,140,5856.6,5,0.0,1896,1.2156040145318872,13.542857142857143,0
140000,3137,309,4747.857142857143,7,0.0,7540,0.9923485764944665,24.401294498381876,0
140000,3309,166,4378.0,6,0.0,2594,1.1829425669054905,15.626506024096386,0
140000,3422,262,4536.0,6,0.0,2497,0.45711536950141096,9.530534351145038,0
140000,3469,117,6921.0,4,0.0,1219,1.119030300160993,10.418803418803419,0
140000,3532,75,7510.75,4,0.0,528,1.1795633216678476,7.04,0
140000,3614,134,4465.0,5,0.0,1508,1.0553623795084446,11.253731343283581,0
140000,3635,192,4228.166666666667,6,0.0,3237,1.1034435134190712,16.859375,0
140000,3663,66,7151.75,4,0.0,396,1.1423973285781066,6.0,0
140000,3992,360,4058.5,6,0.0,4327,0.41955775963219244,12.019444444444444,0
140000,4042,251,4119.857142857143,7,0.0,5209,1.0390029448770168,20.752988047808763,0
140000,4329,320,4558.555555555556,9,0.0,8819,1.0822541254690776,27.559375,0
140000,4352,363,5064.833333333333,6,0.0,4068,0.3879516097049618,11.206611570247935,0
140000,4362,144,6258.75,4,0.0,2001,1.2126402198752269,13.895833333333334,0
140000,4405,176,5399.2,5,0.0,2644,1.0726202190200689,15.022727272727273,0
140000,4477,151,5834.75,4,0.0,581,0.32020794381573964,3.847682119205298,0
140000,4490,127,4945.6,5,0.0,1651,1.2863214014698365,13.0,0
140000,4501,197,4511.166666666667,6,0.0,3581,1.1595293145924965,18.17766497461929,0
140000,4591,129,6447.8,5,0.0,1447,1.0926950471112145,11.217054263565892,0
140000,4596,291,4726.333333333333,6,0.0,6603,0.9798626039679931,22.690721649484537,0
140000,4663,21,6244.75,4,0.0,48,1.3677682301343317,2.2857142857142856,0
140000,4773,205,5401.833333333333,6,0.0,3899,1.1658840934059824,19.01951219512195,0
140000,4792,66,5254.2,5,0.0,414,1.1943244798771113,6.2727272727272725,0
140000,4809,551,3005.1,10,0.0,11686,0.4836960583114064,21.208711433756807,0
140000,4843,223,5658.5,6,0.0,4117,1.0403536732955965,18.46188340807175,0
140000,4858,175,5530.8,5,0.0,2568,1.0537286444954892,14.674285714285714,0
142000,45,194,4258.166666666667,6,0.0,3245,1.0834805144966393,16.72680412371134,0
142000,162,354,6835.714285714285,7,0.0,4922,0.4935656752838891,13.903954802259888,0
142000,277,174,6382.2,5,0.0,2700,1.1206632533614007,15.517241379310345,0
142000,370,244,4347.333333333333,6,0.0,4521,0.9542556024509175,18.528688524590162,0
142000,552,130,5987.2,5,0.0,1482,1.1019740384899583,11.4,0
142000,563,304,4426.5,8,0.0,8003,1.08821701898715,26.325657894736842,0
142000,717,277,3555.4285714285716,7,0.0,7080,1.159534256274198,25.55956678700361,0
142000,775,132,6223.0,4,0.0,1385,0.9988764520711348,10.492424242424242,0
142000,903,425,4808.333333333333,6,0.0,5832,0.4057415829643886,13.72235294117647,0
142000,969,286,4335.428571428572,7,0.0,7065,1.0854003666493173,24.702797202797203,0
142000,1245,313,3906.1666666666665,6,0.0,3241,0.4157193312286343,10.354632587859426,0
142000,1266,377,3293.4285714285716,7,0.0,4931,0.4359755820374806,13.079575596816976,0
142000,1304,367,2818.7,10,0.0,11096,1.0352474837360837,30.23433242506812,0
142000,1616,267,3950.5714285714284,7,0.0,6158,1.0854929967207254,23.06367041198502,0
142000,1733,281,5206.8,5,0.0,2670,0.424921284435848,9.501779359430605,0
142000,1803,156,3657.8,5,0.0,1946,1.0048552438996938,12.474358974358974,0
142000,1839,143,2807.6666666666665,6,0.0,1807,1.1104421585479498,12.636363636363637,0
142000,1842,145,2953.8,5,0.0,1757,1.0501361792831898,12.117241379310345,0
142000,1952,153,5197.6,5,0.0,2134,1.1455694344501035,13.947712418300654,0
142000,1972,102,5024.6,5,0.0,1007,1.2162951949884357,9.872549019607844,0
142000,2119,215,6591.4,5,0.0,4350,1.1825573211998357,20.232558139534884,0
142000,2147,311,4475.0,8,0.0,8289,1.0769392998668663,26.65273311897106,0
142000,2170,261,3596.125,8,0.0,5687,1.0490883822002115,21.78927203065134,0
142000,2175,388,3400.25,8,0.0,7436,0.6207057862709561,19.164948453608247,0
142000,2198,134,5476.0,4,0.0,1995,1.396185641325827,14.888059701492537,0
142000,2270,218,5905.5,6,0.0,4102,1.084657273379794,18.81651376146789,0
142000,2281,206,4091.6,5,0.0,2006,0.594027228117742,9.737864077669903,0
142000,2439,428,3444.3636363636365,11,0.0,15330,1.0516336662488324,35.8177570093458,0
142000,2576,349,4184.285714285715,7,0.0,4206,0.4339385949540207,12.051575931232092,0
142000,2585,116,3476.4,5,0.0,1258,1.174828643940535,10.844827586206897,0
142000,2602,285,5073.666666666667,6,0.0,2968,0.45918113860779347,10.414035087719299,0
142000,2729,83,5856.5,4,0.0,535,0.9759048161826328,6.445783132530121,0
142000,2744,204,4541.333333333333,6,0.0,3524,1.0641073155757816,17.274509803921568,0
142000,2750,244,3857.8333333333335,6,0.0,5013,1.058102927468801,20.545081967213115,0
142000,2797,357,5388.142857142857,7,0.0,4670,0.4604583070016818,13.081232492997199,0
142000,2873,303,5551.571428571428,7,0.0,7745,1.0600980340512562,25.56105610561056,0
142000,2907,154,6543.2,5,0.0,2139,1.1333895574344017,13.88961038961039,0
142000,2953,243,5962.333333333333,6,0.0,5740,1.2215442653799666,23.621399176954732,0
142000,3100,68,4764.75,4,0.0,522,1.4186084473822422,7.676470588235294,0
142000,3129,503,4586.0,8,0.0,6807,0.3380879129672971,13.532803180914513,0
142000,3131,140,5867.8,5,0.0,1888,1.2104748836688835,13.485714285714286,0
142000,3137,310,4760.714285714285,7,0.0,7560,0.9885719234605134,24.387096774193548,0
142000,3309,166,4379.5,6,0.0,2603,1.1870468394969127,15.680722891566266,0
142000,3422,264,4543.166666666667,6,0.0,2526,0.455444389518355,9.568181818181818,0
142000,3469,116,6975.0,4,0.0,1184,1.1057210766499153,10.206896551724139,0
142000,3532,70,7561.0,4,0.0,454,1.1643127059018499,6.485714285714286,0
142000,3614,131,4472.0,5,0.0,1481,1.0844819579200475,11.305343511450381,0
142000,3635,192,4255.166666666667,6,0.0,3215,1.0959440517894081,16.744791666666668,0
142000,3663,52,7244.5,4,0.0,242,1.124652991373861,4.653846153846154,0
142000,3992,361,4066.1666666666665,6,0.0,4320,0.4165615752950915,11.966759002770083,0
142000,4042,253,4109.142857142857,7,0.0,5247,1.0301011828577633,20.73913043478261,0
142000,4329,322,4555.444444444444,9,0.0,8942,1.0837591724239006,27.770186335403725,0
142000,4352,366,5077.166666666667,6,0.0,4077,0.38246209945610754,11.139344262295081,0
142000,4362,140,6262.5,4,0.0,1936,1.2412496688469061,13.82857142857143,0
142000,4405,176,5403.8,5,0.0,2637,1.0697804529334045,14.982954545454545,0
142000,4477,133,5860.0,4,0.0,518,0.367990275212734,3.8947368421052633,0
142000,4490,127,5001.6,5,0.0,1637,1.2754137699613097,12.88976377952756,0
142000,4501,201,5288.0,6,0.0,3624,1.1272128686526979,18.029850746268657,0
142000,4591,129,6450.0,5,0.0,1450,1.0949604825924404,11.24031007751938,0
142000,4596,290,4741.666666666667,6,0.0,6596,0.9855859758895732,22.744827586206895,0
142000,4773,204,5418.833333333333,6,0.0,3901,1.1779462650570725,19.122549019607842,0
142000,4792,62,5278.4,5,0.0,364,1.1899476856469144,5.870967741935484,0
142000,4809,556,3002.7,10,0.0,11762,0.47812500377210215,21.154676258992804,0
142000,4843,223,5676.333333333333,6,0.0,4122,1.0416171584465503,18.484304932735427,0
142000,4858,175,5553.0,5,0.0,2554,1.0479840179289248,14.594285714285714,0
144000,45,194,4271.0,6,0.0,3255,1.0868194374997107,16.778350515463917,0
144000,162,356,6858.285714285715,7,0.0,4954,0.4912084965876731,13.915730337078651,0
144000,277,176,6423.0,5,0.0,2691,1.0916872198876721,15.289772727272727,0
144000,370,244,4350.333333333333,6,0.0,4527,0.9555220332438185,18.55327868852459,0
144000,552,131,6013.8,5,0.0,1487,1.0888755377630728,11.351145038167939,0
144000,563,304,4434.75,8,0.0,8029,1.0917523985315292,26.411184210526315,0
144000,717,279,3551.8571428571427,7,0.0,7121,1.1495885862829571,25.523297491039425,0
144000,775,131,6267.0,4,0.0,1354,0.9914845179093479,10.335877862595419,0
144000,903,423,4844.833333333333,6,0.0,5779,0.40586520787788266,13.66193853427896,0
144000,969,286,4346.857142857143,7,0.0,7063,1.0850931053990274,24.695804195804197,0
144000,1245,314,3890.1666666666665,6,0.0,3253,0.4146050915707573,10.359872611464969,0
144000,1266,380,3285.714285714286,7,0.0,4952,0.4309464493234531,13.031578947368422,0
144000,1304,373,2807.1,10,0.0,11232,1.0144935616620707,30.11260053619303,0
144000,1616,267,3947.8571428571427,7,0.0,6167,1.0870794593661437,23.09737827715356,0
144000,1733,281,5224.6,5,0.0,2649,0.4215792069178132,9.427046263345195,0
144000,1803,155,3657.6,5,0.0,1936,1.0126324041373302,12.490322580645161,0
144000,1839,142,2804.0,6,0.0,1795,1.1186587608001743,12.640845070422536,0
144000,1842,145,2958.0,5,0.0,1730,1.0339986284347857,11.931034482758621,0
144000,1952,153,5202.2,5,0.0,2124,1.1402012552821086,13.882352941176471,0
144000,1972,101,5037.6,5,0.0,981,1.2084706962735368,9.712871287128714,0
144000,2119,215,6620.4,5,0.0,4316,1.1733143444364347,20.074418604651164,0
144000,2147,312,4465.125,8,0.0,8313,1.073145123655981,26.64423076923077,0
144000,2170,262,3596.875,8,0.0,5728,1.0486010558686751,21.862595419847327,0
144000,2175,387,3396.125,8,0.0,7455,0.6255119078717734,19.26356589147287,0
144000,2198,133,5509.0,4,0.0,1945,1.3817395468895126,14.62406015037594,0
144000,2270,218,5928.833333333333,6,0.0,4110,1.0867726459266096,18.853211009174313,0
144000,2281,204,4095.2,5,0.0,1994,0.6021083959302237,9.77450980392157,0
144000,2439,430,3446.181818181818,11,0.0,15432,1.048806010388268,35.88837209302326,0
144000,2576,350,4183.142857142857,7,0.0,4235,0.43443738409641713,12.1,0
144000,2585,116,3470.8,5,0.0,1246,1.1636220114069211,10.741379310344827,0
144000,2602,285,5095.333333333333,6,0.0,2980,0.46103766612238023,10.456140350877194,0
144000,2729,76,5881.0,4,0.0,455,0.9899062724261467,5.9868421052631575,0
144000,2744,204,4557.666666666667,6,0.0,3526,1.064711235732181,17.284313725490197,0
144000,2750,244,3857.3333333333335,6,0.0,5015,1.0585250710664347,20.55327868852459,0
144000,2797,362,5385.714285714285,7,0.0,4818,0.46201866258647856,13.30939226519337,0
144000,2873,304,5565.571428571428,7,0.0,7752,1.0540870087702596,25.5,0
144000,2907,154,6588.8,5,0.0,2135,1.131270081871177,13.863636363636363,0
144000,2953,243,5966.0,6,0.0,5747,1.2230339535084789,23.650205761316872,0
144000,3100,59,4795.5,4,0.0,404,1.4584354289575139,6.8474576271186445,0
144000,3129,504,4578.25,8,0.0,6867,0.339715872263182,13.625,0
144000,3131,140,5874.2,5,0.0,1877,1.2034223287322534,13.407142857142857,0
144000,3137,313,4775.857142857143,7,0.0,7580,0.9722778558201323,24.217252396166135,0
144000,3309,167,4376.333333333333,6,0.0,2627,1.1836873177210208,15.730538922155688,0
144000,3422,265,4547.666666666667,6,0.0,2554,0.45702400212279565,9.637735849056604,0
144000,3469,114,7020.0,4,0.0,1147,1.1090818016828232,10.06140350877193,0
144000,3532,62,7610.75,4,0.0,362,1.1834095115499532,5.838709677419355,0
144000,3614,131,4473.6,5,0.0,1466,1.0734980083124843,11.19083969465649,0
144000,3635,191,4278.5,6,0.0,3195,1.1005606785142281,16.727748691099478,0
144000,3663,16,7338.75,4,0.0,28,1.3744467859455345,1.75,0
144000,3992,362,4076.1666666666665,6,0.0,4317,0.4139756260659668,11.925414364640885,0
144000,4042,255,4096.571428571428,7,0.0,5289,1.0221227863028937,20.741176470588236,0
144000,4329,324,4550.555555555556,9,0.0,9059,1.0844264536225399,27.959876543209877,0
144000,4352,373,5093.333333333333,6,0.0,4089,0.36932551403456254,10.962466487935657,0
144000,4362,140,6271.25,4,0.0,1899,1.2175274386055137,13.564285714285715,0
144000,4405,177,5408.8,5,0.0,2635,1.056924465154854,14.887005649717514,0
144000,4477,115,5888.25,4,0.0,445,0.4228381794623691,3.869565217391304,0
144000,4490,127,5051.4,5,0.0,1626,1.266843488061753,12.803149606299213,0
144000,4501,203,5329.666666666667,6,0.0,3646,1.1118199242872564,17.960591133004925,0
144000,4591,130,6449.0,5,0.0,1442,1.072231149461889,11.092307692307692,0
144000,4596,290,4762.5,6,0.0,6586,0.9840917582184247,22.71034482758621,0
144000,4773,205,5430.666666666667,6,0.0,3909,1.1688743065206426,19.068292682926828,0
144000,4792,56,5313.8,5,0.0,289,1.158061577662564,5.160714285714286,0
144000,4809,558,2989.2,10,0.0,11863,0.47877999575462443,21.259856630824373,0
144000,4843,223,5697.0,6,0.0,4126,1.0426279465673138,18.50224215246637,0
144000,4858,174,5579.4,5,0.0,2536,1.0525933372313008,14.574712643678161,0
146000,45,194,4283.666666666667,6,0.0,3263,1.0894905759021676,16.81958762886598,0
146000,162,356,6887.857142857143,7,0.0,4969,0.49269580531775287,13.957865168539326,0
146000,277,175,6464.8,5,0.0,2670,1.0955823523375996,15.257142857142858,0
146000,370,244,4353.666666666667,6,0.0,4531,0.9563663204390858,18.56967213114754,0
146000,552,133,6049.4,5,0.0,1506,1.0698713406764042,11.323308270676693,0
146000,563,304,4440.875,8,0.0,8082,1.0989591337566096,26.585526315789473,0
146000,717,281,3543.0,7,0.0,7176,1.1420356318770206,25.537366548042705,0
146000,775,130,6316.75,4,0.0,1314,0.9770539045720683,10.107692307692307,0
146000,903,420,4857.166666666667,6,0.0,5748,0.40947561389646553,13.685714285714285,0
146000,969,286,4356.428571428572,7,0.0,7062,1.0849394747738823,24.692307692307693,0
146000,1245,315,3870.1666666666665,6,0.0,3266,0.41362324440914144,10.368253968253969,0
146000,1266,384,3281.0,7,0.0,4998,0.425935332102913,13.015625,0
146000,1304,384,3982.6,10,0.0,11425,0.9736516945329695,29.752604166666668,0
146000,1616,267,3945.0,7,0.0,6175,1.0884896483842934,23.127340823970037,0
146000,1733,281,5241.6,5,0.0,2654,0.42237493966020245,9.444839857651246,0
146000,1803,154,3656.8,5,0.0,1921,1.0178781392386562,12.474025974025974,0
146000,1839,141,2798.8333333333335,6,0.0,1789,1.130790052265407,12.687943262411348,0
146000,1842,145,2964.8,5,0.0,1710,1.0220448870655974,11.793103448275861,0
146000,1952,152,5209.0,5,0.0,2115,1.150358113286429,13.914473684210526,0
146000,1972,100,5051.2,5,0.0,947,1.1900352971798136,9.47,0
146000,2119,216,6647.0,5,0.0,4289,1.1552032657104443,19.85648148148148,0
146000,2147,313,4457.25,8,0.0,8346,1.0705317921734594,26.664536741214057,0
146000,2170,261,3602.375,8,0.0,5782,1.0666131573556574,22.153256704980844,0
146000,2175,388,3390.875,8,0.0,7470,0.6235438708235667,19.25257731958763,0
146000,2198,130,5553.0,4,0.0,1888,1.403864362124859,14.523076923076923,0
146000,2270,217,5961.833333333333,6,0.0,4114,1.0978795197917484,18.95852534562212,0
146000,2281,204,4099.6,5,0.0,1987,0.5999946753828257,9.740196078431373,0
146000,2439,433,3445.3636363636365,11,0.0,15548,1.0420980980860552,35.90762124711316,0
146000,2576,350,4184.0,7,0.0,4256,0.43659161905887867,12.16,0
146000,2585,116,3467.4,5,0.0,1231,1.1496137207399035,10.612068965517242,0
146000,2602,285,5119.166666666667,6,0.0,2989,0.4624300617583203,10.487719298245613,0
146000,2729,66,5913.0,4,0.0,356,1.0270036590247626,5.393939393939394,0
146000,2744,204,4554.166666666667,6,0.0,3527,1.0650131958103806,17.28921568627451,0
146000,2750,244,3860.0,6,0.0,5016,1.0587361428652515,20.557377049180328,0
146000,2797,363,6322.333333333333,6,0.0,4817,0.45938124482517234,13.269972451790634,0
146000,2873,304,5585.571428571428,7,0.0,7767,1.0561266508150937,25.549342105263158,0
146000,2907,154,6649.0,5,0.0,2126,1.1265012618539214,13.805194805194805,0
146000,2953,244,5975.333333333333,6,0.0,5751,1.2138739149956261,23.56967213114754,0
146000,3100,47,4831.5,4,0.0,268,1.5245755204383242,5.702127659574468,0
146000,3129,507,4568.875,8,0.0,6936,0.33908066781506724,13.680473372781066,0
146000,3131,140,5883.8,5,0.0,1866,1.1963697737956231,13.32857142857143,0
146000,3137,315,4797.428571428572,7,0.0,7608,0.9635167310057403,24.152380952380952,0
146000,3309,166,4381.166666666667,6,0.0,2643,1.205288051014345,15.921686746987952,0
146000,3422,267,4550.0,6,0.0,2587,0.4560198737441566,9.689138576779026,0
146000,3469,112,7067.25,4,0.0,1107,1.1089741924502237,9.883928571428571,0
146000,3532,51,7663.75,4,0.0,250,1.207840312798844,4.901960784313726,0
146000,3614,131,4474.2,5,0.0,1457,1.0669076385479468,11.122137404580153,0
146000,3635,191,4306.5,6,0.0,3181,1.0957381904080625,16.654450261780106,0
146000,3992,361,4089.1666666666665,6,0.0,4305,0.415115180936428,11.925207756232687,0
146000,4042,256,4084.1428571428573,7,0.0,5331,1.022206447527294,20.82421875,0
146000,4329,328,4547.555555555556,9,0.0,9184,1.0727389548843196,28.0,0
146000,4352,386,5112.333333333333,6,0.0,4112,0.3468074039990665,10.652849740932643,0
146000,4362,138,6288.75,4,0.0,1858,1.2260195652950716,13.46376811594203,0
146000,4405,176,5414.8,5,0.0,2629,1.0665350059772165,14.9375,0
146000,4477,100,5932.5,4,0.0,360,0.4523893421169302,3.6,0
146000,4490,127,5072.4,5,0.0,1609,1.2535985069442561,12.669291338582678,0
146000,4501,203,5359.833333333333,6,0.0,3659,1.1157841752515278,18.02463054187192,0
146000,4591,121,8121.0,4,0.0,1313,1.1269479281916257,10.851239669421487,0
146000,4596,290,4760.166666666667,6,0.0,6577,0.9827469623143908,22.679310344827588,0
146000,4773,206,5445.833333333333,6,0.0,3915,1.1593303081161317,19.00485436893204,0
146000,4792,47,5363.4,5,0.0,201,1.1434316403287432,4.276595744680851,0
146000,4809,563,4109.9,10,0.0,11966,0.47439715168177915,21.25399644760213,0
146000,4843,223,5720.5,6,0.0,4125,1.042375249537123,18.49775784753363,0
146000,4858,172,5592.0,5,0.0,2516,1.0687191882682423,14.627906976744185,0
150000,45,195,4313.5,6,0.0,3279,1.0836325902559822,16.815384615384616,0
150000,162,359,6943.428571428572,7,0.0,5014,0.4888834060908659,13.96657381615599,0
150000,277,175,6599.0,5,0.0,2646,1.0857344210806323,15.12,0
150000,370,244,4359.333333333333,6,0.0,4539,0.9580548948296205,18.602459016393443,0
150000,552,142,7204.4,5,0.0,1627,1.0139597792879573,11.45774647887324,0
150000,563,306,4484.875,8,0.0,8183,1.0981952532925487,26.741830065359476,0
150000,717,283,3526.1428571428573,7,0.0,7324,1.1491727750323588,25.879858657243815,0
150000,775,127,6493.75,4,0.0,1255,0.9777912530857934,9.881889763779528,0
150000,903,420,4872.666666666667,6,0.0,5699,0.4059849553924769,13.56904761904762,0
150000,969,286,4368.142857142857,7,0.0,7069,1.086014889149897,24.716783216783217,0
150000,1245,320,5396.5,6,0.0,3336,0.40938879267091993,10.425,0
150000,1266,386,3261.1428571428573,7,0.0,5059,0.42667768891811225,13.106217616580311,0
150000,1304,390,4533.0,10,0.0,11703,0.9668917508208114,30.00769230769231,0
150000,1616,268,3942.4285714285716,7,0.0,6194,1.0837059977909989,23.111940298507463,0
150000,1733,279,5244.4,5,0.0,2660,0.42942081723250475,9.53405017921147,0
150000,1803,153,3660.4,5,0.0,1884,1.011364955250232,12.313725490196079,0
150000,1839,141,2787.5,6,0.0,1779,1.1244692582337392,12.617021276595745,0
150000,1842,142,2969.0,5,0.0,1683,1.04885943979203,11.852112676056338,0
150000,1952,152,5192.6,5,0.0,2100,1.1421995451070923,13.81578947368421,0
150000,1972,82,6438.25,4,0.0,722,1.349333667990381,8.804878048780488,0
150000,2119,214,8440.0,4,0.0,4153,1.1395785038307635,19.406542056074766,0
150000,2147,313,4443.25,8,0.0,8429,1.0811781064258434,26.929712460063897,0
150000,2170,264,3619.375,8,0.0,5845,1.0538687477176505,22.140151515151516,0
150000,2175,390,3379.375,8,0.0,7522,0.621461142414265,19.287179487179486,0
150000,2198,127,5654.25,4,0.0,1795,1.3985141827003977,14.133858267716535,0
150000,2270,218,5989.833333333333,6,0.0,4130,1.0920610772936492,18.94495412844037,0
150000,2281,200,4107.8,5,0.0,1956,0.6144955230421635,9.78,0
150000,2439,442,3826.090909090909,11,0.0,15872,1.0209323846312974,35.90950226244344,0
150000,2576,355,6434.857142857143,7,0.0,4389,0.43764174272106654,12.36338028169014,0
150000,2585,114,3468.8,5,0.0,1198,1.1583958137890342,10.508771929824562,0
150000,2602,285,5179.666666666667,6,0.0,3012,0.4659884061612783,10.56842105263158,0
150000,2729,32,5987.5,4,0.0,80,0.9817477042468103,2.5,0
150000,2744,203,4555.0,6,0.0,3526,1.0752268384632107,17.36945812807882,0
150000,2750,245,3867.0,6,0.0,5032,1.0534606735769323,20.538775510204083,0
150000,2797,361,6394.333333333333,6,0.0,4818,0.46458186800272017,13.346260387811634,0
150000,2873,304,5639.0,7,0.0,7784,1.0584382451325722,25.605263157894736,0
150000,2907,154,6780.6,5,0.0,2117,1.1217324418366659,13.746753246753247,0
150000,2953,245,5988.5,6,0.0,5768,1.207543951747167,23.542857142857144,0
150000,3129,509,5222.142857142857,7,0.0,7017,0.340350016407835,13.785854616895874,0
150000,3131,139,5907.8,5,0.0,1843,1.1986864573398868,13.258992805755396,0
150000,3137,312,5654.166666666667,6,0.0,7542,0.9736148830281978,24.173076923076923,0
150000,3309,169,4381.0,6,0.0,2675,1.1769560377231465,15.828402366863905,0
150000,3422,271,5498.8,5,0.0,2580,0.4414596231675313,9.52029520295203,0
150000,3469,107,7172.25,4,0.0,1018,1.1173521954247216,9.514018691588785,0
150000,3614,130,4482.2,5,0.0,1431,1.0640518549791702,11.007692307692308,0
150000,3635,191,4381.5,6,0.0,3171,1.0922935560465157,16.602094240837697,0
150000,3992,360,4109.666666666667,6,0.0,4291,0.4160671011282038,11.919444444444444,0
150000,4042,266,5182.75,8,0.0,5608,0.9959891232591758,21.082706766917294,0
150000,4329,339,4912.0,9,0.0,9538,1.0429603198698043,28.135693215339234,0
150000,4352,405,5129.5,6,0.0,4172,0.31962748485356784,10.301234567901234,0
150000,4362,135,6319.0,4,0.0,1763,1.2156110503766926,13.059259259259258,0
150000,4405,174,5407.0,5,0.0,2600,1.079157206940608,14.942528735632184,0
150000,4477,36,6018.25,4,0.0,121,1.1732491082850771,3.361111111111111,0
150000,4490,125,5116.8,5,0.0,1573,1.2650816624887666,12.584,0
150000,4501,204,5395.333333333333,6,0.0,3683,1.1121189680095356,18.05392156862745,0
150000,4591,112,8231.5,4,0.0,1137,1.139027693600636,10.151785714285714,0
150000,4596,289,4782.333333333333,6,0.0,6555,0.9862496782500733,22.68166089965398,0
150000,4773,203,6598.8,5,0.0,3846,1.1728084006606658,18.945812807881772,0
150000,4809,580,4103.2,10,0.0,12182,0.45506399174828605,21.00344827586207,0
150000,4843,223,5781.666666666667,6,0.0,4131,1.043891431718268,18.524663677130047,0
150000,4858,170,5612.8,5,0.0,2486,1.0809687663424534,14.623529411764705,0
152000,45,195,4328.333333333333,6,0.0,3293,1.0882592618825708,16.887179487179488,0
152000,162,359,6958.857142857143,7,0.0,5041,0.49151600520623356,14.041782729805014,0
152000,277,174,6657.6,5,0.0,2627,1.090363839474222,15.097701149425287,0
152000,370,244,4351.0,6,0.0,4544,0.9591102538237047,18.62295081967213,0
152000,552,141,7261.0,5,0.0,1629,1.029657347758719,11.553191489361701,0
152000,563,312,5412.875,8,0.0,8325,1.074694232459526,26.682692307692307,0
152000,717,291,4681.571428571428,7,0.0,7500,1.1129743343571026,25.77319587628866,0
152000,775,125,6587.75,4,0.0,1218,0.9795737221305262,9.744,0
152000,903,418,4866.666666666667,6,0.0,5688,0.4090881393195838,13.607655502392344,0
152000,969,286,4364.0,7,0.0,7073,1.086629411650477,24.73076923076923,0
152000,1245,317,5398.333333333333,6,0.0,3347,0.4185497163496517,10.558359621451103,0
152000,1266,382,3798.6666666666665,6,0.0,5043,0.4342822771320229,13.201570680628272,0
152000,1304,391,4536.8,10,0.0,11800,0.9699254534535896,30.17902813299233,0
152000,1616,268,3940.8571428571427,7,0.0,6202,1.0851056826444585,23.14179104477612,0
152000,1733,282,6064.6,5,0.0,2704,0.42728567654075755,9.588652482269504,0
152000,1803,153,3661.6,5,0.0,1873,1.0054599581654378,12.241830065359476,0
152000,1839,141,2783.5,6,0.0,1775,1.1219409406210719,12.588652482269504,0
152000,1842,142,2947.4,5,0.0,1676,1.0444969822290207,11.80281690140845,0
152000,1952,152,5180.2,5,0.0,2095,1.139480022380647,13.782894736842104,0
152000,1972,75,6509.0,4,0.0,615,1.3739231871699362,8.2,0
152000,2119,210,8529.75,4,0.0,4063,1.1577588164657895,19.347619047619048,0
152000,2147,313,4423.125,8,0.0,8462,1.0854109783575143,27.03514376996805,0
152000,2170,266,3627.75,8,0.0,5874,1.0432311180499998,22.082706766917294,0
152000,2175,392,3374.375,8,0.0,7540,0.6166078875486005,19.23469387755102,0
152000,2198,126,5717.25,4,0.0,1754,1.3883480761895937,13.920634920634921,0
152000,2270,219,5996.333333333333,6,0.0,4135,1.0834207479071574,18.881278538812786,0
152000,2281,199,4111.0,5,0.0,1948,0.6181482779922645,9.78894472361809,0
152000,2439,448,3811.818181818182,11,0.0,16056,1.0052896134813003,35.839285714285715,0
152000,2576,356,6461.857142857143,7,0.0,4452,0.4414332310876707,12.50561797752809,0
152000,2585,114,3469.8,5,0.0,1180,1.1409908683397834,10.350877192982455,0
152000,2602,285,5191.833333333333,6,0.0,3019,0.46707138054478725,10.592982456140351,0
152000,2744,203,4556.0,6,0.0,3524,1.0746169536994765,17.35960591133005,0
152000,2750,245,3868.8333333333335,6,0.0,5037,1.0545074349775452,20.559183673469388,0
152000,2797,361,6416.333333333333,6,0.0,4815,0.4642925891309874,13.337950138504155,0
152000,2873,305,5655.857142857143,7,0.0,7787,1.0519143023274913,25.531147540983607,0
152000,2907,153,6830.4,5,0.0,2110,1.132685804446916,13.790849673202615,0
152000,2953,240,7241.4,5,0.0,5664,1.2356931104119855,23.6,0
152000,3129,506,5244.714285714285,7,0.0,6986,0.34287625611989403,13.806324110671937,0
152000,3131,138,5916.6,5,0.0,1835,1.210842789190773,13.297101449275363,0
152000,3137,309,5688.666666666667,6,0.0,7486,0.9852415707742144,24.22653721682848,0
152000,3309,161,5308.2,5,0.0,2569,1.2454382974533666,15.956521739130435,0
152000,3422,267,5531.6,5,0.0,2517,0.4436807198353468,9.426966292134832,0
152000,3469,105,7212.0,4,0.0,971,1.1067524595503635,9.247619047619047,0
152000,3614,129,4485.4,5,0.0,1415,1.06853040197814,10.968992248062015,0
152000,3635,190,4407.333333333333,6,0.0,3166,1.102081145846569,16.66315789473684,0
152000,3992,360,4129.166666666667,6,0.0,4285,0.41548532471087235,11.902777777777779,0
152000,4042,267,5185.875,8,0.0,5724,1.0089902424861044,21.43820224719101,0
152000,4329,340,4926.444444444444,9,0.0,9675,1.0517269523695933,28.455882352941178,0
152000,4352,417,5571.666666666667,6,0.0,4247,0.3069163431797492,10.184652278177458,0
152000,4362,132,6317.25,4,0.0,1717,1.2383183163943239,13.007575757575758,0
152000,4405,174,5398.2,5,0.0,2591,1.0754216627627367,14.89080459770115,0
152000,4490,125,5127.6,5,0.0,1559,1.2538221944183008,12.472,0
152000,4501,204,5395.0,6,0.0,3696,1.1160444490261319,18.11764705882353,0
152000,4591,109,8266.25,4,0.0,1058,1.1190320772655504,9.706422018348624,0
152000,4596,289,4784.166666666667,6,0.0,6550,0.9854973901659771,22.664359861591695,0
152000,4773,200,6659.2,5,0.0,3761,1.1815529970151213,18.805,0
152000,4809,585,4563.0,9,0.0,12231,0.4491176243238426,20.907692307692308,0
152000,4843,223,5796.833333333333,6,0.0,4133,1.0443968257786493,18.533632286995516,0
152000,4858,171,5617.4,5,0.0,2484,1.0675033208873905,14.526315789473685,0
154000,45,197,4334.333333333333,6,0.0,3305,1.070160397857638,16.776649746192895,0
154000,162,359,6970.142857142857,7,0.0,5056,0.4929785602703267,14.083565459610028,0
154000,277,173,6701.2,5,0.0,2599,1.0912491973243172,15.023121387283236,0
154000,370,244,4344.166666666667,6,0.0,4552,0.9607988282142393,18.65573770491803,0
154000,552,141,7304.4,5,0.0,1644,1.039138538806221,11.659574468085106,0
154000,563,314,5427.25,8,0.0,8398,1.0703515398128558,26.745222929936304,0
154000,717,293,4676.285714285715,7,0.0,7590,1.111005986825544,25.90443686006826,0
154000,775,124,6647.5,4,0.0,1198,0.97909157101992,9.661290322580646,0
154000,903,418,4866.333333333333,6,0.0,5677,0.408297005435527,13.58133971291866,0
154000,969,286,4362.142857142857,7,0.0,7077,1.0872439341510571,24.744755244755243,0
154000,1245,318,5399.5,6,0.0,3365,0.41815827219372864,10.581761006289309,0
154000,1266,377,3813.8333333333335,6,0.0,4973,0.43968902240364854,13.190981432360743,0
154000,1304,391,4535.3,10,0.0,11894,0.9776519782522877,30.419437340153454,0
154000,1616,268,3939.4285714285716,7,0.0,6205,1.085630564464506,23.152985074626866,0
154000,1733,291,6057.4,5,0.0,2755,0.40883257215384233,9.467353951890034,0
154000,1803,152,3664.4,5,0.0,1864,1.0138380724188667,12.263157894736842,0
154000,1839,141,2780.0,6,0.0,1774,1.1213088612179052,12.581560283687944,0
154000,1842,141,2931.2,5,0.0,1654,1.045459332837889,11.73049645390071,0
154000,1952,152,5170.4,5,0.0,2085,1.134040976927756,13.717105263157896,0
154000,1972,69,6561.0,4,0.0,517,1.3645901297256233,7.492753623188406,0
154000,2119,207,8602.25,4,0.0,3985,1.1686850777899438,19.2512077294686,0
154000,2147,313,4409.125,8,0.0,8494,1.0895155814427708,27.13738019169329,0
154000,2170,266,3619.875,8,0.0,5902,1.0482039596069286,22.18796992481203,0
154000,2175,392,3369.625,8,0.0,7557,0.6179981175337897,19.278061224489797,0
154000,2198,124,5738.5,4,0.0,1712,1.3991692567496685,13.806451612903226,0
154000,2270,219,6004.333333333333,6,0.0,4137,1.0839447724526992,18.89041095890411,0
154000,2281,198,4111.2,5,0.0,1934,0.619920435878243,9.767676767676768,0
154000,2439,448,3799.909090909091,11,0.0,16198,1.014180440904964,36.15625,0
154000,2576,357,6470.571428571428,7,0.0,4489,0.4426118501350213,12.57422969187675,0
154000,2585,114,3466.0,5,0.0,1162,1.1235859228905325,10.192982456140351,0
154000,2602,284,5202.166666666667,6,0.0,3029,0.47192442708408466,10.665492957746478,0
154000,2744,203,4557.0,6,0.0,3527,1.0755317808450775,17.374384236453203,0
154000,2750,245,3872.5,6,0.0,5038,1.054716787257668,20.56326530612245,0
154000,2797,361,6429.333333333333,6,0.0,4818,0.46458186800272017,13.346260387811634,0
154000,2873,305,5664.285714285715,7,0.0,7786,1.0517792163762485,25.527868852459015,0
154000,2907,154,6873.2,5,0.0,2110,1.1180233596010225,13.7012987012987,0
154000,2953,240,7281.2,5,0.0,5593,1.2202033133005357,23.304166666666667,0
154000,3129,504,5259.428571428572,7,0.0,6971,0.34486083377699744,13.831349206349206,0
154000,3131,138,5921.6,5,0.0,1830,1.2075434900376647,13.26086956521739,0
154000,3137,307,5714.833333333333,6,0.0,7447,0.9929204762398832,24.257328990228014,0
154000,3309,158,5340.0,5,0.0,2502,1.2594559877073646,15.835443037974683,0
154000,3422,266,5562.6,5,0.0,2471,0.4388532673989699,9.289473684210526,0
154000,3469,103,7245.75,4,0.0,926,1.0968478828255814,8.990291262135923,0
154000,3614,128,4487.6,5,0.0,1405,1.077621503489663,10.9765625,0
154000,3635,191,4422.5,6,0.0,3156,1.0871266045041954,16.523560209424083,0
154000,3992,360,4145.833333333333,6,0.0,4281,0.41509747376598466,11.891666666666667,0
154000,4042,268,5185.375,8,0.0,5803,1.015296400578167,21.652985074626866,0
154000,4329,341,4933.222222222223,9,0.0,9790,1.0579954447809727,28.70967741935484,0
154000,4352,430,5574.833333333333,6,0.0,4313,0.29312469691579834,10.030232558139534,0
154000,4362,132,6320.0,4,0.0,1684,1.2145183720489465,12.757575757575758,0
154000,4405,175,5390.2,5,0.0,2584,1.0602939320001339,14.765714285714285,0
154000,4490,124,5131.4,5,0.0,1541,1.2594157854271257,12.42741935483871,0
154000,4501,203,5399.333333333333,6,0.0,3704,1.129506582435545,18.246305418719214,0
154000,4591,105,8285.5,4,0.0,985,1.1227097555685972,9.380952380952381,0
154000,4596,290,4777.166666666667,6,0.0,6543,0.9776666222324859,22.56206896551724,0
154000,4773,198,6694.2,5,0.0,3712,1.1898369482833704,18.747474747474747,0
154000,4809,566,4578.888888888889,9,0.0,12233,0.47985494801238543,21.613074204946997,0
154000,4843,223,5803.5,6,0.0,4138,1.0456603109296034,18.556053811659194,0
154000,4858,170,5622.2,5,0.0,2472,1.0748812511659471,14.541176470588235,0
156000,45,197,4338.666666666667,6,0.0,3313,1.0727508012412568,16.81725888324873,0
156000,162,362,6979.714285714285,7,0.0,5075,0.4866634936958029,14.019337016574585,0
156000,277,173,6728.0,5,0.0,2595,1.089569706447327,15.0,0
156000,370,245,4338.0,6,0.0,4557,0.9540183405186963,18.6,0
156000,552,142,7338.8,5,0.0,1653,1.0301631930934194,11.640845070422536,0
156000,563,313,5440.375,8,0.0,8451,1.0840000210469574,27.0,0
156000,717,293,4673.285714285715,7,0.0,7659,1.1211060412512306,26.139931740614333,0
156000,775,122,6697.75,4,0.0,1164,0.9827502952911903,9.540983606557377,0
156000,903,418,4868.666666666667,6,0.0,5668,0.4076497140758441,13.559808612440191,0
156000,969,286,4359.142857142857,7,0.0,7092,1.089548393528232,24.797202797202797,0
156000,1245,317,5399.666666666667,6,0.0,3378,0.42242633457697143,10.656151419558359,0
156000,1266,373,3825.6666666666665,6,0.0,4926,0.44492479386995726,13.206434316353887,0
156000,1304,392,4536.9,10,0.0,11986,0.9801939177927754,30.5765306122449,0
156000,1616,268,3936.8571428571427,7,0.0,6212,1.0868552887112828,23.17910447761194,0
156000,1733,296,6058.0,5,0.0,2776,0.3981492515689037,9.378378378378379,0
156000,1803,152,3663.4,5,0.0,1856,1.009486836056554,12.210526315789474,0
156000,1839,141,2777.0,6,0.0,1766,1.1162522259925707,12.52482269503546,0
156000,1842,140,2922.8,5,0.0,1641,1.052112968273643,11.721428571428572,0
156000,1952,152,5167.2,5,0.0,2071,1.1264263132937087,13.625,0
156000,1972,61,6609.25,4,0.0,411,1.3880081490195162,6.737704918032787,0
156000,2119,207,8662.25,4,0.0,3924,1.1507955446042006,18.956521739130434,0
156000,2147,313,4396.75,8,0.0,8524,1.0933636468351988,27.233226837060702,0
156000,2170,266,3612.25,8,0.0,5942,1.0553080189739696,22.338345864661655,0
156000,2175,392,3365.0,8,0.0,7575,0.6194701257534019,19.323979591836736,0
156000,2198,123,5763.25,4,0.0,1674,1.3904490983169577,13.609756097560975,0
156000,2270,219,6015.0,6,0.0,4139,1.0844687969982405,18.899543378995435,0
156000,2281,196,4113.0,5,0.0,1922,0.6287110662431885,9.806122448979592,0
156000,2439,449,3790.0,11,0.0,16320,1.0172725751674927,36.347438752783965,0
156000,2576,358,6481.142857142857,7,0.0,4526,0.4437704300785682,12.64245810055866,0
156000,2585,112,3467.2,5,0.0,1140,1.1420330437156774,10.178571428571429,0
156000,2602,285,5213.166666666667,6,0.0,3035,0.4695467505642363,10.649122807017545,0
156000,2744,203,4558.166666666667,6,0.0,3526,1.0752268384632107,17.36945812807882,0
156000,2750,244,3873.6666666666665,6,0.0,5043,1.0644350814333061,20.668032786885245,0
156000,2797,360,6446.333333333333,6,0.0,4820,0.46736038858959267,13.38888888888889,0
156000,2873,304,5673.285714285715,7,0.0,7804,1.0611577678590176,25.67105263157895,0
156000,2907,153,6908.2,5,0.0,2108,1.131612168613317,13.777777777777779,0
156000,2953,238,7314.0,5,0.0,5541,1.2292609909992969,23.281512605042018,0
156000,3129,502,5267.142857142857,7,0.0,6983,0.34821259186389936,13.910358565737052,0
156000,3131,138,5930.8,5,0.0,1818,1.1996251720702047,13.173913043478262,0
156000,3137,307,5738.666666666667,6,0.0,7439,0.9918538233850532,24.23127035830619,0
156000,3309,156,5371.2,5,0.0,2447,1.2635564140917528,15.685897435897436,0
156000,3422,264,5587.6,5,0.0,2433,0.4386762469113847,9.215909090909092,0
156000,3469,99,7282.0,4,0.0,865,1.1090613795960296,8.737373737373737,0
156000,3614,128,4490.4,5,0.0,1396,1.0707185899441776,10.90625,0
156000,3635,191,4431.666666666667,6,0.0,3163,1.089537848557278,16.56020942408377,0
156000,3992,359,4161.666666666667,6,0.0,4267,0.4160481638990277,11.885793871866296,0
156000,4042,271,5187.875,8,0.0,5869,1.0042350885155973,21.656826568265682,0
156000,4329,343,4940.333333333333,9,0.0,9876,1.0548791420871506,28.793002915451893,0
156000,4352,436,5579.5,6,0.0,4362,0.28835172028782674,10.004587155963304,0
156000,4362,130,6326.75,4,0.0,1642,1.2209455946022343,12.63076923076923,0
156000,4405,175,5390.6,5,0.0,2563,1.0516769921502878,14.645714285714286,0
156000,4490,124,5135.6,5,0.0,1528,1.248791252519564,12.32258064516129,0
156000,4501,204,5405.0,6,0.0,3717,1.1223856106683259,18.220588235294116,0
156000,4591,102,8306.25,4,0.0,918,1.1087974071493387,9.0,0
156000,4596,290,4772.333333333333,6,0.0,6533,0.9761724045613374,22.52758620689655,0
156000,4773,197,6724.6,5,0.0,3674,1.1896427539270684,18.6497461928934,0
156000,4809,564,4590.111111111111,9,0.0,12253,0.48405430793767584,21.72517730496454,0
156000,4843,224,5812.5,6,0.0,4132,1.0348422229458725,18.446428571428573,0
156000,4858,169,5626.6,5,0.0,2453,1.079279686181263,14.514792899408285,0
158000,45,197,4339.666666666667,6,0.0,3327,1.0772840071625904,16.888324873096447,0
158000,162,363,6987.285714285715,7,0.0,5105,0.48684684551224927,14.0633608815427,0
158000,277,174,6754.2,5,0.0,2585,1.0729312999774892,14.85632183908046,0
158000,370,245,4331.833333333333,6,0.0,4567,0.9561118633199224,18.64081632653061,0
158000,552,145,7374.2,5,0.0,1665,0.9951489689849238,11.482758620689655,0
158000,563,313,5451.125,8,0.0,8499,1.0901569256748422,27.15335463258786,0
158000,717,295,4675.0,7,0.0,7704,1.1124541133355135,26.115254237288134,0
158000,775,121,6745.75,4,0.0,1134,0.9733122243482891,9.37190082644628,0
158000,903,416,4868.5,6,0.0,5662,0.41114315839093496,13.610576923076923,0
158000,969,286,4363.428571428572,7,0.0,7095,1.0900092854036667,24.807692307692307,0
158000,1245,317,5404.833333333333,6,0.0,3388,0.4236768565857843,10.68769716088328,0
158000,1266,370,3831.6666666666665,6,0.0,4901,0.44987423214736527,13.245945945945946,0
158000,1304,394,4535.8,10,0.0,12085,0.978282027844898,30.67258883248731,0
158000,1616,268,3935.714285714286,7,0.0,6225,1.0891297765981545,23.22761194029851,0
158000,1733,300,6060.8,5,0.0,2782,0.38844047832385803,9.273333333333333,0
158000,1803,150,3668.2,5,0.0,1835,1.0248573367710703,12.233333333333333,0
158000,1839,141,2772.8333333333335,6,0.0,1758,1.1111955907672362,12.46808510638298,0
158000,1842,139,2912.6,5,0.0,1623,1.0555985459916637,11.676258992805755,0
158000,1952,151,5160.2,5,0.0,2058,1.1342305479738246,13.629139072847682,0
158000,1972,53,6657.0,4,0.0,303,1.3555038434143214,5.716981132075472,0
158000,2119,205,8721.0,4,0.0,3871,1.1575114966849342,18.882926829268293,0
158000,2147,316,4387.25,8,0.0,8563,1.0776100742144448,27.098101265822784,0
158000,2170,266,3604.125,8,0.0,5990,1.0638328902144192,22.518796992481203,0
158000,2175,394,3359.375,8,0.0,7604,0.6155446040324869,19.299492385786802,0
158000,2198,121,5788.75,4,0.0,1632,1.400745635040924,13.487603305785123,0
158000,2270,219,6023.5,6,0.0,4139,1.0844687969982405,18.899543378995435,0
158000,2281,195,4119.8,5,0.0,1908,0.6305492473950638,9.784615384615385,0
158000,2439,452,3780.909090909091,11,0.0,16435,1.010887212423609,36.360619469026545,0
158000,2576,361,6489.428571428572,7,0.0,4560,0.4397038850337078,12.631578947368421,0
158000,2585,110,3466.0,5,0.0,1112,1.1548598448898677,10.10909090909091,0
158000,2602,286,5219.666666666667,6,0.0,3048,0.4682661454419135,10.657342657342657,0
158000,2744,203,4560.666666666667,6,0.0,3528,1.0758367232269446,17.379310344827587,0
158000,2750,244,3876.5,6,0.0,5051,1.0661236558238407,20.700819672131146,0
158000,2797,361,6464.5,6,0.0,4816,0.464389015421565,13.340720221606649,0
158000,2873,306,5680.714285714285,7,0.0,7818,1.0492106183845957,25.54901960784314,0
158000,2907,153,6946.8,5,0.0,2105,1.1300017148629184,13.758169934640524,0
158000,2953,237,7344.2,5,0.0,5501,1.230707414224747,23.21097046413502,0
158000,3129,500,5277.285714285715,7,0.0,6980,0.35085306755290807,13.96,0
158000,3131,137,5943.0,5,0.0,1803,1.2071589438803125,13.16058394160584,0
158000,3137,307,5766.666666666667,6,0.0,7398,0.9863872275040494,24.09771986970684,0
158000,3309,155,5392.6,5,0.0,2406,1.2584677501830663,15.522580645161291,0
158000,3422,262,5610.8,5,0.0,2404,0.4400902476096884,9.17557251908397,0
158000,3469,97,7311.5,4,0.0,823,1.0991734526110744,8.484536082474227,0
158000,3614,127,4494.6,5,0.0,1382,1.0767390531988577,10.881889763779528,0
158000,3635,190,4440.666666666667,6,0.0,3147,1.0954672665758536,16.563157894736843,0
158000,3992,360,4175.5,6,0.0,4270,0.4140308836675437,11.86111111111111,0
158000,4042,272,5185.875,8,0.0,5943,1.0094336689167465,21.84926470588235,0
158000,4329,344,4945.666666666667,9,0.0,9956,1.057250421144537,28.941860465116278,0
158000,4352,441,5590.333333333333,6,0.0,4389,0.28359480168459855,9.952380952380953,0
158000,4362,128,6335.5,4,0.0,1598,1.2256506495206272,12.484375,0
158000,4405,174,5383.0,5,0.0,2557,1.0613096069796673,14.695402298850574,0
158000,4490,124,5140.2,5,0.0,1514,1.237349447849882,12.209677419354838,0
158000,4501,204,5411.833333333333,6,0.0,3726,1.125103251372123,18.264705882352942,0
158000,4591,99,8330.5,4,0.0,855,1.096239860756769,8.636363636363637,0
158000,4596,290,4771.0,6,0.0,6526,0.9751264521915334,22.50344827586207,0
158000,4773,195,6756.6,5,0.0,3637,1.2019431932787457,18.651282051282053,0
158000,4809,562,4599.888888888889,9,0.0,12272,0.48826161073003055,21.83629893238434,0
158000,4843,224,5817.666666666667,6,0.0,4137,1.0360944521604731,18.46875,0
158000,4858,169,5634.4,5,0.0,2439,1.073119916264207,14.431952662721894,0
160000,45,198,4343.666666666667,6,0.0,3332,1.068032519310396,16.828282828282827,0
160000,162,363,7000.0,7,0.0,5125,0.4887541788932963,14.118457300275482,0
160000,277,176,6774.6,5,0.0,2582,1.0474680051096135,14.670454545454545,0
160000,370,245,4328.0,6,0.0,4569,0.9565305678801675,18.648979591836735,0
160000,552,148,7398.2,5,0.0,1699,0.9747198536247368,11.47972972972973,0
160000,563,314,5461.375,8,0.0,8549,1.0895969652131583,27.226114649681527,0
160000,717,297,4674.0,7,0.0,7743,1.1030780041377077,26.07070707070707,0
160000,775,119,6790.5,4,0.0,1105,0.9805691355742451,9.285714285714286,0
160000,903,417,4869.666666666667,6,0.0,5663,0.4092458797802966,13.580335731414868,0
160000,969,286,4365.571428571428,7,0.0,7101,1.0909310691545369,24.82867132867133,0
160000,1245,317,5406.166666666667,6,0.0,3390,0.42392696098754684,10.694006309148264,0
160000,1266,371,3834.1666666666665,6,0.0,4885,0.4459915319646367,13.167115902964959,0
160000,1304,393,4538.9,10,0.0,12161,0.9894504531672067,30.9440203562341,0
160000,1616,268,3935.0,7,0.0,6237,1.0912293038783436,23.27238805970149,0
160000,1733,301,6068.0,5,0.0,2789,0.3868346667635868,9.26578073089701,0
160000,1803,149,3669.6,5,0.0,1817,1.0284714835498678,12.194630872483222,0
160000,1839,141,2766.0,6,0.0,1757,1.1105635113640695,12.460992907801419,0
160000,1842,139,2903.6,5,0.0,1617,1.0516961484094396,11.633093525179856,0
160000,1952,151,5158.4,5,0.0,2050,1.1298214885064823,13.57615894039735,0
160000,1972,38,6716.75,4,0.0,159,1.383693163215449,4.184210526315789,0
160000,2119,204,8779.0,4,0.0,3811,1.1507698580190986,18.681372549019606,0
160000,2147,316,4380.0,8,0.0,8588,1.0807561972852564,27.17721518987342,0
160000,2170,267,3598.625,8,0.0,6014,1.0601095943940309,22.524344569288388,0
160000,2175,394,3353.5,8,0.0,7623,0.6170826560415108,19.34771573604061,0
160000,2198,120,5806.5,4,0.0,1594,1.3910274138394807,13.283333333333333,0
160000,2270,219,6033.166666666667,6,0.0,4138,1.0842067847254697,18.894977168949772,0
160000,2281,193,4123.4,5,0.0,1893,0.6386249180644289,9.808290155440414,0
160000,2439,452,3767.0,11,0.0,16578,1.019682884548743,36.676991150442475,0
160000,2576,360,6505.714285714285,7,0.0,4584,0.44447718284122256,12.733333333333333,0
160000,2585,109,3467.2,5,0.0,1092,1.1549934105614188,10.01834862385321,0
160000,2602,286,5229.833333333333,6,0.0,3052,0.4688806679424935,10.671328671328672,0
160000,2744,203,4563.333333333333,6,0.0,3527,1.0755317808450775,17.374384236453203,0
160000,2750,246,3877.8333333333335,6,0.0,5062,1.051142971278441,20.577235772357724,0
160000,2797,364,6480.0,6,0.0,4817,0.45686063918433867,13.233516483516484,0
160000,2873,306,5692.0,7,0.0,7824,1.050015845259795,25.568627450980394,0
160000,2907,153,6987.4,5,0.0,2085,1.1192653565269288,13.627450980392156,0
160000,2953,237,7368.8,5,0.0,5469,1.2235482363924997,23.075949367088608,0
160000,3129,502,5289.428571428572,7,0.0,6994,0.34876111520780645,13.93227091633466,0
160000,3131,137,5952.2,5,0.0,1793,1.200463664102829,13.087591240875913,0
160000,3137,306,5788.666666666667,6,0.0,7387,0.9913684878494512,24.140522875816995,0
160000,3309,154,5414.8,5,0.0,2368,1.2547295334290152,15.376623376623376,0
160000,3422,262,5627.0,5,0.0,2389,0.43734426020779765,9.118320610687023,0
160000,3469,93,7346.75,4,0.0,769,1.1173013067917914,8.268817204301076,0
160000,3614,127,4499.2,5,0.0,1365,1.0634940720813608,10.748031496062993,0
160000,3635,190,4450.166666666667,6,0.0,3151,1.0968596622117939,16.58421052631579,0
160000,3992,361,4182.833333333333,6,0.0,4271,0.4118366870567907,11.831024930747922,0
160000,4042,274,5183.25,8,0.0,6008,1.005631022578053,21.927007299270073,0
160000,4329,344,4956.333333333333,9,0.0,10023,1.0643653044527615,29.136627906976745,0
160000,4352,441,5599.5,6,0.0,4418,0.2854686338214984,10.01814058956916,0
160000,4362,127,6346.25,4,0.0,1562,1.2169800297370592,12.299212598425196,0
160000,4405,174,5382.6,5,0.0,2551,1.0588192441944195,14.660919540229886,0
160000,4490,122,5147.8,5,0.0,1493,1.2605207825341471,12.237704918032787,0
160000,4501,204,5414.833333333333,6,0.0,3730,1.126311091684922,18.284313725490197,0
160000,4591,94,8354.25,4,0.0,789,1.1220989604718636,8.393617021276595,0
160000,4596,290,4768.166666666667,6,0.0,6520,0.9742299215888444,22.482758620689655,0
160000,4773,196,6792.2,5,0.0,3606,1.1795692533157844,18.397959183673468,0
160000,4809,561,4604.888888888889,9,0.0,12306,0.49136141782818427,21.93582887700535,0
160000,4843,225,5823.333333333333,6,0.0,4140,1.0276498635742612,18.4,0
160000,4858,168,5635.4,5,0.0,2430,1.0819260414148522,14.464285714285714,0
162000,45,197,4349.0,6,0.0,3323,1.0759888054707807,16.868020304568528,0
162000,162,363,7021.285714285715,7,0.0,5145,0.4906615122743433,14.173553719008265,0
162000,277,173,8510.75,4,0.0,2526,1.060598488819248,14.601156069364162,0
162000,370,246,4324.166666666667,6,0.0,4571,0.9491850102160715,18.58130081300813,0
162000,552,149,9301.0,4,0.0,1685,0.9537558887074999,11.308724832214764,0
162000,563,314,5478.625,8,0.0,8598,1.0958421694821308,27.38216560509554,0
162000,717,297,4674.428571428572,7,0.0,7774,1.107494305071231,26.175084175084177,0
162000,775,116,6840.25,4,0.0,1060,0.9899192071359039,9.137931034482758,0
162000,903,417,4876.0,6,0.0,5658,0.40888454667083135,13.568345323741006,0
162000,969,287,4366.571428571428,7,0.0,7105,1.083952254064295,24.75609756097561,0
162000,1245,318,5409.333333333333,6,0.0,3397,0.4221348144553035,10.682389937106919,0
162000,1266,368,3837.1666666666665,6,0.0,4860,0.4509729529905008,13.206521739130435,0
162000,1304,393,4547.8,10,0.0,12237,0.9956340099833161,31.137404580152673,0
162000,1616,268,3933.714285714286,7,0.0,6250,1.0935037917652153,23.32089552238806,0
162000,1733,303,6073.0,5,0.0,2800,0.38325041902434054,9.24092409240924,0
162000,1803,148,3668.4,5,0.0,1800,1.032663764876119,12.162162162162161,0
162000,1839,141,2756.3333333333335,6,0.0,1759,1.111827670170403,12.47517730496454,0
162000,1842,139,2897.8,5,0.0,1609,1.0464929516331405,11.575539568345324,0
162000,1952,151,5159.2,5,0.0,2043,1.1259635614725578,13.52980132450331,0
162000,2119,203,8845.75,4,0.0,3769,1.1493278372569031,18.56650246305419,0
162000,2147,316,4371.0,8,0.0,8614,1.0840281652789008,27.259493670886076,0
162000,2170,267,3592.125,8,0.0,6044,1.065397803212092,22.636704119850187,0
162000,2175,396,3347.75,8,0.0,7647,0.6127884660239044,19.310606060606062,0
162000,2198,118,5820.0,4,0.0,1568,1.415115564731053,13.288135593220339,0
162000,2270,218,6044.833333333333,6,0.0,4138,1.094176449840465,18.98165137614679,0
162000,2281,193,4128.4,5,0.0,1883,0.6352513051850606,9.756476683937823,0
162000,2439,459,4304.181818181818,11,0.0,16746,0.998839203858244,36.48366013071895,0
162000,2576,361,6526.285714285715,7,0.0,4602,0.44375378923796555,12.74792243767313,0
162000,2585,108,3469.4,5,0.0,1075,1.1581660159838916,9.953703703703704,0
162000,2602,285,5238.666666666667,6,0.0,3056,0.4727956737147631,10.72280701754386,0
162000,2744,203,4565.166666666667,6,0.0,3528,1.0758367232269446,17.379310344827587,0
162000,2750,246,3880.1666666666665,6,0.0,5065,1.0517659323439952,20.589430894308943,0
162000,2797,362,6498.5,6,0.0,4819,0.46211455687095065,13.312154696132596,0
162000,2873,306,5714.0,7,0.0,7835,1.0514920945309936,25.604575163398692,0
162000,2907,152,7022.8,5,0.0,2079,1.1307775496560215,13.677631578947368,0
162000,2953,236,7391.8,5,0.0,5436,1.2264936559116715,23.033898305084747,0
162000,3129,501,5302.0,7,0.0,7030,0.3519571054256556,14.031936127744512,0
162000,3131,136,5961.4,5,0.0,1784,1.21206775389364,13.117647058823529,0
162000,3137,306,5823.5,6,0.0,7381,0.9905632609742518,24.12091503267974,0
162000,3309,153,5435.4,5,0.0,2335,1.2534698357268004,15.261437908496733,0
162000,3422,259,5644.8,5,0.0,2358,0.4417271941184378,9.104247104247104,0
162000,3469,90,7399.0,4,0.0,705,1.0937396645831132,7.833333333333333,0
162000,3614,125,4504.2,5,0.0,1346,1.0825174302033564,10.768,0
162000,3635,191,4461.333333333333,6,0.0,3152,1.0857487507595764,16.50261780104712,0
162000,3992,359,4189.666666666667,6,0.0,4267,0.4160481638990277,11.885793871866296,0
162000,4042,280,7258.5,8,0.0,6142,0.9844725550177811,21.935714285714287,0
162000,4329,345,4962.444444444444,9,0.0,10095,1.065805598420129,29.26086956521739,0
162000,4352,443,5607.5,6,0.0,4441,0.28436961155658924,10.024830699774267,0
162000,4362,125,6360.0,4,0.0,1524,1.2256735242421362,12.192,0
162000,4405,174,5383.4,5,0.0,2546,1.05674394187338,14.632183908045977,0
162000,4490,121,5156.0,5,0.0,1476,1.266850831691424,12.198347107438016,0
162000,4501,204,5421.333333333333,6,0.0,3741,1.1296326525451188,18.33823529411765,0
162000,4591,90,8383.75,4,0.0,713,1.1061508948195173,7.9222222222222225,0
162000,4596,290,4767.666666666667,6,0.0,6518,0.9739310780546145,22.47586206896552,0
162000,4773,194,6830.6,5,0.0,3568,1.1913277274958425,18.391752577319586,0
162000,4809,561,4608.0,9,0.0,12351,0.49315820507036434,22.016042780748663,0
162000,4843,225,5830.0,6,0.0,4138,1.027153414364805,18.391111111111112,0
162000,4858,168,5635.4,5,0.0,2429,1.081480804360772,14.458333333333334,0
164000,45,197,4353.5,6,0.0,3328,1.0776078075855429,16.893401015228427,0
164000,162,364,7041.428571428572,7,0.0,5158,0.4892022372665183,14.17032967032967,0
164000,277,168,8584.75,4,0.0,2414,1.0748022485495692,14.369047619047619,0
164000,370,246,4320.0,6,0.0,4575,0.9500156249701437,18.597560975609756,0
164000,552,142,9388.75,4,0.0,1590,0.9909010750263382,11.19718309859155,0
164000,563,315,5494.625,8,0.0,8633,1.0933280676620079,27.406349206349205,0
164000,717,300,4674.428571428572,7,0.0,7803,1.0895043322649403,26.01,0
164000,775,115,6865.5,4,0.0,1029,0.9777539026219726,8.947826086956521,0
164000,903,416,4882.333333333333,6,0.0,5653,0.4104896281144393,13.588942307692308,0
164000,969,287,4369.285714285715,7,0.0,7108,1.0844099397451104,24.766550522648085,0
164000,1245,317,5413.666666666667,6,0.0,3402,0.4254275873981222,10.731861198738171,0
164000,1266,368,3839.6666666666665,6,0.0,4848,0.4498594395263267,13.173913043478262,0
164000,1304,393,4544.8,10,0.0,12320,1.0023871049272253,31.348600508905854,0
164000,1616,269,3929.8571428571427,7,0.0,6255,1.0862570748444136,23.25278810408922,0
164000,1733,301,6081.4,5,0.0,2798,0.38808296794711944,9.295681063122924,0
164000,1803,148,3668.6,5,0.0,1793,1.028647850234934,12.114864864864865,0
164000,1839,141,2749.0,6,0.0,1763,1.1143559877830704,12.50354609929078,0
164000,1842,139,2889.2,5,0.0,1605,1.043891353244991,11.546762589928058,0
164000,1952,151,5157.2,5,0.0,2036,1.122105634438633,13.483443708609272,0
164000,2119,201,8902.0,4,0.0,3732,1.1608053051357252,18.567164179104477,0
164000,2147,317,4363.75,8,0.0,8645,1.081076276618685,27.271293375394322,0
164000,2170,268,3584.875,8,0.0,6065,1.061136079528965,22.630597014925375,0
164000,2175,395,3342.25,8,0.0,7666,0.61742539419758,19.40759493670886,0
164000,2198,118,5837.5,4,0.0,1529,1.3799181750470537,12.957627118644067,0
164000,2270,218,6054.0,6,0.0,4136,1.093647606703761,18.972477064220183,0
164000,2281,192,4132.2,5,0.0,1870,0.6374542385213665,9.739583333333334,0
164000,2439,460,4297.272727272727,11,0.0,16895,1.0033498654517874,36.72826086956522,0
164000,2576,364,6546.285714285715,7,0.0,4634,0.439504297691556,12.73076923076923,0
164000,2585,108,3469.6,5,0.0,1062,1.1441602874185048,9.833333333333334,0
164000,2602,286,5246.5,6,0.0,3064,0.47072423544423325,10.713286713286713,0
164000,2744,204,4567.5,6,0.0,3531,1.0662210361231796,17.308823529411764,0
164000,2750,246,3881.6666666666665,6,0.0,5061,1.050935317589923,20.573170731707318,0
164000,2797,362,6516.833333333333,6,0.0,4825,0.46268992257778313,13.328729281767956,0
164000,2873,306,5733.142857142857,7,0.0,7847,1.053102548281392,25.643790849673202,0
164000,2907,152,7039.0,5,0.0,2078,1.1302336451107324,13.671052631578947,0
164000,2953,236,7413.6,5,0.0,5414,1.2215299214690563,22.940677966101696,0
164000,3129,501,5314.714285714285,7,0.0,7052,0.3530585359120517,14.075848303393213,0
164000,3131,135,5968.8,5,0.0,1773,1.222506178285806,13.133333333333333,0
164000,3137,305,5857.166666666667,6,0.0,7369,0.9954483747080112,24.160655737704918,0
164000,3309,152,5449.8,5,0.0,2306,1.2542438814366452,15.171052631578947,0
164000,3422,259,5660.4,5,0.0,2347,0.43966654987106596,9.061776061776062,0
164000,3469,85,7443.75,4,0.0,640,1.1131456322754145,7.529411764705882,0
164000,3614,124,4507.6,5,0.0,1323,1.0812505412849365,10.669354838709678,0
164000,3635,191,4470.5,6,0.0,3143,1.0826485798341843,16.455497382198953,0
164000,3992,359,4196.166666666667,6,0.0,4263,0.41565814921526956,11.874651810584957,0
164000,4042,282,7262.125,8,0.0,6262,0.989520305657627,22.20567375886525,0
164000,4329,346,4962.111111111111,9,0.0,10153,1.0657419296300301,29.34393063583815,0
164000,4352,447,5615.166666666667,6,0.0,4455,0.2801834806588798,9.966442953020135,0
164000,4362,123,6372.5,4,0.0,1491,1.2384465983217348,12.121951219512194,0
164000,4405,174,5380.8,5,0.0,2542,1.0550837000165483,14.60919540229885,0
164000,4490,120,5167.2,5,0.0,1458,1.2723450247038661,12.15,0
164000,4501,204,5428.0,6,0.0,3750,1.1323502932489162,18.38235294117647,0
164000,4591,85,8409.0,4,0.0,639,1.1114063422249842,7.517647058823529,0
164000,4596,291,4762.166666666667,6,0.0,6517,0.967100498267365,22.395189003436425,0
164000,4773,194,6866.6,5,0.0,3557,1.187654912192464,18.335051546391753,0
164000,4809,562,4610.888888888889,9,0.0,12389,0.4929166472730075,22.044483985765126,0
164000,4843,224,5839.833333333333,6,0.0,4140,1.0368457896892334,18.482142857142858,0
164000,4858,165,5637.4,5,0.0,2410,1.112394974494237,14.606060606060606,0
166000,45,197,4357.166666666667,6,0.0,3336,1.0801982109691617,16.934010152284262,0
166000,162,366,7052.571428571428,7,0.0,5181,0.48602799540890196,14.155737704918034,0
166000,277,166,8646.25,4,0.0,2344,1.0689349949215379,14.120481927710843,0
166000,370,246,4315.666666666667,6,0.0,4576,0.9502232786586617,18.601626016260163,0
166000,552,139,9459.75,4,0.0,1517,0.9866561887057018,10.913669064748202,0
166000,563,314,5509.375,8,0.0,8681,1.1064207807948798,27.646496815286625,0
166000,717,297,4675.857142857143,7,0.0,7823,1.114474909772606,26.34006734006734,0
166000,775,113,6899.75,4,0.0,996,0.980194622280659,8.814159292035399,0
166000,903,417,4888.833333333333,6,0.0,5662,0.40917361315840356,13.577937649880097,0
166000,969,287,4375.285714285715,7,0.0,7109,1.0845625016387155,24.770034843205575,0
166000,1245,317,5413.833333333333,6,0.0,3407,0.4260528484025286,10.74763406940063,0
166000,1266,368,3841.1666666666665,6,0.0,4838,0.44893151163951495,13.146739130434783,0
166000,1304,394,4544.3,10,0.0,12380,1.0021623090376366,31.421319796954315,0
166000,1616,269,3928.0,7,0.0,6265,1.0879936968665471,23.28996282527881,0
166000,1733,300,6090.2,5,0.0,2801,0.3910933787868893,9.336666666666666,0
166000,1803,148,3670.8,5,0.0,1786,1.0246319355937492,12.067567567567568,0
166000,1839,141,2743.3333333333335,6,0.0,1762,1.1137239083799035,12.49645390070922,0
166000,1842,138,2883.4,5,0.0,1585,1.0458778315353543,11.485507246376812,0
166000,1952,150,5157.4,5,0.0,2020,1.1281808284891346,13.466666666666667,0
166000,2119,201,8952.5,4,0.0,3678,1.1440090868942114,18.29850746268657,0
166000,2147,318,4356.125,8,0.0,8682,1.0788856223435221,27.30188679245283,0
166000,2170,267,3575.0,8,0.0,6091,1.0736826636937216,22.812734082397004,0
166000,2175,396,3337.5,8,0.0,7690,0.6162342492119557,19.41919191919192,0
166000,2198,115,5854.0,4,0.0,1488,1.4138948562696747,12.939130434782609,0
166000,2270,218,6059.833333333333,6,0.0,4139,1.094440871408817,18.986238532110093,0
166000,2281,188,4133.2,5,0.0,1854,0.6591798075775777,9.861702127659575,0
166000,2439,460,4292.636363636364,11,0.0,17015,1.0104763516225015,36.98913043478261,0
166000,2576,364,6559.428571428572,7,0.0,4664,0.44234959957561876,12.813186813186814,0
166000,2585,107,3470.8,5,0.0,1042,1.1436944868689194,9.738317757009346,0
166000,2602,287,5255.0,6,0.0,3078,0.4695855085165236,10.724738675958188,0
166000,2744,204,4573.166666666667,6,0.0,3529,1.06561711596678,17.29901960784314,0
166000,2750,246,3884.5,6,0.0,5064,1.0515582786554771,20.585365853658537,0
166000,2797,361,6533.333333333333,6,0.0,4832,0.46593183607080607,13.385041551246537,0
166000,2873,305,5750.0,7,0.0,7865,1.0624510065244277,25.78688524590164,0
166000,2907,154,7048.8,5,0.0,2077,1.100537686204419,13.487012987012987,0
166000,2953,235,7437.6,5,0.0,5387,1.2258042281494406,22.92340425531915,0
166000,3129,499,5322.0,7,0.0,7083,0.35745881768147925,14.19438877755511,0
166000,3131,135,5979.2,5,0.0,1761,1.2142320247948697,13.044444444444444,0
166000,3137,304,5885.833333333333,6,0.0,7352,0.9996965542413503,24.18421052631579,0
166000,3309,150,5465.4,5,0.0,2283,1.2750677383369775,15.22,0
166000,3422,258,5675.4,5,0.0,2335,0.44081598738850836,9.050387596899224,0
166000,3469,80,7484.5,4,0.0,569,1.1172288874328702,7.1125,0
166000,3614,123,4513.4,5,0.0,1308,1.0864440983265118,10.634146341463415,0
166000,3635,191,4479.333333333333,6,0.0,3147,1.084026433578803,16.476439790575917,0
166000,3992,359,4204.666666666667,6,0.0,4258,0.4151706308605718,11.860724233983287,0
166000,4042,282,7268.75,8,0.0,6367,1.0061123899907556,22.578014184397162,0
166000,4329,346,4964.555555555556,9,0.0,10207,1.0714102113398716,29.5,0
166000,4352,448,5625.5,6,0.0,4471,0.279935840923947,9.979910714285714,0
166000,4362,121,6391.0,4,0.0,1444,1.239385231004347,11.933884297520661,0
166000,4405,173,5377.0,5,0.0,2544,1.0681561977657033,14.705202312138729,0
166000,4490,119,5177.6,5,0.0,1437,1.275183572687955,12.07563025210084,0
166000,4501,205,5433.833333333333,6,0.0,3763,1.1252171950466048,18.35609756097561,0
166000,4591,80,8428.25,4,0.0,569,1.1172288874328702,7.1125,0
166000,4596,290,4760.0,6,0.0,6506,0.9721380168492363,22.43448275862069,0
166000,4773,193,6899.8,5,0.0,3532,1.1915600689929016,18.300518134715027,0
166000,4809,563,4612.555555555556,9,0.0,12429,0.4927529833071062,22.076376554174068,0
166000,4843,224,5847.166666666667,6,0.0,4137,1.0360944521604731,18.46875,0
166000,4858,165,5634.0,5,0.0,2398,1.1068560783556767,14.533333333333333,0
168000,45,198,4360.833333333333,6,0.0,3347,1.0728405888751187,16.904040404040405,0
168000,162,366,7064.142857142857,7,0.0,5213,0.4890299054365192,14.243169398907105,0
168000,277,164,8696.75,4,0.0,2283,1.0666650844951662,13.920731707317072,0
168000,370,246,4311.5,6,0.0,4584,0.9518845081668063,18.634146341463413,0
168000,552,136,9521.75,4,0.0,1468,0.9973741382936454,10.794117647058824,0
168000,563,316,5518.625,8,0.0,8725,1.097996951713305,27.610759493670887,0
168000,717,298,4678.714285714285,7,0.0,7844,1.1099794051960874,26.322147651006713,0
168000,775,111,6925.0,4,0.0,958,0.9770784066679723,8.63063063063063,0
168000,903,416,4897.5,6,0.0,5660,0.41099792944060254,13.60576923076923,0
168000,969,287,4376.857142857143,7,0.0,7110,1.0847150635323206,24.773519163763066,0
168000,1245,318,5419.0,6,0.0,3413,0.4241230855860909,10.732704402515724,0
168000,1266,367,3838.5,6,0.0,4833,0.4509148421860574,13.168937329700272,0
168000,1304,394,4540.4,10,0.0,12455,1.0082335669679938,31.611675126903553,0
168000,1616,270,3925.1428571428573,7,0.0,6274,1.0815008125444368,23.237037037037037,0
168000,1733,300,6100.2,5,0.0,2789,0.38941786270497475,9.296666666666667,0
168000,1803,148,3671.8,5,0.0,1783,1.0229108293189555,12.047297297297296,0
168000,1839,140,2740.5,6,0.0,1754,1.1245619417135708,12.528571428571428,0
168000,1842,138,2877.4,5,0.0,1574,1.0386193733985158,11.405797101449275,0
168000,1952,150,5155.6,5,0.0,2012,1.1237127856040292,13.413333333333334,0
168000,2119,198,9008.25,4,0.0,3634,1.1648349865468124,18.353535353535353,0
168000,2147,317,4350.375,8,0.0,8709,1.0890796174750872,27.473186119873816,0
168000,2170,268,3570.125,8,0.0,6109,1.0688343462229921,22.794776119402986,0
168000,2175,397,3333.375,8,0.0,7708,0.6145688678659246,19.415617128463477,0
168000,2198,114,5867.75,4,0.0,1462,1.4136683470447147,12.824561403508772,0
168000,2270,217,6070.0,6,0.0,4142,1.105351718759704,19.087557603686637,0
168000,2281,187,4134.6,5,0.0,1840,0.6612177051222763,9.83957219251337,0
168000,2439,462,4286.727272727273,11,0.0,17137,1.008929242416152,37.09307359307359,0
168000,2576,365,6575.714285714285,7,0.0,4685,0.44190989925519025,12.835616438356164,0
168000,2585,107,3470.0,5,0.0,1026,1.1261329592394542,9.588785046728972,0
168000,2602,287,5261.0,6,0.0,3084,0.47050087987815425,10.745644599303136,0
168000,2744,204,4574.333333333333,6,0.0,3531,1.0662210361231796,17.308823529411764,0
168000,2750,245,3884.5,6,0.0,5069,1.0612067079414684,20.68979591836735,0
168000,2797,362,6552.166666666667,6,0.0,4835,0.4636488654225039,13.356353591160222,0
168000,2873,305,5759.857142857143,7,0.0,7879,1.0643422098418267,25.832786885245902,0
168000,2907,154,7065.8,5,0.0,2073,1.0984182106411944,13.46103896103896,0
168000,2953,234,7459.0,5,0.0,5364,1.2310251292173022,22.923076923076923,0
168000,3129,501,5329.428571428572,7,0.0,7114,0.35616256728280427,14.199600798403194,0
168000,3131,134,5988.6,5,0.0,1745,1.2212250346433926,13.022388059701493,0
168000,3137,304,5908.0,6,0.0,7342,0.9983367928781276,24.151315789473685,0
168000,3309,150,5479.2,5,0.0,2268,1.2666901579274046,15.12,0
168000,3422,254,5692.2,5,0.0,2308,0.449550241458568,9.086614173228346,0
168000,3469,75,7525.75,4,0.0,490,1.0946705068508435,6.533333333333333,0
168000,3614,123,4517.6,5,0.0,1294,1.0748154917695003,10.520325203252032,0
168000,3635,191,4491.166666666667,6,0.0,3144,1.082993043270339,16.460732984293195,0
168000,3992,359,4211.833333333333,6,0.0,4256,0.4149756235186927,11.855153203342619,0
168000,4042,281,7280.875,8,0.0,6422,1.022039134324725,22.85409252669039,0
168000,4329,346,4965.111111111111,9,0.0,10270,1.0780232066680202,29.68208092485549,0
168000,4352,449,5633.833333333333,6,0.0,4484,0.27950062665753905,9.98663697104677,0
168000,4362,121,6405.25,4,0.0,1417,1.216211130424626,11.710743801652892,0
168000,4405,173,5376.0,5,0.0,2538,1.0656369614502181,14.670520231213873,0
168000,4490,119,5187.2,5,0.0,1419,1.259210500796248,11.92436974789916,0
168000,4501,205,5437.833333333333,6,0.0,3779,1.130001536030061,18.434146341463414,0
168000,4591,74,8455.0,4,0.0,483,1.1083924409670343,6.527027027027027,0
168000,4596,290,4758.833333333333,6,0.0,6505,0.9719885950821215,22.43103448275862,0
168000,4773,191,6931.4,5,0.0,3502,1.2063109534137173,18.335078534031414,0
168000,4809,564,4614.444444444444,9,0.0,12469,0.4925873798804277,22.108156028368793,0
168000,4843,223,5855.5,6,0.0,4138,1.0456603109296034,18.556053811659194,0
168000,4858,165,5633.8,5,0.0,2391,1.103625055608183,14.49090909090909,0
170000,45,198,4365.833333333333,6,0.0,3359,1.0766870445268968,16.964646464646464,0
170000,162,367,7078.428571428572,7,0.0,5230,0.48795460886262776,14.250681198910081,0
170000,277,163,8740.5,4,0.0,2228,1.0537797331021956,13.668711656441717,0
170000,370,246,4310.833333333333,6,0.0,4585,0.9520921618553243,18.63821138211382,0
170000,552,135,9584.75,4,0.0,1419,0.9784186503031916,10.511111111111111,0
170000,563,317,5528.25,8,0.0,8750,1.0942067577112198,27.602523659305994,0
170000,717,299,4680.714285714285,7,0.0,7873,1.106643503393136,26.331103678929765,0
170000,775,109,6946.0,4,0.0,924,0.9773021166288929,8.477064220183486,0
170000,903,417,4902.833333333333,6,0.0,5676,0.4101853458649062,13.611510791366907,0
170000,969,287,4379.0,7,0.0,7112,1.0850201873195309,24.78048780487805,0
170000,1245,318,5423.333333333333,6,0.0,3421,0.42511722115148465,10.757861635220126,0
170000,1266,367,3842.3333333333335,6,0.0,4816,0.44932875645935283,13.122615803814714,0
170000,1304,394,4535.9,10,0.0,12556,1.0164095276475416,31.868020304568528,0
170000,1616,271,3922.714285714286,7,0.0,6287,1.0757583918039804,23.199261992619927,0
170000,1733,299,6110.4,5,0.0,2786,0.39160533474574843,9.31772575250836,0
170000,1803,148,3670.8,5,0.0,1777,1.0194686167693685,12.006756756756756,0
170000,1839,141,2738.3333333333335,6,0.0,1750,1.106138955541902,12.411347517730496,0
170000,1842,137,2875.2,5,0.0,1547,1.0357597815767297,11.291970802919709,0
170000,1952,149,5154.8,5,0.0,2002,1.1331865217759138,13.436241610738255,0
170000,2119,197,9052.5,4,0.0,3595,1.16406252051383,18.248730964467004,0
170000,2147,318,4347.625,8,0.0,8728,1.0846019018445359,27.446540880503143,0
170000,2170,269,3560.5,8,0.0,6150,1.0680225436120134,22.86245353159851,0
170000,2175,398,3328.625,8,0.0,7719,0.6123571044433124,19.394472361809044,0
170000,2198,114,5886.5,4,0.0,1427,1.37982539756006,12.517543859649123,0
170000,2270,217,6082.666666666667,6,0.0,4145,1.1061523115062704,19.101382488479263,0
170000,2281,185,4135.2,5,0.0,1831,0.6722870590180174,9.897297297297298,0
170000,2439,463,4282.272727272727,11,0.0,17232,1.0101446497704296,37.21814254859611,0
170000,2576,367,6590.571428571428,7,0.0,4707,0.439159147976365,12.825613079019073,0
170000,2585,106,3464.4,5,0.0,1010,1.1295865361786013,9.528301886792454,0
170000,2602,286,5267.833333333333,6,0.0,3086,0.4741041091974229,10.79020979020979,0
170000,2744,204,4579.666666666667,6,0.0,3531,1.0662210361231796,17.308823529411764,0
170000,2750,246,3884.3333333333335,6,0.0,5085,1.0559190061143564,20.670731707317074,0
170000,2797,362,6579.5,6,0.0,4837,0.463840653991448,13.361878453038674,0
170000,2873,306,5766.428571428572,7,0.0,7894,1.059410158803786,25.797385620915033,0
170000,2907,154,7080.0,5,0.0,2072,1.0978883417503882,13.454545454545455,0
170000,2953,234,7477.2,5,0.0,5344,1.2264351772067978,22.837606837606838,0
170000,3129,502,5332.142857142857,7,0.0,7155,0.3567895023322641,14.252988047808765,0
170000,3131,134,5999.2,5,0.0,1734,1.2135267679493653,12.940298507462687,0
170000,3137,304,5934.5,6,0.0,7328,0.9964331269696157,24.105263157894736,0
170000,3309,149,5491.8,5,0.0,2246,1.2712971667875637,15.073825503355705,0
170000,3422,254,5706.2,5,0.0,2300,0.44799200838592124,9.05511811023622,0
170000,3469,67,7562.25,4,0.0,403,1.1281459918883372,6.014925373134329,0
170000,3614,121,4523.6,5,0.0,1276,1.095190827397193,10.545454545454545,0
170000,3635,191,4494.333333333333,6,0.0,3139,1.0812707260895655,16.43455497382199,0
170000,3992,358,4221.666666666667,6,0.0,4250,0.4167088660702419,11.871508379888269,0
170000,4042,281,7291.375,8,0.0,6479,1.0311104875879622,23.05693950177936,0
170000,4329,347,4963.888888888889,9,0.0,10327,1.077767520156194,29.760806916426514,0
170000,4352,449,5647.166666666667,6,0.0,4494,0.28012395544134266,10.00890868596882,0
170000,4362,118,6425.0,4,0.0,1376,1.2418361078252098,11.661016949152541,0
170000,4405,173,5374.8,5,0.0,2531,1.0626978524154855,14.630057803468208,0
170000,4490,118,5199.8,5,0.0,1402,1.2653010342812094,11.88135593220339,0
170000,4501,206,5449.833333333333,6,0.0,3790,1.1223146533231518,18.398058252427184,0
170000,4591,65,8491.25,4,0.0,383,1.1391526497750444,5.892307692307693,0
170000,4596,289,4754.166666666667,6,0.0,6503,0.9784258821754732,22.501730103806228,0
170000,4773,192,6954.2,5,0.0,3490,1.1896873221601973,18.177083333333332,0
170000,4809,565,4616.666666666667,9,0.0,12522,0.4929316088433098,22.16283185840708,0
170000,4843,223,5863.833333333333,6,0.0,4141,1.046418402020176,18.569506726457398,0
170000,4858,164,5634.4,5,0.0,2384,1.1138543852108964,14.536585365853659,0
172000,45,198,4372.5,6,0.0,3368,1.0795718862657304,17.01010101010101,0
172000,162,367,7093.142857142857,7,0.0,5250,0.4898205920705154,14.30517711171662,0
172000,277,160,8781.75,4,0.0,2172,1.0661780068120361,13.575,0
172000,370,246,4306.833333333333,6,0.0,4588,0.9527151229208786,18.650406504065042,0
172000,552,132,9653.0,4,0.0,1365,0.9844522433769668,10.340909090909092,0
172000,563,316,5533.5,8,0.0,8796,1.1069319412344103,27.835443037974684,0
172000,717,299,4684.571428571428,7,0.0,7891,1.1091736168265258,26.391304347826086,0
172000,775,106,6966.0,4,0.0,887,0.992023027317247,8.367924528301886,0
172000,903,417,4915.5,6,0.0,5674,0.4100408126211201,13.606714628297363,0
172000,969,287,4384.0,7,0.0,7113,1.0851727492131358,24.78397212543554,0
172000,1245,319,5423.333333333333,6,0.0,3435,0.4241849339169599,10.768025078369906,0
172000,1266,370,3841.8333333333335,6,0.0,4808,0.4413375450243894,12.994594594594595,0
172000,1304,396,4529.0,10,0.0,12682,1.0162656369968819,32.025252525252526,0
172000,1616,271,3922.285714285714,7,0.0,6299,1.0778116923768524,23.243542435424356,0
172000,1733,299,6123.4,5,0.0,2782,0.3910430873161063,9.304347826086957,0
172000,1803,147,3671.8,5,0.0,1765,1.0264077067122004,12.006802721088436,0
172000,1839,141,2733.3333333333335,6,0.0,1747,1.1042427173324014,12.390070921985815,0
172000,1842,136,2869.0,5,0.0,1540,1.0462916709619987,11.323529411764707,0
172000,1952,148,5155.8,5,0.0,1992,1.142814566462905,13.45945945945946,0
172000,2119,197,9101.0,4,0.0,3552,1.1501391023268772,18.03045685279188,0
172000,2147,320,4341.625,8,0.0,8760,1.0750137361502572,27.375,0
172000,2170,269,3551.625,8,0.0,6182,1.0735797340828404,22.981412639405203,0
172000,2175,399,3322.0,8,0.0,7745,0.6113437755303786,19.411027568922307,0
172000,2198,111,5903.25,4,0.0,1388,1.415641783356102,12.504504504504505,0
172000,2270,217,6101.5,6,0.0,4142,1.105351718759704,19.087557603686637,0
172000,2281,184,4135.6,5,0.0,1822,0.6762738439083888,9.902173913043478,0
172000,2439,465,4272.454545454545,11,0.0,17344,1.0079830358906023,37.298924731182794,0
172000,2576,366,6606.285714285715,7,0.0,4732,0.4439074453338977,12.92896174863388,0
172000,2585,104,3469.6,5,0.0,978,1.1362713074004502,9.403846153846153,0
172000,2602,286,5273.0,6,0.0,3100,0.47625493794945273,10.839160839160838,0
172000,2744,204,4582.5,6,0.0,3528,1.0653151558885803,17.294117647058822,0
172000,2750,246,3888.0,6,0.0,5084,1.0557113524258384,20.666666666666668,0
172000,2797,363,6612.0,6,0.0,4841,0.46167004488242874,13.336088154269973,0
172000,2873,306,5778.285714285715,7,0.0,7902,1.0604837946373848,25.823529411764707,0
172000,2907,153,7098.6,5,0.0,2065,1.108528998190939,13.49673202614379,0
172000,2953,234,7498.4,5,0.0,5329,1.2229927131989196,22.773504273504273,0
172000,3129,503,5334.285714285715,7,0.0,7212,0.3582033242720945,14.337972166998012,0
172000,3131,135,6007.4,5,0.0,1728,1.1914781026947956,12.8,0
172000,3137,303,5961.166666666667,6,0.0,7322,1.0021998457486505,24.165016501650165,0
172000,3309,148,5510.0,5,0.0,2222,1.2747660475304092,15.013513513513514,0
172000,3422,254,5722.2,5,0.0,2286,0.4452651005087896,9.0,0
172000,3469,58,7607.0,4,0.0,295,1.101985532472044,5.086206896551724,0
172000,3614,121,4528.0,5,0.0,1266,1.0866078271824815,10.462809917355372,0
172000,3635,191,4501.833333333333,6,0.0,3141,1.081959652961875,16.445026178010473,0
172000,3992,359,4231.833333333333,6,0.0,4233,0.41273303908708325,11.79108635097493,0
172000,4042,282,7308.75,8,0.0,6521,1.0304474470126774,23.124113475177303,0
172000,4329,348,4968.111111111111,9,0.0,10375,1.0765630790393084,29.813218390804597,0
172000,4352,449,5660.833333333333,6,0.0,4509,0.28105894861704805,10.042316258351892,0
172000,4362,117,6447.25,4,0.0,1345,1.2346970908257058,11.495726495726496,0
172000,4405,173,5373.6,5,0.0,2528,1.0614382342577429,14.61271676300578,0
172000,4490,118,5215.2,5,0.0,1389,1.2535685710532094,11.771186440677965,0
172000,4501,207,5461.5,6,0.0,3807,1.1164828334118735,18.391304347826086,0
172000,4591,55,8534.75,4,0.0,259,1.0759305749153802,4.709090909090909,0
172000,4596,290,4750.0,6,0.0,6489,0.9695978468082838,22.375862068965517,0
172000,4773,190,6983.2,5,0.0,3458,1.2037260272701944,18.2,0
172000,4809,566,4618.777777777777,9,0.0,12592,0.4939371785638811,22.247349823321557,0
172000,4843,223,5878.166666666667,6,0.0,4143,1.0469237960805575,18.57847533632287,0
172000,4858,164,5632.0,5,0.0,2376,1.110116618817571,14.487804878048781,0
174000,45,198,4379.833333333333,6,0.0,3375,1.081815652062601,17.045454545454547,0
174000,162,368,7113.571428571428,7,0.0,5258,0.4879044828856076,14.28804347826087,0
174000,277,158,8825.25,4,0.0,2127,1.070688603458659,13.462025316455696,0
174000,370,246,4306.5,6,0.0,4596,0.954376352429023,18.682926829268293,0
174000,552,131,9725.5,4,0.0,1322,0.9680520920798804,10.091603053435115,0
174000,563,317,5538.875,8,0.0,8832,1.104461038183485,27.861198738170348,0
174000,717,301,4687.571428571428,7,0.0,7907,1.096701939799097,26.269102990033222,0
174000,775,105,6985.25,4,0.0,857,0.9768144776876019,8.161904761904761,0
174000,903,416,4928.333333333333,6,0.0,5681,0.41252283341909246,13.65625,0
174000,969,287,4389.857142857143,7,0.0,7111,1.0848676254259257,24.777003484320556,0
174000,1245,320,5421.833333333333,6,0.0,3444,0.4226423866782518,10.7625,0
174000,1266,368,3844.1666666666665,6,0.0,4800,0.4454053856696304,13.043478260869565,0
174000,1304,398,4524.5,10,0.0,12797,1.015200656245766,32.153266331658294,0
174000,1616,271,3922.4285714285716,7,0.0,6310,1.0796938845686521,23.284132841328415,0
174000,1733,298,6138.0,5,0.0,2785,0.3940964614318082,9.345637583892618,0
174000,1803,146,3675.4,5,0.0,1740,1.0257780478975869,11.917808219178083,0
174000,1839,140,2726.0,6,0.0,1741,1.1162271040611897,12.435714285714285,0
174000,1842,136,2865.2,5,0.0,1527,1.037459338674657,11.227941176470589,0
174000,1952,148,5156.0,5,0.0,1986,1.139372353913318,13.41891891891892,0
174000,2119,195,9144.0,4,0.0,3507,1.1589812424604238,17.984615384615385,0
174000,2147,320,4335.375,8,0.0,8786,1.0782044161890594,27.45625,0
174000,2170,271,3546.875,8,0.0,6206,1.0618986129370926,22.900369003690038,0
174000,2175,402,3316.375,8,0.0,7772,0.6043528156159469,19.333333333333332,0
174000,2198,110,5916.0,4,0.0,1363,1.4155341444108722,12.39090909090909,0
174000,2270,217,6120.5,6,0.0,4149,1.1072197685016927,19.119815668202765,0
174000,2281,182,4139.8,5,0.0,1815,0.6885630559431801,9.972527472527473,0
174000,2439,465,4263.181818181818,11,0.0,17462,1.014840854054526,37.55268817204301,0
174000,2576,366,6629.285714285715,7,0.0,4751,0.44568982941279545,12.980874316939891,0
174000,2585,103,3473.0,5,0.0,958,1.1347519133335928,9.300970873786408,0
174000,2602,287,5277.666666666667,6,0.0,3108,0.4741623653246768,10.829268292682928,0
174000,2744,205,4585.833333333333,6,0.0,3528,1.0549471868520919,17.209756097560977,0
174000,2750,246,3889.3333333333335,6,0.0,5093,1.057580235622501,20.703252032520325,0
174000,2797,362,6645.166666666667,6,0.0,4847,0.46479959683616884,13.38950276243094,0
174000,2873,306,5788.285714285715,7,0.0,7910,1.061557430470984,25.84967320261438,0
174000,2907,153,7111.6,5,0.0,2073,1.112823541525335,13.549019607843137,0
174000,2953,234,7516.8,5,0.0,5308,1.2181732635878897,22.683760683760685,0
174000,3129,505,5330.857142857143,7,0.0,7287,0.3590673175839047,14.42970297029703,0
174000,3131,134,6017.0,5,0.0,1718,1.2023292891216897,12.82089552238806,0
174000,3137,303,5989.333333333333,6,0.0,7318,1.0016523451500443,24.151815181518153,0
174000,3309,148,5523.0,5,0.0,2204,1.2644394098816478,14.891891891891891,0
174000,3422,254,5734.2,5,0.0,2270,0.4421486343634962,8.937007874015748,0
174000,3469,40,7662.0,4,0.0,151,1.1859512267301469,3.775,0
174000,3614,121,4531.2,5,0.0,1253,1.0754499269033566,10.355371900826446,0
174000,3635,191,4506.833333333333,6,0.0,3143,1.0826485798341843,16.455497382198953,0
174000,3992,359,4238.5,6,0.0,4236,0.4130255500999019,11.799442896935933,0
174000,4042,283,7328.125,8,0.0,6570,1.0308663478922169,23.215547703180214,0
174000,4329,347,4972.222222222223,9,0.0,10412,1.0866384642070583,30.00576368876081,0
174000,4352,451,5679.0,6,0.0,4523,0.2794366511902426,10.028824833702883,0
174000,4362,114,6475.75,4,0.0,1296,1.253156072346067,11.368421052631579,0
174000,4405,173,5374.8,5,0.0,2524,1.0597587433807527,14.589595375722544,0
174000,4490,116,5232.6,5,0.0,1367,1.2766222227875288,11.78448275862069,0
174000,4501,207,5472.666666666667,6,0.0,3826,1.1220549830926787,18.483091787439612,0
174000,4591,31,8583.5,4,0.0,91,1.1899476856469144,2.935483870967742,0
174000,4596,291,4739.666666666667,6,0.0,6488,0.9627969975078509,22.29553264604811,0
174000,4773,190,7011.2,5,0.0,3437,1.196415950181509,18.089473684210525,0
174000,4809,569,4614.555555555556,9,0.0,12672,0.4918475308179782,22.270650263620386,0
174000,4843,223,5889.166666666667,6,0.0,4149,1.0484399782617024,18.605381165919283,0
174000,4858,164,5624.2,5,0.0,2377,1.1105838396167367,14.49390243902439,0
176000,45,198,4396.666666666667,6,0.0,3381,1.08373887988849,17.075757575757574,0
176000,162,369,7121.714285714285,7,0.0,5277,0.4870171174710332,14.300813008130081,0
176000,277,158,8852.0,4,0.0,2081,1.0475331376574843,13.170886075949367,0
176000,370,247,4298.166666666667,6,0.0,4602,0.9479001060053585,18.63157894736842,0
176000,552,127,9768.75,4,0.0,1285,1.0011647491754936,10.118110236220472,0
176000,563,317,5541.625,8,0.0,8881,1.1105885960266677,28.01577287066246,0
176000,717,301,4688.142857142857,7,0.0,7933,1.100308143218191,26.35548172757475,0
176000,775,101,7005.75,4,0.0,812,1.0002835936535288,8.03960396039604,0
176000,903,416,4949.833333333333,6,0.0,5678,0.41230498999359383,13.649038461538462,0
176000,969,287,4393.142857142857,7,0.0,7118,1.0859355586811617,24.801393728222997,0
176000,1245,320,5409.166666666667,6,0.0,3459,0.42448316362371463,10.809375,0
176000,1266,367,3842.6666666666665,6,0.0,4793,0.447182875770282,13.059945504087194,0
176000,1304,398,5036.0,9,0.0,12848,1.019246544615582,32.28140703517588,0
176000,1616,272,3922.285714285714,7,0.0,6317,1.0729585203680105,23.22426470588235,0
176000,1733,297,6164.6,5,0.0,2774,0.39518770289009447,9.34006734006734,0
176000,1803,145,3676.8,5,0.0,1730,1.0339986284347857,11.931034482758621,0
176000,1839,140,2720.8333333333335,6,0.0,1735,1.112380255913937,12.392857142857142,0
176000,1842,136,2860.8,5,0.0,1516,1.0299858267392141,11.147058823529411,0
176000,1952,148,5156.8,5,0.0,1980,1.135930141363731,13.378378378378379,0
176000,2119,194,9182.0,4,0.0,3469,1.1582723897654366,17.88144329896907,0
176000,2147,320,4326.75,8,0.0,8812,1.0813950962278616,27.5375,0
176000,2170,271,3540.0,8,0.0,6230,1.066005214082837,22.988929889298895,0
176000,2175,404,3312.625,8,0.0,7793,0.6000007731944236,19.28960396039604,0
176000,2198,109,5932.25,4,0.0,1326,1.4024919985388655,12.1651376146789,0
176000,2270,217,6136.333333333333,6,0.0,4150,1.1074866327505482,19.12442396313364,0
176000,2281,180,4142.4,5,0.0,1808,0.7012345083568328,10.044444444444444,0
176000,2439,463,4689.6,10,0.0,17535,1.027906594343343,37.87257019438445,0
176000,2576,368,6656.571428571428,7,0.0,4773,0.44289998037523876,12.970108695652174,0
176000,2585,102,3475.6,5,0.0,939,1.1341620537181145,9.205882352941176,0
176000,2602,287,5285.333333333333,6,0.0,3114,0.4750777366863075,10.850174216027874,0
176000,2744,205,4588.333333333333,6,0.0,3525,1.054050122917694,17.195121951219512,0
176000,2750,246,3889.8333333333335,6,0.0,5097,1.0584108503765732,20.71951219512195,0
176000,2797,363,6668.333333333333,6,0.0,4857,0.46319591158726636,13.380165289256198,0
176000,2873,306,5798.0,7,0.0,7920,1.0628994752629828,25.88235294117647,0
176000,2907,157,8583.0,5,0.0,2088,1.0644886949889225,13.299363057324841,0
176000,2953,233,7538.6,5,0.0,5280,1.2221709157254035,22.660944206008583,0
176000,3129,512,5612.428571428572,7,0.0,7439,0.35660259628379015,14.529296875,0
176000,3131,134,6025.2,5,0.0,1709,1.1960307072811218,12.753731343283581,0
176000,3137,304,6003.333333333333,6,0.0,7320,0.9953453178790376,24.07894736842105,0
176000,3309,147,5541.4,5,0.0,2180,1.267744362964644,14.829931972789115,0
176000,3422,254,5750.0,5,0.0,2258,0.4398112847545262,8.88976377952756,0
176000,3614,121,4534.4,5,0.0,1241,1.0651503266457027,10.256198347107437,0
176000,3635,192,4514.5,6,0.0,3147,1.0727638976613583,16.390625,0
176000,3992,359,4245.333333333333,6,0.0,4234,0.4128305427580228,11.793871866295264,0
176000,4042,282,7335.25,8,0.0,6604,1.0435630946283885,23.418439716312058,0
176000,4329,347,4972.888888888889,9,0.0,10457,1.0913348463516337,30.135446685878964,0
176000,4352,451,5702.0,6,0.0,4530,0.2798691200291397,10.044345898004435,0
176000,4362,113,6519.0,4,0.0,1258,1.2380369827601096,11.132743362831858,0
176000,4405,172,5377.0,5,0.0,2518,1.069568726573702,14.63953488372093,0
176000,4490,116,5259.6,5,0.0,1351,1.2616800460760436,11.64655172413793,0
176000,4501,207,6582.0,5,0.0,3808,1.1167761044477054,18.396135265700483,0
176000,4596,285,5710.0,5,0.0,6392,0.988910322769884,22.428070175438595,0
176000,4773,190,7030.4,5,0.0,3423,1.1915425654557188,18.01578947368421,0
176000,4809,575,4869.111111111111,9,0.0,12800,0.48650145592074834,22.26086956521739,0
176000,4843,224,5915.833333333333,6,0.0,4147,1.0385989105896742,18.513392857142858,0
176000,4858,168,8158.4,5,0.0,2412,1.0739117744414088,14.357142857142858,0
178000,45,198,4409.5,6,0.0,3385,1.085021031772416,17.095959595959595,0
178000,162,369,7114.714285714285,7,0.0,5303,0.48941667120501975,14.371273712737127,0
178000,277,154,8864.75,4,0.0,2036,1.0788130616813658,13.220779220779221,0
178000,370,247,4287.5,6,0.0,4605,0.9485180330627283,18.643724696356276,0
178000,552,125,9783.5,4,0.0,1238,0.995658676516906,9.904,0
178000,563,317,5550.375,8,0.0,8915,1.1148403708566312,28.123028391167193,0
178000,717,301,4691.857142857143,7,0.0,7947,1.1022499450592416,26.40199335548173,0
178000,775,99,7029.0,4,0.0,768,0.984692646855203,7.757575757575758,0
178000,903,415,4960.333333333333,6,0.0,5680,0.41444032567606387,13.686746987951807,0
178000,969,287,4397.285714285715,7,0.0,7121,1.0863932443619768,24.81184668989547,0
178000,1245,320,5402.0,6,0.0,3467,0.42546491132796144,10.834375,0
178000,1266,368,3838.6666666666665,6,0.0,4790,0.44447745778281866,13.016304347826088,0
178000,1304,396,5042.333333333333,9,0.0,12848,1.0295679627926146,32.44444444444444,0
178000,1616,272,3919.285714285714,7,0.0,6328,1.0748268983518712,23.264705882352942,0
178000,1733,296,6187.8,5,0.0,2751,0.3945636134964171,9.29391891891892,0
178000,1803,145,3676.4,5,0.0,1723,1.0298148189555698,11.882758620689655,0
178000,1839,139,2716.1666666666665,6,0.0,1727,1.1232401040835511,12.424460431654676,0
178000,1842,134,2858.0,5,0.0,1490,1.0427652158273095,11.119402985074627,0
178000,1952,147,5158.0,5,0.0,1970,1.145622199559793,13.401360544217686,0
178000,2119,194,9200.25,4,0.0,3439,1.1482556207562225,17.72680412371134,0
178000,2147,320,4322.25,8,0.0,8841,1.0849539316557564,27.628125,0
178000,2170,272,3532.875,8,0.0,6251,1.0617482524648463,22.981617647058822,0
178000,2175,402,3308.875,8,0.0,7812,0.6074632264014125,19.432835820895523,0
178000,2198,107,5945.75,4,0.0,1292,1.4180933560793125,12.074766355140186,0
178000,2270,217,6138.333333333333,6,0.0,4152,1.1080203612482593,19.13364055299539,0
178000,2281,179,4141.8,5,0.0,1792,0.7028162710568221,10.011173184357542,0
178000,2439,459,4706.0,10,0.0,17526,1.0453634233141995,38.18300653594771,0
178000,2576,368,6669.571428571428,7,0.0,4795,0.44494142172622453,13.029891304347826,0
178000,2585,102,3473.0,5,0.0,923,1.114836608713333,9.049019607843137,0
178000,2602,287,5292.0,6,0.0,3126,0.47690847940956876,10.89198606271777,0
178000,2744,205,4590.833333333333,6,0.0,3533,1.056442293409422,17.234146341463415,0
178000,2750,247,3891.5,6,0.0,5100,1.0504759975287545,20.647773279352226,0
178000,2797,362,6668.833333333333,6,0.0,4866,0.46662158824113836,13.441988950276244,0
178000,2873,305,5809.0,7,0.0,7936,1.0720421090626648,26.01967213114754,0
178000,2907,157,8582.2,5,0.0,2100,1.0706064461095486,13.375796178343949,0
178000,2953,232,7557.4,5,0.0,5263,1.2287605630085525,22.685344827586206,0
178000,3129,515,5598.571428571428,7,0.0,7581,0.35918806910154355,14.720388349514563,0
178000,3131,133,6035.0,5,0.0,1695,1.2041380627134828,12.74436090225564,0
178000,3137,304,6013.0,6,0.0,7319,0.9952093417427154,24.075657894736842,0
178000,3309,147,5549.6,5,0.0,2179,1.2671628288531924,14.82312925170068,0
178000,3422,254,5764.8,5,0.0,2246,0.43747393514555616,8.84251968503937,0
178000,3614,118,4538.0,5,0.0,1225,1.1055590349461353,10.38135593220339,0
178000,3635,191,4523.0,6,0.0,3145,1.0833375067064939,16.465968586387433,0
178000,3992,358,4250.5,6,0.0,4233,0.41504203060596095,11.824022346368714,0
178000,4042,284,7323.25,8,0.0,6660,1.0376416917728637,23.450704225352112,0
178000,4329,348,4963.111111111111,9,0.0,10505,1.0900525441260662,30.186781609195403,0
178000,4352,452,5718.833333333333,6,0.0,4540,0.2792472129238323,10.044247787610619,0
178000,4362,111,6562.5,4,0.0,1223,1.247355836487401,11.018018018018019,0
178000,4405,172,5378.0,5,0.0,2512,1.0670201116573228,14.604651162790697,0
178000,4490,114,5282.8,5,0.0,1331,1.2869990218307215,11.675438596491228,0
178000,4501,205,6615.0,5,0.0,3718,1.1117612360306344,18.13658536585366,0
178000,4596,283,5740.6,5,0.0,6314,0.9906986484918506,22.31095406360424,0
178000,4773,189,7033.0,5,0.0,3403,1.1971489936078012,18.005291005291006,0
178000,4809,576,4862.555555555556,9,0.0,12903,0.48871491619971424,22.401041666666668,0
178000,4843,224,5941.666666666667,6,0.0,4148,1.0388493564325942,18.517857142857142,0
178000,4858,168,8164.4,5,0.0,2425,1.0796998561444513,14.43452380952381,0
180000,45,198,4419.0,6,0.0,3391,1.0869442595983052,17.126262626262626,0
180000,162,370,7112.857142857143,7,0.0,5318,0.4881516356987734,14.372972972972972,0
180000,277,155,8884.25,4,0.0,2001,1.0466309094415278,12.90967741935484,0
180000,370,247,4277.166666666667,6,0.0,4608,0.9491359601200982,18.655870445344128,0
180000,552,124,9803.25,4,0.0,1208,0.9872642886411213,9.741935483870968,0
180000,563,317,5558.75,8,0.0,8950,1.119217197887476,28.233438485804417,0
180000,717,302,4692.142857142857,7,0.0,7965,1.0974424580431867,26.374172185430464,0
180000,775,96,7050.75,4,0.0,729,0.9940195505498954,7.59375,0
180000,903,417,4966.833333333333,6,0.0,5683,0.4106912122181574,13.628297362110311,0
180000,969,288,4398.571428571428,7,0.0,7122,1.079013449019411,24.729166666666668,0
180000,1245,320,5393.5,6,0.0,3482,0.42730568827342424,10.88125,0
180000,1266,367,3835.0,6,0.0,4785,0.446436482487127,13.038147138964577,0
180000,1304,398,5043.555555555556,9,0.0,12865,1.0205951740721875,32.324120603015075,0
180000,1616,272,3915.714285714286,7,0.0,6332,1.0755063085278207,23.279411764705884,0
180000,1733,295,6202.6,5,0.0,2742,0.3959435590298518,9.294915254237289,0
180000,1803,145,3674.4,5,0.0,1717,1.0262286965448133,11.841379310344827,0
180000,1839,138,2714.5,6,0.0,1714,1.1309997496855504,12.420289855072463,0
180000,1842,134,2853.8,5,0.0,1480,1.035766791560012,11.044776119402986,0
180000,1952,147,5159.4,5,0.0,1957,1.1380622561109215,13.312925170068027,0
180000,2119,194,9229.0,4,0.0,3389,1.131561005740866,17.469072164948454,0
180000,2147,321,4319.0,8,0.0,8870,1.0817413199538617,27.63239875389408,0
180000,2170,271,3526.0,8,0.0,6273,1.0733628744689627,23.14760147601476,0
180000,2175,403,3303.875,8,0.0,7824,0.605380758989626,19.41439205955335,0
180000,2198,105,5957.75,4,0.0,1258,1.4338770279241577,11.980952380952381,0
180000,2270,217,6139.166666666667,6,0.0,4156,1.1090878182436816,19.152073732718893,0
180000,2281,176,4141.4,5,0.0,1784,0.72373467122988,10.136363636363637,0
180000,2439,458,4714.2,10,0.0,17556,1.0517305281444367,38.33187772925764,0
180000,2576,369,6682.571428571428,7,0.0,4808,0.44373285973104565,13.029810298102982,0
180000,2585,101,3476.2,5,0.0,898,1.1062249594838287,8.891089108910892,0
180000,2602,288,5298.166666666667,6,0.0,3135,0.47496590321199855,10.885416666666666,0
180000,2744,205,4592.5,6,0.0,3542,1.0591334852126162,17.278048780487804,0
180000,2750,246,3892.1666666666665,6,0.0,5104,1.0598644261961996,20.747967479674795,0
180000,2797,362,6675.666666666667,6,0.0,4862,0.46623801110325,13.430939226519337,0
180000,2873,306,5817.142857142857,7,0.0,7958,1.0679992454725777,26.00653594771242,0
180000,2907,156,8595.0,5,0.0,2100,1.084376162481684,13.461538461538462,0
180000,2953,232,7578.2,5,0.0,5252,1.2261923763862659,22.637931034482758,0
180000,3129,517,5591.0,7,0.0,7685,0.3613039001655521,14.864603481624759,0
180000,3131,133,6044.2,5,0.0,1684,1.1963235974097375,12.661654135338345,0
180000,3137,303,6022.666666666667,6,0.0,7315,1.0012417197010897,24.141914191419144,0
180000,3309,146,5565.2,5,0.0,2156,1.2710215352110328,14.767123287671232,0
180000,3422,252,5781.4,5,0.0,2227,0.4406857419718109,8.837301587301587,0
180000,3614,118,4538.2,5,0.0,1211,1.0929240745467508,10.26271186440678,0
180000,3635,193,4529.833333333333,6,0.0,3158,1.0653869473045254,16.362694300518136,0
180000,3992,358,4256.166666666667,6,0.0,4232,0.4149439814610032,11.82122905027933,0
180000,4042,284,7322.75,8,0.0,6692,1.0426273575591596,23.56338028169014,0
180000,4329,349,4958.555555555556,9,0.0,10560,1.0894891970314928,30.25787965616046,0
180000,4352,453,5734.0,6,0.0,4548,0.27850558968712635,10.039735099337749,0
180000,4362,109,6596.5,4,0.0,1181,1.2491274888947212,10.8348623853211,0
180000,4405,171,5376.4,5,0.0,2508,1.0778173626350946,14.666666666666666,0
180000,4490,115,5298.0,5,0.0,1322,1.2561619623578697,11.495652173913044,0
180000,4501,204,6639.0,5,0.0,3661,1.1054758462891419,17.94607843137255,0
180000,4596,280,5761.2,5,0.0,6259,1.0032259397356385,22.353571428571428,0
180000,4773,188,7041.8,5,0.0,3381,1.202096509935162,17.98404255319149,0
180000,4809,579,4858.222222222223,9,0.0,12981,0.48658743096756185,22.419689119170986,0
180000,4843,224,5960.166666666667,6,0.0,4148,1.0388493564325942,18.517857142857142,0
180000,4858,168,8173.8,5,0.0,2417,1.0761379597118097,14.386904761904763,0
184000,45,199,4430.666666666667,6,0.0,3414,1.0833461093765868,17.155778894472363,0
184000,162,373,7116.142857142857,7,0.0,5345,0.4827695946477713,14.32975871313673,0
184000,277,150,8915.0,4,0.0,1934,1.0801493674742506,12.893333333333333,0
184000,370,247,4268.0,6,0.0,4613,0.9501658385490479,18.676113360323885,0
184000,552,119,9855.5,4,0.0,1114,0.9885556715200988,9.361344537815127,0
184000,563,319,5562.875,8,0.0,9051,1.1176995158318497,28.3730407523511,0
184000,717,303,4702.285714285715,7,0.0,7996,1.0944536966137954,26.38943894389439,0
184000,775,89,7099.25,4,0.0,616,0.9772609895777364,6.921348314606742,0
184000,903,415,4974.0,6,0.0,5679,0.41436736082999415,13.684337349397591,0
184000,969,288,4407.285714285715,7,0.0,7139,1.0815890217003055,24.788194444444443,0
184000,1245,320,5386.166666666667,6,0.0,3493,0.4286555913667636,10.915625,0
184000,1266,367,3835.0,6,0.0,4764,0.4444772001188449,12.98092643051771,0
184000,1304,397,5045.777777777777,9,0.0,12914,1.0296500207084263,32.52896725440806,0
184000,1616,272,3912.285714285714,7,0.0,6355,1.0794129170395292,23.363970588235293,0
184000,1733,293,6222.6,5,0.0,2732,0.3999036042170469,9.324232081911262,0
184000,1803,145,3680.4,5,0.0,1709,1.021447199997138,11.786206896551723,0
184000,1839,138,2707.6666666666665,6,0.0,1704,1.1244011513793337,12.347826086956522,0
184000,1842,133,2843.4,5,0.0,1455,1.033640637904494,10.93984962406015,0
184000,1952,147,5159.0,5,0.0,1940,1.128176176216243,13.197278911564625,0
184000,2119,190,9277.0,4,0.0,3325,1.1574288723751869,17.5,0
184000,2147,322,4309.625,8,0.0,8927,1.0819411912579022,27.72360248447205,0
184000,2170,274,3507.25,8,0.0,6348,1.0625409006866644,23.16788321167883,0
184000,2175,406,3295.625,8,0.0,7875,0.6003553143007503,19.396551724137932,0
184000,2198,103,5985.75,4,0.0,1190,1.4095561345166758,11.553398058252426,0
184000,2270,216,6145.333333333333,6,0.0,4162,1.1209969670988271,19.26851851851852,0
184000,2281,173,4151.0,5,0.0,1752,0.7356170041216636,10.127167630057803,0
184000,2439,457,4722.5,10,0.0,17632,1.0609112165841394,38.58205689277899,0
184000,2576,370,6698.714285714285,7,0.0,4835,0.44381593806009206,13.067567567567568,0
184000,2585,97,3477.4,5,0.0,849,1.1338982518430158,8.75257731958763,0
184000,2602,288,5310.833333333333,6,0.0,3152,0.4775414758928929,10.944444444444445,0
184000,2744,205,4592.666666666667,6,0.0,3555,1.063020762261674,17.341463414634145,0
184000,2750,246,3898.1666666666665,6,0.0,5101,1.0592414651306454,20.735772357723576,0
184000,2797,363,6685.333333333333,6,0.0,4859,0.463386644925371,13.385674931129477,0
184000,2873,308,5841.428571428572,7,0.0,7985,1.0577507732718205,25.925324675324674,0
184000,2907,156,8610.0,5,0.0,2102,1.0854089016840474,13.474358974358974,0
184000,2953,232,7622.0,5,0.0,5226,1.2201221170972247,22.525862068965516,0
184000,3129,518,5584.428571428572,7,0.0,7811,0.36581118673230684,15.079150579150578,0
184000,3131,132,6061.6,5,0.0,1667,1.2022577946589037,12.628787878787879,0
184000,3137,303,6043.0,6,0.0,7305,0.9998729682045742,24.10891089108911,0
184000,3309,145,5600.6,5,0.0,2115,1.26410814979166,14.586206896551724,0
184000,3422,251,5807.0,5,0.0,2211,0.441012768501264,8.808764940239044,0
184000,3614,117,4548.8,5,0.0,1181,1.0841466648811589,10.094017094017094,0
184000,3635,193,4543.333333333333,6,0.0,3153,1.0637001408648412,16.33678756476684,0
184000,3992,359,4276.0,6,0.0,4228,0.4122455207323855,11.777158774373259,0
184000,4042,285,7318.875,8,0.0,6774,1.0480097819842296,23.768421052631577,0
184000,4329,349,4951.888888888889,9,0.0,10638,1.097536560418657,30.48137535816619,0
184000,4352,453,5764.166666666667,6,0.0,4558,0.27911795905759057,10.061810154525386,0
184000,4362,106,6642.0,4,0.0,1113,1.2447819948185972,10.5,0
184000,4405,171,5380.2,5,0.0,2483,1.0670735691479027,14.52046783625731,0
184000,4490,114,5326.2,5,0.0,1286,1.2434866582075943,11.280701754385966,0
184000,4501,201,6673.0,5,0.0,3579,1.113216020118103,17.80597014925373,0
184000,4596,277,5793.6,5,0.0,6185,1.0129547139909485,22.32851985559567,0
184000,4773,187,7061.6,5,0.0,3347,1.2027693799153578,17.898395721925134,0
184000,4809,581,4856.777777777777,9,0.0,13099,0.48763597891193233,22.545611015490532,0
184000,4843,224,5984.666666666667,6,0.0,4151,1.0396006939613545,18.53125,0
184000,4858,168,8194.6,5,0.0,2418,1.07658319676589,14.392857142857142,0
186000,45,199,4436.0,6,0.0,3420,1.0852500568447354,17.185929648241206,0
186000,162,373,7118.285714285715,7,0.0,5361,0.4842147421715065,14.372654155495978,0
186000,277,149,8930.5,4,0.0,1885,1.0669613354383605,12.651006711409396,0
186000,370,247,4263.0,6,0.0,4613,0.9501658385490479,18.676113360323885,0
186000,552,118,9883.0,4,0.0,1090,0.9837219168092142,9.23728813559322,0
186000,563,318,5562.875,8,0.0,9106,1.1315748073093888,28.635220125786162,0
186000,717,304,4706.428571428572,7,0.0,8006,1.088624947396117,26.335526315789473,0
186000,775,83,7120.0,4,0.0,552,1.006914875762268,6.650602409638554,0
186000,903,414,4976.0,6,0.0,5682,0.4165915063991506,13.72463768115942,0
186000,969,288,4412.0,7,0.0,7144,1.082346543077039,24.805555555555557,0
186000,1245,320,5383.5,6,0.0,3494,0.42877830982979437,10.91875,0
186000,1266,367,3833.5,6,0.0,4761,0.4441973026376617,12.97275204359673,0
186000,1304,397,5050.333333333333,9,0.0,12936,1.0314041093297355,32.584382871536526,0
186000,1616,272,3907.8571428571427,7,0.0,6367,1.0814511475673774,23.408088235294116,0
186000,1733,293,6231.8,5,0.0,2727,0.39917171621518555,9.30716723549488,0
186000,1803,145,3680.0,5,0.0,1702,1.017263390517922,11.73793103448276,0
186000,1839,138,2701.6666666666665,6,0.0,1712,1.129680030024307,12.405797101449275,0
186000,1842,133,2838.8,5,0.0,1449,1.0293782022842695,10.894736842105264,0
186000,1952,147,5160.0,5,0.0,1931,1.122942369213178,13.136054421768707,0
186000,2119,189,9302.0,4,0.0,3298,1.160210808380408,17.44973544973545,0
186000,2147,323,4302.75,8,0.0,8958,1.0789861684040818,27.73374613003096,0
186000,2170,274,3501.5,8,0.0,6367,1.0657211585809692,23.23722627737226,0
186000,2175,407,3291.625,8,0.0,7889,0.5984708496681508,19.383292383292382,0
186000,2198,101,5997.25,4,0.0,1162,1.431440315055912,11.504950495049505,0
186000,2270,216,6146.833333333333,6,0.0,4172,1.1236903764383244,19.314814814814813,0
186000,2281,171,4151.0,5,0.0,1747,0.7507762888849723,10.216374269005849,0
186000,2439,458,4726.2,10,0.0,17681,1.0592189261860212,38.60480349344978,0
186000,2576,369,6706.714285714285,7,0.0,4855,0.4480705145578674,13.157181571815718,0
186000,2585,97,3481.6,5,0.0,826,1.10318016021476,8.515463917525773,0
186000,2602,289,5314.666666666667,6,0.0,3168,0.47664973008333067,10.961937716262975,0
186000,2744,205,4597.5,6,0.0,3562,1.0651139114419363,17.37560975609756,0
186000,2750,246,3902.1666666666665,6,0.0,5104,1.0598644261961996,20.747967479674795,0
186000,2797,363,6691.0,6,0.0,4862,0.46367274493252814,13.393939393939394,0
186000,2873,308,5854.285714285715,7,0.0,7997,1.0593403799442391,25.964285714285715,0
186000,2907,156,8623.8,5,0.0,2098,1.0833434232793204,13.448717948717949,0
186000,2953,232,7643.6,5,0.0,5205,1.2152192153637689,22.435344827586206,0
186000,3129,520,5583.0,7,0.0,7860,0.365279855875973,15.115384615384615,0
186000,3131,132,6071.4,5,0.0,1659,1.1964881111812367,12.568181818181818,0
186000,3137,303,6054.333333333333,6,0.0,7304,0.9997360930549227,24.105610561056107,0
186000,3309,144,5616.6,5,0.0,2099,1.272029895811145,14.57638888888889,0
186000,3422,251,5818.2,5,0.0,2202,0.43921760119393183,8.772908366533864,0
186000,3614,116,4554.8,5,0.0,1155,1.0786383813603482,9.956896551724139,0
186000,3635,193,4553.333333333333,6,0.0,3155,1.0643748634407149,16.34715025906736,0
186000,3992,359,4281.5,6,0.0,4224,0.41185550604862736,11.766016713091922,0
186000,4042,285,7318.875,8,0.0,6817,1.0546623389114986,23.919298245614034,0
186000,4329,348,4949.0,9,0.0,10672,1.107381318506747,30.666666666666668,0
186000,4352,454,5774.333333333333,6,0.0,4564,0.2782555235107185,10.052863436123348,0
186000,4362,104,6662.75,4,0.0,1062,1.233865162023802,10.211538461538462,0
186000,4405,171,5383.6,5,0.0,2473,1.062776051753026,14.461988304093568,0
186000,4490,114,5340.6,5,0.0,1267,1.225114771344496,11.114035087719298,0
186000,4501,201,6687.6,5,0.0,3552,1.1048179109973462,17.671641791044777,0
186000,4596,277,5805.2,5,0.0,6155,1.008041433244024,22.220216606498195,0
186000,4773,187,7077.0,5,0.0,3326,1.1952228734982016,17.78609625668449,0
186000,4809,581,4855.888888888889,9,0.0,13147,0.4894228731013951,22.628227194492254,0
186000,4843,223,5991.0,6,0.0,4151,1.0489453723220843,18.614349775784753,0
186000,4858,167,8204.6,5,0.0,2411,1.0863609147412945,14.437125748502995,0
188000,45,200,4437.5,6,0.0,3433,1.078508757977376,17.165,0
188000,162,374,7120.0,7,0.0,5387,0.4839646436812095,14.403743315508022,0
188000,277,149,8946.5,4,0.0,1864,1.0550747635316202,12.51006711409396,0
188000,370,247,4258.5,6,0.0,4614,0.9503718142348379,18.68016194331984,0
188000,552,116,9912.5,4,0.0,1047,0.977778688557822,9.025862068965518,0
188000,563,317,5565.25,8,0.0,9155,1.144852899068139,28.8801261829653,0
188000,717,305,4709.857142857143,7,0.0,8025,1.084064758723272,26.311475409836067,0
188000,775,77,7150.75,4,0.0,478,1.0131093192214007,6.207792207792208,0
188000,903,416,4977.5,6,0.0,5696,0.41361205054658523,13.692307692307692,0
188000,969,288,4418.285714285715,7,0.0,7149,1.0831040644537726,24.822916666666668,0
188000,1245,320,5386.833333333333,6,0.0,3500,0.4295146206079795,10.9375,0
188000,1266,368,3830.8333333333335,6,0.0,4753,0.4410441246016153,12.915760869565217,0
188000,1304,397,5048.777777777777,9,0.0,12977,1.0346730926694476,32.68765743073048,0
188000,1616,273,3905.285714285714,7,0.0,6380,1.0757348752782343,23.36996336996337,0
188000,1733,292,6242.6,5,0.0,2710,0.3994049583049512,9.280821917808218,0
188000,1803,143,3683.2,5,0.0,1686,1.0360849359777773,11.79020979020979,0
188000,1839,138,2695.8333333333335,6,0.0,1706,1.125720871040577,12.36231884057971,0
188000,1842,132,2834.4,5,0.0,1441,1.0392642364148055,10.916666666666666,0
188000,1952,146,5157.8,5,0.0,1916,1.129534907914814,13.123287671232877,0
188000,2119,189,9333.5,4,0.0,3271,1.1507124178933639,17.306878306878307,0
188000,2147,324,4299.375,8,0.0,8983,1.0753287154091264,27.72530864197531,0
188000,2170,274,3494.0,8,0.0,6398,1.0709100004085192,23.35036496350365,0
188000,2175,408,3286.375,8,0.0,7916,0.5975789947572281,19.401960784313726,0
188000,2198,99,6011.75,4,0.0,1127,1.4449851731846532,11.383838383838384,0
188000,2270,218,6147.166666666667,6,0.0,4182,1.1058109988479516,19.18348623853211,0
188000,2281,169,4158.0,5,0.0,1733,0.7624915190183973,10.254437869822485,0
188000,2439,456,4732.2,10,0.0,17724,1.0711293511893176,38.86842105263158,0
188000,2576,369,6712.285714285715,7,0.0,4871,0.4495471630095514,13.200542005420054,0
188000,2585,96,3483.0,5,0.0,809,1.1031026287995411,8.427083333333334,0
188000,2602,289,5324.333333333333,6,0.0,3173,0.47740201816742683,10.979238754325259,0
188000,2744,205,4600.5,6,0.0,3568,1.0669080393107324,17.40487804878049,0
188000,2750,246,3903.3333333333335,6,0.0,5107,1.0604873872617537,20.760162601626018,0
188000,2797,363,6701.0,6,0.0,4865,0.46395884493968514,13.402203856749312,0
188000,2873,308,5862.428571428572,7,0.0,8012,1.0613273882847623,26.01298701298701,0
188000,2907,155,8634.2,5,0.0,2088,1.0921366011563767,13.470967741935484,0
188000,2953,231,7664.4,5,0.0,5191,1.2224664054110392,22.471861471861473,0
188000,3129,520,5582.428571428572,7,0.0,7898,0.3670458399120146,15.188461538461539,0
188000,3131,132,6079.6,5,0.0,1648,1.188554796399444,12.484848484848484,0
188000,3137,302,6069.0,6,0.0,7283,1.0034743781454525,24.1158940397351,0
188000,3309,144,5634.2,5,0.0,2080,1.2605155708847935,14.444444444444445,0
188000,3422,251,5831.8,5,0.0,2197,0.43822028602319174,8.752988047808765,0
188000,3614,115,4559.0,5,0.0,1135,1.078474907168065,9.869565217391305,0
188000,3635,193,4563.5,6,0.0,3152,1.0633627795769043,16.33160621761658,0
188000,3992,360,4288.833333333333,6,0.0,4226,0.40976452327377977,11.738888888888889,0
188000,4042,284,7317.5,8,0.0,6861,1.0689579049930356,24.158450704225352,0
188000,4329,348,4946.0,9,0.0,10723,1.112673339425398,30.813218390804597,0
188000,4352,454,5785.666666666667,6,0.0,4567,0.27843842591442847,10.059471365638766,0
188000,4362,102,6681.0,4,0.0,1026,1.239244160931614,10.058823529411764,0
188000,4405,170,5382.0,5,0.0,2466,1.0722723160903016,14.505882352941176,0
188000,4490,112,5353.2,5,0.0,1246,1.2482220811138018,11.125,0
188000,4501,200,6704.8,5,0.0,3525,1.107411410390402,17.625,0
188000,4596,276,5817.8,5,0.0,6129,1.011070225470061,22.206521739130434,0
188000,4773,185,7089.0,5,0.0,3312,1.2160648495181177,17.9027027027027,0
188000,4809,582,4856.444444444444,9,0.0,13194,0.4894861122502536,22.670103092783506,0
188000,4843,223,5999.0,6,0.0,4147,1.047934584201321,18.59641255605381,0
188000,4858,166,8219.2,5,0.0,2394,1.0917365093183284,14.421686746987952,0
190000,45,200,4441.0,6,0.0,3439,1.0803937135695298,17.195,0
190000,162,375,7122.714285714285,7,0.0,5404,0.4829060750222006,14.410666666666666,0
190000,277,146,8963.75,4,0.0,1830,1.0788355331336688,12.534246575342467,0
190000,370,247,4256.666666666667,6,0.0,4613,0.9501658385490479,18.676113360323885,0
190000,552,114,9944.0,4,0.0,1007,0.9737100037442048,8.833333333333334,0
190000,563,318,5568.375,8,0.0,9204,1.1437529679854617,28.943396226415093,0
190000,717,305,4713.142857142857,7,0.0,8038,1.085820876089428,26.354098360655737,0
190000,775,71,7177.75,4,0.0,401,0.9996259901523562,5.647887323943662,0
190000,903,415,4978.5,6,0.0,5701,0.4159725874435282,13.73734939759036,0
190000,969,288,4426.571428571428,7,0.0,7151,1.0834070730044663,24.82986111111111,0
190000,1245,320,5387.333333333333,6,0.0,3505,0.43012821292313375,10.953125,0
190000,1266,366,3828.3333333333335,6,0.0,4748,0.44540840034770635,12.972677595628415,0
190000,1304,397,5051.111111111111,9,0.0,13007,1.0370650316985055,32.7632241813602,0
190000,1616,273,3903.714285714286,7,0.0,6392,1.0777582010624565,23.413919413919412,0
190000,1733,290,6252.4,5,0.0,2700,0.40343877121010424,9.310344827586206,0
190000,1803,143,3687.0,5,0.0,1677,1.0305542334725577,11.727272727272727,0
190000,1839,138,2690.5,6,0.0,1702,1.1230814317180904,12.333333333333334,0
190000,1842,132,2826.4,5,0.0,1433,1.033494552937138,10.856060606060606,0
190000,1952,146,5159.4,5,0.0,1903,1.1218710489362689,13.034246575342467,0
190000,2119,188,9365.0,4,0.0,3229,1.1480537209644004,17.175531914893618,0
190000,2147,324,4295.25,8,0.0,9009,1.0784410995347677,27.805555555555557,0
190000,2170,274,3487.75,8,0.0,6417,1.074090258302824,23.419708029197082,0
190000,2175,410,3279.25,8,0.0,7952,0.5944543671944328,19.39512195121951,0
190000,2198,99,6022.0,4,0.0,1097,1.406520616666872,11.080808080808081,0
190000,2270,218,6148.333333333333,6,0.0,4194,1.1089840576681753,19.238532110091743,0
190000,2281,168,4159.4,5,0.0,1722,0.7666982071260804,10.25,0
190000,2439,456,4735.2,10,0.0,17777,1.0743323446226867,38.98464912280702,0
190000,2576,371,6720.0,7,0.0,4885,0.4459915319646367,13.167115902964959,0
190000,2585,93,3489.2,5,0.0,769,1.1173013067917914,8.268817204301076,0
190000,2602,289,5333.0,6,0.0,3181,0.47860567910198065,11.006920415224913,0
190000,2744,205,4602.0,6,0.0,3576,1.0693002098024604,17.44390243902439,0
190000,2750,247,3905.6666666666665,6,0.0,5105,1.0515058759577043,20.668016194331983,0
190000,2797,364,6709.5,6,0.0,4865,0.461413122198839,13.365384615384615,0
190000,2873,307,5872.142857142857,7,0.0,8033,1.0710527978561812,26.16612377850163,0
190000,2907,154,8645.4,5,0.0,2089,1.106896112894093,13.564935064935066,0
190000,2953,230,7686.6,5,0.0,5174,1.2290813149091562,22.495652173913044,0
190000,3129,520,5584.285714285715,7,0.0,7932,0.36862593089163076,15.253846153846155,0
190000,3131,132,6088.4,5,0.0,1639,1.1820639024870687,12.416666666666666,0
190000,3137,301,6083.333333333333,6,0.0,7273,1.0087660564258039,24.162790697674417,0
190000,3309,143,5650.0,5,0.0,2066,1.2696034861981538,14.447552447552448,0
190000,3422,251,5844.8,5,0.0,2194,0.43762189692074766,8.741035856573705,0
190000,3614,113,4565.6,5,0.0,1116,1.0982903599048348,9.876106194690266,0
190000,3635,193,4571.166666666667,6,0.0,3158,1.0653869473045254,16.362694300518136,0
190000,3992,359,4296.5,6,0.0,4226,0.4120505133905064,11.77158774373259,0
190000,4042,285,7316.5,8,0.0,6903,1.0679674527660372,24.221052631578946,0
190000,4329,349,4942.111111111111,9,0.0,10774,1.1115678606834567,30.87106017191977,0
190000,4352,455,5794.833333333333,6,0.0,4572,0.2775193645639422,10.048351648351648,0
190000,4362,100,6697.75,4,0.0,985,1.2377875055143783,9.85,0
190000,4405,171,5382.6,5,0.0,2460,1.0571892791396862,14.385964912280702,0
190000,4490,112,5364.2,5,0.0,1230,1.232193547166915,10.982142857142858,0
190000,4501,200,6718.8,5,0.0,3504,1.1008140658178636,17.52,0
190000,4596,276,5829.4,5,0.0,6110,1.0079358912746081,22.13768115942029,0
190000,4773,186,7102.8,5,0.0,3299,1.1983020192152536,17.736559139784948,0
190000,4809,584,4857.0,9,0.0,13239,0.4877972548892296,22.669520547945204,0
190000,4843,223,6003.833333333333,6,0.0,4149,1.0484399782617024,18.605381165919283,0
190000,4858,165,8232.6,5,0.0,2386,1.1013171822171162,14.460606060606061,0
192000,45,200,4442.0,6,0.0,3451,1.0841636247538375,17.255,0
192000,162,376,7125.857142857143,7,0.0,5421,0.48185190626726654,14.417553191489361,0
192000,277,144,8982.25,4,0.0,1789,1.0841645943811997,12.42361111111111,0
192000,370,247,4252.333333333333,6,0.0,4615,0.9505777899206278,18.68421052631579,0
192000,552,111,9982.75,4,0.0,958,0.9770784066679723,8.63063063063063,0
192000,563,318,5572.0,8,0.0,9269,1.1518303194542856,29.147798742138363,0
192000,717,306,4721.0,7,0.0,8053,1.0807486709965655,26.31699346405229,0
192000,775,62,7211.25,4,0.0,310,1.0134169850289656,5.0,0
192000,903,416,4979.0,6,0.0,5711,0.41470126767407794,13.728365384615385,0
192000,969,288,4431.142857142857,7,0.0,7155,1.0840130901058531,24.84375,0
192000,1245,319,5387.666666666667,6,0.0,3508,0.43319963556934366,10.996865203761756,0
192000,1266,366,3827.1666666666665,6,0.0,4750,0.4455960197244324,12.978142076502733,0
192000,1304,397,5055.333333333333,9,0.0,13032,1.0390583142227203,32.82619647355164,0
192000,1616,273,3900.0,7,0.0,6409,1.0806245792567717,23.476190476190474,0
192000,1733,289,6260.2,5,0.0,2698,0.40593465017829106,9.335640138408305,0
192000,1803,142,3690.6,5,0.0,1663,1.0363952753262897,11.711267605633802,0
192000,1839,137,2683.6666666666665,6,0.0,1695,1.1348499222834885,12.372262773722628,0
192000,1842,131,2826.0,5,0.0,1402,1.0266331566535494,10.702290076335878,0
192000,1952,146,5158.8,5,0.0,1896,1.117744355640129,12.986301369863014,0
192000,2119,187,9394.0,4,0.0,3204,1.1513812647890072,17.13368983957219,0
192000,2147,325,4288.5,8,0.0,9046,1.0762166965916504,27.833846153846153,0
192000,2170,276,3480.625,8,0.0,6455,1.0648488016657274,23.38768115942029,0
192000,2175,410,3276.75,8,0.0,7966,0.5955009417845638,19.429268292682927,0
192000,2198,96,6039.25,4,0.0,1057,1.4412601713734423,11.010416666666666,0
192000,2270,218,6149.333333333333,6,0.0,4198,1.1100417439415833,19.256880733944953,0
192000,2281,167,4160.8,5,0.0,1712,0.7714018606541254,10.251497005988025,0
192000,2439,458,4739.2,10,0.0,17832,1.068264911020255,38.93449781659389,0
192000,2576,370,6725.857142857143,7,0.0,4899,0.44969064747805393,13.240540540540541,0
192000,2585,91,3487.2,5,0.0,742,1.1259807989197568,8.153846153846153,0
192000,2602,290,5338.166666666667,6,0.0,3192,0.47695428063061207,11.006896551724138,0
192000,2744,204,4605.0,6,0.0,3580,1.0810170799549654,17.54901960784314,0
192000,2750,247,3910.0,6,0.0,5102,1.0508879489003342,20.655870445344128,0
192000,2797,363,6714.5,6,0.0,4872,0.4646264116230516,13.421487603305785,0
192000,2873,308,5890.285714285715,7,0.0,8045,1.0656988066339133,26.12012987012987,0
192000,2907,155,8653.2,5,0.0,2095,1.095797978650675,13.516129032258064,0
192000,2953,230,7712.6,5,0.0,5160,1.225755621362823,22.434782608695652,0
192000,3129,520,5586.142857142857,7,0.0,7960,0.36992718228660876,15.307692307692308,0
192000,3131,132,6099.6,5,0.0,1628,1.1741305877052763,12.333333333333334,0
192000,3137,301,6099.0,6,0.0,7261,1.0071016548477605,24.122923588039868,0
192000,3309,142,5668.6,5,0.0,2057,1.2819393153013696,14.485915492957746,0
192000,3422,251,5857.0,5,0.0,2187,0.43622565568171157,8.713147410358566,0
192000,3614,113,4567.0,5,0.0,1102,1.084512523848681,9.752212389380531,0
192000,3635,194,4579.5,6,0.0,3164,1.0564352381717617,16.309278350515463,0
192000,3992,358,4303.666666666667,6,0.0,4239,0.41563032547570716,11.840782122905027,0
192000,4042,285,7312.0,8,0.0,6972,1.078642485974911,24.46315789473684,0
192000,4329,349,4939.444444444444,9,0.0,10815,1.115797885027992,30.988538681948423,0
192000,4352,456,5811.5,6,0.0,4575,0.2764848105219549,10.032894736842104,0
192000,4362,97,6716.75,4,0.0,932,1.2447504955449835,9.608247422680412,0
192000,4405,170,5383.8,5,0.0,2451,1.065749978401188,14.41764705882353,0
192000,4490,111,5374.8,5,0.0,1204,1.2279774547267628,10.846846846846846,0
192000,4501,199,6734.0,5,0.0,3484,1.1055588298383212,17.507537688442213,0
192000,4596,275,5840.4,5,0.0,6084,1.0109593232100655,22.123636363636365,0
192000,4773,186,7120.0,5,0.0,3279,1.191037381329741,17.629032258064516,0
192000,4809,585,4857.666666666667,9,0.0,13276,0.48748962313166005,22.694017094017095,0
192000,4843,223,6008.333333333333,6,0.0,4150,1.0486926752918933,18.609865470852018,0
192000,4858,165,8241.0,5,0.0,2382,1.0994708835042626,14.436363636363636,0
194000,45,200,4444.0,6,0.0,3458,1.0863627396113504,17.29,0
194000,162,378,7128.428571428572,7,0.0,5434,0.477909758394416,14.375661375661375,0
194000,277,143,8985.75,4,0.0,1781,1.0944645735328713,12.454545454545455,0
194000,370,247,4249.333333333333,6,0.0,4613,0.9501658385490479,18.676113360323885,0
194000,552,108,10013.5,4,0.0,920,0.9911746369350514,8.518518518518519,0
194000,563,320,5568.25,8,0.0,9339,1.1460677262451202,29.184375,0
194000,717,305,4729.142857142857,7,0.0,8063,1.0891980248704973,26.43606557377049,0
194000,775,46,7252.25,4,0.0,180,1.068972925607113,3.9130434782608696,0
194000,903,415,4980.333333333333,6,0.0,5711,0.4167022359042255,13.76144578313253,0
194000,969,288,4435.428571428572,7,0.0,7162,1.0850736200332802,24.868055555555557,0
194000,1245,318,5387.666666666667,6,0.0,3511,0.4363012462621638,11.040880503144654,0
194000,1266,366,3827.1666666666665,6,0.0,4742,0.44484554221752814,12.956284153005464,0
194000,1304,397,5059.777777777777,9,0.0,13058,1.041131328047904,32.89168765743073,0
194000,1616,273,3897.8571428571427,7,0.0,6421,1.082647905040994,23.520146520146522,0
194000,1733,287,6267.6,5,0.0,2693,0.41084917947855687,9.383275261324043,0
194000,1803,142,3691.4,5,0.0,1658,1.0332792342098547,11.67605633802817,0
194000,1839,137,2680.8333333333335,6,0.0,1684,1.1274851145282565,12.291970802919709,0
194000,1842,130,2821.0,5,0.0,1395,1.037283254853908,10.73076923076923,0
194000,1952,145,5159.4,5,0.0,1886,1.1272378111144543,13.006896551724138,0
194000,2119,186,9420.0,4,0.0,3175,1.1532612643250773,17.06989247311828,0
194000,2147,324,4284.25,8,0.0,9073,1.0861023527671159,28.003086419753085,0
194000,2170,277,3473.625,8,0.0,6477,1.060777313261014,23.382671480144403,0
194000,2175,414,3274.0,8,0.0,7988,0.5856622585562153,19.294685990338163,0
194000,2198,95,6050.25,4,0.0,1026,1.4285979224745164,10.8,0
194000,2270,218,6153.166666666667,6,0.0,4198,1.1100417439415833,19.256880733944953,0
194000,2281,163,4164.8,5,0.0,1700,0.8040509633185514,10.429447852760736,0
194000,2439,457,4746.1,10,0.0,17874,1.0754722711674745,39.11159737417943,0
194000,2576,372,6729.428571428572,7,0.0,4919,0.44668442198543745,13.223118279569892,0
194000,2585,89,3489.8,5,0.0,722,1.145426029992087,8.112359550561798,0
194000,2602,292,5346.166666666667,6,0.0,3202,0.4719168547942633,10.965753424657533,0
194000,2744,204,4606.333333333333,6,0.0,3592,1.084640600893362,17.607843137254903,0
194000,2750,247,3911.3333333333335,6,0.0,5105,1.0515058759577043,20.668016194331983,0
194000,2797,364,6721.333333333333,6,0.0,4878,0.46264608634859955,13.401098901098901,0
194000,2873,308,5906.571428571428,7,0.0,8059,1.067553347751735,26.165584415584416,0
194000,2907,155,8659.6,5,0.0,2094,1.095274924722918,13.509677419354839,0
194000,2953,230,7737.2,5,0.0,5149,1.223142576433561,22.38695652173913,0
194000,3129,520,5587.0,7,0.0,7980,0.37085664756873593,15.346153846153847,0
194000,3131,129,6108.8,5,0.0,1613,1.2180491437390388,12.503875968992247,0
194000,3137,302,6112.5,6,0.0,7258,1.0000298004365913,24.033112582781456,0
194000,3309,142,5687.6,5,0.0,2042,1.2725911919520645,14.380281690140846,0
194000,3422,248,5869.8,5,0.0,2180,0.44541311035547276,8.790322580645162,0
194000,3614,113,4571.2,5,0.0,1085,1.0677822943519228,9.601769911504425,0
194000,3635,194,4593.5,6,0.0,3164,1.0564352381717617,16.309278350515463,0
194000,3992,359,4310.0,6,0.0,4242,0.4136105721255391,11.816155988857938,0
194000,4042,286,7308.625,8,0.0,7028,1.0797160335189528,24.573426573426573,0
194000,4329,349,4934.0,9,0.0,10861,1.1205437659999096,31.120343839541547,0
194000,4352,456,5821.0,6,0.0,4579,0.27672654587541673,10.041666666666666,0
194000,4362,96,6729.0,4,0.0,893,1.217639860961669,9.302083333333334,0
194000,4405,169,5385.0,5,0.0,2446,1.076199801222735,14.47337278106509,0
194000,4490,110,5385.2,5,0.0,1187,1.232750571838375,10.790909090909091,0
194000,4501,199,6744.2,5,0.0,3466,1.0998469874338752,17.417085427135678,0
194000,4596,275,5850.8,5,0.0,6063,1.0074698186427724,22.047272727272727,0
194000,4773,184,7132.4,5,0.0,3269,1.2133585047950182,17.766304347826086,0
194000,4809,586,4859.111111111111,9,0.0,13314,0.48721784283910713,22.72013651877133,0
194000,4843,224,6012.833333333333,6,0.0,4152,1.0398511398042747,18.535714285714285,0
194000,4858,165,8249.2,5,0.0,2382,1.0994708835042626,14.436363636363636,0
196000,45,201,4445.0,6,0.0,3471,1.0796235836350756,17.26865671641791,0
196000,162,379,7134.0,7,0.0,5451,0.4768783719054577,14.382585751978892,0
196000,277,144,11338.75,4,0.0,1770,1.0726502694548483,12.291666666666666,0
196000,370,247,4244.166666666667,6,0.0,4615,0.9505777899206278,18.68421052631579,0
196000,552,107,10048.0,4,0.0,883,0.9691768060511091,8.25233644859813,0
196000,563,324,5779.25,8,0.0,9448,1.1309925084254064,29.160493827160494,0
196000,717,307,4744.285714285715,7,0.0,8079,1.077186051771454,26.315960912052116,0
196000,903,415,4981.333333333333,6,0.0,5720,0.41735891951885307,13.783132530120483,0
196000,969,288,4441.142857142857,7,0.0,7166,1.085679637134667,24.881944444444443,0
196000,1245,318,5389.5,6,0.0,3510,0.4361769793164896,11.037735849056604,0
196000,1266,365,3826.5,6,0.0,4736,0.4467204445832617,12.975342465753425,0
196000,1304,397,5061.111111111111,9,0.0,13094,1.0440016548827733,32.9823677581864,0
196000,1616,273,3892.4285714285716,7,0.0,6435,1.0850084517892535,23.571428571428573,0
196000,1733,287,6275.0,5,0.0,2689,0.41023893190413646,9.369337979094077,0
196000,1803,142,3692.4,5,0.0,1654,1.0307864013167065,11.647887323943662,0
196000,1839,137,2674.8333333333335,6,0.0,1678,1.1234679466617663,12.248175182481752,0
196000,1842,129,2819.0,5,0.0,1386,1.0466311923262912,10.744186046511627,0
196000,1952,145,5160.8,5,0.0,1878,1.122456314566779,12.951724137931034,0
196000,2119,186,9449.5,4,0.0,3150,1.144180466968187,16.93548387096774,0
196000,2147,325,4278.25,8,0.0,9110,1.0838308761828361,28.03076923076923,0
196000,2170,277,3465.875,8,0.0,6508,1.0658543700328362,23.494584837545126,0
196000,2175,416,3270.875,8,0.0,8003,0.5811336447549722,19.23798076923077,0
196000,2198,93,6066.75,4,0.0,986,1.432586591023025,10.602150537634408,0
196000,2270,218,6154.333333333333,6,0.0,4207,1.112421538056751,19.298165137614678,0
196000,2281,161,4166.4,5,0.0,1691,0.8197883071209198,10.503105590062113,0
196000,2439,457,4751.1,10,0.0,17939,1.0793832982249818,39.25382932166302,0
196000,2576,374,6736.0,7,0.0,4944,0.4441658062669203,13.219251336898395,0
196000,2585,87,3493.8,5,0.0,696,1.1555283323548664,8.0,0
196000,2602,293,5352.333333333333,6,0.0,3215,0.47060398519685426,10.972696245733788,0
196000,2744,205,4606.0,6,0.0,3603,1.0773737852120429,17.57560975609756,0
196000,2750,246,3916.5,6,0.0,5091,1.0571649282454647,20.695121951219512,0
196000,2797,363,6730.666666666667,6,0.0,4878,0.4651986116373657,13.438016528925619,0
196000,2873,308,5929.428571428572,7,0.0,8075,1.0696728233149595,26.217532467532468,0
196000,2907,155,8675.2,5,0.0,2089,1.0926596550841337,13.477419354838709,0
196000,2953,230,7773.6,5,0.0,5142,1.2214797296603943,22.356521739130436,0
196000,3129,520,5591.0,7,0.0,8008,0.372157898963714,15.4,0
196000,3131,129,6117.8,5,0.0,1602,1.2097425469745444,12.418604651162791,0
196000,3137,302,6126.666666666667,6,0.0,7256,0.9997542342198824,24.026490066225165,0
196000,3309,142,5719.0,5,0.0,2026,1.2626198603794725,14.267605633802816,0
196000,3422,247,5880.8,5,0.0,2177,0.4484090679647252,8.813765182186234,0
196000,3614,111,4572.2,5,0.0,1071,1.0923287824022947,9.64864864864865,0
196000,3635,194,4611.5,6,0.0,3174,1.0597741611748328,16.36082474226804,0
196000,3992,360,4318.5,6,0.0,4239,0.4110250388446646,11.775,0
196000,4042,285,8352.142857142857,7,0.0,7070,1.0938041273440364,24.80701754385965,0
196000,4329,350,5547.875,8,0.0,10898,1.117945362900296,31.13714285714286,0
196000,4352,456,5833.166666666667,6,0.0,4584,0.27702871506724397,10.052631578947368,0
196000,4362,92,6748.5,4,0.0,837,1.2426810260182688,9.097826086956522,0
196000,4405,169,5388.4,5,0.0,2436,1.0717999655676953,14.414201183431953,0
196000,4490,108,5397.2,5,0.0,1159,1.2486645697910048,10.731481481481481,0
196000,4501,198,6757.8,5,0.0,3452,1.1064970758281774,17.434343434343436,0
196000,4596,275,5858.2,5,0.0,6046,1.0046449816121066,21.985454545454544,0
196000,4773,184,7151.8,5,0.0,3248,1.2055639105457996,17.652173913043477,0
196000,4809,586,4859.0,9,0.0,13356,0.488754807643016,22.791808873720136,0
196000,4843,224,6020.0,6,0.0,4156,1.0408529231759551,18.553571428571427,0
196000,4858,165,8263.6,5,0.0,2359,1.0888546659053548,14.296969696969697,0
198000,45,201,4451.0,6,0.0,3479,1.082111912263448,17.308457711442784,0
198000,162,380,7137.571428571428,7,0.0,5471,0.47611228276425926,14.397368421052631,0
198000,277,148,11359.0,4,0.0,1783,1.0229108293189555,12.047297297297296,0
198000,370,247,4240.166666666667,6,0.0,4618,0.9511957169779977,18.696356275303643,0
198000,552,103,10058.0,4,0.0,825,0.9772132865346703,8.009708737864077,0
198000,563,332,5768.25,8,0.0,9582,1.0924205547502321,28.86144578313253,0
198000,717,306,4759.857142857143,7,0.0,8094,1.0862510546437603,26.45098039215686,0
198000,903,416,4981.666666666667,6,0.0,5736,0.41651662955323254,13.788461538461538,0
198000,969,288,4446.571428571428,7,0.0,7170,1.0862856542360542,24.895833333333332,0
198000,1245,318,5374.0,6,0.0,3513,0.43654978015351226,11.047169811320755,0
198000,1266,366,3821.5,6,0.0,4733,0.44400125502226073,12.931693989071038,0
198000,1304,397,5054.111111111111,9,0.0,13122,1.046234131309894,33.0528967254408,0
198000,1616,274,3890.285714285714,7,0.0,6444,1.0786095721526254,23.51824817518248,0
198000,1733,286,6287.2,5,0.0,2669,0.4100401385119643,9.332167832167832,0
198000,1803,141,3693.6,5,0.0,1652,1.0441951740315554,11.71631205673759,0
198000,1839,137,2670.8333333333335,6,0.0,1669,1.117442194862031,12.182481751824817,0
198000,1842,129,2811.0,5,0.0,1372,1.0360591600805713,10.635658914728682,0
198000,1952,144,5162.4,5,0.0,1870,1.1332519795935403,12.98611111111111,0
198000,2119,185,9453.0,4,0.0,3120,1.1455683365025746,16.864864864864863,0
198000,2147,327,4275.25,8,0.0,9144,1.074609253782419,27.96330275229358,0
198000,2170,278,3457.625,8,0.0,6531,1.0619399420627782,23.492805755395683,0
198000,2175,416,3264.75,8,0.0,8029,0.5830216211092929,19.30048076923077,0
198000,2198,91,6080.25,4,0.0,948,1.438584632582115,10.417582417582418,0
198000,2270,218,6157.833333333333,6,0.0,4208,1.112685959625103,19.30275229357798,0
198000,2281,160,4167.6,5,0.0,1677,0.8231954500109505,10.48125,0
198000,2439,456,4737.7,10,0.0,17990,1.0872047521945287,39.45175438596491,0
198000,2576,373,6739.857142857143,7,0.0,4963,0.4482666975185948,13.305630026809652,0
198000,2585,86,3494.8,5,0.0,663,1.1264877930394985,7.709302325581396,0
198000,2602,293,5341.333333333333,6,0.0,3221,0.4714822507990879,10.993174061433447,0
198000,2744,206,4609.5,6,0.0,3613,1.0699004861362922,17.538834951456312,0
198000,2750,246,3918.3333333333335,6,0.0,5090,1.0569572745569467,20.691056910569106,0
198000,2797,362,6744.833333333333,6,0.0,4875,0.4674846368013871,13.466850828729282,0
198000,2873,308,5942.0,7,0.0,8092,1.0719247661008857,26.272727272727273,0
198000,2907,155,8680.4,5,0.0,2094,1.095274924722918,13.509677419354839,0
198000,2953,230,7813.8,5,0.0,5129,1.218391585653085,22.3,0
198000,3129,520,5596.285714285715,7,0.0,8024,0.3729014711894157,15.430769230769231,0
198000,3131,130,6128.0,5,0.0,1592,1.1837669833171482,12.246153846153845,0
198000,3137,302,6125.166666666667,6,0.0,7251,0.9990653186781102,24.009933774834437,0
198000,3309,141,5750.8,5,0.0,2009,1.2698475209621034,14.24822695035461,0
198000,3422,247,5872.0,5,0.0,2173,0.4475851652215654,8.79757085020243,0
198000,3614,110,4576.8,5,0.0,1048,1.0883930912271416,9.527272727272727,0
198000,3635,195,4614.166666666667,6,0.0,3175,1.0492630296013246,16.28205128205128,0
198000,3992,360,4325.5,6,0.0,4243,0.4114128897895522,11.786111111111111,0
198000,4042,283,8377.857142857143,7,0.0,7026,1.1024150624491198,24.82685512367491,0
198000,4329,349,5569.625,8,0.0,10838,1.1181708255139506,31.054441260744987,0
198000,4352,457,5844.833333333333,6,0.0,4585,0.2758778316718625,10.032822757111598,0
198000,4362,90,6765.25,4,0.0,793,1.2302631971835585,8.811111111111112,0
198000,4405,169,5388.6,5,0.0,2433,1.0704800148711833,14.396449704142011,0
198000,4490,108,5410.0,5,0.0,1143,1.2314267500182214,10.583333333333334,0
198000,4501,198,6770.2,5,0.0,3441,1.1029711581473807,17.37878787878788,0
198000,4596,273,5873.8,5,0.0,6024,1.0157095436796368,22.065934065934066,0
198000,4773,184,7165.2,5,0.0,3233,1.1999963432249292,17.570652173913043,0
198000,4809,589,4857.888888888889,9,0.0,13414,0.48588956973205405,22.774193548387096,0
198000,4843,224,6024.5,6,0.0,4157,1.0411033690188751,18.558035714285715,0
198000,4858,165,8277.2,5,0.0,2353,1.0860852178360747,14.26060606060606,0
202000,45,202,4451.833333333333,6,0.0,3495,1.076351958072378,17.301980198019802,0
202000,162,382,7148.285714285715,7,0.0,5522,0.4755317736115467,14.455497382198953,0
202000,277,149,11407.75,4,0.0,1763,0.9979060129325356,11.832214765100671,0
202000,370,246,4234.666666666667,6,0.0,4619,0.9591523872649385,18.776422764227643,0
202000,552,98,10086.25,4,0.0,731,0.956478229810137,7.459183673469388,0
202000,563,333,5759.125,8,0.0,9748,1.1046810842263275,29.273273273273272,0
202000,717,307,4777.857142857143,7,0.0,8120,1.0826526476524576,26.449511400651467,0
202000,903,417,4976.5,6,0.0,5770,0.4169784083228521,13.83693045563549,0
202000,969,288,4460.285714285715,7,0.0,7174,1.0868916713374408,24.90972222222222,0
202000,1245,318,5358.166666666667,6,0.0,3522,0.43766818266458013,11.075471698113208,0
202000,1266,366,3813.5,6,0.0,4727,0.44343839689208253,12.915300546448087,0
202000,1304,396,5042.777777777777,9,0.0,13169,1.055291134963881,33.255050505050505,0
202000,1616,276,3886.285714285714,7,0.0,6475,1.0681481008188358,23.46014492753623,0
202000,1733,283,6306.2,5,0.0,2645,0.4150139254451924,9.346289752650177,0
202000,1803,142,3697.2,5,0.0,1643,1.0239311108605496,11.570422535211268,0
202000,1839,136,2661.0,6,0.0,1656,1.125103251372123,12.176470588235293,0
202000,1842,130,2807.2,5,0.0,1334,0.9919253490861026,10.261538461538462,0
202000,1952,144,5171.0,5,0.0,1844,1.1174955349574804,12.805555555555555,0
202000,2119,183,9486.5,4,0.0,3069,1.1516077343446596,16.770491803278688,0
202000,2147,328,4265.375,8,0.0,9204,1.0750750588801479,28.0609756097561,0
202000,2170,279,3441.625,8,0.0,6583,1.0627358044517212,23.594982078853047,0
202000,2175,418,3256.375,8,0.0,8077,0.5809080346842966,19.322966507177032,0
202000,2198,88,6105.5,4,0.0,868,1.4085239789855064,9.863636363636363,0
202000,2270,218,6162.666666666667,6,0.0,4222,1.1163878615820306,19.36697247706422,0
202000,2281,159,4164.8,5,0.0,1667,0.828611993755656,10.484276729559749,0
202000,2439,457,4719.4,10,0.0,18115,1.0899731561037707,39.63894967177243,0
202000,2576,378,6751.714285714285,7,0.0,4992,0.43903671584558795,13.206349206349206,0
202000,2585,82,3504.2,5,0.0,592,1.106378852424246,7.219512195121951,0
202000,2602,293,5332.0,6,0.0,3242,0.47455618040690556,11.064846416382252,0
202000,2744,206,4616.166666666667,6,0.0,3620,1.0719733628046988,17.57281553398058,0
202000,2750,246,3924.8333333333335,6,0.0,5089,1.0567496208684286,20.6869918699187,0
202000,2797,364,6760.333333333333,6,0.0,4879,0.46274092974473496,13.403846153846153,0
202000,2873,308,5957.0,7,0.0,8130,1.0769585205635444,26.396103896103895,0
202000,2907,155,8698.4,5,0.0,2080,1.0879521697343217,13.419354838709678,0
202000,2953,228,7873.0,5,0.0,5098,1.2323668319483507,22.359649122807017,0
202000,3129,520,5602.0,7,0.0,8062,0.3746674552254573,15.503846153846155,0
202000,3131,128,6148.4,5,0.0,1574,1.2072428800659996,12.296875,0
202000,3137,301,6128.666666666667,6,0.0,7250,1.0055759534012207,24.08637873754153,0
202000,3309,139,5797.2,5,0.0,1993,1.2962463968954936,14.338129496402878,0
202000,3422,247,5868.8,5,0.0,2161,0.44511345699208593,8.748987854251013,0
202000,3614,109,4588.0,5,0.0,1020,1.0788399988760504,9.357798165137615,0
202000,3635,195,4616.0,6,0.0,3201,1.0578554197649892,16.415384615384614,0
202000,3992,359,4341.833333333333,6,0.0,4238,0.41322055744178093,11.805013927576601,0
202000,4042,281,8415.142857142857,7,0.0,6981,1.1110020549238406,24.843416370106763,0
202000,4329,348,5602.625,8,0.0,10787,1.1193143068527247,30.99712643678161,0
202000,4352,457,5862.833333333333,6,0.0,4586,0.27593800131890106,10.035010940919037,0
202000,4362,83,6799.75,4,0.0,679,1.2385782620336592,8.180722891566266,0
202000,4405,169,5393.0,5,0.0,2426,1.0674001299126554,14.355029585798816,0
202000,4490,107,5427.8,5,0.0,1099,1.2062574290488892,10.271028037383177,0
202000,4501,197,6792.0,5,0.0,3415,1.1057784443824004,17.33502538071066,0
202000,4596,273,5898.0,5,0.0,5991,1.0101453977730253,21.945054945054945,0
202000,4773,182,7200.2,5,0.0,3207,1.2166510856252222,17.62087912087912,0
202000,4809,589,4858.222222222223,9,0.0,13489,0.48860626257012657,22.901528013582343,0
202000,4843,224,6025.833333333333,6,0.0,4163,1.0426060440763958,18.584821428571427,0
202000,4858,165,8298.0,5,0.0,2338,1.0791615976628741,14.16969696969697,0
204000,45,202,4452.5,6,0.0,3502,1.0785077416793898,17.336633663366335,0
204000,162,382,7150.571428571428,7,0.0,5530,0.4762207004838562,14.476439790575917,0
204000,277,147,11436.5,4,0.0,1756,1.0211738997091353,11.945578231292517,0
204000,370,246,4230.0,6,0.0,4620,0.9593600409534566,18.78048780487805,0
204000,552,93,10110.0,4,0.0,659,0.9574792733105207,7.086021505376344,0
204000,563,334,5761.125,8,0.0,9798,1.1037084449020327,29.335329341317365,0
204000,717,309,4783.428571428572,7,0.0,8133,1.0703940282001985,26.320388349514563,0
204000,903,417,4977.0,6,0.0,5784,0.41799014102935467,13.870503597122303,0
204000,969,288,4468.571428571428,7,0.0,7178,1.0874976884388279,24.92361111111111,0
204000,1245,319,5349.666666666667,6,0.0,3524,0.43517546058904416,11.047021943573668,0
204000,1266,366,3813.0,6,0.0,4731,0.4438136356455347,12.926229508196721,0
204000,1304,397,5036.888888888889,9,0.0,13215,1.0536491422999732,33.287153652392945,0
204000,1616,276,3884.8571428571427,7,0.0,6490,1.0706225751836673,23.514492753623188,0
204000,1733,283,6313.8,5,0.0,2643,0.414700115293627,9.33922261484099,0
204000,1803,141,3700.6,5,0.0,1634,1.032817744774553,11.588652482269504,0
204000,1839,136,2654.0,6,0.0,1652,1.1223856106683259,12.147058823529411,0
204000,1842,127,2803.6,5,0.0,1312,1.0222008956562239,10.330708661417322,0
204000,1952,143,5172.0,5,0.0,1836,1.128263311064768,12.839160839160838,0
204000,2119,182,9507.25,4,0.0,3028,1.1487432139922586,16.63736263736264,0
204000,2147,328,4259.625,8,0.0,9244,1.0797472668718042,28.182926829268293,0
204000,2170,280,3433.0,8,0.0,6620,1.0610889472838996,23.642857142857142,0
204000,2175,420,3250.75,8,0.0,8109,0.5776683634457966,19.307142857142857,0
204000,2198,86,6123.0,4,0.0,828,1.4068354338411837,9.627906976744185,0
204000,2270,218,6167.666666666667,6,0.0,4230,1.1185032341288466,19.40366972477064,0
204000,2281,154,4168.0,5,0.0,1651,0.8748135387209898,10.720779220779221,0
204000,2439,458,4710.7,10,0.0,18175,1.0888130752463625,39.68340611353712,0
204000,2576,377,6758.0,7,0.0,5008,0.44278355604212183,13.283819628647215,0
204000,2585,79,3506.6,5,0.0,559,1.125556989813616,7.075949367088608,0
204000,2602,294,5334.833333333333,6,0.0,3254,0.4730779996659349,11.068027210884354,0
204000,2744,206,4623.333333333333,6,0.0,3618,1.0713811123280113,17.563106796116504,0
204000,2750,246,3926.0,6,0.0,5098,1.0586185040650913,20.723577235772357,0
204000,2797,364,6770.0,6,0.0,4890,0.4637842071022246,13.434065934065934,0
204000,2873,309,5961.857142857143,7,0.0,8153,1.0730262525410326,26.385113268608414,0
204000,2907,155,8707.2,5,0.0,2077,1.086383007951051,13.4,0
204000,2953,228,7898.2,5,0.0,5086,1.229466007706809,22.30701754385965,0
204000,3129,520,5604.571428571428,7,0.0,8085,0.3757363402999035,15.548076923076923,0
204000,3131,127,6164.2,5,0.0,1552,1.2091888643738258,12.220472440944881,0
204000,3137,301,6138.0,6,0.0,7244,1.004743752612199,24.06644518272425,0
204000,3309,139,5814.0,5,0.0,1981,1.288441601731045,14.251798561151078,0
204000,3422,245,5875.2,5,0.0,2156,0.4513635159443295,8.8,0
204000,3614,108,4596.6,5,0.0,1000,1.0773637357989687,9.25925925925926,0
204000,3635,196,4617.333333333333,6,0.0,3207,1.0490511911768499,16.362244897959183,0
204000,3992,361,4350.666666666667,6,0.0,4240,0.40884747204888616,11.745152354570637,0
204000,4042,281,8428.57142857143,7,0.0,6973,1.1097288825360179,24.814946619217082,0
204000,4329,348,5612.25,8,0.0,10800,1.1206632533614007,31.03448275862069,0
204000,4352,458,5877.5,6,0.0,4588,0.27485416171831145,10.017467248908297,0
204000,4362,80,6819.0,4,0.0,623,1.2232576394915258,7.7875,0
204000,4405,169,5395.6,5,0.0,2421,1.0652002120851356,14.325443786982248,0
204000,4490,105,5438.2,5,0.0,1072,1.2218729522533363,10.209523809523809,0
204000,4501,197,6810.2,5,0.0,3402,1.1015690388840194,17.269035532994923,0
204000,4596,272,5906.2,5,0.0,5964,1.0130005723404805,21.926470588235293,0
204000,4773,181,7217.4,5,0.0,3191,1.2239946470016214,17.629834254143645,0
204000,4809,589,4859.111111111111,9,0.0,13529,0.49005516541709854,22.96943972835314,0
204000,4843,225,6029.833333333333,6,0.0,4163,1.033359029483007,18.502222222222223,0
204000,4858,164,8311.6,5,0.0,2328,1.08769002045762,14.195121951219512,0
206000,45,203,4452.0,6,0.0,3514,1.071567529880806,17.310344827586206,0
206000,162,382,7156.571428571428,7,0.0,5546,0.47759855422847486,14.518324607329843,0
206000,277,148,11468.75,4,0.0,1727,0.9907835121894765,11.66891891891892,0
206000,370,246,4225.666666666667,6,0.0,4623,0.9599830020190108,18.79268292682927,0
206000,552,89,10131.75,4,0.0,613,0.9725016016414811,6.887640449438202,0
206000,563,334,5759.75,8,0.0,9849,1.1094534061890304,29.48802395209581,0
206000,717,310,4789.428571428572,7,0.0,8146,1.065199323876897,26.27741935483871,0
206000,903,417,4974.833333333333,6,0.0,5800,0.41914640697964334,13.908872901678658,0
206000,969,288,4475.428571428572,7,0.0,7180,1.0878006969895213,24.930555555555557,0
206000,1245,319,5343.5,6,0.0,3534,0.436410351226357,11.078369905956112,0
206000,1266,366,3811.3333333333335,6,0.0,4728,0.44353220658044556,12.918032786885245,0
206000,1304,397,5032.222222222223,9,0.0,13242,1.0558018874261252,33.3551637279597,0
206000,1616,276,3883.4285714285716,7,0.0,6502,1.072602154675532,23.557971014492754,0
206000,1733,282,6319.4,5,0.0,2636,0.4165403266869219,9.347517730496454,0
206000,1803,140,3702.6,5,0.0,1624,1.04121356518976,11.6,0
206000,1839,137,2647.1666666666665,6,0.0,1656,1.108738331151302,12.087591240875913,0
206000,1842,126,2803.0,5,0.0,1304,1.0321584329254447,10.34920634920635,0
206000,1952,142,5175.2,5,0.0,1820,1.1342389663823496,12.816901408450704,0
206000,2119,181,9534.75,4,0.0,2994,1.1484299508376228,16.5414364640884,0
206000,2147,328,4253.75,8,0.0,9283,1.0843026696636693,28.301829268292682,0
206000,2170,280,3424.625,8,0.0,6662,1.0678209315415919,23.792857142857144,0
206000,2175,422,3241.75,8,0.0,8147,0.5748872520562441,19.305687203791468,0
206000,2198,83,6139.0,4,0.0,788,1.437407467573672,9.493975903614459,0
206000,2270,218,6169.833333333333,6,0.0,4238,1.1206186066756623,19.440366972477065,0
206000,2281,153,4172.8,5,0.0,1646,0.8836022910519543,10.758169934640524,0
206000,2439,458,4702.7,10,0.0,18248,1.0931862997026476,39.842794759825324,0
206000,2576,377,6764.571428571428,7,0.0,5020,0.4438445390038841,13.315649867374006,0
206000,2585,77,3514.6,5,0.0,524,1.1106051951297364,6.805194805194805,0
206000,2602,294,5335.5,6,0.0,3262,0.4742410678888382,11.095238095238095,0
206000,2744,206,4632.666666666667,6,0.0,3618,1.0713811123280113,17.563106796116504,0
206000,2750,246,3929.0,6,0.0,5103,1.0596567725076815,20.74390243902439,0
206000,2797,364,6777.166666666667,6,0.0,4899,0.46463779766744345,13.458791208791208,0
206000,2873,310,5968.571428571428,7,0.0,8169,1.0682068839614993,26.351612903225806,0
206000,2907,155,8719.2,5,0.0,2070,1.0827216304567528,13.35483870967742,0
206000,2953,228,7922.0,5,0.0,5075,1.2268069188187287,22.25877192982456,0
206000,3129,520,5606.285714285715,7,0.0,8106,0.37671227884613706,15.588461538461539,0
206000,3131,127,6175.4,5,0.0,1546,1.2045141651558857,12.173228346456693,0
206000,3137,301,6142.5,6,0.0,7240,1.0041889520861844,24.0531561461794,0
206000,3309,139,5835.0,5,0.0,1969,1.2806368065665965,14.16546762589928,0
206000,3422,245,5882.0,5,0.0,2137,0.44738582262200005,8.722448979591837,0
206000,3614,106,4606.4,5,0.0,969,1.0837320332248166,9.141509433962264,0
206000,3635,196,4619.833333333333,6,0.0,3214,1.051340981740691,16.397959183673468,0
206000,3992,361,4363.666666666667,6,0.0,4227,0.40759393027137775,11.709141274238227,0
206000,4042,280,8441.142857142857,7,0.0,6967,1.1167079600795964,24.882142857142856,0
206000,4329,347,5620.625,8,0.0,10811,1.1282797192222924,31.155619596541786,0
206000,4352,458,5888.0,6,0.0,4589,0.27491406890264414,10.019650655021834,0
206000,4362,75,6838.0,4,0.0,556,1.2421159220593243,7.413333333333333,0
206000,4405,169,5396.0,5,0.0,2419,1.0643202449541276,14.31360946745562,0
206000,4490,104,5449.6,5,0.0,1055,1.2257323408051892,10.14423076923077,0
206000,4501,195,6823.4,5,0.0,3387,1.1193240570896652,17.369230769230768,0
206000,4596,272,5915.8,5,0.0,5950,1.0106226367246578,21.875,0
206000,4773,181,7235.6,5,0.0,3173,1.2170902585196317,17.53038674033149,0
206000,4809,590,4860.666666666667,9,0.0,13561,0.4895505656458625,22.984745762711864,0
206000,4843,225,6031.0,6,0.0,4163,1.033359029483007,18.502222222222223,0
206000,4858,164,8322.8,5,0.0,2315,1.081616150068467,14.115853658536585,0
210000,45,203,4455.333333333333,6,0.0,3533,1.07736143513628,17.40394088669951,0
210000,162,383,7169.142857142857,7,0.0,5593,0.4791341603399768,14.60313315926893,0
210000,277,145,11540.75,4,0.0,1662,0.9933559077795455,11.462068965517242,0
210000,370,247,4219.0,6,0.0,4626,0.9528435224643172,18.728744939271255,0
210000,552,76,10200.5,4,0.0,442,0.961623236071114,5.815789473684211,0
210000,563,337,5760.5,8,0.0,9937,1.0995256169807526,29.486646884272997,0
210000,717,309,4793.857142857143,7,0.0,8178,1.0763165329670752,26.466019417475728,0
210000,903,419,4965.166666666667,6,0.0,5846,0.4184471642992676,13.952267303102625,0
210000,969,288,4487.571428571428,7,0.0,7187,1.0888612269169484,24.95486111111111,0
210000,1245,320,5336.333333333333,6,0.0,3549,0.4355278252964912,11.090625,0
210000,1266,367,3800.0,6,0.0,4747,0.44289111439214035,12.934604904632153,0
210000,1304,398,5020.0,9,0.0,13337,1.0580394742791108,33.51005025125628,0
210000,1616,277,3882.5714285714284,7,0.0,6527,1.0689661145058886,23.56317689530686,0
210000,1733,278,6342.8,5,0.0,2611,0.42454833696614824,9.392086330935252,0
210000,1803,139,3705.4,5,0.0,1612,1.0484441504242525,11.597122302158274,0
210000,1839,136,2639.0,6,0.0,1637,1.1121944580290855,12.036764705882353,0
210000,1842,127,2790.8,5,0.0,1294,1.0081767980024037,10.188976377952756,0
210000,1952,142,5173.8,5,0.0,1806,1.1255140512563313,12.71830985915493,0
210000,2119,180,9590.75,4,0.0,2945,1.1422210326940667,16.36111111111111,0
210000,2147,331,4242.375,8,0.0,9362,1.0737978084503663,28.283987915407856,0
210000,2170,283,3412.875,8,0.0,6726,1.0553435397143152,23.766784452296818,0
210000,2175,425,3231.375,8,0.0,8192,0.5699305637250123,19.275294117647057,0
210000,2198,78,6174.25,4,0.0,681,1.4065907936190987,8.73076923076923,0
210000,2270,218,6179.166666666667,6,0.0,4249,1.123527243927534,19.490825688073393,0
210000,2281,148,4176.6,5,0.0,1631,0.9357081113960833,11.02027027027027,0
210000,2439,458,4687.1,10,0.0,18393,1.1018728414308856,40.15938864628821,0
210000,2576,380,6779.428571428572,7,0.0,5046,0.43912677368460096,13.278947368421052,0
210000,2585,70,3527.4,5,0.0,435,1.1155859627033142,6.214285714285714,0
210000,2602,295,5330.333333333333,6,0.0,3294,0.47565210920653966,11.166101694915254,0
210000,2744,207,4646.0,6,0.0,3626,1.0634007759263076,17.516908212560388,0
210000,2750,247,3934.8333333333335,6,0.0,5125,1.0556253896735033,20.748987854251013,0
210000,2797,365,6804.0,6,0.0,4897,0.4619066759130559,13.416438356164383,0
210000,2873,310,5986.571428571428,7,0.0,8192,1.0712144440461013,26.425806451612903,0
210000,2907,154,8737.4,5,0.0,2067,1.0952389972963572,13.422077922077921,0
210000,2953,228,7968.6,5,0.0,5057,1.2224556824564161,22.17982456140351,0
210000,3129,521,5612.142857142857,7,0.0,8147,0.377165650712988,15.637236084452976,0
210000,3131,127,6202.4,5,0.0,1528,1.1904900675020655,12.031496062992126,0
210000,3137,300,6166.666666666667,6,0.0,7211,1.006845538890489,24.036666666666665,0
210000,3309,137,5872.2,5,0.0,1936,1.296206164920846,14.13138686131387,0
210000,3422,245,5896.8,5,0.0,2114,0.4425707201791802,8.628571428571428,0
210000,3614,105,4618.6,5,0.0,929,1.0588805714956617,8.847619047619048,0
210000,3635,196,4620.666666666667,6,0.0,3226,1.0552663369929896,16.459183673469386,0
210000,3992,362,4382.333333333333,6,0.0,4236,0.40620818902372835,11.701657458563536,0
210000,4042,281,8453.42857142857,7,0.0,7005,1.114821572087309,24.9288256227758,0
210000,4329,348,5640.0,8,0.0,10828,1.1235686766108561,31.114942528735632,0
210000,4352,458,5915.166666666667,6,0.0,4600,0.2755730479303035,10.043668122270743,0
210000,4362,63,6882.25,4,0.0,391,1.237956893478064,6.2063492063492065,0
210000,4405,169,5396.0,5,0.0,2411,1.0608003764300957,14.266272189349113,0
210000,4490,102,5466.2,5,0.0,1009,1.2187108756140335,9.892156862745098,0
210000,4501,195,6858.8,5,0.0,3368,1.113045002739295,17.27179487179487,0
210000,4596,272,5941.8,5,0.0,5912,1.0041682400531389,21.735294117647058,0
210000,4773,180,7278.0,5,0.0,3136,1.2163005631676038,17.42222222222222,0
210000,4809,590,4866.111111111111,9,0.0,13638,0.49233025693372706,23.115254237288134,0
210000,4843,227,6030.166666666667,6,0.0,4174,1.0179128441137066,18.387665198237887,0
210000,4858,164,8352.4,5,0.0,2303,1.076009500478479,14.042682926829269,0
212000,45,202,4459.666666666667,6,0.0,3528,1.0865149379340056,17.465346534653467,0
212000,162,384,7181.0,7,0.0,5612,0.4782611212007899,14.614583333333334,0
212000,277,143,11574.25,4,0.0,1640,1.0078169009511,11.468531468531468,0
212000,370,246,4216.5,6,0.0,4628,0.961021270461601,18.8130081300813,0
212000,552,68,10236.0,4,0.0,352,0.9566095277366843,5.176470588235294,0
212000,563,337,5761.625,8,0.0,9968,1.1029557562709211,29.578635014836795,0
212000,717,311,4795.714285714285,7,0.0,8187,1.0636870609253268,26.324758842443728,0
212000,903,422,4957.5,6,0.0,5881,0.4149885760823335,13.936018957345972,0
212000,969,288,4495.857142857143,7,0.0,7197,1.0903762696704158,24.989583333333332,0
212000,1245,320,5332.666666666667,6,0.0,3557,0.43650957300073806,11.115625,0
212000,1266,368,3796.8333333333335,6,0.0,4751,0.4408585390242529,12.910326086956522,0
212000,1304,398,5015.0,9,0.0,13387,1.0620060315044206,33.6356783919598,0
212000,1616,277,3882.714285714286,7,0.0,6542,1.071422754879351,23.617328519855597,0
212000,1733,276,6356.2,5,0.0,2605,0.42973371469236565,9.43840579710145,0
212000,1803,139,3708.2,5,0.0,1601,1.0412897548568414,11.517985611510792,0
212000,1839,136,2630.1666666666665,6,0.0,1632,1.1087974071493387,12.0,0
212000,1842,127,2784.0,5,0.0,1286,1.001943865711817,10.125984251968504,0
212000,1952,142,5175.4,5,0.0,1797,1.1199051772467483,12.654929577464788,0
212000,2119,180,9619.25,4,0.0,2923,1.1336883119065388,16.238888888888887,0
212000,2147,334,4233.375,8,0.0,9412,1.0602269732004421,28.179640718562876,0
212000,2170,283,3406.75,8,0.0,6755,1.059893786912013,23.869257950530034,0
212000,2175,427,3225.0,8,0.0,8228,0.5670853096048751,19.269320843091336,0
212000,2198,75,6188.25,4,0.0,633,1.4141355731358856,8.44,0
212000,2270,218,6185.833333333333,6,0.0,4256,1.1253781949059978,19.522935779816514,0
212000,2281,146,4179.4,5,0.0,1622,0.9562137894769459,11.10958904109589,0
212000,2439,458,4679.3,10,0.0,18474,1.1067253233618322,40.33624454148472,0
212000,2576,379,6787.714285714285,7,0.0,5060,0.4426719064101295,13.350923482849604,0
212000,2585,66,3533.8,5,0.0,383,1.1048943859732696,5.803030303030303,0
212000,2602,296,5330.166666666667,6,0.0,3302,0.4735910766140201,11.155405405405405,0
212000,2744,207,4656.5,6,0.0,3629,1.0642805890338034,17.531400966183575,0
212000,2750,247,3939.8333333333335,6,0.0,5126,1.0558313653592932,20.753036437246962,0
212000,2797,365,6822.5,6,0.0,4899,0.4620953247494508,13.421917808219177,0
212000,2873,310,5995.0,7,0.0,8206,1.0730451327932504,26.470967741935485,0
212000,2907,154,8746.8,5,0.0,2062,1.0925896528423265,13.38961038961039,0
212000,2953,228,7990.6,5,0.0,5045,1.2195548582148743,22.12719298245614,0
212000,3129,522,5614.285714285715,7,0.0,8162,0.3764137232072326,15.636015325670497,0
212000,3131,127,6216.6,5,0.0,1516,1.1811406690661854,11.937007874015748,0
212000,3137,300,6179.0,6,0.0,7206,1.0061474071896912,24.02,0
212000,3309,137,5885.4,5,0.0,1929,1.2915194690766074,14.08029197080292,0
212000,3422,245,5903.6,5,0.0,2108,0.44131460649844456,8.604081632653061,0
212000,3614,101,4625.8,5,0.0,908,1.1185437229524682,8.990099009900991,0
212000,3635,197,4617.0,6,0.0,3231,1.0461991665591612,16.401015228426395,0
212000,3992,362,4389.166666666667,6,0.0,4245,0.40707123758397706,11.726519337016574,0
212000,4042,280,8461.857142857143,7,0.0,7021,1.1253633684109152,25.075,0
212000,4329,348,5650.375,8,0.0,10834,1.1241912673071681,31.132183908045977,0
212000,4352,457,5929.0,6,0.0,4601,0.27684054602447966,10.067833698030634,0
212000,4362,52,6908.75,4,0.0,284,1.3198407006205641,5.461538461538462,0
212000,4405,168,5399.6,5,0.0,2407,1.071685589171008,14.327380952380953,0
212000,4490,101,5475.6,5,0.0,989,1.2183257070484483,9.792079207920793,0
212000,4501,195,6878.2,5,0.0,3359,1.110070713836488,17.225641025641025,0
212000,4596,271,5955.4,5,0.0,5891,1.0079994728991963,21.7380073800738,0
212000,4773,180,7300.4,5,0.0,3127,1.2128099046636152,17.372222222222224,0
212000,4809,590,4866.888888888889,9,0.0,13690,0.4942074510502071,23.203389830508474,0
212000,4843,227,6025.0,6,0.0,4180,1.0193760633433862,18.41409691629956,0
212000,4858,163,8370.4,5,0.0,2290,1.0831039447055781,14.049079754601227,0
214000,45,201,4462.0,6,0.0,3532,1.098597089426415,17.572139303482587,0
214000,162,385,7192.857142857143,7,0.0,5624,0.4767972227030257,14.607792207792208,0
214000,277,143,11617.75,4,0.0,1619,0.9949119284389213,11.321678321678322,0
214000,370,246,4212.666666666667,6,0.0,4631,0.9616442315271553,18.82520325203252,0
214000,552,54,10280.0,4,0.0,226,0.9739368171622678,4.185185185185185,0
214000,563,337,5766.625,8,0.0,10008,1.1073817424517836,29.6973293768546,0
214000,717,313,4799.0,7,0.0,8201,1.051932809443391,26.201277955271564,0
214000,903,425,4950.0,6,0.0,5924,0.41214217034997225,13.938823529411765,0
214000,969,288,4500.428571428572,7,0.0,7210,1.0923458252499232,25.03472222222222,0
214000,1245,320,5326.666666666667,6,0.0,3566,0.43761403916801567,11.14375,0
214000,1266,369,3796.8333333333335,6,0.0,4755,0.4388414617348423,12.886178861788618,0
214000,1304,399,5007.444444444444,9,0.0,13445,1.0612675354429877,33.69674185463659,0
214000,1616,277,3882.0,7,0.0,6558,1.0740431712777105,23.67509025270758,0
214000,1733,275,6368.4,5,0.0,2601,0.43220006569187713,9.458181818181819,0
214000,1803,139,3709.6,5,0.0,1600,1.040639355259804,11.510791366906474,0
214000,1839,134,2625.6666666666665,6,0.0,1620,1.1337447313021751,12.08955223880597,0
214000,1842,126,2780.0,5,0.0,1264,1.0004971313019648,10.031746031746032,0
214000,1952,141,5176.8,5,0.0,1782,1.1263654964432397,12.638297872340425,0
214000,2119,179,9649.5,4,0.0,2895,1.135409098610212,16.1731843575419,0
214000,2147,337,4223.625,8,0.0,9476,1.048516126246313,28.118694362017806,0
214000,2170,283,3395.875,8,0.0,6802,1.067268325473799,24.035335689045937,0
214000,2175,428,3219.25,8,0.0,8259,0.5665650652021595,19.296728971962615,0
214000,2198,71,6210.25,4,0.0,571,1.4234075819875198,8.04225352112676,0
214000,2270,218,6193.833333333333,6,0.0,4257,1.1256426164743498,19.527522935779817,0
214000,2281,143,4180.4,5,0.0,1613,0.9912247934354416,11.27972027972028,0
214000,2439,458,4671.6,10,0.0,18563,1.1120570627674402,40.53056768558952,0
214000,2576,380,6798.571428571428,7,0.0,5083,0.4423466885927124,13.376315789473685,0
214000,2585,61,3538.0,5,0.0,329,1.1110819489718269,5.39344262295082,0
214000,2602,295,5331.166666666667,6,0.0,3307,0.4775293033230196,11.210169491525424,0
214000,2744,207,4669.666666666667,6,0.0,3636,1.0663334862846263,17.565217391304348,0
214000,2750,246,3946.8333333333335,6,0.0,5138,1.0669246516058137,20.88617886178862,0
214000,2797,363,6842.0,6,0.0,4901,0.4673920450255698,13.50137741046832,0
214000,2873,310,6008.571428571428,7,0.0,8225,1.0755296389500957,26.532258064516128,0
214000,2907,154,8755.4,5,0.0,2057,1.0899403083882957,13.357142857142858,0
214000,2953,228,8019.6,5,0.0,5032,1.2164122986198707,22.07017543859649,0
214000,3129,523,5615.428571428572,7,0.0,8194,0.3764457911740951,15.667304015296367,0
214000,3131,126,6235.8,5,0.0,1502,1.1888818759616702,11.920634920634921,0
214000,3137,300,6193.0,6,0.0,7205,1.0060077808495316,24.016666666666666,0
214000,3309,136,5904.4,5,0.0,1909,1.2969940258873085,14.036764705882353,0
214000,3422,244,5911.8,5,0.0,2097,0.44261756211890596,8.594262295081966,0
214000,3614,101,4635.0,5,0.0,889,1.0951380723620532,8.801980198019802,0
214000,3635,198,4610.333333333333,6,0.0,3247,1.0407867917769675,16.3989898989899,0
214000,3992,363,4402.0,6,0.0,4248,0.4051176101343849,11.702479338842975,0
214000,4042,282,8470.142857142857,7,0.0,7055,1.1148300473354456,25.0177304964539,0
214000,4329,347,5662.75,8,0.0,10845,1.1318280968426382,31.253602305475503,0
214000,4352,457,5946.166666666667,6,0.0,4606,0.2771413942596725,10.078774617067834,0
214000,4362,37,6945.5,4,0.0,144,1.3218096190414323,3.891891891891892,0
214000,4405,168,5402.4,5,0.0,2394,1.0658975074679655,14.25,0
214000,4490,99,5485.6,5,0.0,959,1.2295836566850777,9.686868686868687,0
214000,4501,195,6904.2,5,0.0,3349,1.106765948388925,17.174358974358974,0
214000,4596,270,5967.6,5,0.0,5868,1.0115152642669358,21.733333333333334,0
214000,4773,180,7325.2,5,0.0,3118,1.2093192461596267,17.322222222222223,0
214000,4809,592,4868.222222222223,9,0.0,13739,0.49263081477892356,23.20777027027027,0
214000,4843,229,6021.666666666667,6,0.0,4188,1.0035651519409663,18.2882096069869,0
214000,4858,163,8388.0,5,0.0,2278,1.0774282908468589,13.975460122699387,0
216000,45,202,4463.0,6,0.0,3539,1.0899025978878814,17.519801980198018,0
216000,162,385,7215.857142857143,7,0.0,5637,0.4778993499959026,14.641558441558441,0
216000,277,142,11676.0,4,0.0,1590,0.9909010750263382,11.19718309859155,0
216000,370,247,4210.5,6,0.0,4634,0.9544913279506368,18.761133603238868,0
216000,563,337,5771.625,8,0.0,10030,1.1098160348512578,29.762611275964392,0
216000,717,313,4790.285714285715,7,0.0,8222,1.0546264552180906,26.268370607028753,0
216000,903,424,5950.4,5,0.0,5927,0.41429823019372336,13.97877358490566,0
216000,969,289,4507.857142857143,7,0.0,7215,1.0855517053507673,24.965397923875432,0
216000,1245,320,5321.333333333333,6,0.0,3574,0.4385957868722625,11.16875,0
216000,1266,368,3790.8333333333335,6,0.0,4765,0.44215763806578934,12.94836956521739,0
216000,1304,402,7065.333333333333,9,0.0,13574,1.055517900047718,33.766169154228855,0
216000,1616,277,3881.4285714285716,7,0.0,6571,1.0761722596013779,23.72202166064982,0
216000,1733,276,6376.4,5,0.0,2594,0.42791910015815604,9.398550724637682,0
216000,1803,141,3711.0,5,0.0,1603,1.0132232832763821,11.368794326241135,0
216000,1839,134,2623.1666666666665,6,0.0,1607,1.1246467797546886,11.992537313432836,0
216000,1842,126,2776.6,5,0.0,1249,0.9886241431931599,9.912698412698413,0
216000,1952,141,5179.0,5,0.0,1772,1.1200447024115714,12.567375886524824,0
216000,2119,176,9703.25,4,0.0,2867,1.1630870529238038,16.289772727272727,0
216000,2147,344,5233.625,8,0.0,9595,1.0189150051106701,27.892441860465116,0
216000,2170,283,3389.125,8,0.0,6832,1.0719754777472796,24.141342756183747,0
216000,2175,430,3213.0,8,0.0,8289,0.5633458411164045,19.27674418604651,0
216000,2198,66,6230.75,4,0.0,506,1.4597299198498028,7.666666666666667,0
216000,2270,217,6214.333333333333,6,0.0,4264,1.1379091571200812,19.649769585253456,0
216000,2281,141,4176.6,5,0.0,1613,1.0195440773080502,11.439716312056738,0
216000,2439,462,6006.2,10,0.0,18752,1.1040112711552594,40.58874458874459,0
216000,2576,381,6821.142857142857,7,0.0,5104,0.4418456445993705,13.396325459317586,0
216000,2585,54,3549.0,5,0.0,263,1.1333866500605152,4.87037037037037,0
216000,2602,295,5330.0,6,0.0,3319,0.4792620978920781,11.250847457627119,0
216000,2744,207,4687.166666666667,6,0.0,3642,1.0680931124996174,17.594202898550726,0
216000,2750,247,3962.1666666666665,6,0.0,5146,1.0599508790750922,20.83400809716599,0
216000,2797,364,6866.0,6,0.0,4909,0.46558623162879764,13.486263736263735,0
216000,2873,310,6025.857142857143,7,0.0,8243,1.0778833816250017,26.59032258064516,0
216000,2907,149,10983.0,4,0.0,2004,1.1343185762432224,13.449664429530202,0
216000,2953,227,8045.8,5,0.0,5021,1.2244706253701296,22.11894273127753,0
216000,3129,529,6980.571428571428,7,0.0,8263,0.3710532780630781,15.620037807183365,0
216000,3131,126,6265.4,5,0.0,1488,1.1778004203934522,11.80952380952381,0
216000,3137,300,6219.166666666667,6,0.0,7203,1.0057285281692123,24.01,0
216000,3309,136,5921.6,5,0.0,1900,1.2908793343037646,13.970588235294118,0
216000,3422,243,5918.4,5,0.0,2088,0.4443526874761969,8.592592592592593,0
216000,3614,100,4643.2,5,0.0,870,1.093274243449248,8.7,0
216000,3635,200,4601.833333333333,6,0.0,3275,1.0288715940506572,16.375,0
216000,3992,364,4414.0,6,0.0,4250,0.40308443357555307,11.675824175824175,0
216000,4042,282,9898.666666666666,6,0.0,7072,1.1175163847989045,25.078014184397162,0
216000,4329,347,5686.875,8,0.0,10850,1.1323499170809244,31.26801152737752,0
216000,4352,457,5958.5,6,0.0,4608,0.27726173355374967,10.083150984682714,0
216000,4405,168,5405.0,5,0.0,2390,1.0641165592516448,14.226190476190476,0
216000,4490,98,5493.6,5,0.0,939,1.2286361939695194,9.581632653061224,0
216000,4501,195,6935.4,5,0.0,3343,1.104783089120387,17.143589743589743,0
216000,4596,269,5977.2,5,0.0,5852,1.0162712073524396,21.7546468401487,0
216000,4773,179,7370.4,5,0.0,3101,1.21620159405536,17.324022346368714,0
216000,4809,593,4880.222222222223,9,0.0,13771,0.4921142665849758,23.222596964586845,0
216000,4843,227,7241.0,5,0.0,4139,1.0093773986072427,18.233480176211454,0
216000,4858,163,8419.0,5,0.0,2270,1.0736445216077128,13.92638036809816,0
218000,45,202,4466.833333333333,6,0.0,3549,1.092982288755041,17.56930693069307,0
218000,162,385,7233.714285714285,7,0.0,5648,0.4788319192437214,14.67012987012987,0
218000,277,139,11704.0,4,0.0,1554,1.0107209737960847,11.179856115107913,0
218000,370,246,4206.333333333333,6,0.0,4637,0.9628901536582637,18.849593495934958,0
218000,563,337,5763.75,8,0.0,10056,1.1126929258688185,29.839762611275965,0
218000,717,312,4780.142857142857,7,0.0,8242,1.0639795632350046,26.416666666666668,0
218000,903,420,5981.0,5,0.0,5848,0.41659940676174856,13.923809523809524,0
218000,969,289,4519.428571428572,7,0.0,7218,1.0860030782012249,24.975778546712803,0
218000,1245,320,5319.166666666667,6,0.0,3575,0.4387185053352934,11.171875,0
218000,1266,370,3784.3333333333335,6,0.0,4771,0.4379412286421301,12.894594594594595,0
218000,1304,403,7063.222222222223,9,0.0,13691,1.0593389533904614,33.9727047146402,0
218000,1616,278,3881.714285714286,7,0.0,6592,1.0718585359175983,23.712230215827336,0
218000,1733,274,6387.2,5,0.0,2578,0.431510781658825,9.408759124087592,0
218000,1803,141,3715.4,5,0.0,1607,1.0157516008890493,11.397163120567376,0
218000,1839,133,2618.8333333333335,6,0.0,1596,1.1338078749797749,12.0,0
218000,1842,125,2769.6,5,0.0,1229,0.9884204470430351,9.832,0
218000,1952,141,5180.4,5,0.0,1764,1.114988067186237,12.51063829787234,0
218000,2119,176,9751.75,4,0.0,2841,1.1525393503161936,16.142045454545453,0
218000,2147,344,5220.375,8,0.0,9702,1.030277579946193,28.203488372093023,0
218000,2170,285,3380.625,8,0.0,6868,1.0625525808484924,24.098245614035086,0
218000,2175,431,3204.25,8,0.0,8333,0.5637112544046112,19.334106728538284,0
218000,2198,61,6252.5,4,0.0,433,1.4623054222030427,7.098360655737705,0
218000,2270,218,6231.5,6,0.0,4272,1.1296089399996294,19.59633027522936,0
218000,2281,138,4171.4,5,0.0,1609,1.0617144674702745,11.659420289855072,0
218000,2439,469,6000.7,10,0.0,18908,1.0802139269066027,40.31556503198294,0
218000,2576,381,6831.285714285715,7,0.0,5129,0.44400985720026864,13.461942257217848,0
218000,2585,43,3560.8,5,0.0,175,1.1893536276435126,4.069767441860465,0
218000,2602,297,5330.833333333333,6,0.0,3334,0.4749660423343817,11.225589225589225,0
218000,2744,207,4687.166666666667,6,0.0,3644,1.0686796545712811,17.603864734299517,0
218000,2750,247,3976.0,6,0.0,5151,1.060980757504042,20.85425101214575,0
218000,2797,365,6875.0,6,0.0,4911,0.46322721776782055,13.454794520547946,0
218000,2873,310,6026.571428571428,7,0.0,8252,1.0790602529624547,26.61935483870968,0
218000,2907,142,11061.75,4,0.0,1891,1.1784867502357268,13.316901408450704,0
218000,2953,227,8063.2,5,0.0,5014,1.2227635362688367,22.088105726872246,0
218000,3129,529,6982.142857142857,7,0.0,8315,0.37338835859790565,15.718336483931948,0
218000,3131,125,6292.2,5,0.0,1475,1.186265385995506,11.8,0
218000,3137,301,6223.166666666667,6,0.0,7199,0.9985022466945364,23.916943521594686,0
218000,3309,135,5938.8,5,0.0,1897,1.308005764358812,14.051851851851852,0
218000,3422,243,5928.0,5,0.0,2084,0.44350143711704715,8.576131687242798,0
218000,3614,99,4655.8,5,0.0,847,1.0859826456853607,8.555555555555555,0
218000,3635,202,4594.5,6,0.0,3299,1.0159900170760443,16.331683168316832,0
218000,3992,365,4429.666666666667,6,0.0,4252,0.40106742617568175,11.64931506849315,0
218000,4042,278,9943.333333333334,6,0.0,6976,1.1342968972331864,25.093525179856115,0
218000,4329,347,5706.375,8,0.0,10876,1.1350633823200122,31.34293948126801,0
218000,4352,457,5972.833333333333,6,0.0,4612,0.27750241214190396,10.091903719912473,0
218000,4405,167,5409.0,5,0.0,2384,1.0741951143688289,14.275449101796408,0
218000,4490,97,5503.8,5,0.0,915,1.2220458191240984,9.43298969072165,0
218000,4501,195,6931.2,5,0.0,3333,1.1014783236728238,17.092307692307692,0
218000,4596,268,5987.8,5,0.0,5829,1.0198453763519104,21.75,0
218000,4773,179,7406.8,5,0.0,3086,1.2103186453578978,17.24022346368715,0
218000,4809,593,4888.111111111111,9,0.0,13819,0.49382957301123964,23.3035413153457,0
218000,4843,223,7280.4,5,0.0,4064,1.026960730695483,18.22421524663677,0
218000,4858,162,8449.6,5,0.0,2260,1.0821520190691865,13.950617283950617,0
220000,45,202,4466.0,6,0.0,3566,1.098217763229213,17.653465346534652,0
220000,162,386,7248.428571428572,7,0.0,5667,0.47795660468451123,14.681347150259068,0
220000,277,138,11729.25,4,0.0,1522,1.004306662206189,11.028985507246377,0
220000,370,246,4204.5,6,0.0,4633,0.9620595389041914,18.833333333333332,0
220000,563,338,5766.5,8,0.0,10082,1.1089785768527816,29.828402366863905,0
220000,717,314,4770.142857142857,7,0.0,8265,1.0534002710827879,26.321656050955415,0
220000,903,418,6002.0,5,0.0,5793,0.4166398718492175,13.858851674641148,0
220000,969,289,4532.571428571428,7,0.0,7220,1.0863039934348633,24.982698961937718,0
220000,1245,320,5316.5,6,0.0,3582,0.43957753457650933,11.19375,0
220000,1266,370,3777.5,6,0.0,4790,0.43968528300058757,12.945945945945946,0
220000,1304,405,7065.111111111111,9,0.0,13760,1.0541884447711154,33.97530864197531,0
220000,1616,278,3889.0,7,0.0,6607,1.0742975344064885,23.76618705035971,0
220000,1733,271,6400.4,5,0.0,2564,0.4387218890703683,9.461254612546126,0
220000,1803,141,3732.2,5,0.0,1605,1.0144874420827157,11.382978723404255,0
220000,1839,133,2615.5,6,0.0,1584,1.1252830037393255,11.909774436090226,0
220000,1842,128,3448.75,4,0.0,1222,0.9372622613981267,9.546875,0
220000,1952,139,5183.6,5,0.0,1743,1.133646497636149,12.53956834532374,0
220000,2119,176,9792.25,4,0.0,2815,1.1419916477085832,15.994318181818182,0
220000,2147,346,5211.125,8,0.0,9777,1.0262738940207627,28.25722543352601,0
220000,2170,287,3375.625,8,0.0,6904,1.0532873134496683,24.05574912891986,0
220000,2175,439,3603.0,8,0.0,8435,0.5500040791201769,19.214123006833713,0
220000,2198,55,6278.0,4,0.0,351,1.458114408476056,6.381818181818182,0
220000,2270,218,6239.666666666667,6,0.0,4279,1.1314598909780933,19.628440366972477,0
220000,2281,138,4839.4,5,0.0,1621,1.0696327854377345,11.746376811594203,0
220000,2439,470,5994.4,10,0.0,19034,1.0827899423889202,40.49787234042553,0
220000,2576,383,6837.857142857143,7,0.0,5153,0.44144078816947974,13.454308093994777,0
220000,2602,295,6401.2,5,0.0,3311,0.4781069015127058,11.223728813559323,0
220000,2744,208,4686.333333333333,6,0.0,3653,1.0610427111282834,17.5625,0
220000,2750,248,3984.0,6,0.0,5160,1.0542805731349723,20.806451612903224,0
220000,2797,366,6878.333333333333,6,0.0,4919,0.46144985705778596,13.439890710382514,0
220000,2873,311,6024.285714285715,7,0.0,8275,1.0751203651101844,26.607717041800644,0
220000,2907,139,11113.75,4,0.0,1817,1.1817760678169151,13.071942446043165,0
220000,2953,227,8083.0,5,0.0,4999,1.219105488194638,22.02202643171806,0
220000,3129,528,6988.142857142857,7,0.0,8334,0.3756604851787382,15.784090909090908,0
220000,3131,124,6312.4,5,0.0,1459,1.1923995009332748,11.766129032258064,0
220000,3137,301,6225.666666666667,6,0.0,7195,0.9979474461685218,23.903654485049834,0
220000,3309,135,5971.4,5,0.0,1886,1.3004211236587873,13.97037037037037,0
220000,3422,243,5926.4,5,0.0,2081,0.44286299934768475,8.563786008230453,0
220000,3614,98,4678.2,5,0.0,824,1.078164242631399,8.408163265306122,0
220000,3635,210,5349.0,7,0.0,3384,0.9642766022447038,16.114285714285714,0
220000,3992,363,4458.166666666667,6,0.0,4252,0.4054990768105943,11.713498622589531,0
220000,4042,277,9978.0,6,0.0,6915,1.1325112121661127,24.96389891696751,0
220000,4329,347,5726.375,8,0.0,10886,1.1361070227965846,31.371757925072046,0
220000,4352,457,5988.0,6,0.0,4618,0.27786343002413544,10.105032822757112,0
220000,4405,167,5408.8,5,0.0,2382,1.0732939439708684,14.263473053892216,0
220000,4490,96,5514.8,5,0.0,885,1.2067315531367044,9.21875,0
220000,4501,195,6924.6,5,0.0,3327,1.0994954644042858,17.06153846153846,0
220000,4596,268,5996.4,5,0.0,5817,1.0177458490717213,21.705223880597014,0
220000,4773,178,7441.6,5,0.0,3075,1.2195931586653974,17.275280898876403,0
220000,4809,597,4893.777777777777,9,0.0,13852,0.4883977838665782,23.202680067001676,0
220000,4843,222,7305.6,5,0.0,4016,1.0239944888253072,18.09009009009009,0
220000,4858,161,8468.2,5,0.0,2248,1.0898191096438956,13.962732919254659,0
222000,45,202,4471.166666666667,6,0.0,3570,1.099449639576077,17.673267326732674,0
222000,162,386,7256.714285714285,7,0.0,5693,0.4801494530561006,14.748704663212436,0
222000,277,137,11745.5,4,0.0,1504,1.0069700785335498,10.978102189781023,0
222000,370,246,4200.0,6,0.0,4637,0.9628901536582637,18.849593495934958,0
222000,563,336,5781.5,8,0.0,10114,1.1257818912417505,30.101190476190474,0
222000,717,315,4762.857142857143,7,0.0,8292,1.0501420522475813,26.323809523809523,0
222000,903,417,6017.2,5,0.0,5755,0.41589440899445645,13.80095923261391,0
222000,969,289,4528.571428571428,7,0.0,7224,1.0869058239021403,24.996539792387544,0
222000,1245,320,5315.333333333333,6,0.0,3584,0.43982297150257105,11.2,0
222000,1266,373,3768.8333333333335,6,0.0,4802,0.43372490056100993,12.873994638069705,0
222000,1304,406,7063.111111111111,9,0.0,13831,1.0544145209007845,34.066502463054185,0
222000,1616,278,3888.8571428571427,7,0.0,6624,1.0770617326938972,23.827338129496404,0
222000,1733,268,6413.6,5,0.0,2546,0.4454497046134781,9.5,0
222000,1803,139,3737.8,5,0.0,1613,1.04909455002129,11.60431654676259,0
222000,1839,133,2610.5,6,0.0,1581,1.1231517859292133,11.887218045112782,0
222000,1842,119,3501.25,4,0.0,1080,0.9583843135024296,9.07563025210084,0
222000,1952,139,5185.6,5,0.0,1729,1.124540903277626,12.43884892086331,0
222000,2119,176,9821.25,4,0.0,2799,1.1355007537962076,15.903409090909092,0
222000,2147,348,5206.625,8,0.0,9833,1.0203223861391344,28.25574712643678,0
222000,2170,288,3349.875,8,0.0,6954,1.0535607307611603,24.145833333333332,0
222000,2175,446,3611.25,8,0.0,8494,0.5366021436102014,19.044843049327355,0
222000,2198,45,6307.75,4,0.0,243,1.5079644737231008,5.4,0
222000,2270,218,6249.333333333333,6,0.0,4286,1.133310841956557,19.660550458715598,0
222000,2281,135,4868.2,5,0.0,1624,1.1197687724400163,12.02962962962963,0
222000,2439,470,5994.2,10,0.0,19119,1.0876253498231463,40.67872340425532,0
222000,2576,385,6837.428571428572,7,0.0,5183,0.43940967376774226,13.462337662337662,0
222000,2602,287,6446.8,5,0.0,3208,0.4894185546851877,11.177700348432056,0
222000,2744,207,4687.0,6,0.0,3661,1.0736652621804226,17.685990338164252,0
222000,2750,248,3987.5,6,0.0,5172,1.0567323884213327,20.85483870967742,0
222000,2797,365,6884.833333333333,6,0.0,4918,0.46388748869520297,13.473972602739726,0
222000,2873,312,6023.285714285715,7,0.0,8290,1.0701759984491857,26.57051282051282,0
222000,2907,135,11156.0,4,0.0,1759,1.2128529992130472,13.02962962962963,0
222000,2953,227,8102.2,5,0.0,4990,1.2169106593501189,21.98237885462555,0
222000,3129,527,6992.0,7,0.0,8361,0.37830916003246706,15.86527514231499,0
222000,3131,123,6329.6,5,0.0,1442,1.1977464753721943,11.723577235772357,0
222000,3137,300,6228.833333333333,6,0.0,7195,1.004611517447936,23.983333333333334,0
222000,3309,134,5998.6,5,0.0,1874,1.3115047076915287,13.985074626865671,0
222000,3422,243,5908.4,5,0.0,2074,0.4413733112191726,8.534979423868313,0
222000,3614,96,4696.8,5,0.0,784,1.0690141668465267,8.166666666666666,0
222000,3635,214,5326.142857142857,7,0.0,3553,0.9749391823045275,16.602803738317757,0
222000,3992,364,4479.833333333333,6,0.0,4260,0.4040328675369073,11.703296703296703,0
222000,4042,274,10008.833333333334,6,0.0,6860,1.148240481838456,25.036496350364963,0
222000,4329,347,5744.375,8,0.0,10889,1.136420114939556,31.380403458213255,0
222000,4352,457,6003.0,6,0.0,4624,0.27822444790636686,10.11816192560175,0
222000,4405,167,5411.6,5,0.0,2377,1.0710410179759673,14.233532934131736,0
222000,4490,95,5523.2,5,0.0,863,1.2016374338162843,9.08421052631579,0
222000,4501,194,6924.8,5,0.0,3313,1.106185190917524,17.077319587628867,0
222000,4596,268,6006.4,5,0.0,5800,1.0147715187581199,21.64179104477612,0
222000,4773,177,7468.6,5,0.0,3063,1.2285994826449025,17.305084745762713,0
222000,4809,598,4897.444444444444,9,0.0,13886,0.48796048800066966,23.220735785953178,0
222000,4843,221,7331.8,5,0.0,3982,1.0245344646173957,18.018099547511312,0
222000,4858,160,8488.0,5,0.0,2232,1.0956304379394404,13.95,0
224000,45,203,4471.666666666667,6,0.0,3580,1.0916937270840312,17.635467980295566,0
224000,162,386,7269.571428571428,7,0.0,5707,0.4813302175638795,14.784974093264248,0
224000,277,136,11774.75,4,0.0,1467,0.996694728117696,10.786764705882353,0
224000,370,245,4197.333333333333,6,0.0,4638,0.9709758752086272,18.930612244897958,0
224000,563,335,5789.75,8,0.0,10147,1.136208176644264,30.28955223880597,0
224000,717,320,4754.857142857143,7,0.0,8330,1.0222447970469912,26.03125,0
224000,903,416,6030.8,5,0.0,5714,0.4149191110995765,13.735576923076923,0
224000,969,290,4528.142857142857,7,0.0,7228,1.0800205327061605,24.924137931034483,0
224000,1245,320,5313.0,6,0.0,3587,0.44019112689166356,11.209375,0
224000,1266,375,3759.6666666666665,6,0.0,4824,0.4310767775549771,12.864,0
224000,1304,406,7067.333333333333,9,0.0,13873,1.0576164159103885,34.169950738916256,0
224000,1616,279,3888.4285714285716,7,0.0,6640,1.0719376791067035,23.799283154121863,0
224000,1733,266,6428.0,5,0.0,2537,0.45057496535458785,9.537593984962406,0
224000,1803,139,3740.6,5,0.0,1606,1.0445417528420284,11.553956834532373,0
224000,1839,133,2604.8333333333335,6,0.0,1571,1.116047726562172,11.81203007518797,0
224000,1842,112,3542.5,4,0.0,980,0.9817477042468103,8.75,0
224000,1952,139,5189.4,5,0.0,1718,1.1173865077102147,12.359712230215827,0
224000,2119,175,9853.5,4,0.0,2777,1.1394877125249119,15.868571428571428,0
224000,2147,349,5202.25,8,0.0,9874,1.0187136677546365,28.292263610315185,0
224000,2170,294,3326.0,8,0.0,7028,1.0217554338205872,23.904761904761905,0
224000,2175,449,3615.875,8,0.0,8529,0.5316371197060996,18.99554565701559,0
224000,2198,26,6350.75,4,0.0,88,1.6358588965437975,3.3846153846153846,0
224000,2270,218,6255.333333333333,6,0.0,4289,1.1341041066616129,19.674311926605505,0
224000,2281,133,4889.6,5,0.0,1627,1.1558304590176027,12.233082706766917,0
224000,2439,472,5991.6,10,0.0,19221,1.0841811331989624,40.722457627118644,0
224000,2576,389,6838.0,7,0.0,5221,0.4335751216127916,13.42159383033419,0
224000,2602,284,6475.2,5,0.0,3155,0.49155548611762534,11.109154929577464,0
224000,2744,208,4681.666666666667,6,0.0,3671,1.0662709533402488,17.64903846153846,0
224000,2750,248,3991.6666666666665,6,0.0,5176,1.0575496601834526,20.870967741935484,0
224000,2797,366,6887.0,6,0.0,4919,0.46144985705778596,13.439890710382514,0
224000,2873,313,6024.714285714285,7,0.0,8303,1.065016231777646,26.527156549520768,0
224000,2907,133,11196.0,4,0.0,1698,1.206269280523595,12.766917293233083,0
224000,2953,226,8123.0,5,0.0,4972,1.2232750155570875,22.0,0
224000,3129,526,6998.857142857143,7,0.0,8387,0.3809298614358686,15.94486692015209,0
224000,3131,123,6342.2,5,0.0,1434,1.1911015573396162,11.658536585365853,0
224000,3137,300,6231.5,6,0.0,7196,1.0047511437880956,23.986666666666668,0
224000,3309,134,6026.6,5,0.0,1867,1.3066058107044205,13.932835820895523,0
224000,3422,243,5901.4,5,0.0,2072,0.4409476860395977,8.526748971193415,0
224000,3614,94,4704.4,5,0.0,760,1.0808557794152298,8.085106382978724,0
224000,3635,215,5314.857142857143,7,0.0,3648,0.9917170362613793,16.967441860465115,0
224000,3992,365,4499.833333333333,6,0.0,4263,0.40210499477585404,11.67945205479452,0
224000,4042,274,10034.5,6,0.0,6832,1.1435537859942175,24.934306569343065,0
224000,4329,346,5759.25,8,0.0,10899,1.1440481917696934,31.5,0
224000,4352,457,6026.166666666667,6,0.0,4629,0.27852529614155974,10.12910284463895,0
224000,4405,167,5414.2,5,0.0,2374,1.0696892623790268,14.215568862275449,0
224000,4490,93,5533.2,5,0.0,836,1.2146474544576562,8.989247311827956,0
224000,4501,194,6918.2,5,0.0,3303,1.1028462679144528,17.02577319587629,0
224000,4596,268,6016.0,5,0.0,5785,1.0121471096578833,21.58582089552239,0
224000,4773,177,7502.0,5,0.0,3055,1.2253906038133127,17.259887005649716,0
224000,4809,599,4898.777777777777,9,0.0,13925,0.4876985036411589,23.247078464106846,0
224000,4843,221,7356.8,5,0.0,3961,1.0191313446382484,17.923076923076923,0
224000,4858,160,8502.0,5,0.0,2223,1.0912125732703297,13.89375,0
226000,45,204,4469.166666666667,6,0.0,3594,1.0852445210497612,17.61764705882353,0
226000,162,386,7277.0,7,0.0,5722,0.48259532239364267,14.823834196891191,0
226000,277,134,11801.5,4,0.0,1430,1.0007746702235252,10.671641791044776,0
226000,370,245,4194.333333333333,6,0.0,4640,0.9713945797688723,18.93877551020408,0
226000,563,336,5789.875,8,0.0,10165,1.131458663681273,30.25297619047619,0
226000,717,319,5567.0,6,0.0,8284,1.0229834039499552,25.968652037617556,0
226000,903,415,6040.6,5,0.0,5692,0.4153159038289006,13.71566265060241,0
226000,969,290,4530.142857142857,7,0.0,7231,1.0804687980075052,24.93448275862069,0
226000,1245,320,5311.166666666667,6,0.0,3588,0.4403138453546944,11.2125,0
226000,1266,373,4533.6,5,0.0,4760,0.42993138831120514,12.761394101876675,0
226000,1304,408,7071.0,9,0.0,13930,1.0515759723304936,34.1421568627451,0
226000,1616,279,3888.1428571428573,7,0.0,6650,1.0735520430812617,23.835125448028673,0
226000,1733,265,6422.4,5,0.0,2534,0.4534451140873783,9.562264150943395,0
226000,1803,138,3745.8,5,0.0,1589,1.0485172708578412,11.514492753623188,0
226000,1839,132,2597.6666666666665,6,0.0,1554,1.1207610155368544,11.772727272727273,0
226000,1842,107,3594.25,4,0.0,891,0.9779575698658418,8.327102803738319,0
226000,1952,139,5190.0,5,0.0,1709,1.1115329113368784,12.29496402877698,0
226000,2119,173,9882.25,4,0.0,2753,1.155909596088436,15.913294797687861,0
226000,2147,349,5201.125,8,0.0,9907,1.0221183214953597,28.38681948424069,0
226000,2170,298,3954.0,8,0.0,7166,1.0140377890916832,24.046979865771814,0
226000,2175,451,3615.875,8,0.0,8578,0.5299596714370775,19.019955654101995,0
226000,2270,218,6262.833333333333,6,0.0,4296,1.1359550576400768,19.706422018348626,0
226000,2281,131,4924.6,5,0.0,1627,1.1913924007669934,12.419847328244275,0
226000,2439,472,5995.5,10,0.0,19302,1.088750025129097,40.894067796610166,0
226000,2576,393,7843.285714285715,7,0.0,5293,0.43065218720615284,13.468193384223918,0
226000,2602,282,6502.0,5,0.0,3113,0.491915795514563,11.039007092198581,0
226000,2744,208,4677.5,6,0.0,3680,1.0688850744462315,17.692307692307693,0
226000,2750,249,3990.3333333333335,6,0.0,5184,1.0506937834041055,20.819277108433734,0
226000,2797,366,6893.333333333333,6,0.0,4918,0.4613560473694229,13.437158469945356,0
226000,2873,313,6026.428571428572,7,0.0,8318,1.0669402644738601,26.575079872204473,0
226000,2907,131,11232.5,4,0.0,1641,1.2016440870673855,12.526717557251908,0
226000,2953,226,8123.6,5,0.0,4964,1.2213067532633513,21.964601769911503,0
226000,3129,526,7010.285714285715,7,0.0,8405,0.3817474049562985,15.979087452471482,0
226000,3131,123,6353.6,5,0.0,1422,1.181134180290749,11.560975609756097,0
226000,3137,300,6239.833333333333,6,0.0,7196,1.0047511437880956,23.986666666666668,0
226000,3309,135,6044.0,5,0.0,1870,1.289388919004206,13.851851851851851,0
226000,3422,242,5897.8,5,0.0,2070,0.4441702611113224,8.553719008264462,0
226000,3614,92,4711.0,5,0.0,729,1.0823350871772017,7.923913043478261,0
226000,3635,215,5308.714285714285,7,0.0,3714,1.0096592852726871,17.274418604651164,0
226000,3992,364,4531.166666666667,6,0.0,4274,0.4053606750828033,11.741758241758241,0
226000,4042,274,10056.833333333334,6,0.0,6822,1.1418799660498464,24.8978102189781,0
226000,4329,347,5766.875,8,0.0,10917,1.1393423082739587,31.461095100864554,0
226000,4352,458,6047.166666666667,6,0.0,4633,0.2775499850132818,10.115720524017467,0
226000,4405,167,5416.4,5,0.0,2364,1.0651834103892246,14.155688622754491,0
226000,4490,93,5540.2,5,0.0,810,1.1768713374529922,8.709677419354838,0
226000,4501,193,6917.2,5,0.0,3293,1.1109307211759982,17.06217616580311,0
226000,4596,267,6024.2,5,0.0,5765,1.0162174612041217,21.591760299625467,0
226000,4773,176,7522.2,5,0.0,3042,1.234081205090412,17.28409090909091,0
226000,4809,601,4902.444444444444,9,0.0,13955,0.48550170659378644,23.21963394342762,0
226000,4843,220,7370.6,5,0.0,3944,1.0240034236163755,17.927272727272726,0
226000,4858,160,8517.2,5,0.0,2216,1.087776456305466,13.85,0
228000,45,204,4469.166666666667,6,0.0,3603,1.0879621617535589,17.66176470588235,0
228000,162,386,7286.428571428572,7,0.0,5729,0.48318570464753213,14.841968911917098,0
228000,277,133,11826.0,4,0.0,1390,0.9874642520187263,10.451127819548873,0
228000,370,245,4191.666666666667,6,0.0,4641,0.9716039320489949,18.942857142857143,0
228000,563,337,5783.625,8,0.0,10189,1.127409329920186,30.234421364985163,0
228000,717,317,5585.5,6,0.0,8234,1.029679822056478,25.974763406940063,0
228000,903,414,6051.8,5,0.0,5667,0.4154917400147812,13.68840579710145,0
228000,969,290,4533.142857142857,7,0.0,7235,1.0810664850759644,24.948275862068964,0
228000,1245,321,5307.166666666667,6,0.0,3590,0.43781864020680533,11.18380062305296,0
228000,1266,370,4558.2,5,0.0,4694,0.43087321887364466,12.686486486486487,0
228000,1304,409,7077.444444444444,9,0.0,13978,1.050045901492175,34.1760391198044,0
228000,1616,279,3887.0,7,0.0,6671,1.0769422074278343,23.910394265232974,0
228000,1733,265,6415.8,5,0.0,2531,0.45290828088206575,9.550943396226415,0
228000,1803,138,3747.8,5,0.0,1584,1.0452179717047327,11.478260869565217,0
228000,1839,132,2592.5,6,0.0,1542,1.1121064903203537,11.681818181818182,0
228000,1842,101,3628.0,4,0.0,810,0.9978198409598009,8.01980198019802,0
228000,1952,138,5190.4,5,0.0,1701,1.1224215718874686,12.326086956521738,0
228000,2119,173,9908.25,4,0.0,2738,1.1496115052997233,15.826589595375722,0
228000,2147,349,5197.625,8,0.0,9950,1.0265546884908479,28.51002865329513,0
228000,2170,301,3933.5,8,0.0,7260,1.006962954716257,24.119601328903656,0
228000,2175,455,3619.375,8,0.0,8613,0.5228071493852219,18.92967032967033,0
228000,2270,219,6268.5,6,0.0,4307,1.128486858823731,19.666666666666668,0
228000,2281,129,4947.8,5,0.0,1624,1.2263557405035332,12.589147286821705,0
228000,2439,472,5994.6,10,0.0,19384,1.093375323132443,41.067796610169495,0
228000,2576,393,7847.428571428572,7,0.0,5339,0.43439486633169283,13.585241730279899,0
228000,2602,280,6523.6,5,0.0,3084,0.4943199869219858,11.014285714285714,0
228000,2744,209,4677.166666666667,6,0.0,3687,1.060694774733689,17.641148325358852,0
228000,2750,250,3992.8333333333335,6,0.0,5201,1.0457230970445128,20.804,0
228000,2797,368,6898.0,6,0.0,4924,0.4569116914660959,13.380434782608695,0
228000,2873,313,6027.714285714285,7,0.0,8331,1.0686077594772456,26.616613418530353,0
228000,2907,128,11265.0,4,0.0,1599,1.22641763991457,12.4921875,0
228000,2953,226,8124.4,5,0.0,4955,1.2190924581828981,21.924778761061948,0
228000,3129,526,7019.857142857143,7,0.0,8416,0.38224701488545015,16.0,0
228000,3131,123,6370.8,5,0.0,1406,1.167844344225593,11.43089430894309,0
228000,3137,300,6245.0,6,0.0,7192,1.0041926384274575,23.973333333333333,0
228000,3309,135,6053.8,5,0.0,1852,1.2769776887678017,13.718518518518518,0
228000,3422,242,5896.0,5,0.0,2064,0.4428828110791157,8.52892561983471,0
228000,3614,90,4722.2,5,0.0,701,1.0875340494649113,7.788888888888889,0
228000,3635,215,5300.285714285715,7,0.0,3776,1.0265141252530068,17.56279069767442,0
228000,3992,364,4553.166666666667,6,0.0,4280,0.40592973545961586,11.758241758241759,0
228000,4042,274,10077.333333333334,6,0.0,6801,1.1383649441666677,24.82116788321168,0
228000,4329,347,5776.875,8,0.0,10930,1.1406990408935025,31.498559077809798,0
228000,4352,458,6060.5,6,0.0,4635,0.27766979938194714,10.120087336244541,0
228000,4405,165,5421.2,5,0.0,2352,1.0856236431578614,14.254545454545454,0
228000,4490,91,5550.2,5,0.0,779,1.182128089431928,8.56043956043956,0
228000,4501,193,6916.8,5,0.0,3282,1.107219747008693,17.00518134715026,0
228000,4596,266,6033.6,5,0.0,5741,1.0196101206545878,21.582706766917294,0
228000,4773,177,7535.4,5,0.0,3026,1.2137584180488,17.096045197740114,0
228000,4809,601,4903.666666666667,9,0.0,13995,0.4868933273937686,23.286189683860233,0
228000,4843,219,7378.8,5,0.0,3918,1.026564084715899,17.89041095890411,0
228000,4858,160,8532.4,5,0.0,2213,1.0863038347490956,13.83125,0
230000,45,205,4469.666666666667,6,0.0,3620,1.0824571475069649,17.658536585365855,0
230000,162,386,7295.857142857143,7,0.0,5741,0.48419778851134265,14.873056994818652,0
230000,277,131,11851.75,4,0.0,1353,0.990752254602177,10.32824427480916,0
230000,370,245,4187.0,6,0.0,4643,0.9720226366092402,18.951020408163266,0
230000,563,336,5780.875,8,0.0,10216,1.1371354361207953,30.404761904761905,0
230000,717,314,5604.333333333333,6,0.0,8199,1.0449883632919272,26.111464968152866,0
230000,903,413,6061.6,5,0.0,5633,0.41500135235995533,13.639225181598063,0
230000,969,290,4534.0,7,0.0,7238,1.081514750377309,24.958620689655174,0
230000,1245,322,5306.166666666667,6,0.0,3595,0.43570948611763843,11.164596273291925,0
230000,1266,368,4576.2,5,0.0,4630,0.429630611593831,12.581521739130435,0
230000,1304,409,7080.222222222223,9,0.0,14035,1.0543278171013504,34.31540342298288,0
230000,1616,281,3883.5714285714284,7,0.0,6685,1.0638946765743982,23.790035587188612,0
230000,1733,263,6409.6,5,0.0,2524,0.4585510767922415,9.596958174904943,0
230000,1803,138,3748.0,5,0.0,1595,1.0524764298415712,11.557971014492754,0
230000,1839,131,2588.5,6,0.0,1526,1.1174338067427363,11.648854961832061,0
230000,1842,97,3659.0,4,0.0,732,0.9776366552992788,7.546391752577319,0
230000,1952,138,5192.6,5,0.0,1688,1.1138433940893868,12.231884057971014,0
230000,2119,173,9937.5,4,0.0,2725,1.1441531599495054,15.751445086705202,0
230000,2147,348,5195.875,8,0.0,9981,1.0356796233148278,28.68103448275862,0
230000,2170,302,3915.5,8,0.0,7340,1.0113280153216562,24.304635761589402,0
230000,2175,460,3622.0,8,0.0,8643,0.5132851664456821,18.78913043478261,0
230000,2270,219,6276.833333333333,6,0.0,4312,1.1297969201875848,19.689497716894977,0
230000,2281,128,4964.4,5,0.0,1626,1.2471263805510262,12.703125,0
230000,2439,474,5996.9,10,0.0,19459,1.0883628237320193,41.052742616033754,0
230000,2576,392,7855.428571428572,7,0.0,5373,0.43939445355419515,13.706632653061224,0
230000,2602,279,6541.4,5,0.0,3057,0.4935110670224688,10.956989247311828,0
230000,2744,209,4669.666666666667,6,0.0,3693,1.0624208850261767,17.669856459330145,0
230000,2750,250,3990.1666666666665,6,0.0,5209,1.047331592483151,20.836,0
230000,2797,368,6901.166666666667,6,0.0,4923,0.4568188986774147,13.377717391304348,0
230000,2873,313,6026.285714285715,7,0.0,8349,1.0709165987127023,26.6741214057508,0
230000,2907,126,11301.25,4,0.0,1557,1.232416165693955,12.357142857142858,0
230000,2953,226,8130.4,5,0.0,4944,1.2163860975290106,21.876106194690266,0
230000,3129,527,7025.285714285715,7,0.0,8444,0.3820646510362578,16.022770398481974,0
230000,3131,121,6382.4,5,0.0,1388,1.1913204298019624,11.47107438016529,0
230000,3137,300,6252.0,6,0.0,7190,1.0039133857471383,23.966666666666665,0
230000,3309,133,6062.2,5,0.0,1846,1.3114093591558047,13.8796992481203,0
230000,3422,240,5897.6,5,0.0,2047,0.44658612235404904,8.529166666666667,0
230000,3614,89,4731.6,5,0.0,668,1.0597570471394935,7.50561797752809,0
230000,3635,215,5296.428571428572,7,0.0,3824,1.039563033624867,17.78604651162791,0
230000,3992,366,4576.5,6,0.0,4283,0.4017868952588935,11.702185792349727,0
230000,4042,273,10100.333333333334,6,0.0,6777,1.1426732366395915,24.824175824175825,0
230000,4329,347,5784.5,8,0.0,10955,1.1433081420849334,31.570605187319885,0
230000,4352,458,6071.666666666667,6,0.0,4635,0.27766979938194714,10.120087336244541,0
230000,4405,165,5422.6,5,0.0,2351,1.085162068479648,14.248484848484848,0
230000,4490,88,5559.0,5,0.0,746,1.2105517146580504,8.477272727272727,0
230000,4501,193,6918.4,5,0.0,3267,1.1021593276896404,16.927461139896373,0
230000,4596,266,6043.2,5,0.0,5726,1.0169460983919474,21.526315789473685,0
230000,4773,175,7545.4,5,0.0,3009,1.2346843813422612,17.194285714285716,0
230000,4809,603,4906.0,9,0.0,14033,0.48498216169374875,23.271973466003317,0
230000,4843,219,7388.2,5,0.0,3907,1.0236819497154206,17.840182648401825,0
230000,4858,160,8549.8,5,0.0,2204,1.081885970079985,13.775,0
232000,45,205,4472.0,6,0.0,3633,1.0863444245560232,17.721951219512196,0
232000,162,387,7303.142857142857,7,0.0,5753,0.48270556753672866,14.8656330749354,0
232000,277,130,11877.25,4,0.0,1326,0.9859767712804889,10.2,0
232000,370,245,4181.833333333333,6,0.0,4644,0.9722319888893627,18.955102040816328,0
232000,563,338,5781.125,8,0.0,10240,1.1263579276901887,30.29585798816568,0
232000,717,313,5615.5,6,0.0,8177,1.0488543571294486,26.124600638977636,0
232000,903,411,6069.6,5,0.0,5601,0.41666957815206945,13.627737226277372,0
232000,969,290,4536.285714285715,7,0.0,7242,1.0821124374457685,24.97241379310345,0
232000,1245,322,5304.5,6,0.0,3597,0.4359518836064383,11.170807453416149,0
232000,1266,366,4588.8,5,0.0,4596,0.4311493277165245,12.557377049180328,0
232000,1304,410,7081.444444444444,9,0.0,14102,1.0541996335734267,34.395121951219515,0
232000,1616,281,3879.285714285714,7,0.0,6699,1.066122728253088,23.839857651245552,0
232000,1733,262,6410.0,5,0.0,2517,0.4607766860372653,9.606870229007633,0
232000,1803,139,3747.2,5,0.0,1602,1.0419401544538789,11.525179856115107,0
232000,1839,132,2582.6666666666665,6,0.0,1522,1.0976822816261858,11.530303030303031,0
232000,1842,91,3681.75,4,0.0,658,0.9985112745137465,7.230769230769231,0
232000,1952,138,5192.6,5,0.0,1676,1.1059250761219268,12.144927536231885,0
232000,2119,173,9964.0,4,0.0,2706,1.1361755782838023,15.641618497109826,0
232000,2147,349,5192.5,8,0.0,10014,1.0331576533213418,28.693409742120345,0
232000,2170,302,3902.125,8,0.0,7393,1.0186305200644419,24.480132450331126,0
232000,2175,462,3623.0,8,0.0,8670,0.5104403648099456,18.766233766233768,0
232000,2270,219,6282.166666666667,6,0.0,4322,1.1324170429152924,19.735159817351597,0
232000,2281,128,4976.0,5,0.0,1625,1.2463593901570835,12.6953125,0
232000,2439,474,5998.7,10,0.0,19529,1.0922779991090295,41.20042194092827,0
232000,2576,392,7863.142857142857,7,0.0,5394,0.44111179647707577,13.760204081632653,0
232000,2602,278,6559.2,5,0.0,3036,0.49365329415136966,10.920863309352518,0
232000,2744,209,4667.333333333333,6,0.0,3697,1.0635716252211684,17.688995215311003,0
232000,2750,250,3988.5,6,0.0,5223,1.0501464595007672,20.892,0
232000,2797,366,6907.166666666667,6,0.0,4924,0.46191890549960113,13.453551912568306,0
232000,2873,313,6025.857142857143,7,0.0,8364,1.0728406314089163,26.722044728434504,0
232000,2907,124,11336.0,4,0.0,1512,1.235714904325642,12.193548387096774,0
232000,2953,225,8137.6,5,0.0,4933,1.2244919751236305,21.924444444444443,0
232000,3129,527,7029.285714285715,7,0.0,8451,0.38238137919320403,16.03605313092979,0
232000,3131,121,6395.2,5,0.0,1378,1.1827374295872508,11.388429752066116,0
232000,3137,300,6262.0,6,0.0,7177,1.0020982433250643,23.923333333333332,0
232000,3309,132,6067.4,5,0.0,1840,1.3270271998634573,13.93939393939394,0
232000,3422,240,5899.2,5,0.0,2038,0.4446226269455555,8.491666666666667,0
232000,3614,85,4743.2,5,0.0,621,1.0800991213172382,7.305882352941176,0
232000,3635,216,5292.285714285715,7,0.0,3869,1.0420800734515525,17.912037037037038,0
232000,3992,366,4593.333333333333,6,0.0,4290,0.4024435630774348,11.721311475409836,0
232000,4042,272,10123.0,6,0.0,6763,1.148712754986363,24.863970588235293,0
232000,4329,348,5792.625,8,0.0,10977,1.1390296789026013,31.54310344827586,0
232000,4352,459,6081.666666666667,6,0.0,4637,0.2765805200221353,10.10239651416122,0
232000,4405,165,5423.2,5,0.0,2345,1.0823926204103675,14.212121212121213,0
232000,4490,88,5567.4,5,0.0,720,1.168360904227609,8.181818181818182,0
232000,4501,193,6918.0,5,0.0,3262,1.1004725212499562,16.901554404145077,0
232000,4596,266,6047.6,5,0.0,5709,1.0139268731609548,21.462406015037594,0
232000,4773,175,7557.8,5,0.0,3003,1.2322223985280196,17.16,0
232000,4809,607,4908.666666666667,9,0.0,14061,0.47956633674810983,23.16474464579901,0
232000,4843,219,7393.8,5,0.0,3893,1.0200137778966298,17.77625570776256,0
232000,4858,159,8567.6,5,0.0,2183,1.0850989696272328,13.729559748427674,0
236000,45,206,4473.166666666667,6,0.0,3661,1.0841144975767965,17.771844660194176,0
236000,162,388,7316.285714285715,7,0.0,5790,0.4833091046945717,14.922680412371134,0
236000,277,126,11932.75,4,0.0,1248,0.9878326106525729,9.904761904761905,0
236000,370,245,4172.166666666667,6,0.0,4645,0.9724413411694853,18.959183673469386,0
236000,563,340,5784.625,8,0.0,10278,1.1172764461451867,30.229411764705883,0
236000,717,313,5635.166666666667,6,0.0,8131,1.0429539901943925,25.977635782747605,0
236000,903,410,6087.6,5,0.0,5566,0.41608815490495626,13.575609756097561,0
236000,969,290,4544.571428571428,7,0.0,7246,1.0827101245142279,24.986206896551725,0
236000,1245,321,5298.0,6,0.0,3601,0.4391601457896117,11.218068535825545,0
236000,1266,364,4608.8,5,0.0,4530,0.42964058449347187,12.445054945054945,0
236000,1304,411,7095.111111111111,9,0.0,14191,1.0556968369141257,34.5279805352798,0
236000,1616,282,3873.1428571428573,7,0.0,6736,1.064421714932893,23.886524822695037,0
236000,1733,258,6421.4,5,0.0,2491,0.4702666486444429,9.655038759689923,0
236000,1803,141,3740.6,5,0.0,1620,1.0239686331302176,11.48936170212766,0
236000,1839,128,2576.3333333333335,6,0.0,1478,1.1336118022474888,11.546875,0
236000,1842,78,3736.25,4,0.0,492,1.0162153751256924,6.3076923076923075,0
236000,1952,136,5197.2,5,0.0,1647,1.1189885597885791,12.110294117647058,0
236000,2119,170,10023.5,4,0.0,2648,1.151410013384882,15.576470588235294,0
236000,2147,352,5191.375,8,0.0,10067,1.0209973283732066,28.599431818181817,0
236000,2170,303,3872.5,8,0.0,7499,1.0264267472369748,24.74917491749175,0
236000,2175,469,3630.5,8,0.0,8727,0.4985734578016671,18.60767590618337,0
236000,2270,219,6294.833333333333,6,0.0,4335,1.1358232024613126,19.794520547945204,0
236000,2281,127,4998.0,5,0.0,1628,1.2684017211343999,12.818897637795276,0
236000,2439,475,5995.5,10,0.0,19679,1.0960381487865891,41.42947368421053,0
236000,2576,392,7879.428571428572,7,0.0,5423,0.44348336527533966,13.834183673469388,0
236000,2602,276,6600.8,5,0.0,2997,0.4943999780932898,10.858695652173912,0
236000,2744,210,4658.0,6,0.0,3725,1.0614451369271636,17.738095238095237,0
236000,2750,251,3982.1666666666665,6,0.0,5260,1.0491755596185655,20.95617529880478,0
236000,2797,367,6921.166666666667,6,0.0,4930,0.45996486074431264,13.43324250681199,0
236000,2873,313,6024.428571428572,7,0.0,8391,1.0763038902621014,26.808306709265175,0
236000,2907,120,11396.5,4,0.0,1422,1.2409290981679681,11.85,0
236000,2953,225,8145.0,5,0.0,4915,1.2200239322385251,21.844444444444445,0
236000,3129,527,7036.714285714285,7,0.0,8474,0.38342205742317015,16.079696394686906,0
236000,3131,120,6420.2,5,0.0,1342,1.171115928088195,11.183333333333334,0
236000,3137,299,6276.5,6,0.0,7172,1.0081096413483517,23.986622073578594,0
236000,3309,132,6076.0,5,0.0,1838,1.3255847789940403,13.924242424242424,0
236000,3422,240,5902.6,5,0.0,2027,0.44222279922406327,8.445833333333333,0
236000,3614,80,4764.2,5,0.0,545,1.0701049976290233,6.8125,0
236000,3635,216,5283.428571428572,7,0.0,3980,1.071976917119974,18.425925925925927,0
236000,3992,366,4630.166666666667,6,0.0,4292,0.4026311824541608,11.726775956284152,0
236000,4042,272,10159.833333333334,6,0.0,6750,1.1465046719145278,24.816176470588236,0
236000,4329,348,5807.25,8,0.0,11024,1.1439066393570445,31.67816091954023,0
236000,4352,458,6104.833333333333,6,0.0,4646,0.27832877840960657,10.14410480349345,0
236000,4405,165,5427.2,5,0.0,2345,1.0823926204103675,14.212121212121213,0
236000,4490,84,5590.0,5,0.0,647,1.1522734959595216,7.7023809523809526,0
236000,4501,192,6916.6,5,0.0,3242,1.1051479365167218,16.885416666666668,0
236000,4596,265,6072.4,5,0.0,5654,1.011751647612485,21.335849056603774,0
236000,4773,175,7582.6,5,0.0,2985,1.2248364500852942,17.057142857142857,0
236000,4809,609,4908.888888888889,9,0.0,14156,0.47964048418999206,23.244663382594418,0
236000,4843,218,7402.0,5,0.0,3858,1.0201384107019125,17.69724770642202,0
236000,4858,159,8596.2,5,0.0,2170,1.0786370884521739,13.647798742138365,0
238000,45,206,4475.666666666667,6,0.0,3681,1.0900370023436732,17.868932038834952,0
238000,162,388,7325.714285714285,7,0.0,5803,0.48439425467056985,14.956185567010309,0
238000,277,125,11959.5,4,0.0,1218,0.9795737221305262,9.744,0
238000,370,245,4168.0,6,0.0,4648,0.9730693980098531,18.97142857142857,0
238000,563,339,5784.125,8,0.0,10308,1.1271582068796335,30.4070796460177,0
238000,717,313,5644.166666666667,6,0.0,8116,1.0410299574981785,25.929712460063897,0
238000,903,410,6097.4,5,0.0,5545,0.41451829301975973,13.524390243902438,0
238000,969,290,4549.571428571428,7,0.0,7247,1.0828595462813426,24.989655172413794,0
238000,1245,322,5293.833333333333,6,0.0,3602,0.43655787732843776,11.186335403726709,0
238000,1266,363,4614.4,5,0.0,4502,0.4293407440736819,12.402203856749312,0
238000,1304,411,7102.333333333333,9,0.0,14235,1.0589700848053398,34.63503649635037,0
238000,1616,284,3866.5714285714284,7,0.0,6759,1.053066095299217,23.799295774647888,0
238000,1733,257,6426.2,5,0.0,2473,0.4705087818030589,9.622568093385214,0
238000,1803,140,3736.6,5,0.0,1628,1.043778130621262,11.628571428571428,0
238000,1839,128,2569.8333333333335,6,0.0,1466,1.1244079175201749,11.453125,0
238000,1842,72,3758.5,4,0.0,407,0.9865958410579058,5.652777777777778,0
238000,1952,135,5201.8,5,0.0,1627,1.1218373108127502,12.051851851851852,0
238000,2119,170,10049.25,4,0.0,2627,1.1422787406201227,15.452941176470588,0
238000,2147,352,5191.625,8,0.0,10093,1.023634254025109,28.673295454545453,0
238000,2170,304,3859.25,8,0.0,7540,1.0252600678699377,24.80263157894737,0
238000,2175,471,3632.75,8,0.0,8754,0.4958777158329623,18.585987261146496,0
238000,2270,219,6300.5,6,0.0,4339,1.1368712515523958,19.812785388127853,0
238000,2281,127,5004.8,5,0.0,1635,1.273855536888663,12.874015748031496,0
238000,2439,477,5991.9,10,0.0,19765,1.091616080555925,41.43605870020964,0
238000,2576,392,7889.0,7,0.0,5438,0.444710038791683,13.872448979591837,0
238000,2602,276,6615.4,5,0.0,2983,0.4920904686861139,10.807971014492754,0
238000,2744,210,4654.0,6,0.0,3736,1.064579605787888,17.79047619047619,0
238000,2750,250,3978.6666666666665,6,0.0,5277,1.0610038037115737,21.108,0
238000,2797,368,6928.0,6,0.0,4933,0.45774682656422644,13.404891304347826,0
238000,2873,314,6024.571428571428,7,0.0,8408,1.0716260712963195,26.777070063694268,0
238000,2907,117,11431.25,4,0.0,1374,1.261318812486632,11.743589743589743,0
238000,2953,225,8153.2,5,0.0,4907,1.2180381354007004,21.808888888888887,0
238000,3129,527,7041.857142857143,7,0.0,8488,0.3840555137370626,16.106261859582542,0
238000,3131,120,6432.8,5,0.0,1331,1.1615166172022262,11.091666666666667,0
238000,3137,299,6281.666666666667,6,0.0,7168,1.0075473939187094,23.97324414715719,0
238000,3309,131,6079.8,5,0.0,1831,1.3407741154298494,13.977099236641221,0
238000,3422,239,5901.4,5,0.0,2021,0.444611176478351,8.456066945606695,0
238000,3614,76,4776.8,5,0.0,487,1.0595260542231504,6.407894736842105,0
238000,3635,216,5277.857142857143,7,0.0,4028,1.0849052819495615,18.64814814814815,0
238000,3992,366,4648.0,6,0.0,4295,0.40291261151924995,11.734972677595628,0
238000,4042,272,10183.666666666666,6,0.0,6738,1.1444664413866796,24.772058823529413,0
238000,4329,348,5819.0,8,0.0,11027,1.1442179347052006,31.686781609195403,0
238000,4352,458,6116.0,6,0.0,4650,0.27856840714693726,10.152838427947598,0
238000,4405,165,5428.0,5,0.0,2343,1.081469471053941,14.2,0
238000,4490,82,5604.2,5,0.0,610,1.1400187499641725,7.439024390243903,0
238000,4501,192,6915.0,5,0.0,3237,1.1034435134190712,16.859375,0
238000,4596,264,6084.0,5,0.0,5637,1.0163658051128137,21.352272727272727,0
238000,4773,175,7596.2,5,0.0,2971,1.2190918235187298,16.97714285714286,0
238000,4809,610,4909.333333333333,9,0.0,14205,0.4797239843509058,23.28688524590164,0
238000,4843,218,7408.4,5,0.0,3841,1.0156432440399288,17.619266055045873,0
238000,4858,158,8612.8,5,0.0,2162,1.0883068926552049,13.683544303797468,0
240000,45,208,4476.833333333333,6,0.0,3692,1.0723705692542083,17.75,0
240000,162,388,7333.142857142857,7,0.0,5815,0.4853959315714913,14.987113402061855,0
240000,277,124,11986.5,4,0.0,1181,0.9651979510638776,9.524193548387096,0
240000,370,245,4164.333333333333,6,0.0,4651,0.9736974548502209,18.983673469387757,0
240000,563,339,5790.125,8,0.0,10331,1.1296732086994075,30.474926253687315,0
240000,717,313,5653.5,6,0.0,8106,1.039747269034036,25.89776357827476,0
240000,903,407,6107.6,5,0.0,5518,0.4186033906032268,13.557739557739557,0
240000,969,290,4551.428571428572,7,0.0,7251,1.083457233349802,25.00344827586207,0
240000,1245,322,5293.0,6,0.0,3602,0.43655787732843776,11.186335403726709,0
240000,1266,362,4620.6,5,0.0,4478,0.4294146058659716,12.370165745856353,0
240000,1304,412,7108.777777777777,9,0.0,14282,1.0573151635066789,34.66504854368932,0
240000,1616,284,3861.0,7,0.0,6775,1.055558928192365,23.8556338028169,0
240000,1733,252,6429.2,5,0.0,2465,0.48778192813673726,9.781746031746032,0
240000,1803,141,3730.6,5,0.0,1645,1.0397706182093878,11.666666666666666,0
240000,1839,128,2565.6666666666665,6,0.0,1444,1.1075341288534328,11.28125,0
240000,1842,60,3784.0,4,0.0,298,1.0402162341886203,4.966666666666667,0
240000,1952,135,5203.4,5,0.0,1614,1.1128736445309029,11.955555555555556,0
240000,2119,170,10073.0,4,0.0,2609,1.1344519353931861,15.347058823529412,0
240000,2147,351,5193.375,8,0.0,10115,1.031719213027841,28.817663817663817,0
240000,2170,304,3844.25,8,0.0,7577,1.0302911849138616,24.924342105263158,0
240000,2175,477,3637.5,8,0.0,8778,0.48480677739033184,18.40251572327044,0
240000,2270,219,6306.833333333333,6,0.0,4345,1.1384433251890205,19.840182648401825,0
240000,2281,128,5011.4,5,0.0,1634,1.2532623037025687,12.765625,0
240000,2439,476,5991.6,10,0.0,19831,1.099868016265433,41.661764705882355,0
240000,2576,392,7898.714285714285,7,0.0,5449,0.44560959937033484,13.900510204081632,0
240000,2602,274,6636.8,5,0.0,2960,0.4954507035337944,10.802919708029197,0
240000,2744,210,4649.833333333333,6,0.0,3748,1.067999026363224,17.847619047619048,0
240000,2750,252,3970.5,6,0.0,5307,1.050165798223799,21.05952380952381,0
240000,2797,369,6931.0,6,0.0,4944,0.4562843715703597,13.398373983739837,0
240000,2873,314,6026.142857142857,7,0.0,8424,1.0736653216698615,26.828025477707005,0
240000,2907,116,11461.0,4,0.0,1331,1.2430023251866869,11.474137931034482,0
240000,2953,225,8162.0,5,0.0,4901,1.216548787772332,21.782222222222224,0
240000,3129,529,7043.428571428572,7,0.0,8505,0.3819203836290063,16.07750472589792,0
240000,3131,118,6447.0,5,0.0,1310,1.182271294513826,11.101694915254237,0
240000,3137,300,6290.166666666667,6,0.0,7172,1.0014001116242666,23.906666666666666,0
240000,3309,131,6081.6,5,0.0,1829,1.3393095888155078,13.961832061068701,0
240000,3422,239,5901.6,5,0.0,2015,0.44329120267386307,8.430962343096235,0
240000,3614,72,4789.8,5,0.0,431,1.04477348279105,5.986111111111111,0
240000,3635,218,5267.714285714285,7,0.0,4096,1.083070743969682,18.788990825688074,0
240000,3992,366,4663.0,6,0.0,4308,0.40413213746796944,11.770491803278688,0
240000,4042,271,10203.5,6,0.0,6740,1.1532704884299074,24.870848708487085,0
240000,4329,348,5828.125,8,0.0,11044,1.145981941678084,31.735632183908045,0
240000,4352,458,6126.833333333333,6,0.0,4652,0.27868822151560263,10.157205240174672,0
240000,4405,165,5431.4,5,0.0,2336,1.0782384483064473,14.157575757575758,0
240000,4490,79,5613.8,5,0.0,571,1.1497192149974502,7.227848101265823,0
240000,4501,191,6916.0,5,0.0,3226,1.1112390450350234,16.89005235602094,0
240000,4596,264,6091.6,5,0.0,5624,1.0140218712000113,21.303030303030305,0
240000,4773,174,7607.6,5,0.0,2960,1.2285789740554613,17.011494252873565,0
240000,4809,613,4910.444444444444,9,0.0,14241,0.4762438730153072,23.231647634584014,0
240000,4843,218,7415.2,5,0.0,3834,1.0137922930614651,17.587155963302752,0
240000,4858,157,8628.6,5,0.0,2149,1.095587263185438,13.687898089171975,0
242000,45,208,4477.833333333333,6,0.0,3711,1.0778892693668383,17.841346153846153,0
242000,162,388,7344.857142857143,7,0.0,5821,0.48589677002195203,15.00257731958763,0
242000,277,121,12014.0,4,0.0,1133,0.972453924326818,9.363636363636363,0
242000,370,245,4161.0,6,0.0,4649,0.9732787502899758,18.975510204081633,0
242000,563,339,5795.0,8,0.0,10350,1.1317508188983514,30.530973451327434,0
242000,717,313,5665.5,6,0.0,8097,1.0385928494163075,25.869009584664536,0
242000,903,405,6116.0,5,0.0,5500,0.4213689277791522,13.580246913580247,0
242000,969,290,4557.714285714285,7,0.0,7256,1.0842043421853764,25.020689655172415,0
242000,1245,322,5289.833333333333,6,0.0,3606,0.4370426723060373,11.198757763975156,0
242000,1266,360,4631.2,5,0.0,4456,0.4320659526048185,12.377777777777778,0
242000,1304,413,7114.777777777777,9,0.0,14331,1.0558111806622614,34.699757869249396,0
242000,1616,285,3855.0,7,0.0,6796,1.0514134157609718,23.84561403508772,0
242000,1733,250,6434.0,5,0.0,2459,0.4944112854513473,9.836,0
242000,1803,142,3985.0,6,0.0,1703,1.0613236042577698,11.992957746478874,0
242000,1839,120,3017.0,5,0.0,1378,1.2025318546240928,11.483333333333333,0
242000,1842,43,3818.75,4,0.0,146,0.9922607407768735,3.395348837209302,0
242000,1952,135,5206.6,5,0.0,1600,1.1032204654581441,11.851851851851851,0
242000,2119,169,10100.25,4,0.0,2596,1.142197336048332,15.36094674556213,0
242000,2147,351,5201.75,8,0.0,10136,1.033861190632743,28.877492877492877,0
242000,2170,303,3827.875,8,0.0,7623,1.0433992657937672,25.15841584158416,0
242000,2175,478,3643.375,8,0.0,8815,0.48481537860671253,18.44142259414226,0
242000,2270,219,6313.333333333333,6,0.0,4349,1.1394913742801034,19.858447488584474,0
242000,2281,127,5014.0,5,0.0,1646,1.2824258187882198,12.960629921259843,0
242000,2439,476,5989.2,10,0.0,19915,1.1045268289005143,41.838235294117645,0
242000,2576,392,7912.142857142857,7,0.0,5468,0.4471633858243697,13.948979591836734,0
242000,2602,273,6662.4,5,0.0,2949,0.4972323114726509,10.802197802197803,0
242000,2744,211,4642.666666666667,6,0.0,3767,1.063262687367557,17.85308056872038,0
242000,2750,255,3626.1428571428573,7,0.0,5378,1.0393224323571493,21.090196078431372,0
242000,2797,371,6938.333333333333,6,0.0,4938,0.4508303346655836,13.309973045822103,0
242000,2873,314,6024.428571428572,7,0.0,8442,1.0759594783400963,26.88535031847134,0
242000,2907,114,11496.25,4,0.0,1282,1.2396188925522054,11.24561403508772,0
242000,2953,225,8169.8,5,0.0,4891,1.2140665417250511,21.73777777777778,0
242000,3129,529,7049.142857142857,7,0.0,8520,0.38259396455251427,16.10586011342155,0
242000,3131,117,6470.4,5,0.0,1292,1.1860435995143583,11.042735042735043,0
242000,3137,300,6297.833333333333,6,0.0,7170,1.0011208589439475,23.9,0
242000,3309,131,6077.0,5,0.0,1837,1.3451676952728746,14.022900763358779,0
242000,3422,239,5903.8,5,0.0,2013,0.44285121140570044,8.422594142259415,0
242000,3614,55,5673.0,4,0.0,311,1.2919475243192404,5.654545454545454,0
242000,3635,217,5257.428571428572,7,0.0,4169,1.1125570534788038,19.211981566820278,0
242000,3992,367,4692.333333333333,6,0.0,4317,0.4027724754225553,11.762942779291553,0
242000,4042,271,10223.5,6,0.0,6732,1.1519016213813258,24.84132841328413,0
242000,4329,348,5841.375,8,0.0,11059,1.147538418418864,31.778735632183906,0
242000,4352,459,6142.166666666667,6,0.0,4656,0.2777138022909342,10.143790849673202,0
242000,4405,165,5434.2,5,0.0,2333,1.076853724271807,14.139393939393939,0
242000,4490,77,5616.2,5,0.0,526,1.1148441462561858,6.8311688311688314,0
242000,4501,191,6914.2,5,0.0,3219,1.1088278009819406,16.853403141361255,0
242000,4596,264,6100.8,5,0.0,5601,1.009874911200438,21.21590909090909,0
242000,4773,173,7623.8,5,0.0,2950,1.2386245217801983,17.052023121387283,0
242000,4809,615,4909.333333333333,9,0.0,14287,0.47467971965721323,23.23089430894309,0
242000,4843,218,7422.4,5,0.0,3824,1.0111480773779453,17.541284403669724,0
242000,4858,157,8643.4,5,0.0,2141,1.091508762438354,13.636942675159236,0
244000,45,209,4481.666666666667,6,0.0,3740,1.0759420823173305,17.894736842105264,0
244000,162,388,7355.857142857143,7,0.0,5830,0.4866480276976431,15.025773195876289,0
244000,277,120,12043.75,4,0.0,1100,0.9599310885968813,9.166666666666666,0
244000,370,245,4158.0,6,0.0,4652,0.9739068071303435,18.987755102040815,0
244000,563,338,5802.625,8,0.0,10375,1.141207373025948,30.69526627218935,0
244000,717,311,5670.166666666667,6,0.0,8094,1.0516041371845115,26.025723472668812,0
244000,903,405,6123.8,5,0.0,5488,0.4204495773912705,13.550617283950617,0
244000,969,290,4565.142857142857,7,0.0,7256,1.0842043421853764,25.020689655172415,0
244000,1245,322,5287.166666666667,6,0.0,3608,0.43728506979483717,11.20496894409938,0
244000,1266,360,4645.8,5,0.0,4440,0.43051454882526796,12.333333333333334,0
244000,1304,413,7121.444444444444,9,0.0,14372,1.058831783439957,34.79903147699758,0
244000,1616,287,3844.285714285714,7,0.0,6821,1.0406246762804443,23.766550522648085,0
244000,1733,247,6438.6,5,0.0,2450,0.5046404301853821,9.919028340080972,0
244000,1803,149,3964.6666666666665,6,0.0,1836,1.0392260009892995,12.322147651006711,0
244000,1839,115,3072.4,5,0.0,1272,1.2086520545531092,11.060869565217391,0
244000,1952,134,5211.8,5,0.0,1588,1.1113497736468236,11.850746268656716,0
244000,2119,167,10129.25,4,0.0,2575,1.1602568873740498,15.419161676646707,0
244000,2147,351,5220.0,8,0.0,10146,1.0348811799684108,28.905982905982906,0
244000,2170,309,4337.25,8,0.0,7703,1.0138012048722647,24.928802588996763,0
244000,2175,480,3646.625,8,0.0,8850,0.48269262125468176,18.4375,0
244000,2270,219,6318.0,6,0.0,4357,1.1415874724622697,19.894977168949772,0
244000,2281,124,6300.5,4,0.0,1602,1.3092693629164538,12.919354838709678,0
244000,2439,475,5983.8,10,0.0,20009,1.114417771180998,42.12421052631579,0
244000,2576,392,7932.571428571428,7,0.0,5478,0.4479811681685986,13.974489795918368,0
244000,2602,273,6702.4,5,0.0,2934,0.49470315424237293,10.747252747252746,0
244000,2744,212,4642.0,6,0.0,3784,1.0580087754702543,17.849056603773583,0
244000,2750,261,3602.1428571428573,7,0.0,5528,1.0197574427295182,21.18007662835249,0
244000,2797,372,6943.166666666667,6,0.0,4944,0.44895462132466,13.290322580645162,0
244000,2873,315,6021.571428571428,7,0.0,8460,1.07141844693856,26.857142857142858,0
244000,2907,109,11531.5,4,0.0,1225,1.2956656849246684,11.238532110091743,0
244000,2953,225,8178.0,5,0.0,4875,1.2100949480494019,21.666666666666668,0
244000,3129,529,7053.857142857143,7,0.0,8529,0.3829981131066191,16.122873345935727,0
244000,3131,117,6508.6,5,0.0,1281,1.1759457050912485,10.948717948717949,0
244000,3137,300,6305.0,6,0.0,7165,1.0004227272431496,23.883333333333333,0
244000,3309,126,7624.5,4,0.0,1775,1.4049702595419205,14.087301587301587,0
244000,3422,239,5904.0,5,0.0,2010,0.4421912245034565,8.410041841004183,0
244000,3614,25,5758.75,4,0.0,75,1.5079644737231006,3.0,0
244000,3635,223,6329.857142857143,7,0.0,4326,1.0931673526054773,19.39910313901345,0
244000,3992,367,4731.833333333333,6,0.0,4323,0.4033322703849216,11.779291553133515,0
244000,4042,271,10246.833333333334,6,0.0,6721,1.1500194291895263,24.800738007380073,0
244000,4329,348,5867.125,8,0.0,11070,1.1486798346954357,31.810344827586206,0
244000,4352,459,6163.5,6,0.0,4660,0.277952388031734,10.152505446623094,0
244000,4405,165,5437.4,5,0.0,2332,1.0763921495935938,14.133333333333333,0
244000,4490,73,5613.0,5,0.0,474,1.117744355640129,6.493150684931507,0
244000,4501,191,6911.6,5,0.0,3216,1.1077944106734765,16.837696335078533,0
244000,4596,263,6109.2,5,0.0,5586,1.0148440233603253,21.23954372623574,0
244000,4773,173,7641.4,5,0.0,2938,1.233586049149228,16.982658959537574,0
244000,4809,617,4909.666666666667,9,0.0,14325,0.47286172978650587,23.217179902755266,0
244000,4843,217,7424.4,5,0.0,3815,1.0180871093839376,17.580645161290324,0
244000,4858,156,8658.4,5,0.0,2131,1.1003836201183184,13.66025641025641,0
246000,45,208,4492.0,6,0.0,3756,1.0909598748967515,18.057692307692307,0
246000,162,388,7366.0,7,0.0,5843,0.4877331776736412,15.059278350515465,0
246000,277,118,12069.0,4,0.0,1058,0.9548420073249069,8.966101694915254,0
246000,370,245,4155.0,6,0.0,4653,0.9741161594104661,18.991836734693877,0
246000,563,338,5801.625,8,0.0,10393,1.1431872990707161,30.74852071005917,0
246000,717,311,5670.666666666667,6,0.0,8076,1.0492655067830634,25.967845659163988,0
246000,903,405,6132.4,5,0.0,5472,0.41922377687409473,13.511111111111111,0
246000,969,290,4558.285714285715,7,0.0,7259,1.0846526074867209,25.03103448275862,0
246000,1245,322,5286.666666666667,6,0.0,3614,0.4380122622612366,11.22360248447205,0
246000,1266,360,4664.0,5,0.0,4420,0.4285752941008298,12.277777777777779,0
246000,1304,413,7126.888888888889,9,0.0,14418,1.0622207524100544,34.91041162227603,0
246000,1616,289,4107.285714285715,7,0.0,6859,1.0319887937631202,23.73356401384083,0
246000,1733,247,6444.6,5,0.0,2448,0.5042284788138022,9.910931174089068,0
246000,1803,156,5082.333333333333,6,0.0,1973,1.0187972231316011,12.647435897435898,0
246000,1839,112,3105.2,5,0.0,1205,1.2071489628749046,10.758928571428571,0
246000,1952,133,5219.8,5,0.0,1574,1.1181789443722843,11.834586466165414,0
246000,2119,167,10155.25,4,0.0,2557,1.1521463537924057,15.311377245508982,0
246000,2147,352,5224.75,8,0.0,10162,1.030632249024389,28.869318181818183,0
246000,2170,311,4325.625,8,0.0,7781,1.0109379529815523,25.019292604501608,0
246000,2175,477,4182.857142857143,7,0.0,8780,0.48491723689759786,18.40670859538784,0
246000,2270,219,6324.166666666667,6,0.0,4360,1.142373509280582,19.908675799086758,0
246000,2281,119,6334.25,4,0.0,1492,1.3239901812459491,12.53781512605042,0
246000,2439,475,5982.1,10,0.0,20074,1.1180379998344423,42.26105263157895,0
246000,2576,392,7945.857142857143,7,0.0,5498,0.44961673285705656,14.025510204081632,0
246000,2602,273,6716.8,5,0.0,2921,0.49251121797613195,10.699633699633699,0
246000,2744,212,4629.0,6,0.0,3811,1.0655579924199627,17.97641509433962,0
246000,2750,263,4212.833333333333,6,0.0,5568,1.0115738492786055,21.171102661596958,0
246000,2797,373,6949.333333333333,6,0.0,4949,0.44700219343532654,13.268096514745308,0
246000,2873,315,6020.285714285715,7,0.0,8478,1.0736980606554505,26.914285714285715,0
246000,2907,107,11558.0,4,0.0,1178,1.2929674717193733,11.009345794392523,0
246000,2953,224,8183.8,5,0.0,4862,1.217667688277549,21.705357142857142,0
246000,3129,528,7057.714285714285,7,0.0,8530,0.38449531300391604,16.15530303030303,0
246000,3131,117,6528.2,5,0.0,1267,1.1630938394618358,10.82905982905983,0
246000,3137,300,6313.166666666667,6,0.0,7165,1.0004227272431496,23.883333333333333,0
246000,3309,121,7675.0,4,0.0,1680,1.4419440360715396,13.884297520661157,0
246000,3422,239,5907.4,5,0.0,2005,0.44109124633304986,8.389121338912133,0
246000,3635,225,6305.285714285715,7,0.0,4450,1.1045994910399668,19.77777777777778,0
246000,3992,367,4740.833333333333,6,0.0,4326,0.4036121678661047,11.787465940054496,0
246000,4042,270,10264.333333333334,6,0.0,6719,1.1582091105333234,24.885185185185186,0
246000,4329,348,5884.0,8,0.0,11090,1.1507551370164752,31.867816091954023,0
246000,4352,459,6183.0,6,0.0,4663,0.2781313273373338,10.159041394335512,0
246000,4405,166,5443.4,5,0.0,2330,1.0625505708904366,14.036144578313253,0
246000,4490,70,5617.6,5,0.0,418,1.0719883503677825,5.9714285714285715,0
246000,4501,191,6909.4,5,0.0,3210,1.1057276300565484,16.80628272251309,0
246000,4596,262,6119.4,5,0.0,5572,1.0200427868890116,21.267175572519083,0
246000,4773,173,7656.6,5,0.0,2930,1.230227067395248,16.936416184971097,0
246000,4809,619,4909.666666666667,9,0.0,14367,0.4711884732958162,23.21001615508885,0
246000,4843,217,7425.6,5,0.0,3810,1.0167527881396599,17.557603686635943,0
246000,4858,157,8674.0,5,0.0,2120,1.0808026979772585,13.503184713375797,0
248000,45,210,4489.833333333333,6,0.0,3794,1.0811068052353447,18.066666666666666,0
248000,162,388,7375.857142857143,7,0.0,5868,0.4898200045505608,15.123711340206185,0
248000,277,114,12098.75,4,0.0,1009,0.9756438865718995,8.850877192982455,0
248000,370,245,4153.333333333333,6,0.0,4652,0.9739068071303435,18.987755102040815,0
248000,563,337,5799.125,8,0.0,10420,1.1529694001146666,30.919881305637983,0
248000,717,312,5670.166666666667,6,0.0,8069,1.041646577983894,25.862179487179485,0
248000,903,405,6143.2,5,0.0,5462,0.41845765155085995,13.48641975308642,0
248000,969,290,4552.142857142857,7,0.0,7264,1.0853997163222953,25.048275862068966,0
248000,1245,322,5285.5,6,0.0,3620,0.4387394547276359,11.24223602484472,0
248000,1266,358,4673.8,5,0.0,4389,0.43033769721936277,12.259776536312849,0
248000,1304,414,7134.111111111111,9,0.0,14469,1.0608346543627791,34.94927536231884,0
248000,1616,288,4109.857142857143,7,0.0,6871,1.0409858759073818,23.85763888888889,0
248000,1733,245,6453.4,5,0.0,2429,0.5085166884177997,9.914285714285715,0
248000,1803,159,5078.0,6,0.0,2042,1.0150124122669764,12.842767295597485,0
248000,1839,109,3120.6,5,0.0,1146,1.212108469325445,10.513761467889909,0
248000,1952,133,5220.0,5,0.0,1561,1.1089436671951307,11.736842105263158,0
248000,2119,167,10187.25,4,0.0,2530,1.13998055341994,15.149700598802395,0
248000,2147,352,5226.625,8,0.0,10187,1.0331677544589108,28.94034090909091,0
248000,2170,311,4316.5,8,0.0,7838,1.0183436159194714,25.20257234726688,0
248000,2175,474,4194.714285714285,7,0.0,8741,0.48889354243494426,18.440928270042193,0
248000,2270,219,6331.333333333333,6,0.0,4364,1.143421558371665,19.926940639269407,0
248000,2281,116,6360.5,4,0.0,1415,1.321448752921985,12.198275862068966,0
248000,2439,478,5980.0,10,0.0,20156,1.1085580001357798,42.1673640167364,0
248000,2576,393,7957.285714285715,7,0.0,5514,0.4486333195266818,14.030534351145038,0
248000,2602,272,6730.2,5,0.0,2908,0.49393119791517726,10.691176470588236,0
248000,2744,213,4611.333333333333,6,0.0,3841,1.0638856825090608,18.03286384976526,0
248000,2750,264,4221.833333333333,6,0.0,5591,1.008071885113667,21.178030303030305,0
248000,2797,373,6954.5,6,0.0,4947,0.4468215499948596,13.262734584450403,0
248000,2873,315,6019.714285714285,7,0.0,8496,1.0759776743723408,26.97142857142857,0
248000,2907,105,11591.5,4,0.0,1129,1.2868419431847171,10.752380952380953,0
248000,2953,223,8191.8,5,0.0,4849,1.225327899395275,21.744394618834082,0
248000,3129,528,7061.857142857143,7,0.0,8543,0.3850812964821167,16.179924242424242,0
248000,3131,116,6541.2,5,0.0,1244,1.1617542393179854,10.724137931034482,0
248000,3137,299,6321.666666666667,6,0.0,7163,1.006844584631657,23.956521739130434,0
248000,3309,119,7716.25,4,0.0,1613,1.4313647200735362,13.554621848739496,0
248000,3422,239,5909.8,5,0.0,2003,0.44065125506488717,8.380753138075313,0
248000,3635,229,6291.428571428572,7,0.0,4538,1.0874352100067108,19.816593886462883,0
248000,3992,367,4749.833333333333,6,0.0,4325,0.4035188687057103,11.784741144414168,0
248000,4042,269,10285.5,6,0.0,6714,1.1659680256603346,24.95910780669145,0
248000,4329,348,5898.0,8,0.0,11105,1.1523116137572549,31.910919540229884,0
248000,4352,460,6199.5,6,0.0,4669,0.27727969942553393,10.15,0
248000,4405,166,5444.6,5,0.0,2326,1.0607264497386935,14.012048192771084,0
248000,4490,64,5630.0,5,0.0,335,1.0277671278833795,5.234375,0
248000,4501,191,6910.0,5,0.0,3198,1.1015940688226922,16.7434554973822,0
248000,4596,262,6135.2,5,0.0,5555,1.0169306678335355,21.202290076335878,0
248000,4773,173,7671.2,5,0.0,2919,1.2256084674835253,16.872832369942195,0
248000,4809,624,4908.888888888889,9,0.0,14422,0.4654426492652038,23.112179487179485,0
248000,4843,216,7432.4,5,0.0,3787,1.0199941168676738,17.53240740740741,0
248000,4858,157,8692.4,5,0.0,2114,1.0777438224169456,13.464968152866241,0
250000,45,215,4384.0,7,0.0,3913,1.0637578845643578,18.2,0
250000,162,390,7389.0,7,0.0,5878,0.4856352825194163,15.071794871794872,0
250000,277,112,12134.25,4,0.0,962,0.9637156035565628,8.589285714285714,0
250000,370,245,4149.333333333333,6,0.0,4652,0.9739068071303435,18.987755102040815,0
250000,563,339,5796.375,8,0.0,10454,1.1431230010399387,30.837758112094395,0
250000,717,312,5672.666666666667,6,0.0,8060,1.040484746381235,25.833333333333332,0
250000,903,405,6174.0,5,0.0,5453,0.41776813875994856,13.464197530864197,0
250000,969,290,4550.285714285715,7,0.0,7267,1.08584798162364,25.05862068965517,0
250000,1245,322,5285.0,6,0.0,3622,0.4389818522164357,11.248447204968944,0
250000,1266,358,4682.2,5,0.0,4372,0.4286708617550818,12.212290502793296,0
250000,1304,416,7141.333333333333,9,0.0,14521,1.0544347938881606,34.90625,0
250000,1616,288,4112.142857142857,7,0.0,6887,1.0434099443129294,23.913194444444443,0
250000,1733,241,6462.8,5,0.0,2422,0.5240224794335138,10.049792531120332,0
250000,1803,160,5078.5,6,0.0,2081,1.0215084862688062,13.00625,0
250000,1839,97,3898.75,4,0.0,1006,1.3435826164358942,10.371134020618557,0
250000,1952,133,5222.4,5,0.0,1549,1.1004187959546812,11.646616541353383,0
250000,2119,167,10218.75,4,0.0,2505,1.1287159234454347,15.0,0
250000,2147,353,5243.125,8,0.0,10208,1.0294401787300953,28.91784702549575,0
250000,2170,314,4308.875,8,0.0,7878,1.004075902672741,25.089171974522294,0
250000,2175,473,4200.571428571428,7,0.0,8724,0.49000807780694244,18.443974630021142,0
250000,2270,220,6337.5,6,0.0,4369,1.1343486201267607,19.85909090909091,0
250000,2281,113,6382.75,4,0.0,1346,1.3246405236845051,11.91150442477876,0
250000,2439,479,5975.7,10,0.0,20243,1.108699144209068,42.26096033402923,0
250000,2576,395,7967.857142857143,7,0.0,5531,0.4454708916392923,14.00253164556962,0
250000,2602,272,6745.2,5,0.0,2894,0.4915532622993545,10.639705882352942,0
250000,2744,219,4467.0,7,0.0,3987,1.0446429315370827,18.205479452054796,0
250000,2750,265,4232.333333333333,6,0.0,5614,1.0045938715416503,21.184905660377357,0
250000,2797,373,6960.0,6,0.0,4947,0.4468215499948596,13.262734584450403,0
250000,2873,315,6021.142857142857,7,0.0,8510,1.0777507072632557,27.015873015873016,0
250000,2907,102,11623.0,4,0.0,1074,1.2972204959459586,10.529411764705882,0
250000,2953,223,8201.6,5,0.0,4839,1.2228009290933668,21.699551569506728,0
250000,3129,527,7067.428571428572,7,0.0,8541,0.38645359835394105,16.206831119544592,0
250000,3131,115,6553.6,5,0.0,1225,1.1639927412166342,10.652173913043478,0
250000,3137,299,6330.333333333333,6,0.0,7165,1.007125708346478,23.963210702341136,0
250000,3309,117,7748.5,4,0.0,1558,1.4302290464731968,13.316239316239317,0
250000,3422,238,5913.4,5,0.0,2001,0.4439182896570282,8.407563025210084,0
250000,3635,228,6283.714285714285,7,0.0,4602,1.1124660966312887,20.18421052631579,0
250000,3992,367,4769.5,6,0.0,4327,0.4037054670264991,11.790190735694823,0
250000,4042,268,10309.166666666666,6,0.0,6708,1.1736357496257703,25.029850746268657,0
250000,4329,348,5910.375,8,0.0,11132,1.1551132718906585,31.988505747126435,0
250000,4352,460,6232.666666666667,6,0.0,4675,0.27763602373406965,10.16304347826087,0
250000,4405,166,5447.4,5,0.0,2325,1.0602704194507575,14.006024096385541,0
250000,4490,36,6832.75,4,0.0,128,1.241123023640412,3.5555555555555554,0
250000,4501,191,6907.2,5,0.0,3187,1.0978049710249906,16.68586387434555,0
250000,4596,262,6146.2,5,0.0,5542,1.0145508120852302,21.15267175572519,0
250000,4773,171,7689.2,5,0.0,2905,1.2484288032117026,16.98830409356725,0
250000,4809,630,4902.333333333333,9,0.0,14484,0.45858229271448286,22.99047619047619,0
250000,4843,215,7435.8,5,0.0,3776,1.0265141252530068,17.56279069767442,0
250000,4858,156,8713.6,5,0.0,2095,1.0817943144757753,13.429487179487179,0
252000,45,217,5127.166666666667,6,0.0,3959,1.0565155612191375,18.244239631336406,0
252000,162,391,7406.0,7,0.0,5892,0.4843051501481822,15.069053708439897,0
252000,277,107,12164.75,4,0.0,907,0.995519097495307,8.476635514018692,0
252000,370,246,4146.0,6,0.0,4660,0.9676661884941792,18.943089430894307,0
252000,563,340,5793.625,8,0.0,10471,1.1382566323785026,30.79705882352941,0
252000,717,312,5673.166666666667,6,0.0,8041,1.0380319907756215,25.772435897435898,0
252000,903,405,6198.6,5,0.0,5441,0.4168487883720668,13.434567901234567,0
252000,969,290,4551.0,7,0.0,7273,1.0867445122263288,25.079310344827586,0
252000,1245,322,5284.666666666667,6,0.0,3624,0.43922424970523555,11.254658385093167,0
252000,1266,358,4690.2,5,0.0,4354,0.4269059771458431,12.162011173184357,0
252000,1304,416,7143.555555555556,9,0.0,14569,1.0579202886961376,35.02163461538461,0
252000,1616,288,4112.428571428572,7,0.0,6902,1.0456825084431305,23.96527777777778,0
252000,1733,240,6480.6,5,0.0,2414,0.5266531017892889,10.058333333333334,0
252000,1803,163,5073.0,6,0.0,2109,0.9974961656698971,12.938650306748466,0
252000,1839,90,3969.0,4,0.0,882,1.3683381335635543,9.8,0
252000,1952,132,5224.4,5,0.0,1524,1.0991247024956026,11.545454545454545,0
252000,2119,165,10247.0,4,0.0,2480,1.1447052019691735,15.030303030303031,0
252000,2147,352,5267.875,8,0.0,10223,1.036818882284622,29.042613636363637,0
252000,2170,313,4300.0,8,0.0,7920,1.0158892636009824,25.303514376996805,0
252000,2175,474,4206.0,7,0.0,8725,0.4879986452059133,18.40717299578059,0
252000,2270,220,6344.166666666667,6,0.0,4374,1.135646798909236,19.881818181818183,0
252000,2281,110,6409.75,4,0.0,1283,1.3324507023324643,11.663636363636364,0
252000,2439,479,5973.3,10,0.0,20319,1.1128616267936595,42.419624217119,0
252000,2576,395,7979.428571428572,7,0.0,5539,0.44611521764419454,14.022784810126582,0
252000,2602,271,6760.6,5,0.0,2881,0.49296324587040996,10.6309963099631,0
252000,2744,223,6510.142857142857,7,0.0,4176,1.0552627980768545,18.72645739910314,0
252000,2750,265,4249.5,6,0.0,5632,1.007814870773526,21.252830188679244,0
252000,2797,367,8389.6,5,0.0,4855,0.4529674237147338,13.228882833787466,0
252000,2873,315,6019.0,7,0.0,8534,1.0807901922191099,27.09206349206349,0
252000,2907,100,11656.75,4,0.0,1022,1.2842830767875073,10.22,0
252000,2953,223,8207.2,5,0.0,4832,1.221032049882031,21.668161434977577,0
252000,3129,527,7070.571428571428,7,0.0,8556,0.3871323015473972,16.235294117647058,0
252000,3131,113,6563.0,5,0.0,1205,1.1858780319760984,10.663716814159292,0
252000,3137,299,6339.333333333333,6,0.0,7162,1.0067040227742463,23.953177257525084,0
252000,3309,115,7772.0,4,0.0,1510,1.4347992157037692,13.130434782608695,0
252000,3422,237,5918.2,5,0.0,1996,0.4465537172864197,8.421940928270041,0
252000,3635,230,6277.571428571428,7,0.0,4656,1.1060306536948261,20.243478260869566,0
252000,3992,368,4779.166666666667,6,0.0,4338,0.4025351172989285,11.78804347826087,0
252000,4042,268,10327.0,6,0.0,6716,1.1750354344792298,25.059701492537314,0
252000,4329,348,5916.75,8,0.0,11153,1.15729233932775,32.048850574712645,0
252000,4352,460,6260.666666666667,6,0.0,4679,0.2778735732730934,10.171739130434782,0
252000,4405,165,5447.0,5,0.0,2319,1.07039167877682,14.054545454545455,0
252000,4501,192,6888.6,5,0.0,3183,1.0850357439644436,16.578125,0
252000,4596,261,6167.4,5,0.0,5527,1.0195729714120925,21.17624521072797,0
252000,4773,171,7703.6,5,0.0,2899,1.2458502927747765,16.953216374269005,0
252000,4809,631,5350.333333333333,9,0.0,14579,0.46012823251584756,23.10459587955626,0
252000,4843,214,7438.2,5,0.0,3767,1.0336605403155517,17.602803738317757,0
252000,4858,154,8741.8,5,0.0,2082,1.10318703065845,13.519480519480519,0
254000,45,216,5135.333333333333,6,0.0,3972,1.0698221896483762,18.38888888888889,0
254000,162,392,7419.0,7,0.0,5899,0.48240980486063595,15.048469387755102,0
254000,277,105,12196.75,4,0.0,860,0.9802338982629377,8.19047619047619,0
254000,370,246,4144.833333333333,6,0.0,4659,0.9674585348056611,18.9390243902439,0
254000,563,339,5792.5,8,0.0,10493,1.1473875693430338,30.952802359882007,0
254000,717,312,5672.5,6,0.0,8039,1.0377738059750305,25.766025641025642,0
254000,903,403,6210.2,5,0.0,5422,0.41952638998488656,13.45409429280397,0
254000,969,290,4550.0,7,0.0,7280,1.087790464596133,25.103448275862068,0
254000,1245,322,5282.166666666667,6,0.0,3629,0.43983024342723503,11.270186335403727,0
254000,1266,357,4695.6,5,0.0,4338,0.4277233695446029,12.15126050420168,0
254000,1304,417,7144.0,9,0.0,14617,1.0563212122105943,35.05275779376499,0
254000,1616,289,4114.857142857143,7,0.0,6905,1.038909844136805,23.89273356401384,0
254000,1733,239,6484.4,5,0.0,2411,0.5304094737700664,10.087866108786612,0
254000,1803,163,5064.166666666667,6,0.0,2131,1.007901531077549,13.07361963190184,0
254000,1839,84,4008.0,4,0.0,778,1.3855777122975392,9.261904761904763,0
254000,1952,132,5223.0,5,0.0,1506,1.0861429146708514,11.409090909090908,0
254000,2119,164,10276.0,4,0.0,2463,1.1507648283449823,15.018292682926829,0
254000,2147,353,5279.5,8,0.0,10238,1.0324655711048898,29.002832861189802,0
254000,2170,315,4293.0,8,0.0,7948,1.006576101213673,25.23174603174603,0
254000,2175,473,4209.142857142857,7,0.0,8730,0.49034508473803384,18.456659619450317,0
254000,2270,220,6350.333333333333,6,0.0,4378,1.136685341935216,19.9,0
254000,2281,108,6432.25,4,0.0,1227,1.321925303825335,11.36111111111111,0
254000,2439,480,5968.6,10,0.0,20410,1.1131928135376334,42.520833333333336,0
254000,2576,395,7992.142857142857,7,0.0,5549,0.44692062515032244,14.048101265822785,0
254000,2602,270,6775.8,5,0.0,2870,0.49472542747888654,10.62962962962963,0
254000,2744,225,6498.428571428572,7,0.0,4269,1.059670837584184,18.973333333333333,0
254000,2750,266,4250.333333333333,6,0.0,5660,1.0052244004363293,21.278195488721803,0
254000,2797,363,8420.4,5,0.0,4804,0.4581414781274918,13.234159779614325,0
254000,2873,316,6016.571428571428,7,0.0,8559,1.077106694523115,27.085443037974684,0
254000,2907,97,11691.75,4,0.0,962,1.284817571581839,9.917525773195877,0
254000,2953,223,8217.4,5,0.0,4826,1.2195158677008862,21.641255605381165,0
254000,3129,526,7074.0,7,0.0,8561,0.3888327821333577,16.275665399239543,0
254000,3131,112,6573.6,5,0.0,1181,1.1831061619545746,10.544642857142858,0
254000,3137,299,6349.0,6,0.0,7154,1.005579527914962,23.926421404682273,0
254000,3309,113,7797.75,4,0.0,1461,1.4378156055743403,12.929203539823009,0
254000,3422,237,5920.8,5,0.0,1992,0.44565882005738877,8.405063291139241,0
254000,3635,232,6270.714285714285,7,0.0,4711,1.0998842888719913,20.30603448275862,0
254000,3992,368,4781.166666666667,6,0.0,4340,0.40272070287629086,11.793478260869565,0
254000,4042,268,10348.833333333334,6,0.0,6718,1.1753853556925946,25.067164179104477,0
254000,4329,348,5928.5,8,0.0,11166,1.1586412858364257,32.08620689655172,0
254000,4352,460,6270.666666666667,6,0.0,4679,0.2778735732730934,10.171739130434782,0
254000,4405,165,5444.6,5,0.0,2316,1.0690069547421799,14.036363636363637,0
254000,4501,192,6873.2,5,0.0,3179,1.083672205486323,16.557291666666668,0
254000,4596,261,6175.6,5,0.0,5514,1.0171748442855577,21.126436781609197,0
254000,4773,171,7721.4,5,0.0,2891,1.2424122788588752,16.906432748538013,0
254000,4809,632,5360.111111111111,9,0.0,14615,0.45980588679913903,23.125,0
254000,4843,214,7442.6,5,0.0,3758,1.031190950492658,17.560747663551403,0
254000,4858,154,8756.6,5,0.0,2076,1.100007817313613,13.480519480519481,0
258000,45,217,5142.666666666667,6,0.0,4020,1.0727942803993262,18.525345622119815,0
258000,162,391,7441.142857142857,7,0.0,5922,0.48677106231797945,15.145780051150895,0
258000,277,99,12265.5,4,0.0,750,0.9616139129445341,7.575757575757576,0
258000,370,246,4139.333333333333,6,0.0,4665,0.9687044569367694,18.963414634146343,0
258000,563,340,5787.5,8,0.0,10528,1.1444528531831606,30.96470588235294,0
258000,717,312,5673.5,6,0.0,8030,1.0366119743723718,25.737179487179485,0
258000,903,402,6231.0,5,0.0,5387,0.4188945725325664,13.400497512437811,0
258000,969,290,4548.0,7,0.0,7304,1.0913765870068894,25.186206896551724,0
258000,1245,323,5281.166666666667,6,0.0,3638,0.4381950971929058,11.263157894736842,0
258000,1266,357,4707.6,5,0.0,4308,0.42476539326836077,12.067226890756302,0
258000,1304,419,7148.111111111111,9,0.0,14721,1.0537052182089495,35.133651551312646,0
258000,1616,290,4115.714285714285,7,0.0,6946,1.0378835943797717,23.951724137931034,0
258000,1733,236,6492.2,5,0.0,2402,0.5419495514164524,10.177966101694915,0
258000,1803,165,5054.666666666667,6,0.0,2179,1.0057712238269472,13.206060606060607,0
258000,1839,73,4065.25,4,0.0,589,1.3889270579578818,8.068493150684931,0
258000,1952,129,5224.6,5,0.0,1462,1.1040222245173434,11.333333333333334,0
258000,2119,164,10341.5,4,0.0,2432,1.1362809835708472,14.829268292682928,0
258000,2147,353,5291.125,8,0.0,10268,1.0354909634796843,29.087818696883854,0
258000,2170,316,4279.375,8,0.0,8009,1.007891986965256,25.34493670886076,0
258000,2175,473,4218.571428571428,7,0.0,8730,0.49034508473803384,18.456659619450317,0
258000,2270,220,6363.666666666667,6,0.0,4392,1.1403202425261463,19.963636363636365,0
258000,2281,103,6469.75,4,0.0,1118,1.3242720658736502,10.854368932038835,0
258000,2439,481,5964.1,10,0.0,20584,1.118019773107694,42.79417879417879,0
258000,2576,395,8019.142857142857,7,0.0,5571,0.4486925216638036,14.103797468354431,0
258000,2602,269,6800.2,5,0.0,2843,0.49372164089251297,10.568773234200744,0
258000,2744,229,6482.0,7,0.0,4373,1.0478964683471457,19.096069868995635,0
258000,2750,268,4250.0,6,0.0,5689,0.9953508914163697,21.22761194029851,0
258000,2797,361,8467.2,5,0.0,4746,0.4576391750811353,13.146814404432133,0
258000,2873,316,6010.285714285715,7,0.0,8596,1.081762956667916,27.20253164556962,0
258000,2907,90,11768.25,4,0.0,837,1.2985249634837812,9.3,0
258000,2953,223,8233.4,5,0.0,4806,1.2144619270970698,21.55156950672646,0
258000,3129,527,7081.714285714285,7,0.0,8588,0.38858020169343704,16.296015180265655,0
258000,3131,112,6592.2,5,0.0,1145,1.1470419605740794,10.223214285714286,0
258000,3137,300,6366.666666666667,6,0.0,7135,0.9962339370383632,23.783333333333335,0
258000,3309,110,7838.25,4,0.0,1382,1.435266461904494,12.563636363636364,0
258000,3422,236,5934.4,5,0.0,1959,0.4419979896856079,8.30084745762712,0
258000,3635,232,6261.714285714285,7,0.0,4786,1.1173946522057632,20.629310344827587,0
258000,3992,369,4790.333333333333,6,0.0,4354,0.40183295991451173,11.799457994579946,0
258000,4042,267,10385.666666666666,6,0.0,6728,1.1859689642638909,25.198501872659175,0
258000,4329,349,5940.0,8,0.0,11222,1.157788614496914,32.154727793696274,0
258000,4352,460,6294.666666666667,6,0.0,4686,0.2782892849663851,10.18695652173913,0
258000,4405,165,5447.8,5,0.0,2301,1.062083334568979,13.945454545454545,0
258000,4501,191,6855.8,5,0.0,3180,1.0953937269719076,16.649214659685864,0
258000,4596,261,6191.2,5,0.0,5487,1.0121941187150625,21.022988505747126,0
258000,4773,171,7757.4,5,0.0,2870,1.233387492329634,16.783625730994153,0
258000,4809,633,5379.222222222223,9,0.0,14675,0.46023596546379075,23.183254344391784,0
258000,4843,214,7452.6,5,0.0,3745,1.027623765192923,17.5,0
258000,4858,154,8788.0,5,0.0,2056,1.0894104394974893,13.35064935064935,0
260000,45,218,5149.0,6,0.0,4048,1.0703785086887874,18.568807339449542,0
260000,162,391,7452.714285714285,7,0.0,5929,0.4873464418242655,15.163682864450127,0
260000,277,94,12301.0,4,0.0,687,0.9770367374450828,7.308510638297872,0
260000,370,246,4135.0,6,0.0,4667,0.9691197643138055,18.971544715447155,0
260000,563,340,5783.875,8,0.0,10545,1.1463008488617428,31.014705882352942,0
260000,717,312,5673.666666666667,6,0.0,8032,1.0368701591729628,25.743589743589745,0
260000,903,402,6238.2,5,0.0,5372,0.41772816848801686,13.36318407960199,0
260000,969,290,4548.857142857143,7,0.0,7308,1.0919742740753486,25.2,0
260000,1245,323,5279.0,6,0.0,3643,0.43879734444028473,11.278637770897832,0
260000,1266,356,4711.2,5,0.0,4281,0.4244779115647615,12.025280898876405,0
260000,1304,421,7152.666666666667,9,0.0,14781,1.0479715418601956,35.10926365795724,0
260000,1616,290,4117.428571428572,7,0.0,6955,1.0392283902838055,23.982758620689655,0
260000,1733,230,6495.8,5,0.0,2382,0.5658430019546985,10.356521739130434,0
260000,1803,165,5050.333333333333,6,0.0,2205,1.017772165460495,13.363636363636363,0
260000,1839,66,4097.75,4,0.0,488,1.4078027685507981,7.393939393939394,0
260000,1952,129,5225.2,5,0.0,1445,1.0911847567903974,11.2015503875969,0
260000,2119,163,10373.0,4,0.0,2413,1.1412793967574497,14.803680981595091,0
260000,2147,353,5296.125,8,0.0,10288,1.0375078917295475,29.144475920679888,0
260000,2170,317,4271.25,8,0.0,8049,1.0065451648934407,25.391167192429023,0
260000,2175,472,4222.571428571428,7,0.0,8737,0.4928198616492032,18.510593220338983,0
260000,2270,220,6371.333333333333,6,0.0,4397,1.1416184213086216,19.986363636363638,0
260000,2281,101,6491.5,4,0.0,1069,1.3168758147975643,10.584158415841584,0
260000,2439,482,5961.1,10,0.0,20675,1.118307675710972,42.8941908713693,0
260000,2576,395,8032.142857142857,7,0.0,5582,0.4495784699205441,14.131645569620254,0
260000,2602,269,6811.2,5,0.0,2841,0.4933743164880863,10.561338289962825,0
260000,2744,231,6477.428571428572,7,0.0,4428,1.0427819771065463,19.16883116883117,0
260000,2750,269,4247.666666666667,6,0.0,5710,0.9916111746381459,21.226765799256505,0
260000,2797,357,8495.4,5,0.0,4710,0.46440227537000445,13.193277310924369,0
260000,2873,315,6009.142857142857,7,0.0,8619,1.0915550347710932,27.36190476190476,0
260000,2907,87,11805.25,4,0.0,780,1.2949886483287296,8.96551724137931,0
260000,2953,222,8243.4,5,0.0,4790,1.2213480083349655,21.576576576576578,0
260000,3129,527,7085.714285714285,7,0.0,8595,0.38889692985038327,16.309297912713472,0
260000,3131,110,6603.4,5,0.0,1122,1.1652452751496687,10.2,0
260000,3137,300,6379.333333333333,6,0.0,7135,0.9962339370383632,23.783333333333335,0
260000,3309,108,7860.5,4,0.0,1343,1.4468994971780151,12.435185185185185,0
260000,3422,236,5940.8,5,0.0,1950,0.4399673710499926,8.26271186440678,0
260000,3635,235,6261.285714285715,7,0.0,4816,1.095873986034473,20.493617021276595,0
260000,3992,369,4798.5,6,0.0,4364,0.4027558651968143,11.826558265582657,0
260000,4042,267,10407.0,6,0.0,6739,1.1879079741638465,25.239700374531836,0
260000,4329,349,5946.25,8,0.0,11245,1.1601615549828728,32.220630372492835,0
260000,4352,460,6308.333333333333,6,0.0,4683,0.2781111228121172,10.180434782608696,0
260000,4405,165,5448.0,5,0.0,2295,1.0593138864996987,13.909090909090908,0
260000,4501,191,6847.6,5,0.0,3170,1.0919490926103608,16.596858638743456,0
260000,4596,259,6201.4,5,0.0,5470,1.024702184829455,21.11969111969112,0
260000,4773,171,7769.8,5,0.0,2860,1.2290899749347572,16.72514619883041,0
260000,4809,638,5385.888888888889,9,0.0,14726,0.45462498812672136,23.08150470219436,0
260000,4843,214,7457.4,5,0.0,3733,1.0243309787623982,17.44392523364486,0
260000,4858,153,8808.2,5,0.0,2042,1.0961821861045509,13.34640522875817,0
262000,45,219,5147.666666666667,6,0.0,4088,1.071106171086931,18.666666666666668,0
262000,162,392,7464.142857142857,7,0.0,5943,0.48600804717524315,15.160714285714286,0
262000,277,90,12338.5,4,0.0,622,0.9649731508804203,6.911111111111111,0
262000,370,246,4131.166666666667,6,0.0,4669,0.9695350716908417,18.979674796747968,0
262000,563,341,5780.5,8,0.0,10559,1.1411005006580484,30.964809384164223,0
262000,717,313,5673.166666666667,6,0.0,8032,1.0302553743993803,25.661341853035143,0
262000,903,400,6246.4,5,0.0,5356,0.42065925631567336,13.39,0
262000,969,290,4551.714285714285,7,0.0,7309,1.0921236958424636,25.20344827586207,0
262000,1245,323,5279.333333333333,6,0.0,3646,0.4391586927887121,11.287925696594428,0
262000,1266,356,4715.2,5,0.0,4269,0.42328806458069773,11.991573033707866,0
262000,1304,422,7155.111111111111,9,0.0,14841,1.0472445940550779,35.16824644549763,0
262000,1616,290,4118.0,7,0.0,6971,1.0416191385576432,24.03793103448276,0
262000,1733,227,6498.8,5,0.0,2370,0.5779715957234031,10.440528634361234,0
262000,1803,167,5048.833333333333,6,0.0,2227,1.0034532381289354,13.335329341317365,0
262000,1839,60,4126.0,4,0.0,389,1.3578661580515885,6.483333333333333,0
262000,1952,128,5226.4,5,0.0,1426,1.0937283017624622,11.140625,0
262000,2119,162,10408.25,4,0.0,2399,1.1487091565252117,14.808641975308642,0
262000,2147,354,5299.875,8,0.0,10307,1.0335598161623414,29.115819209039547,0
262000,2170,317,4263.375,8,0.0,8081,1.010546835321642,25.49211356466877,0
262000,2175,474,4224.857142857143,7,0.0,8753,0.4895647153567174,18.466244725738395,0
262000,2270,220,6378.666666666667,6,0.0,4401,1.1426569643346016,20.004545454545454,0
262000,2281,97,6513.0,4,0.0,1014,1.3542671700457223,10.45360824742268,0
262000,2439,483,5957.5,10,0.0,20778,1.1192300049516046,43.01863354037267,0
262000,2576,395,8048.571428571428,7,0.0,5591,0.4503033366760592,14.154430379746836,0
262000,2602,268,6823.4,5,0.0,2835,0.49601331994470166,10.578358208955224,0
262000,2744,233,6471.714285714285,7,0.0,4468,1.0342158430797543,19.175965665236053,0
262000,2750,269,4243.5,6,0.0,5721,0.9935214588624925,21.267657992565056,0
262000,2797,356,8514.2,5,0.0,4693,0.46532932468428545,13.182584269662922,0
262000,2873,316,6008.142857142857,7,0.0,8641,1.0874259781953775,27.34493670886076,0
262000,2907,82,11845.75,4,0.0,705,1.3175626536471174,8.597560975609756,0
262000,2953,222,8252.4,5,0.0,4785,1.2200731147980814,21.554054054054053,0
262000,3129,528,7088.285714285715,7,0.0,8606,0.38792106256878095,16.299242424242426,0
262000,3131,109,6613.2,5,0.0,1099,1.162397214475274,10.082568807339449,0
262000,3137,299,6391.833333333333,6,0.0,7130,1.0022060433371092,23.846153846153847,0
262000,3309,106,7879.75,4,0.0,1300,1.4539232643882987,12.264150943396226,0
262000,3422,236,5945.0,5,0.0,1942,0.4381623767072234,8.228813559322035,0
262000,3635,235,6258.285714285715,7,0.0,4847,1.1029279921738147,20.625531914893617,0
262000,3992,368,4807.666666666667,6,0.0,4371,0.4055972793254072,11.877717391304348,0
262000,4042,267,10428.5,6,0.0,6751,1.1900232576910712,25.284644194756556,0
262000,4329,348,5953.5,8,0.0,11266,1.169017797441624,32.37356321839081,0
262000,4352,460,6321.166666666667,6,0.0,4683,0.2781111228121172,10.180434782608696,0
262000,4405,165,5447.4,5,0.0,2291,1.0574675877868454,13.884848484848485,0
262000,4501,192,6840.2,5,0.0,3158,1.0765136284761898,16.447916666666668,0
262000,4596,259,6207.6,5,0.0,5457,1.022266877991652,21.06949806949807,0
262000,4773,170,7790.2,5,0.0,2851,1.2396789834442214,16.770588235294117,0
262000,4809,639,5397.222222222223,9,0.0,14748,0.45388024084132106,23.079812206572768,0
262000,4843,214,7464.2,5,0.0,3723,1.0215869900702943,17.397196261682243,0
262000,4858,154,8823.2,5,0.0,2032,1.0766935861181413,13.194805194805195,0
264000,45,221,5141.166666666667,6,0.0,4136,1.0641573444644774,18.714932126696834,0
264000,162,392,7476.142857142857,7,0.0,5963,0.487643611863701,15.21173469387755,0
264000,277,83,12382.75,4,0.0,546,0.9959701488518085,6.578313253012048,0
264000,370,246,4130.0,6,0.0,4665,0.9687044569367694,18.963414634146343,0
264000,563,340,5775.75,8,0.0,10592,1.151410013384882,31.152941176470588,0
264000,717,312,5671.666666666667,6,0.0,8031,1.036741066772667,25.740384615384617,0
264000,903,400,6261.0,5,0.0,5342,0.4195596988869169,13.355,0
264000,969,290,4550.714285714285,7,0.0,7314,1.092870804678038,25.220689655172414,0
264000,1245,323,5280.833333333333,6,0.0,3651,0.439760940036091,11.303405572755418,0
264000,1266,354,4716.6,5,0.0,4251,0.42627949728399284,12.008474576271187,0
264000,1304,422,7158.444444444444,9,0.0,14902,1.0515490156060083,35.312796208530806,0
264000,1616,289,4116.857142857143,7,0.0,6985,1.0509464534823436,24.169550173010382,0
264000,1733,226,6500.4,5,0.0,2357,0.5798992782920466,10.429203539823009,0
264000,1803,169,5046.666666666667,6,0.0,2240,0.9855631867289152,13.254437869822485,0
264000,1839,50,4160.75,4,0.0,266,1.337061833367816,5.32,0
264000,1952,126,5228.0,5,0.0,1399,1.1073540242812097,11.103174603174603,0
264000,2119,162,10449.25,4,0.0,2384,1.1415267316198852,14.716049382716049,0
264000,2147,356,5305.75,8,0.0,10338,1.0250531767709659,29.03932584269663,0
264000,2170,318,4256.75,8,0.0,8100,1.00656225996113,25.471698113207548,0
264000,2175,475,4227.142857142857,7,0.0,8759,0.4878397350079645,18.44,0
264000,2270,220,6386.666666666667,6,0.0,4407,1.144214778873572,20.03181818181818,0
264000,2281,96,6529.25,4,0.0,969,1.3212687852988323,10.09375,0
264000,2439,483,5951.5,10,0.0,20891,1.1253168752259106,43.25258799171843,0
264000,2576,395,8062.571428571428,7,0.0,5598,0.45086712193034867,14.172151898734176,0
264000,2602,267,6835.0,5,0.0,2824,0.4977967234068412,10.576779026217228,0
264000,2744,235,6468.0,7,0.0,4514,1.0271543133221783,19.208510638297874,0
264000,2750,272,4235.666666666667,6,0.0,5753,0.9771616855591523,21.15073529411765,0
264000,2797,356,8535.0,5,0.0,4681,0.4641394777002216,13.148876404494382,0
264000,2873,317,6008.142857142857,7,0.0,8672,1.0844526860424797,27.35646687697161,0
264000,2907,77,11891.25,4,0.0,617,1.307716422509632,8.012987012987013,0
264000,2953,222,8268.2,5,0.0,4771,1.2165034128948058,21.49099099099099,0
264000,3129,528,7093.0,7,0.0,8615,0.3883267434383045,16.31628787878788,0
264000,3131,108,6629.4,5,0.0,1071,1.1538565610406957,9.916666666666666,0
264000,3137,299,6403.0,6,0.0,7130,1.0022060433371092,23.846153846153847,0
264000,3309,104,7900.0,4,0.0,1261,1.4650696509529324,12.125,0
264000,3422,234,5949.2,5,0.0,1933,0.4436188618152583,8.260683760683762,0
264000,3635,235,6256.714285714285,7,0.0,4877,1.109754449728016,20.7531914893617,0
264000,3992,369,4815.0,6,0.0,4381,0.4043248041767285,11.872628726287262,0
264000,4042,266,10455.5,6,0.0,6756,1.199875627093258,25.398496240601503,0
264000,4329,348,5962.25,8,0.0,11292,1.1717156904589754,32.44827586206897,0
264000,4352,461,6330.833333333333,6,0.0,4686,0.27708326564851044,10.164859002169198,0
264000,4405,165,5447.0,5,0.0,2282,1.053313415682925,13.83030303030303,0
264000,4501,193,6831.4,5,0.0,3157,1.0650495860165887,16.357512953367877,0
264000,4596,259,6213.2,5,0.0,5448,1.0205808963347114,21.034749034749034,0
264000,4773,170,7812.0,5,0.0,2842,1.2357655808307533,16.71764705882353,0
264000,4809,641,5412.666666666667,9,0.0,14760,0.4514193410450748,23.026521060842434,0
264000,4843,214,7470.6,5,0.0,3708,1.0174710070321384,17.327102803738317,0
264000,4858,153,8836.4,5,0.0,2027,1.0881299173525585,13.248366013071895,0
266000,45,223,5129.5,6,0.0,4205,1.0625910119523883,18.856502242152466,0
266000,162,392,7489.571428571428,7,0.0,5975,0.4886249506767757,15.24234693877551,0
266000,277,77,12427.0,4,0.0,463,0.9813171857730303,6.012987012987013,0
266000,370,246,4127.333333333333,6,0.0,4666,0.9689121106252875,18.96747967479675,0
266000,563,340,5771.375,8,0.0,10610,1.1533667146916162,31.205882352941178,0
266000,717,313,5670.166666666667,6,0.0,8026,1.0294857613208945,25.642172523961662,0
266000,903,400,6278.6,5,0.0,5331,0.41869576090717964,13.3275,0
266000,969,290,4554.0,7,0.0,7317,1.0933190699793824,25.23103448275862,0
266000,1245,324,5281.5,6,0.0,3653,0.4372899696526259,11.274691358024691,0
266000,1266,354,4719.6,5,0.0,4239,0.4250761677221467,11.974576271186441,0
266000,1304,424,7164.222222222223,9,0.0,14953,1.045217046749915,35.26650943396226,0
266000,1616,289,4119.142857142857,7,0.0,7000,1.053203317734632,24.22145328719723,0
266000,1733,223,6503.4,5,0.0,2348,0.5933326268880399,10.52914798206278,0
266000,1803,173,5040.666666666667,6,0.0,2248,0.9438738728684359,12.99421965317919,0
266000,1839,28,4208.25,4,0.0,83,1.3303683175915961,2.9642857142857144,0
266000,1952,125,5229.6,5,0.0,1377,1.1074491095022452,11.016,0
266000,2119,161,10487.0,4,0.0,2370,1.1489640969110466,14.720496894409937,0
266000,2147,355,5315.875,8,0.0,10362,1.0332293775519916,29.1887323943662,0
266000,2170,319,4250.75,8,0.0,8119,1.0026077084342933,25.45141065830721,0
266000,2175,476,4228.571428571428,7,0.0,8774,0.48662407214527303,18.432773109243698,0
266000,2270,220,6394.5,6,0.0,4410,1.1449936861430567,20.045454545454547,0
266000,2281,92,6548.5,4,0.0,915,1.3584864262923726,9.945652173913043,0
266000,2439,485,5944.7,10,0.0,21007,1.1222520884083034,43.31340206185567,0
266000,2576,395,8077.571428571428,7,0.0,5608,0.4516725294364765,14.197468354430379,0
266000,2602,267,6849.0,5,0.0,2819,0.4969153552704977,10.558052434456929,0
266000,2744,240,6460.0,7,0.0,4587,1.0007281598622486,19.1125,0
266000,2750,274,4220.833333333333,6,0.0,5793,0.969643893774078,21.142335766423358,0
266000,2797,355,8561.2,5,0.0,4666,0.46526233117714655,13.143661971830985,0
266000,2873,318,6009.285714285715,7,0.0,8691,1.0800040248545901,27.330188679245282,0
266000,2907,71,11934.5,4,0.0,531,1.323694266261599,7.47887323943662,0
266000,2953,222,8277.0,5,0.0,4761,1.2139536258210377,21.445945945945947,0
266000,3129,529,7098.571428571428,7,0.0,8623,0.38721922022726885,16.300567107750474,0
266000,3131,106,6644.6,5,0.0,1045,1.1687306240659787,9.858490566037736,0
266000,3137,299,6414.833333333333,6,0.0,7132,1.0024871670519302,23.85284280936455,0
266000,3309,103,7916.75,4,0.0,1227,1.4533826697915644,11.912621359223301,0
266000,3422,233,5953.6,5,0.0,1929,0.44650903341558773,8.278969957081545,0
266000,3635,236,6253.857142857143,7,0.0,4912,1.1082665264602891,20.8135593220339,0
266000,3992,368,4825.166666666667,6,0.0,4389,0.4072675495216683,11.92663043478261,0
266000,4042,266,10476.0,6,0.0,6778,1.2037828597451306,25.481203007518797,0
266000,4329,348,5970.375,8,0.0,11313,1.1738947578960672,32.508620689655174,0
266000,4352,461,6346.666666666667,6,0.0,4690,0.2773197857216205,10.17353579175705,0
266000,4405,166,5447.2,5,0.0,2280,1.0397490564936462,13.734939759036145,0
266000,4501,193,6820.8,5,0.0,3155,1.0643748634407149,16.34715025906736,0
266000,4596,259,6218.6,5,0.0,5436,1.018332920792124,20.98841698841699,0
266000,4773,170,7835.4,5,0.0,2833,1.2318521782172849,16.66470588235294,0
266000,4809,641,5431.0,9,0.0,14780,0.4520310203689841,23.057722308892355,0
266000,4843,214,7476.0,5,0.0,3696,1.0141782206016137,17.27102803738318,0
266000,4858,153,8849.0,5,0.0,2019,1.0838353740181628,13.196078431372548,0
268000,45,227,6078.833333333333,6,0.0,4348,1.060346201774412,19.154185022026432,0
268000,162,392,7508.285714285715,7,0.0,5981,0.489115620083313,15.25765306122449,0
268000,277,68,12478.5,4,0.0,359,0.9756330126632662,5.279411764705882,0
268000,370,246,4124.833333333333,6,0.0,4666,0.9689121106252875,18.96747967479675,0
268000,563,340,5764.0,8,0.0,10635,1.1560843553954134,31.279411764705884,0
268000,717,313,5670.666666666667,6,0.0,8018,1.0284596105495805,25.616613418530353,0
268000,903,400,6267.2,5,0.0,5320,0.4178318229274425,13.3,0
268000,969,290,4559.142857142857,7,0.0,7319,1.0936179135136121,25.23793103448276,0
268000,1245,324,5282.833333333333,6,0.0,3654,0.4374096767343813,11.277777777777779,0
268000,1266,354,4724.6,5,0.0,4225,0.42367228323332623,11.935028248587571,0
268000,1304,424,7169.888888888889,9,0.0,15015,1.049550856480303,35.4127358490566,0
268000,1616,289,4112.857142857143,7,0.0,7025,1.056964758155113,24.30795847750865,0
268000,1733,220,6507.0,5,0.0,2343,0.6083265774678418,10.65,0
268000,1803,164,6088.4,5,0.0,2161,1.0096641469969576,13.176829268292684,0
268000,1952,123,5233.8,5,0.0,1348,1.119668688489402,10.959349593495935,0
268000,2119,161,10528.25,4,0.0,2356,1.1421769672246522,14.633540372670808,0
268000,2147,356,5317.5,8,0.0,10374,1.0286227177231573,29.140449438202246,0
268000,2170,319,4243.5,8,0.0,8146,1.005941913155038,25.53605015673981,0
268000,2175,476,4217.857142857143,7,0.0,8785,0.48723415475224796,18.455882352941178,0
268000,2270,220,6400.833333333333,6,0.0,4421,1.1478496794645021,20.095454545454544,0
268000,2281,91,6568.25,4,0.0,866,1.3141500968524387,9.516483516483516,0
268000,2439,486,5935.2,10,0.0,21140,1.1247145370266767,43.49794238683128,0
268000,2576,395,8098.285714285715,7,0.0,5613,0.4520752331895404,14.21012658227848,0
268000,2602,267,6862.2,5,0.0,2812,0.49568143987961666,10.53183520599251,0
268000,2744,235,7562.833333333333,6,0.0,4527,1.0301124449289991,19.26382978723404,0
268000,2750,275,4908.333333333333,6,0.0,5884,0.9777259463787025,21.396363636363635,0
268000,2797,353,8566.0,5,0.0,4643,0.4682298932057046,13.152974504249292,0
268000,2873,319,6005.857142857143,7,0.0,8723,1.0771951029279887,27.344827586206897,0
268000,2907,63,11986.75,4,0.0,429,1.3582698396472879,6.809523809523809,0
268000,2953,222,8289.8,5,0.0,4740,1.2085990729661245,21.35135135135135,0
268000,3129,529,7105.0,7,0.0,8632,0.3876233687813736,16.31758034026465,0
268000,3131,105,6670.8,5,0.0,1015,1.1569039613219556,9.666666666666666,0
268000,3137,299,6431.0,6,0.0,7128,1.0019249196222881,23.839464882943144,0
268000,3309,101,7935.25,4,0.0,1191,1.4671647291149668,11.792079207920793,0
268000,3422,233,5957.8,5,0.0,1927,0.4460460898869039,8.270386266094421,0
268000,3635,239,6253.285714285715,7,0.0,4942,1.0872184236298914,20.677824267782427,0
268000,3992,368,4833.166666666667,6,0.0,4400,0.40828827019716124,11.956521739130435,0
268000,4042,266,10500.0,6,0.0,6801,1.2078676938811794,25.56766917293233,0
268000,4329,348,5978.125,8,0.0,11338,1.1764888857973668,32.58045977011494,0
268000,4352,462,6378.333333333333,6,0.0,4693,0.2762971893948183,10.158008658008658,0
268000,4405,166,5448.2,5,0.0,2278,1.0388369959177746,13.72289156626506,0
268000,4501,193,6807.8,5,0.0,3160,1.066061669880399,16.373056994818654,0
268000,4596,259,6221.6,5,0.0,5429,1.0170216017256144,20.961389961389962,0
268000,4773,169,7860.4,5,0.0,2828,1.2442735232452553,16.733727810650887,0
268000,4809,643,5442.0,9,0.0,14808,0.4500744131862228,23.02954898911353,0
268000,4843,214,7475.4,5,0.0,3699,1.015001417209245,17.285046728971963,0
268000,4858,152,8867.8,5,0.0,1999,1.0872651860328941,13.151315789473685,0
270000,45,227,6074.0,6,0.0,4418,1.0774170927873397,19.462555066079297,0
270000,162,392,7529.285714285715,7,0.0,5991,0.4899334024275419,15.283163265306122,0
270000,277,53,12540.75,4,0.0,226,1.0110358700054016,4.264150943396227,0
270000,370,246,4122.5,6,0.0,4664,0.9684968032482514,18.959349593495936,0
270000,563,340,5764.75,8,0.0,10657,1.1584758792147551,31.344117647058823,0
270000,717,313,5670.833333333333,6,0.0,8016,1.028203072856752,25.610223642172524,0
270000,903,400,6258.6,5,0.0,5315,0.4174391238457438,13.2875,0
270000,969,290,4574.142857142857,7,0.0,7322,1.0940661788149568,25.248275862068965,0
270000,1245,324,5285.0,6,0.0,3656,0.4376490908978922,11.283950617283951,0
270000,1266,354,4730.4,5,0.0,4208,0.4219675663540442,11.887005649717514,0
270000,1304,427,7177.444444444444,9,0.0,15089,1.0399550603582841,35.33723653395784,0
270000,1616,292,4677.0,8,0.0,7115,1.0486222429297887,24.366438356164384,0
270000,1733,218,6508.8,5,0.0,2340,0.6187464699436172,10.73394495412844,0
270000,1803,162,6132.6,5,0.0,2115,1.0127219116510306,13.055555555555555,0
270000,1952,112,6334.0,4,0.0,1247,1.249223864485482,11.133928571428571,0
270000,2119,161,10581.5,4,0.0,2340,1.1344202475830587,14.53416149068323,0
270000,2147,357,5312.25,8,0.0,10389,1.0243471844626277,29.100840336134453,0
270000,2170,319,4235.375,8,0.0,8170,1.0089056506845888,25.61128526645768,0
270000,2175,476,4220.142857142857,7,0.0,8810,0.4886207061317364,18.508403361344538,0
270000,2270,220,6411.0,6,0.0,4426,1.1491478582469772,20.118181818181817,0
270000,2281,87,6588.25,4,0.0,808,1.3414754203200174,9.28735632183908,0
270000,2439,490,5924.5,10,0.0,21302,1.1149055677929158,43.4734693877551,0
270000,2576,396,8120.142857142857,7,0.0,5628,0.45099692517098655,14.212121212121213,0
270000,2602,267,6879.8,5,0.0,2808,0.4949763453705418,10.51685393258427,0
270000,2744,233,7582.166666666667,6,0.0,4485,1.0381508630735672,19.248927038626608,0
270000,2750,275,4905.666666666667,6,0.0,5914,0.9827109529034069,21.505454545454544,0
270000,2797,352,8575.4,5,0.0,4626,0.46916992560389925,13.142045454545455,0
270000,2873,320,6124.625,8,0.0,8823,1.0827449993212008,27.571875,0
270000,2907,54,12046.0,4,0.0,310,1.3359310323907214,5.7407407407407405,0
270000,2953,220,8314.6,5,0.0,4725,1.2267789494389896,21.477272727272727,0
270000,3129,530,7112.714285714285,7,0.0,8636,0.38634096342330304,16.29433962264151,0
270000,3131,94,8060.25,4,0.0,912,1.2970269352982757,9.702127659574469,0
270000,3137,299,6447.5,6,0.0,7125,1.0015032340500565,23.82943143812709,0
270000,3309,100,7952.5,4,0.0,1157,1.4539290800813562,11.57,0
270000,3422,233,5965.4,5,0.0,1923,0.4451202028295361,8.253218884120171,0
270000,3635,240,6255.285714285715,7,0.0,4967,1.0836312993319794,20.695833333333333,0
270000,3992,369,4835.666666666667,6,0.0,4406,0.4066320673824848,11.940379403794038,0
270000,4042,265,10537.0,6,0.0,6827,1.2216534308897125,25.762264150943395,0
270000,4329,347,5984.875,8,0.0,11377,1.1873497701962834,32.78674351585014,0
270000,4352,462,6395.5,6,0.0,4693,0.2762971893948183,10.158008658008658,0
270000,4405,165,5447.0,5,0.0,2273,1.0491592435790045,13.775757575757575,0
270000,4501,195,6795.2,5,0.0,3157,1.043314451795711,16.18974358974359,0
270000,4596,259,6227.0,5,0.0,5415,1.0143989635925958,20.907335907335906,0
270000,4773,169,7893.8,5,0.0,2821,1.2411936382867277,16.692307692307693,0
270000,4809,645,5450.0,9,0.0,14831,0.4479823149607858,22.993798449612402,0
270000,4843,214,7478.8,5,0.0,3688,1.0119830296479306,17.233644859813083,0
270000,4858,152,8885.0,5,0.0,1993,1.0840017587611597,13.111842105263158,0
272000,45,229,6078.333333333333,6,0.0,4457,1.0680252822829241,19.46288209606987,0
272000,162,392,7555.571428571428,7,0.0,5986,0.48952451125542745,15.270408163265307,0
272000,370,246,4118.666666666667,6,0.0,4663,0.9682891495597333,18.95528455284553,0
272000,563,338,6587.714285714285,7,0.0,10663,1.1728861897422347,31.547337278106507,0
272000,717,312,5668.5,6,0.0,8014,1.0345464959676447,25.685897435897434,0
272000,903,398,6260.4,5,0.0,5304,0.4207723904608536,13.326633165829145,0
272000,969,290,4587.857142857143,7,0.0,7323,1.0942156005820716,25.251724137931035,0
272000,1245,324,5290.333333333333,6,0.0,3657,0.4377687979796477,11.287037037037036,0
272000,1266,353,4732.2,5,0.0,4202,0.42375662529622454,11.903682719546742,0
272000,1304,430,7194.666666666667,9,0.0,15157,1.0301161676681556,35.24883720930232,0
272000,1616,294,4666.75,8,0.0,7188,1.045016798278654,24.448979591836736,0
272000,1733,218,6510.4,5,0.0,2336,0.6176887836702093,10.715596330275229,0
272000,1803,162,6163.8,5,0.0,2094,1.0026665167835735,12.925925925925926,0
272000,1952,107,6373.0,4,0.0,1154,1.2666251802751756,10.785046728971963,0
272000,2119,160,10654.5,4,0.0,2320,1.1388273369263,14.5,0
272000,2147,357,5311.0,8,0.0,10406,1.0260233710191649,29.1484593837535,0
272000,2170,320,4228.0,8,0.0,8195,1.0056778045378263,25.609375,0
272000,2175,476,4224.714285714285,7,0.0,8827,0.4895635610697886,18.544117647058822,0
272000,2270,220,6419.5,6,0.0,4441,1.1530423945944026,20.186363636363637,0
272000,2281,85,6607.5,4,0.0,757,1.3166425681757639,8.905882352941177,0
272000,2439,494,6561.888888888889,9,0.0,21514,1.1078402260212559,43.550607287449395,0
272000,2576,396,8152.142857142857,7,0.0,5631,0.45123732864922267,14.219696969696969,0
272000,2602,267,6906.0,5,0.0,2803,0.49409497723419826,10.49812734082397,0
272000,2744,232,7596.166666666667,6,0.0,4472,1.0440845977150384,19.275862068965516,0
272000,2750,276,4906.166666666667,6,0.0,5936,0.9792319886425652,21.507246376811594,0
272000,2797,355,8593.6,5,0.0,4609,0.4595786721807691,12.983098591549295,0
272000,2873,323,6121.0,8,0.0,8909,1.0730841453797684,27.58204334365325,0
272000,2907,37,12121.5,4,0.0,151,1.3860642533003908,4.081081081081081,0
272000,2953,220,8336.0,5,0.0,4714,1.2239229561175442,21.427272727272726,0
272000,3129,532,7123.428571428572,7,0.0,8645,0.3838412076754446,16.25,0
272000,3131,87,8109.75,4,0.0,820,1.3613983226019977,9.425287356321839,0
272000,3137,298,6471.833333333333,6,0.0,7124,1.008094503138313,23.906040268456376,0
272000,3309,98,7967.25,4,0.0,1120,1.4654659608582126,11.428571428571429,0
272000,3422,233,5981.4,5,0.0,1922,0.4448887310651942,8.24892703862661,0
272000,3635,239,6260.857142857143,7,0.0,4997,1.0993181835043642,20.90794979079498,0
272000,3992,369,4837.0,6,0.0,4411,0.4070935200236361,11.953929539295393,0
272000,4042,266,12471.333333333334,6,0.0,6899,1.2252726393304303,25.93609022556391,0
272000,4329,347,6846.875,8,0.0,11461,1.1961163501994907,33.028818443804035,0
272000,4352,462,6411.0,6,0.0,4692,0.2762383150736176,10.155844155844155,0
272000,4405,163,5446.0,5,0.0,2271,1.074117492762606,13.932515337423313,0
272000,4501,196,6773.2,5,0.0,3170,1.0369480124822619,16.1734693877551,0
272000,4596,258,6230.0,5,0.0,5390,1.0175581036505608,20.891472868217054,0
272000,4773,168,7933.8,5,0.0,2807,1.2497804108030823,16.708333333333332,0
272000,4809,645,5453.111111111111,9,0.0,14865,0.4490093123789414,23.046511627906977,0
272000,4843,214,7482.0,5,0.0,3688,1.0119830296479306,17.233644859813083,0
272000,4858,151,8903.2,5,0.0,1979,1.0906910857338188,13.105960264900663,0
274000,45,229,6078.833333333333,6,0.0,4492,1.0764122880894986,19.61572052401747,0
274000,162,392,7567.285714285715,7,0.0,5992,0.4900151806619648,15.285714285714286,0
274000,370,247,4115.666666666667,6,0.0,4659,0.9596407200953857,18.86234817813765,0
274000,563,336,6623.142857142857,7,0.0,10576,1.177206770988012,31.476190476190474,0
274000,717,312,5652.666666666667,6,0.0,8018,1.0350628655688265,25.69871794871795,0
274000,903,398,6253.4,5,0.0,5296,0.420137741304804,13.306532663316583,0
274000,969,290,4598.285714285715,7,0.0,7325,1.0945144441163013,25.25862068965517,0
274000,1245,325,5299.333333333333,6,0.0,3658,0.43519795225870633,11.255384615384616,0
274000,1266,352,4739.6,5,0.0,4184,0.4243421895215552,11.886363636363637,0
274000,1304,432,8105.375,8,0.0,15197,1.0232935433085582,35.17824074074074,0
274000,1616,295,4658.125,8,0.0,7255,1.047618716543244,24.593220338983052,0
274000,1733,214,6511.4,5,0.0,2329,0.639074966391006,10.883177570093459,0
274000,1803,161,6192.8,5,0.0,2067,1.0020712186983685,12.838509316770187,0
274000,1952,103,6408.5,4,0.0,1086,1.2863680353656388,10.54368932038835,0
274000,2119,160,10705.0,4,0.0,2295,1.126555490623215,14.34375,0
274000,2147,358,5300.375,8,0.0,10413,1.0209857464445715,29.08659217877095,0
274000,2170,319,4219.375,8,0.0,8237,1.0171794179545848,25.821316614420063,0
274000,2175,477,4227.142857142857,7,0.0,8846,0.48856240063737477,18.545073375262053,0
274000,2270,220,6423.166666666667,6,0.0,4448,1.1548598448898677,20.21818181818182,0
274000,2281,81,6633.5,4,0.0,694,1.3292274358124168,8.567901234567902,0
274000,2439,502,6918.444444444444,9,0.0,21617,1.077948102294417,43.06175298804781,0
274000,2576,396,8161.285714285715,7,0.0,5640,0.4519585390839311,14.242424242424242,0
274000,2602,267,6934.2,5,0.0,2798,0.4932136090978547,10.47940074906367,0
274000,2744,231,7607.0,6,0.0,4456,1.049375901081023,19.29004329004329,0
274000,2750,276,4903.333333333333,6,0.0,5951,0.9817064630073965,21.56159420289855,0
274000,2797,355,8608.8,5,0.0,4601,0.45878096565496174,12.96056338028169,0
274000,2873,324,6111.0,8,0.0,8987,1.075807543736148,27.737654320987655,0
274000,2953,220,8334.8,5,0.0,4705,1.2215862343090889,21.386363636363637,0
274000,3129,530,8308.666666666666,6,0.0,8591,0.38432783890338074,16.20943396226415,0
274000,3131,82,8151.5,4,0.0,737,1.37736691594032,8.987804878048781,0
274000,3137,299,6495.666666666667,6,0.0,7126,1.001643795907467,23.83277591973244,0
274000,3309,96,7965.5,4,0.0,1078,1.4698944794139743,11.229166666666666,0
274000,3422,232,5998.6,5,0.0,1916,0.4473314153000924,8.258620689655173,0
274000,3635,242,6254.571428571428,7,0.0,5031,1.0795268520053445,20.789256198347108,0
274000,3992,369,4837.666666666667,6,0.0,4420,0.40792413477770834,11.978319783197833,0
274000,4042,273,12509.333333333334,6,0.0,6990,1.1785872693095387,25.604395604395606,0
274000,4329,354,6860.125,8,0.0,11553,1.158505535667365,32.63559322033898,0
274000,4352,462,6425.166666666667,6,0.0,4690,0.27612056643121624,10.151515151515152,0
274000,4405,163,5448.0,5,0.0,2266,1.0717526369881398,13.901840490797547,0
274000,4501,200,11060.4,5,0.0,3206,1.0071946047408877,16.03,0
274000,4596,257,6232.8,5,0.0,5381,1.0237799251444641,20.93774319066148,0
274000,4773,168,7952.4,5,0.0,2802,1.2475542255326815,16.678571428571427,0
274000,4809,648,5456.0,9,0.0,14889,0.4455796850641902,22.97685185185185,0
274000,4843,214,7473.4,5,0.0,3680,1.0097878386942474,17.19626168224299,0
274000,4858,152,8914.8,5,0.0,1966,1.0693163360383542,12.93421052631579,0
278000,45,229,6086.5,6,0.0,4526,1.0845596651587426,19.76419213973799,0
278000,162,392,7585.571428571428,7,0.0,6015,0.4918960800536913,15.34438775510204,0
278000,370,247,4110.166666666667,6,0.0,4654,0.958610841666436,18.842105263157894,0
278000,563,334,6666.714285714285,7,0.0,10527,1.1858275974161767,31.517964071856287,0
278000,717,313,5635.666666666667,6,0.0,8015,1.0280748040103378,25.60702875399361,0
278000,903,398,6230.4,5,0.0,5275,0.4184717872701739,13.253768844221106,0
278000,969,290,4618.428571428572,7,0.0,7327,1.094813287650531,25.26551724137931,0
278000,1245,325,5308.666666666667,6,0.0,3660,0.43543589537093086,11.261538461538462,0
278000,1266,351,4744.6,5,0.0,4162,0.42451956150488124,11.857549857549857,0
278000,1304,429,8136.75,8,0.0,15167,1.0356069740328817,35.354312354312356,0
278000,1616,298,4643.625,8,0.0,7391,1.0458768209847376,24.802013422818792,0
278000,1733,209,6516.2,5,0.0,2316,0.6662785729002506,11.08133971291866,0
278000,1803,161,6241.2,5,0.0,2046,0.991890524168777,12.70807453416149,0
278000,1952,96,6478.75,4,0.0,951,1.296725092692662,9.90625,0
278000,2119,159,10772.25,4,0.0,2269,1.1278467989391623,14.270440251572326,0
278000,2147,359,5279.5,8,0.0,10443,1.0182308356216418,29.089136490250695,0
278000,2170,324,4203.25,8,0.0,8289,0.9922520006708503,25.583333333333332,0
278000,2175,480,4236.285714285715,7,0.0,8880,0.48432886742842646,18.5,0
278000,2270,220,6412.333333333333,6,0.0,4459,1.157715838211313,20.26818181818182,0
278000,2281,73,6679.5,4,0.0,560,1.3205418547647094,7.671232876712328,0
278000,2439,503,6922.666666666667,9,0.0,21771,1.0813151099178826,43.28230616302187,0
278000,2576,396,8166.142857142857,7,0.0,5658,0.45340095995334784,14.287878787878787,0
278000,2602,266,6974.8,5,0.0,2781,0.4939097274935392,10.454887218045112,0
278000,2744,231,7621.333333333333,6,0.0,4438,1.0451369499545737,19.21212121212121,0
278000,2750,275,4903.166666666667,6,0.0,5974,0.9926809659528157,21.723636363636363,0
278000,2797,351,8607.4,5,0.0,4566,0.46572713066585486,13.008547008547009,0
278000,2873,327,6096.0,8,0.0,9142,1.0743742123883284,27.95718654434251,0
278000,2953,219,8356.6,5,0.0,4684,1.2272654856583132,21.38812785388128,0
278000,3129,526,8336.0,6,0.0,8492,0.38569886530504305,16.14448669201521,0
278000,3131,73,8237.5,4,0.0,575,1.3559135115887642,7.876712328767123,0
278000,3137,298,6507.0,6,0.0,7128,1.0086605303719673,23.91946308724832,0
278000,3309,93,7986.25,4,0.0,1000,1.4529275771024595,10.75268817204301,0
278000,3422,231,6013.0,5,0.0,1910,0.44979981397323926,8.268398268398268,0
278000,3635,244,6240.0,7,0.0,5114,1.0794211791493014,20.959016393442624,0
278000,3992,370,4830.5,6,0.0,4435,0.40709900419783,11.986486486486486,0
278000,4042,276,12563.0,6,0.0,7069,1.1661372856661545,25.61231884057971,0
278000,4329,356,6887.625,8,0.0,11643,1.1544490362879045,32.70505617977528,0
278000,4352,460,6445.333333333333,6,0.0,4682,0.2780517354273613,10.178260869565218,0
278000,4405,164,5451.2,5,0.0,2254,1.0531156813193625,13.74390243902439,0
278000,4501,198,11054.2,5,0.0,3213,1.029888500763596,16.227272727272727,0
278000,4596,257,6243.4,5,0.0,5361,1.019974759096724,20.859922178988327,0
278000,4773,167,7984.4,5,0.0,2778,1.2517256827670329,16.634730538922156,0
278000,4809,650,5446.111111111111,9,0.0,14944,0.44447773363546383,22.99076923076923,0
278000,4843,213,7458.4,5,0.0,3656,1.0126441174832403,17.164319248826292,0
278000,4858,150,8917.0,5,0.0,1944,1.0857344210806326,12.96,0
280000,45,229,6090.166666666667,6,0.0,4540,1.0879144674813723,19.82532751091703,0
280000,162,393,7587.571428571428,7,0.0,6040,0.49143004170133436,15.368956743002544,0
280000,370,247,4107.5,6,0.0,4653,0.958404865980646,18.838056680161944,0
280000,563,335,6685.0,7,0.0,10517,1.1776388483066644,31.394029850746268,0
280000,717,313,5633.333333333333,6,0.0,8017,1.028331341703166,25.61341853035144,0
280000,903,396,6226.2,5,0.0,5256,0.421186893869706,13.272727272727273,0
280000,969,290,4631.285714285715,7,0.0,7329,1.0951121311847607,25.27241379310345,0
280000,1245,324,5311.5,6,0.0,3662,0.4383673333884249,11.302469135802468,0
280000,1266,351,4745.2,5,0.0,4156,0.42390756790348066,11.84045584045584,0
280000,1304,428,8149.875,8,0.0,15148,1.0391485176997595,35.39252336448598,0
280000,1616,301,4639.125,8,0.0,7455,1.0340094803594622,24.767441860465116,0
280000,1733,206,6521.0,5,0.0,2296,0.6799035472374555,11.145631067961165,0
280000,1803,160,6267.0,5,0.0,2035,0.9989282890711295,12.71875,0
280000,1952,93,6513.75,4,0.0,893,1.2974643263524963,9.602150537634408,0
280000,2119,158,10799.25,4,0.0,2256,1.1356245836402135,14.278481012658228,0
280000,2147,360,5271.25,8,0.0,10453,1.013551481727596,29.03611111111111,0
280000,2170,323,4193.75,8,0.0,8322,1.0023803185374827,25.764705882352942,0
280000,2175,480,4237.285714285715,7,0.0,8916,0.48629236283692007,18.575,0
280000,2270,220,6407.666666666667,6,0.0,4465,1.1592736527502832,20.295454545454547,0
280000,2281,68,6705.0,4,0.0,480,1.3044675378227513,7.0588235294117645,0
280000,2439,504,6925.777777777777,9,0.0,21823,1.079600914576878,43.29960317460318,0
280000,2576,397,8170.285714285715,7,0.0,5667,0.45183728258902367,14.27455919395466,0
280000,2602,266,6991.6,5,0.0,2780,0.49373212600936317,10.451127819548873,0
280000,2744,230,7625.333333333333,6,0.0,4433,1.0530571064925183,19.27391304347826,0
280000,2750,275,4899.666666666667,6,0.0,5983,0.9941764679102272,21.756363636363638,0
280000,2797,351,8606.8,5,0.0,4552,0.4642991455959201,12.968660968660968,0
280000,2873,328,6087.25,8,0.0,9225,1.0775279680757675,28.125,0
280000,2953,219,8372.4,5,0.0,4677,1.2254313997489177,21.356164383561644,0
280000,3129,525,8346.333333333334,6,0.0,8464,0.3858930099952328,16.121904761904762,0
280000,3131,66,8279.0,4,0.0,482,1.3904937181177965,7.303030303030303,0
280000,3137,297,6512.833333333333,6,0.0,7125,1.0150369081081194,23.98989898989899,0
280000,3309,91,7999.25,4,0.0,967,1.467417025007284,10.626373626373626,0
280000,3422,231,6019.2,5,0.0,1900,0.4474448411252118,8.225108225108226,0
280000,3635,245,6236.285714285715,7,0.0,5141,1.0762800721102959,20.983673469387757,0
280000,3992,371,4829.0,6,0.0,4441,0.405455147073685,11.970350404312669,0
280000,4042,278,12585.0,6,0.0,7096,1.153808885144308,25.52517985611511,0
280000,4329,359,6896.875,8,0.0,11672,1.1380628472063397,32.5125348189415,0
280000,4352,459,6453.833333333333,6,0.0,4681,0.2792049631709328,10.198257080610022,0
280000,4405,164,5453.4,5,0.0,2250,1.0512467981227,13.71951219512195,0
280000,4501,198,11048.6,5,0.0,3229,1.0350171082993003,16.30808080808081,0
280000,4596,256,6252.8,5,0.0,5348,1.025466156701551,20.890625,0
280000,4773,168,7996.4,5,0.0,2760,1.2288542692613138,16.428571428571427,0
280000,4809,652,5442.111111111111,9,0.0,14968,0.4424645154026499,22.957055214723926,0
280000,4843,212,7455.6,5,0.0,3650,1.0205422913494788,17.21698113207547,0
280000,4858,150,8916.4,5,0.0,1941,1.084058904998718,12.94,0
282000,45,229,6096.666666666667,6,0.0,4557,1.091988156015994,19.899563318777293,0
282000,162,393,7593.142857142857,7,0.0,6050,0.492243667598191,15.39440203562341,0
282000,370,247,4102.833333333333,6,0.0,4651,0.957992914609066,18.829959514170042,0
282000,563,335,6701.714285714285,7,0.0,10513,1.1771909491535573,31.382089552238806,0
282000,717,312,5629.333333333333,6,0.0,8015,1.0346755883679402,25.689102564102566,0
282000,903,396,6223.6,5,0.0,5246,0.4203855489422522,13.247474747474747,0
282000,969,290,4645.0,7,0.0,7330,1.0952615529518754,25.275862068965516,0
282000,1245,324,5311.333333333333,6,0.0,3665,0.4387264546336912,11.311728395061728,0
282000,1266,350,4749.0,5,0.0,4143,0.4249997833084902,11.837142857142856,0
282000,1304,429,8162.125,8,0.0,15146,1.0341730881981952,35.3053613053613,0
282000,1616,303,4633.125,8,0.0,7520,1.0293011253796576,24.818481848184817,0
282000,1733,193,6526.2,5,0.0,2277,0.7681716526321737,11.797927461139896,0
282000,1803,160,6296.4,5,0.0,2016,0.9896016858807849,12.6,0
282000,1952,89,6548.5,4,0.0,823,1.3056587571793459,9.247191011235955,0
282000,2119,157,10828.25,4,0.0,2235,1.139431146216591,14.235668789808917,0
282000,2147,361,5263.125,8,0.0,10480,1.0105475252529073,29.030470914127424,0
282000,2170,325,4181.375,8,0.0,8359,0.9944832375425167,25.72,0
282000,2175,482,4236.142857142857,7,0.0,8960,0.4846450676841746,18.589211618257263,0
282000,2270,221,6404.666666666667,6,0.0,4473,1.1508645555584158,20.239819004524886,0
282000,2281,61,6735.25,4,0.0,390,1.317088024617059,6.39344262295082,0
282000,2439,504,6927.0,9,0.0,21886,1.082717573955439,43.42460317460318,0
282000,2576,397,8175.0,7,0.0,5674,0.45239540169580383,14.292191435768261,0
282000,2602,265,7012.4,5,0.0,2775,0.4965707149141574,10.471698113207546,0
282000,2744,230,7638.166666666667,6,0.0,4432,1.0528195569534944,19.269565217391303,0
282000,2750,276,4898.333333333333,6,0.0,5998,0.9894598160172011,21.731884057971016,0
282000,2797,350,8610.6,5,0.0,4545,0.4662379954470403,12.985714285714286,0
282000,2873,332,6078.375,8,0.0,9302,1.0604984345947255,28.018072289156628,0
282000,2953,219,8389.2,5,0.0,4671,1.2238593261122932,21.328767123287673,0
282000,3129,524,8358.0,6,0.0,8435,0.38604006224913906,16.09732824427481,0
282000,3131,58,8325.0,4,0.0,385,1.4381845084804643,6.637931034482759,0
282000,3137,298,6518.166666666667,6,0.0,7121,1.0076699827130722,23.895973154362416,0
282000,3309,88,8015.5,4,0.0,923,1.4977737702806708,10.488636363636363,0
282000,3422,230,6026.6,5,0.0,1885,0.4477808810598684,8.195652173913043,0
282000,3635,247,6233.142857142857,7,0.0,5175,1.0659241739630008,20.951417004048583,0
282000,3992,371,4827.666666666667,6,0.0,4447,0.4060029360586979,11.986522911051212,0
282000,4042,280,12613.333333333334,6,0.0,7114,1.14026990498152,25.40714285714286,0
282000,4329,359,6906.0,8,0.0,11712,1.1419629940439213,32.62395543175487,0
282000,4352,461,6464.333333333333,6,0.0,4684,0.27696500561195536,10.160520607375272,0
282000,4405,164,5453.4,5,0.0,2251,1.0517140189218657,13.725609756097562,0
282000,4501,197,11051.6,5,0.0,3226,1.0445801644443993,16.375634517766496,0
282000,4596,256,6259.6,5,0.0,5335,1.022973437921237,20.83984375,0
282000,4773,166,8006.0,5,0.0,2751,1.2545393221114125,16.572289156626507,0
282000,4809,653,5439.444444444444,9,0.0,15003,0.4421418364228491,22.97549770290965,0
282000,4843,212,7455.0,5,0.0,3636,1.0166278825607413,17.150943396226417,0
282000,4858,150,8921.6,5,0.0,1929,1.0773568406710596,12.86,0
284000,45,228,6102.166666666667,6,0.0,4564,1.1032801531997396,20.017543859649123,0
284000,162,394,7595.0,7,0.0,6061,0.49063859087860384,15.383248730964468,0
284000,370,246,4099.166666666667,6,0.0,4652,0.9660049589860346,18.910569105691057,0
284000,563,335,6723.857142857143,7,0.0,10495,1.1751754029645758,31.328358208955223,0
284000,717,314,5625.0,6,0.0,8017,1.0217918902928869,25.53184713375796,0
284000,903,396,6223.2,5,0.0,5236,0.41958420401479835,13.222222222222221,0
284000,969,290,4661.0,7,0.0,7331,1.0954109747189904,25.279310344827586,0
284000,1245,323,5315.333333333333,6,0.0,3664,0.4413267828792762,11.343653250773993,0
284000,1266,350,4756.8,5,0.0,4133,0.4239739571358895,11.808571428571428,0
284000,1304,428,8168.125,8,0.0,15158,1.0398345148727854,35.41588785046729,0
284000,1616,304,4627.875,8,0.0,7595,1.0327387553676628,24.98355263157895,0
284000,1733,188,6528.4,5,0.0,2272,0.8077974772471719,12.085106382978724,0
284000,1803,159,6327.8,5,0.0,2007,0.9976150398725865,12.622641509433961,0
284000,1952,84,6586.25,4,0.0,756,1.3463968515384828,9.0,0
284000,2119,157,10850.25,4,0.0,2222,1.1328035825025795,14.152866242038217,0
284000,2147,362,5255.375,8,0.0,10501,1.0069858812413057,29.00828729281768,0
284000,2170,327,4169.125,8,0.0,8398,0.9869388137866091,25.68195718654434,0
284000,2175,484,4236.285714285715,7,0.0,9011,0.4833838433422858,18.617768595041323,0
284000,2270,221,6403.0,6,0.0,4478,1.152151012696308,20.262443438914026,0
284000,2281,51,6771.5,4,0.0,274,1.323792982827533,5.372549019607843,0
284000,2439,505,6933.333333333333,9,0.0,21918,1.0800106308225639,43.4019801980198,0
284000,2576,397,8178.428571428572,7,0.0,5688,0.4535116399093641,14.327455919395465,0
284000,2602,265,7039.0,5,0.0,2770,0.49567599290530306,10.452830188679245,0
284000,2744,230,7646.666666666667,6,0.0,4430,1.0523444578754466,19.26086956521739,0
284000,2750,277,4892.833333333333,6,0.0,6014,0.9849490137334784,21.71119133574007,0
284000,2797,350,8614.2,5,0.0,4543,0.4660328302125202,12.98,0
284000,2873,334,6063.5,8,0.0,9396,1.0584246324045214,28.131736526946106,0
284000,2953,219,8406.8,5,0.0,4665,1.2222872524756687,21.301369863013697,0
284000,3129,524,8365.5,6,0.0,8417,0.3852162660285719,16.06297709923664,0
284000,3131,47,8376.5,4,0.0,260,1.4790658034103146,5.531914893617022,0
284000,3137,298,6527.666666666667,6,0.0,7106,1.0055473805868687,23.845637583892618,0
284000,3309,87,8033.0,4,0.0,879,1.4593525921550683,10.10344827586207,0
284000,3422,230,6035.0,5,0.0,1873,0.44493028659158285,8.143478260869566,0
284000,3635,249,6226.428571428572,7,0.0,5222,1.0583956282670215,20.971887550200805,0
284000,3992,372,4823.166666666667,6,0.0,4455,0.4045495222494661,11.975806451612904,0
284000,4042,279,12638.5,6,0.0,7130,1.1510415138600596,25.555555555555557,0
284000,4329,359,6911.75,8,0.0,11758,1.1464481629071404,32.75208913649025,0
284000,4352,459,6474.0,6,0.0,4685,0.27944354891173256,10.206971677559913,0
284000,4405,165,5453.2,5,0.0,2248,1.0376198766236702,13.624242424242425,0
284000,4501,197,11054.4,5,0.0,3225,1.0442563640214468,16.370558375634516,0
284000,4596,256,6264.4,5,0.0,5326,1.0212477095348655,20.8046875,0
284000,4773,166,8014.4,5,0.0,2741,1.2499790192320543,16.512048192771083,0
284000,4809,656,5440.222222222223,9,0.0,15022,0.43866192781664437,22.899390243902438,0
284000,4843,212,7457.6,5,0.0,3625,1.0135522756553044,17.099056603773583,0
284000,4858,150,8927.2,5,0.0,1923,1.0740058085072306,12.82,0
286000,45,228,6111.0,6,0.0,4567,1.1040053592601249,20.030701754385966,0
286000,162,394,7599.714285714285,7,0.0,6070,0.4913671418302467,15.406091370558375,0
286000,370,246,4094.3333333333335,6,0.0,4651,0.9657973052975165,18.90650406504065,0
286000,563,336,6747.0,7,0.0,10494,1.1680794113793682,31.232142857142858,0
286000,717,314,5627.5,6,0.0,8007,1.0205173588094232,25.5,0
286000,903,396,6219.6,5,0.0,5229,0.4190232625655808,13.204545454545455,0
286000,969,290,4682.0,7,0.0,7332,1.0955603964861051,25.282758620689656,0
286000,1245,323,5315.0,6,0.0,3665,0.441447232328752,11.346749226006192,0
286000,1266,350,4768.2,5,0.0,4123,0.4229481309632887,11.78,0
286000,1304,428,8175.0,8,0.0,15171,1.0407263111977192,35.44626168224299,0
286000,1616,310,4625.625,8,0.0,7675,1.0036097238835238,24.758064516129032,0
286000,1733,186,6531.6,5,0.0,2265,0.8227202405342677,12.17741935483871,0
286000,1803,159,6366.4,5,0.0,2000,0.9941355653937084,12.578616352201259,0
286000,1952,80,6638.25,4,0.0,689,1.3528483364521044,8.6125,0
286000,2119,157,10869.5,4,0.0,2210,1.1266858313819534,14.07643312101911,0
286000,2147,366,5247.75,8,0.0,10516,0.9865026828257117,28.73224043715847,0
286000,2170,330,4151.125,8,0.0,8452,0.9753072950648642,25.612121212121213,0
286000,2175,487,4232.714285714285,7,0.0,9083,0.48126165009012295,18.650924024640656,0
286000,2270,221,6401.666666666667,6,0.0,4480,1.1526655955514649,20.271493212669682,0
286000,2281,34,6819.25,4,0.0,111,1.206632472486045,3.264705882352941,0
286000,2439,506,6937.0,9,0.0,21965,1.0780528150119484,43.40909090909091,0
286000,2576,398,8184.857142857143,7,0.0,5702,0.4523461859743188,14.326633165829145,0
286000,2602,265,7066.2,5,0.0,2769,0.4954970485035322,10.449056603773585,0
286000,2744,230,7653.666666666667,6,0.0,4430,1.0523444578754466,19.26086956521739,0
286000,2750,279,4879.0,6,0.0,6036,0.9744300950433828,21.634408602150536,0
286000,2797,349,8620.4,5,0.0,4531,0.46746927573387254,12.982808022922637,0
286000,2873,338,6045.5,8,0.0,9530,1.0482608448132322,28.19526627218935,0
286000,2953,219,8433.2,5,0.0,4660,1.2209771911118148,21.27853881278539,0
286000,3129,522,8376.666666666666,6,0.0,8392,0.38702082395921295,16.07662835249042,0
286000,3131,27,8439.25,4,0.0,86,1.4824525004593812,3.185185185185185,0
286000,3137,298,6544.0,6,0.0,7099,1.0045568329279737,23.822147651006713,0
286000,3309,85,8056.0,4,0.0,838,1.4575250622606208,9.858823529411765,0
286000,3422,230,6039.0,5,0.0,1867,0.44350498935744,8.117391304347827,0
286000,3635,255,6217.857142857143,7,0.0,5271,1.018644206202033,20.67058823529412,0
286000,3992,375,4816.5,6,0.0,4471,0.39953239478613234,11.922666666666666,0
286000,4042,279,12672.833333333334,6,0.0,7145,1.1534630598218971,25.60931899641577,0
286000,4329,361,6923.25,8,0.0,11778,1.1357088504225898,32.62603878116344,0
286000,4352,459,6486.833333333333,6,0.0,4686,0.27950319534693246,10.209150326797385,0
286000,4405,164,5455.0,5,0.0,2249,1.0507795773235342,13.713414634146341,0
286000,4501,197,11057.6,5,0.0,3229,1.0455515657132564,16.390862944162436,0
286000,4596,255,6267.4,5,0.0,5314,1.026954147554089,20.83921568627451,0
286000,4773,166,8025.0,5,0.0,2736,1.2476988677923753,16.481927710843372,0
286000,4809,659,5438.0,9,0.0,15043,0.43528478830942413,22.82701062215478,0
286000,4843,211,7455.4,5,0.0,3619,1.021488629037215,17.151658767772513,0
286000,4858,148,8931.8,5,0.0,1908,1.094623590768686,12.891891891891891,0
288000,45,228,6105.5,6,0.0,4573,1.105455771380896,20.05701754385965,0
288000,162,395,7602.714285714285,7,0.0,6076,0.489365600723258,15.382278481012658,0
288000,370,245,4091.3333333333335,6,0.0,4650,0.9734881025700983,18.979591836734695,0
288000,563,337,6760.285714285715,7,0.0,10492,1.1609361752402192,31.13353115727003,0
288000,717,313,5642.166666666667,6,0.0,8003,1.0265355778533665,25.568690095846645,0
288000,903,396,6202.2,5,0.0,5227,0.41886299358009005,13.19949494949495,0
288000,969,290,4706.0,7,0.0,7334,1.095859240020335,25.28965517241379,0
288000,1245,323,5313.833333333333,6,0.0,3665,0.441447232328752,11.346749226006192,0
288000,1266,349,4795.4,5,0.0,4109,0.42393097638280347,11.773638968481375,0
288000,1304,428,8181.875,8,0.0,15180,1.0413437086534427,35.467289719626166,0
288000,1616,311,5314.714285714285,7,0.0,7684,0.9983353335959707,24.707395498392284,0
288000,1733,184,6531.8,5,0.0,2262,0.8395891519872533,12.293478260869565,0
288000,1803,158,6393.0,5,0.0,1991,1.002228965437795,12.60126582278481,0
288000,1952,75,6681.0,4,0.0,608,1.358285037072067,8.106666666666667,0
288000,2119,156,10887.0,4,0.0,2192,1.1318821657904055,14.051282051282051,0
288000,2147,361,6010.571428571428,7,0.0,10461,1.0087154257319335,28.977839335180054,0
288000,2170,332,5267.875,8,0.0,8585,0.9787550054822316,25.85843373493976,0
288000,2175,493,5422.857142857143,7,0.0,9239,0.4776843274650971,18.740365111561864,0
288000,2270,221,6402.0,6,0.0,4488,1.1547239269720924,20.307692307692307,0
288000,2439,505,6939.777777777777,9,0.0,22006,1.084346835563525,43.576237623762374,0
288000,2576,399,8202.714285714286,7,0.0,5713,0.4509499018211818,14.31829573934837,0
288000,2602,266,7089.2,5,0.0,2770,0.49195611116760285,10.413533834586467,0
288000,2744,230,7654.0,6,0.0,4429,1.052106908336423,19.256521739130434,0
288000,2750,282,6471.166666666667,6,0.0,6088,0.9620248516198713,21.588652482269502,0
288000,2797,347,8624.4,5,0.0,4518,0.4715167673153563,13.020172910662824,0
288000,2873,345,6781.0,8,0.0,9689,1.022941103822945,28.08405797101449,0
288000,2953,219,8451.4,5,0.0,4655,1.2196671297479607,21.255707762557076,0
288000,3129,522,8374.666666666666,6,0.0,8374,0.38619070303079706,16.042145593869733,0
288000,3137,298,6563.666666666667,6,0.0,7097,1.0042738193111465,23.815436241610737,0
288000,3309,82,8073.75,4,0.0,796,1.487631024543412,9.707317073170731,0
288000,3422,229,6044.0,5,0.0,1857,0.44499056522310754,8.109170305676855,0
288000,3635,250,7280.5,6,0.0,5215,1.0485379640621293,20.86,0
288000,3992,367,5815.0,5,0.0,4381,0.4087436216877958,11.93732970027248,0
288000,4042,281,12710.833333333334,6,0.0,7163,1.1399667267468085,25.491103202846976,0
288000,4329,361,6920.0,8,0.0,11801,1.137926655105874,32.689750692520775,0
288000,4352,460,6494.5,6,0.0,4687,0.278348672351141,10.189130434782609,0
288000,4405,165,5442.2,5,0.0,2254,1.0403893246929503,13.66060606060606,0
288000,4501,196,11061.0,5,0.0,3229,1.0562476758060642,16.474489795918366,0
288000,4596,255,6269.0,5,0.0,5307,1.0256013664037544,20.811764705882354,0
288000,4773,166,8033.2,5,0.0,2730,1.2449626860647605,16.44578313253012,0
288000,4809,661,5436.555555555556,9,0.0,15057,0.43305733150937137,22.77912254160363,0
288000,4843,211,7441.2,5,0.0,3612,1.01951282898105,17.118483412322274,0
288000,4858,148,8936.4,5,0.0,1897,1.0883128677611098,12.817567567567568,0
290000,45,229,6102.166666666667,6,0.0,4580,1.0974996169746003,20.0,0
290000,162,395,7605.714285714285,7,0.0,6083,0.4899293859775475,15.4,0
290000,370,245,4089.0,6,0.0,4651,0.9736974548502209,18.983673469387757,0
290000,563,338,6768.142857142857,7,0.0,10506,1.1556168347962033,31.08284023668639,0
290000,717,314,5646.666666666667,6,0.0,8002,1.0198800930676912,25.484076433121018,0
290000,903,394,6186.0,5,0.0,5217,0.42231670163565027,13.241116751269036,0
290000,969,290,4712.571428571428,7,0.0,7334,1.095859240020335,25.28965517241379,0
290000,1245,323,5313.0,6,0.0,3670,0.4420494795761309,11.362229102167182,0
290000,1266,349,4807.8,5,0.0,4093,0.42228023517518,11.727793696275072,0
290000,1304,428,8187.625,8,0.0,15188,1.0418925063918634,35.48598130841121,0
290000,1616,309,5334.428571428572,7,0.0,7663,1.0085367561905965,24.79935275080906,0
290000,1733,185,6532.2,5,0.0,2260,0.8298027052871214,12.216216216216216,0
290000,1803,157,6396.4,5,0.0,1982,1.0104485600900597,12.624203821656051,0
290000,1952,70,6708.5,4,0.0,532,1.364348809558996,7.6,0
290000,2119,156,10903.25,4,0.0,2180,1.1256857305762245,13.974358974358974,0
290000,2147,359,6028.571428571428,7,0.0,10407,1.0147207034678185,28.988857938718663,0
290000,2170,331,5256.625,8,0.0,8652,0.9923625975980098,26.138972809667674,0
290000,2175,495,5413.571428571428,7,0.0,9307,0.4773195033479882,18.802020202020202,0
290000,2270,221,6402.333333333333,6,0.0,4497,1.1570395498202986,20.34841628959276,0
290000,2439,506,6941.444444444444,9,0.0,22039,1.0816847707738826,43.555335968379445,0
290000,2576,400,8211.285714285714,7,0.0,5722,0.44940482909601986,14.305,0
290000,2602,266,7097.2,5,0.0,2768,0.4916009081992508,10.406015037593985,0
290000,2744,230,7649.333333333333,6,0.0,4430,1.0523444578754466,19.26086956521739,0
290000,2750,281,6480.333333333333,6,0.0,6112,0.9727037042965928,21.750889679715304,0
290000,2797,348,8628.6,5,0.0,4500,0.466943022233917,12.931034482758621,0
290000,2873,347,6766.375,8,0.0,9820,1.0248549479939795,28.29971181556196,0
290000,2953,219,8469.4,5,0.0,4644,1.2167849947474823,21.205479452054796,0
290000,3129,521,8370.833333333334,6,0.0,8365,0.38725796835818643,16.05566218809981,0
290000,3137,298,6576.833333333333,6,0.0,7097,1.0042738193111465,23.815436241610737,0
290000,3309,79,8084.0,4,0.0,744,1.4980579613977285,9.417721518987342,0
290000,3422,229,6048.8,5,0.0,1848,0.4428339065871313,8.069868995633188,0
290000,3635,249,7299.666666666667,6,0.0,5176,1.0490723423803339,20.78714859437751,0
290000,3992,363,5842.0,5,0.0,4320,0.4119840103061541,11.900826446280991,0
290000,4042,281,12745.166666666666,6,0.0,7170,1.1410807525861535,25.516014234875446,0
290000,4329,362,6919.625,8,0.0,11821,1.1335663367444506,32.65469613259668,0
290000,4352,460,6497.5,6,0.0,4689,0.2784674471206529,10.193478260869565,0
290000,4405,166,5424.6,5,0.0,2254,1.0278922690073151,13.578313253012048,0
290000,4501,196,11061.8,5,0.0,3228,1.0559205628683728,16.46938775510204,0
290000,4596,255,6274.8,5,0.0,5295,1.0232823130031807,20.764705882352942,0
290000,4773,166,8039.4,5,0.0,2716,1.2385782620336592,16.36144578313253,0
290000,4809,663,5435.0,9,0.0,15080,0.4311060808758951,22.745098039215687,0
290000,4843,211,7428.0,5,0.0,3612,1.01951282898105,17.118483412322274,0
290000,4858,148,8942.2,5,0.0,1890,1.084296953119925,12.77027027027027,0
292000,45,230,6099.166666666667,6,0.0,4588,1.0898772850412077,19.94782608695652,0
292000,162,396,7609.285714285715,7,0.0,6094,0.4883395987903326,15.38888888888889,0
292000,370,245,4085.6666666666665,6,0.0,4651,0.9736974548502209,18.983673469387757,0
292000,563,338,6774.428571428572,7,0.0,10515,1.1566067978185874,31.109467455621303,0
292000,717,312,5644.333333333333,6,0.0,7998,1.0324810175629178,25.634615384615383,0
292000,903,394,6174.6,5,0.0,5214,0.42207385131843594,13.233502538071066,0
292000,969,290,4722.0,7,0.0,7335,1.0960086617874498,25.29310344827586,0
292000,1245,323,5314.0,6,0.0,3671,0.4421699290256067,11.365325077399381,0
292000,1266,348,4814.4,5,0.0,4080,0.4233616734920847,11.724137931034482,0
292000,1304,428,8192.875,8,0.0,15205,1.0430587015860076,35.52570093457944,0
292000,1616,309,5342.285714285715,7,0.0,7673,1.0098528683610135,24.831715210355988,0
292000,1733,184,6533.8,5,0.0,2257,0.8377332962136298,12.266304347826088,0
292000,1803,156,6406.6,5,0.0,1967,1.0156990055245105,12.60897435897436,0
292000,1952,63,6733.75,4,0.0,439,1.3899311412707676,6.968253968253968,0
292000,2119,156,10920.75,4,0.0,2169,1.120005664963225,13.903846153846153,0
292000,2147,358,6037.714285714285,7,0.0,10389,1.0186325669655867,29.019553072625698,0
292000,2170,333,5250.125,8,0.0,8683,0.9839911627346328,26.075075075075077,0
292000,2175,495,5409.571428571428,7,0.0,9361,0.4800889514172685,18.91111111111111,0
292000,2270,221,6402.833333333333,6,0.0,4502,1.1583260069581907,20.3710407239819,0
292000,2439,507,6945.444444444444,9,0.0,22078,1.0793285732440967,43.54635108481262,0
292000,2576,400,8213.714285714286,7,0.0,5734,0.45034730689209684,14.335,0
292000,2602,266,7107.4,5,0.0,2766,0.4912457052308988,10.398496240601503,0
292000,2744,229,7649.0,6,0.0,4429,1.0613156776376649,19.34061135371179,0
292000,2750,282,6493.0,6,0.0,6125,0.9678715860991641,21.71985815602837,0
292000,2797,348,8635.0,5,0.0,4481,0.46497148502892927,12.876436781609195,0
292000,2873,348,6756.75,8,0.0,9912,1.0285198303072411,28.482758620689655,0
292000,2953,219,8484.0,5,0.0,4634,1.2141648720197744,21.159817351598175,0
292000,3129,520,8375.166666666666,6,0.0,8344,0.3877729157034502,16.046153846153846,0
292000,3137,298,6583.5,6,0.0,7093,1.0037077920774922,23.802013422818792,0
292000,3309,76,8088.25,4,0.0,694,1.5098790177225183,9.131578947368421,0
292000,3422,229,6052.6,5,0.0,1844,0.4418753916378085,8.052401746724891,0
292000,3635,248,7309.833333333333,6,0.0,5157,1.053667619313382,20.794354838709676,0
292000,3992,361,5858.0,5,0.0,4286,0.4132830814154542,11.87257617728532,0
292000,4042,281,12773.833333333334,6,0.0,7186,1.143627097361799,25.572953736654803,0
292000,4329,362,6923.25,8,0.0,11840,1.13538832814942,32.70718232044199,0
292000,4352,460,6498.5,6,0.0,4691,0.27858622189016485,10.197826086956521,0
292000,4405,167,5408.4,5,0.0,2257,1.0169707940983417,13.51497005988024,0
292000,4501,196,11064.4,5,0.0,3230,1.0565747887437558,16.479591836734695,0
292000,4596,255,6277.8,5,0.0,5286,1.0215430229527502,20.729411764705883,0
292000,4773,165,8048.6,5,0.0,2707,1.24948265392361,16.406060606060606,0
292000,4809,663,5434.111111111111,9,0.0,15097,0.43159207579465436,22.770739064856713,0
292000,4843,211,7419.8,5,0.0,3606,1.017819286075766,17.09004739336493,0
292000,4858,148,8948.2,5,0.0,1876,1.0762651238375551,12.675675675675675,0
294000,45,230,6095.833333333333,6,0.0,4603,1.0934405281265647,20.01304347826087,0
294000,162,396,7610.0,7,0.0,6105,0.48922107821053173,15.416666666666666,0
294000,370,246,4082.8333333333335,6,0.0,4655,0.9666279200515887,18.922764227642276,0
294000,563,340,6781.0,7,0.0,10530,1.1446702644394644,30.970588235294116,0
294000,717,313,5646.833333333333,6,0.0,7998,1.0258942336212953,25.552715654952078,0
294000,903,394,6169.0,5,0.0,5206,0.4214262504725312,13.213197969543147,0
294000,969,290,4731.571428571428,7,0.0,7323,1.0942156005820716,25.251724137931035,0
294000,1245,323,5314.666666666667,6,0.0,3675,0.44265172682350984,11.377708978328174,0
294000,1266,347,4822.6,5,0.0,4058,0.42350930539303144,11.694524495677234,0
294000,1304,427,8201.125,8,0.0,15213,1.0485013144165003,35.62763466042155,0
294000,1616,310,5343.0,7,0.0,7693,1.0059634665584298,24.816129032258065,0
294000,1733,183,6532.0,5,0.0,2248,0.8435367177604413,12.28415300546448,0
294000,1803,156,6418.6,5,0.0,1949,1.0064043527032391,12.493589743589743,0
294000,1952,54,6762.0,4,0.0,331,1.4264295861978347,6.12962962962963,0
294000,2119,154,10937.25,4,0.0,2153,1.140807721905688,13.980519480519481,0
294000,2147,357,6047.571428571428,7,0.0,10378,1.0232625931613388,29.07002801120448,0
294000,2170,332,5240.125,8,0.0,8736,0.9959701488518085,26.313253012048193,0
294000,2175,497,5407.428571428572,7,0.0,9402,0.47831867064036104,18.917505030181086,0
294000,2270,222,6401.0,6,0.0,4522,1.1530137147579778,20.36936936936937,0
294000,2439,507,6948.0,9,0.0,22107,1.080746298066276,43.603550295857985,0
294000,2576,400,8217.142857142857,7,0.0,5741,0.45089708560647507,14.3525,0
294000,2602,266,7110.4,5,0.0,2761,0.49035769781001853,10.3796992481203,0
294000,2744,229,7651.0,6,0.0,4432,1.0620345638496569,19.353711790393014,0
294000,2750,280,6509.833333333333,6,0.0,6137,0.9836711283204367,21.917857142857144,0
294000,2797,348,8640.0,5,0.0,4473,0.46414136410051343,12.85344827586207,0
294000,2873,351,6749.25,8,0.0,10004,1.02039733140193,28.501424501424502,0
294000,2953,219,8502.2,5,0.0,4631,1.2133788352014623,21.14611872146119,0
294000,3129,519,8378.833333333334,6,0.0,8322,0.388242307730878,16.034682080924856,0
294000,3137,299,6587.166666666667,6,0.0,7096,0.9974269401851511,23.732441471571907,0
294000,3309,74,8099.0,4,0.0,642,1.473266971223263,8.675675675675675,0
294000,3422,229,6055.2,5,0.0,1833,0.4392394755271708,8.004366812227074,0
294000,3635,247,7322.166666666667,6,0.0,5132,1.057067219474033,20.777327935222672,0
294000,3992,359,5876.0,5,0.0,4258,0.4151706308605718,11.860724233983287,0
294000,4042,282,12802.0,6,0.0,7198,1.1374268859986585,25.52482269503546,0
294000,4329,363,6923.625,8,0.0,11862,1.1312394282989817,32.67768595041322,0
294000,4352,460,6502.0,6,0.0,4690,0.2785268345054089,10.195652173913043,0
294000,4405,167,5393.0,5,0.0,2255,1.0160696237003812,13.502994011976048,0
294000,4501,196,11064.2,5,0.0,3240,1.0598459181206714,16.53061224489796,0
294000,4596,255,6281.6,5,0.0,5280,1.0203834962524632,20.705882352941178,0
294000,4773,165,8051.8,5,0.0,2698,1.2453284818196895,16.35151515151515,0
294000,4809,665,5434.222222222223,9,0.0,15109,0.4293409319065018,22.720300751879698,0
294000,4843,210,7414.0,5,0.0,3601,1.02611112431536,17.14761904761905,0
294000,4858,147,8955.8,5,0.0,1864,1.0839795837459159,12.680272108843537,0
296000,45,230,6096.0,6,0.0,4611,1.095340924438755,20.047826086956523,0
296000,162,396,7610.142857142857,7,0.0,6127,0.4909840370509301,15.472222222222221,0
296000,370,246,4079.3333333333335,6,0.0,4656,0.9668355737401069,18.926829268292682,0
296000,563,340,6792.0,7,0.0,10542,1.1459747319772873,31.00588235294118,0
296000,717,314,5643.333333333333,6,0.0,8000,1.0196251867709984,25.477707006369428,0
296000,903,394,6164.0,5,0.0,5199,0.42085959973236453,13.195431472081218,0
296000,969,291,4738.857142857143,7,0.0,7322,1.0865597434883605,25.16151202749141,0
296000,1245,324,5314.166666666667,6,0.0,3682,0.4407614750235337,11.364197530864198,0
296000,1266,347,4827.0,5,0.0,4044,0.4220482087258302,11.654178674351584,0
296000,1304,427,8207.75,8,0.0,15226,1.0493972926645392,35.65807962529274,0
296000,1616,312,5342.714285714285,7,0.0,7712,0.9955605910784223,24.71794871794872,0
296000,1733,182,6535.2,5,0.0,2237,0.8486587086197762,12.291208791208792,0
296000,1803,156,6426.6,5,0.0,1937,1.000207917489058,12.416666666666666,0
296000,1952,40,6798.0,4,0.0,190,1.4922565104551517,4.75,0
296000,2119,154,10957.0,4,0.0,2131,1.1291506063079524,13.837662337662337,0
296000,2147,357,6060.857142857143,7,0.0,10368,1.0222766010692583,29.04201680672269,0
296000,2170,334,5233.125,8,0.0,8770,0.987908048764118,26.25748502994012,0
296000,2175,498,5410.0,7,0.0,9427,0.4776663915967642,18.929718875502008,0
296000,2270,222,6403.666666666667,6,0.0,4535,1.1563284379538765,20.42792792792793,0
296000,2439,509,6952.888888888889,9,0.0,22136,1.0736764946848847,43.48919449901768,0
296000,2576,400,8220.857142857143,7,0.0,5753,0.451839563402552,14.3825,0
296000,2602,267,7117.2,5,0.0,2757,0.48598639037983754,10.325842696629213,0
296000,2744,229,7651.833333333333,6,0.0,4437,1.0632327075363104,19.375545851528383,0
296000,2750,280,6529.333333333333,6,0.0,6146,0.9851136963756566,21.95,0
296000,2797,347,8646.4,5,0.0,4457,0.4651505604082654,12.844380403458214,0
296000,2873,353,6737.0,8,0.0,10111,1.0196580767182595,28.643059490084987,0
296000,2953,219,8522.6,5,0.0,4623,1.211282737019296,21.10958904109589,0
296000,3129,519,8381.333333333334,6,0.0,8318,0.38805569763343467,16.026974951830443,0
296000,3137,300,6590.0,6,0.0,7103,0.9917658941532578,23.676666666666666,0
296000,3309,69,8111.75,4,0.0,580,1.5308748070422853,8.405797101449275,0
296000,3422,227,6060.0,5,0.0,1819,0.4435992964645022,8.013215859030836,0
296000,3635,245,7326.5,6,0.0,5135,1.0750239584295602,20.959183673469386,0
296000,3992,358,5886.8,5,0.0,4237,0.4154342271857917,11.835195530726256,0
296000,4042,282,12833.5,6,0.0,7212,1.1396391639097423,25.574468085106382,0
296000,4329,364,6926.75,8,0.0,11883,1.1270240762772465,32.645604395604394,0
296000,4352,460,6504.833333333333,6,0.0,4689,0.2784674471206529,10.193478260869565,0
296000,4405,169,5372.4,5,0.0,2266,0.9970027594320187,13.408284023668639,0
296000,4501,196,11067.2,5,0.0,3240,1.0598459181206714,16.53061224489796,0
296000,4596,255,6288.8,5,0.0,5269,1.0182576973019375,20.662745098039217,0
296000,4773,164,8059.4,5,0.0,2686,1.2549550665589209,16.378048780487806,0
296000,4809,665,5433.555555555556,9,0.0,15130,0.4299376728933332,22.75187969924812,0
296000,4843,209,7412.4,5,0.0,3592,1.0333646951026338,17.1866028708134,0
296000,4858,147,8963.2,5,0.0,1849,1.0752565720741407,12.578231292517007,0
298000,45,230,6097.333333333333,6,0.0,4617,1.096766221672898,20.07391304347826,0
298000,162,396,7609.285714285715,7,0.0,6138,0.49186551647112925,15.5,0
298000,370,246,4075.8333333333335,6,0.0,4655,0.9666279200515887,18.922764227642276,0
298000,563,341,6808.285714285715,7,0.0,10558,1.14099243166471,30.961876832844574,0
298000,717,314,5639.5,6,0.0,8000,1.0196251867709984,25.477707006369428,0
298000,903,394,6160.0,5,0.0,5190,0.4201310487807216,13.17258883248731,0
298000,969,291,4749.0,7,0.0,7321,1.0864113469104464,25.15807560137457,0
298000,1245,324,5315.5,6,0.0,3682,0.4407614750235337,11.364197530864198,0
298000,1266,346,4831.0,5,0.0,4034,0.42344163736112883,11.658959537572255,0
298000,1304,428,8210.75,8,0.0,15244,1.045734090560809,35.61682242990654,0
298000,1616,316,6232.833333333333,6,0.0,7749,0.9751723070288139,24.522151898734176,0
298000,1733,180,6536.8,5,0.0,2229,0.8645197561545245,12.383333333333333,0
298000,1803,156,6438.2,5,0.0,1931,0.9971096998819676,12.378205128205128,0
298000,2119,153,10974.5,4,0.0,2111,1.1332226223637154,13.797385620915033,0
298000,2147,356,6079.428571428572,7,0.0,10358,1.0270362550777388,29.09550561797753,0
298000,2170,334,5225.375,8,0.0,8800,0.9912874377564695,26.347305389221557,0
298000,2175,498,5415.285714285715,7,0.0,9448,0.4787304622686145,18.971887550200805,0
298000,2270,222,6406.5,6,0.0,4538,1.157093374076007,20.44144144144144,0
298000,2439,509,6958.111111111111,9,0.0,22161,1.074889085594133,43.53831041257367,0
298000,2576,400,8224.857142857143,7,0.0,5760,0.4523893421169302,14.4,0
298000,2602,267,7126.0,5,0.0,2753,0.4852812958707627,10.310861423220974,0
298000,2744,230,7652.0,6,0.0,4442,1.0551950523437323,19.31304347826087,0
298000,2750,280,6559.0,6,0.0,6154,0.9863959790914075,21.978571428571428,0
298000,2797,345,8652.2,5,0.0,4447,0.46950346668393395,12.889855072463767,0
298000,2873,363,7003.75,8,0.0,10257,0.978175924469959,28.25619834710744,0
298000,2953,218,8552.0,5,0.0,4612,1.2195122732393002,21.155963302752294,0
298000,3129,519,8382.5,6,0.0,8314,0.3878690875359913,16.01926782273603,0
298000,3137,302,7909.4,5,0.0,7091,0.9770200213413982,23.480132450331126,0
298000,3309,66,8122.0,4,0.0,520,1.5001177041934732,7.878787878787879,0
298000,3422,226,6065.6,5,0.0,1814,0.4463034751046977,8.026548672566372,0
298000,3635,247,7332.666666666667,6,0.0,5130,1.056655268102453,20.76923076923077,0
298000,3992,358,5896.8,5,0.0,4223,0.4140615391563839,11.796089385474861,0
298000,4042,282,12871.333333333334,6,0.0,7222,1.1412193624176594,25.609929078014183,0
298000,4329,365,6928.875,8,0.0,11917,1.1240640916593603,32.64931506849315,0
298000,4352,460,6508.166666666667,6,0.0,4688,0.27840805973589694,10.191304347826087,0
298000,4405,173,7391.2,5,0.0,2286,0.959829036199842,13.213872832369942,0
298000,4501,196,11071.2,5,0.0,3239,1.05951880518298,16.525510204081634,0
298000,4596,255,6292.6,5,0.0,5258,1.0161318983514114,20.619607843137256,0
298000,4773,164,8064.4,5,0.0,2678,1.251217300165596,16.329268292682926,0
298000,4809,668,5433.888888888889,9,0.0,15146,0.42653521398464456,22.67365269461078,0
298000,4843,209,7408.8,5,0.0,3587,1.031926269858894,17.16267942583732,0
298000,4858,146,8968.2,5,0.0,1842,1.08590986449848,12.616438356164384,0
300000,45,231,6098.833333333333,6,0.0,4622,1.0884684503582784,20.00865800865801,0
300000,162,397,7610.714285714285,7,0.0,6149,0.4902677696558861,15.488664987405542,0
300000,370,246,4072.1666666666665,6,0.0,4654,0.9664202663630708,18.91869918699187,0
300000,563,342,6821.285714285715,7,0.0,10572,1.135833847465931,30.912280701754387,0
300000,717,315,5636.666666666667,6,0.0,8005,1.0137948779838264,25.41269841269841,0
300000,903,394,6154.0,5,0.0,5181,0.4194024978290788,13.149746192893401,0
300000,969,291,4746.0,7,0.0,7321,1.0864113469104464,25.15807560137457,0
300000,1245,324,5314.333333333333,6,0.0,3681,0.44064176794177823,11.36111111111111,0
300000,1266,346,4839.6,5,0.0,4025,0.42249692374282194,11.632947976878613,0
300000,1304,428,8204.875,8,0.0,15257,1.0466258868857428,35.64719626168224,0
300000,1616,313,6263.833333333333,6,0.0,7689,0.986259160079287,24.56549520766773,0
300000,1733,179,6537.8,5,0.0,2228,0.8738139798630579,12.446927374301676,0
300000,1803,155,6429.6,5,0.0,1927,1.0079249187875183,12.432258064516128,0
300000,2119,152,10992.75,4,0.0,2091,1.1373044041994904,13.756578947368421,0
300000,2147,356,6097.428571428572,7,0.0,10353,1.0265404855010456,29.081460674157302,0
300000,2170,335,5215.625,8,0.0,8848,0.9907529266727552,26.411940298507464,0
300000,2175,500,5407.714285714285,7,0.0,9478,0.47641624273158495,18.956,0
300000,2270,223,6392.666666666667,6,0.0,4548,1.149266093307839,20.394618834080717,0
300000,2439,508,6959.888888888889,9,0.0,22201,1.0810728889321561,43.70275590551181,0
300000,2576,400,8231.714285714286,7,0.0,5768,0.45301766064764815,14.42,0
300000,2602,268,7133.0,5,0.0,2752,0.4814915895900596,10.26865671641791,0
300000,2744,230,7650.833333333333,6,0.0,4459,1.059233394507137,19.38695652173913,0
300000,2750,280,6575.0,6,0.0,6162,0.9876782618071583,22.007142857142856,0
300000,2797,343,8659.4,5,0.0,4426,0.4727516284809365,12.903790087463557,0
300000,2873,366,6988.5,8,0.0,10400,0.9756207589755993,28.415300546448087,0
300000,2953,218,8582.6,5,0.0,4604,1.2173969006924845,21.119266055045873,0
300000,3129,518,8387.5,6,0.0,8293,0.3883846078057893,16.00965250965251,0
300000,3137,298,7947.0,5,0.0,6998,0.9902646452782023,23.483221476510067,0
300000,3309,61,8136.25,4,0.0,445,1.5028312075758752,7.295081967213115,0
300000,3422,224,6069.6,5,0.0,1806,0.4523051923137091,8.0625,0
300000,3635,246,7339.166666666667,6,0.0,5120,1.0631868852124886,20.8130081300813,0
300000,3992,354,5912.4,5,0.0,4197,0.4208645142556852,11.85593220338983,0
300000,4042,283,12894.666666666666,6,0.0,7235,1.1352082232877,25.565371024734983,0
300000,4329,365,6932.25,8,0.0,11940,1.1262335532779022,32.71232876712329,0
300000,4352,460,6513.5,6,0.0,4687,0.278348672351141,10.189130434782609,0
300000,4405,171,7391.2,5,0.0,2295,0.9862802421242194,13.421052631578947,0
300000,4501,196,11071.6,5,0.0,3239,1.05951880518298,16.525510204081634,0
300000,4596,254,6295.2,5,0.0,5246,1.0218113373880622,20.653543307086615,0
300000,4773,164,8074.2,5,0.0,2667,1.2460778713747738,16.26219512195122,0
300000,4809,669,5433.888888888889,9,0.0,15161,0.42568218608033187,22.66218236173393,0
300000,4843,209,7404.6,5,0.0,3583,1.0307755296639023,17.14354066985646,0
300000,4858,145,8973.2,5,0.0,1831,1.0943650223491865,12.627586206896552,0
302000,45,231,6098.333333333333,6,0.0,4625,1.0891749422126866,20.02164502164502,0
302000,162,397,7611.714285714285,7,0.0,6157,0.4909056200636348,15.5088161209068,0
302000,370,246,4069.1666666666665,6,0.0,4652,0.9660049589860346,18.910569105691057,0
302000,563,343,6826.428571428572,7,0.0,10606,1.132852185194038,30.92128279883382,0
302000,717,316,5635.166666666667,6,0.0,8000,1.0067593826597638,25.31645569620253,0
302000,903,394,6149.4,5,0.0,5176,0.4189977473003883,13.137055837563452,0
302000,969,291,4742.428571428572,7,0.0,7320,1.086262950332532,25.15463917525773,0
302000,1245,324,5312.5,6,0.0,3689,0.4415994245958218,11.385802469135802,0
302000,1266,346,4848.4,5,0.0,4014,0.42134227376489125,11.601156069364162,0
302000,1304,429,8201.5,8,0.0,15281,1.0433909257068943,35.62004662004662,0
302000,1616,311,6282.833333333333,6,0.0,7650,0.9939179206154575,24.59807073954984,0
302000,1733,179,6538.2,5,0.0,2225,0.8726373901235654,12.430167597765363,0
302000,1803,154,6423.4,5,0.0,1918,1.0162885325662376,12.454545454545455,0
302000,2119,151,11006.75,4,0.0,2077,1.1447020642087629,13.754966887417218,0
302000,2147,356,6109.285714285715,7,0.0,10346,1.0258464080936749,29.06179775280899,0
302000,2170,336,5205.25,8,0.0,8895,0.9900958990108139,26.473214285714285,0
302000,2175,500,5405.142857142857,7,0.0,9498,0.47742155238073364,18.996,0
302000,2270,223,6382.666666666667,6,0.0,4554,1.1507822754889838,20.42152466367713,0
302000,2439,507,6963.888888888889,9,0.0,22227,1.086612745606329,43.84023668639053,0
302000,2576,400,8236.285714285714,7,0.0,5779,0.4538815986273854,14.4475,0
302000,2602,268,7141.4,5,0.0,2748,0.4807917471633299,10.253731343283581,0
302000,2744,230,7651.666666666667,6,0.0,4463,1.0601835926632321,19.404347826086955,0
302000,2750,280,6583.333333333333,6,0.0,6171,0.9891208298623783,22.039285714285715,0
302000,2797,343,8667.2,5,0.0,4415,0.4715766922149423,12.871720116618075,0
302000,2873,367,6980.25,8,0.0,10498,0.9794545858202421,28.60490463215259,0
302000,2953,217,8605.8,5,0.0,4594,1.2259743592424142,21.170506912442395,0
302000,3129,518,8391.0,6,0.0,8284,0.3879631123915542,15.992277992277993,0
302000,3137,297,7974.8,5,0.0,6934,0.9878267959047999,23.346801346801346,0
302000,3309,54,8158.25,4,0.0,358,1.5427848696641235,6.62962962962963,0
302000,3422,224,6072.6,5,0.0,1803,0.45155385478494875,8.049107142857142,0
302000,3635,247,7343.166666666667,6,0.0,5132,1.057067219474033,20.777327935222672,0
302000,3992,353,5924.8,5,0.0,4173,0.42083207933392314,11.821529745042493,0
302000,4042,284,12916.666666666666,6,0.0,7249,1.129409102651875,25.524647887323944,0
302000,4329,366,6941.375,8,0.0,11954,1.1214010146917612,32.66120218579235,0
302000,4352,460,6518.166666666667,6,0.0,4688,0.27840805973589694,10.191304347826087,0
302000,4405,170,7391.2,5,0.0,2292,0.9966131988965821,13.48235294117647,0
302000,4501,196,11076.6,5,0.0,3239,1.05951880518298,16.525510204081634,0
302000,4596,253,6298.4,5,0.0,5232,1.0271563538616006,20.679841897233203,0
302000,4773,162,8080.4,5,0.0,2655,1.2712892082427834,16.38888888888889,0
302000,4809,670,5433.666666666667,9,0.0,15177,0.42486034041908927,22.65223880597015,0
302000,4843,209,7400.6,5,0.0,3579,1.0296247894689106,17.124401913875598,0
302000,4858,145,8979.2,5,0.0,1817,1.0859974033907547,12.53103448275862,0
