timestamp,grain_id,perimeter,avg_area_of_neighbors,number_of_neighbors,vulnerable,area,circularity,area_perimeter_ratio,is_vulnerable
0,10,56,376.4,5,0.0,273,1.0939474418750172,4.875,0
0,27,97,329.14285714285717,7,0.0,364,0.48614718924718237,3.752577319587629,0
0,38,27,305.0,5,0.0,82,1.413501221368247,3.037037037037037,0
0,45,90,304.0,8,0.0,715,1.1092537023786184,7.944444444444445,0
0,51,75,444.2857142857143,7,0.0,538,1.201903536093375,7.173333333333333,0
0,57,62,422.0,6,0.0,317,1.0363005943683292,5.112903225806452,0
0,62,46,530.75,4,0.0,177,1.0511567101803279,3.847826086956522,0
0,64,69,529.0,5,0.0,490,1.2933252680184824,7.101449275362318,0
0,67,30,406.8,5,0.0,97,1.3543754995475996,3.2333333333333334,0
0,74,37,508.6,5,0.0,144,1.3218096190414323,3.891891891891892,0
0,98,27,271.8,5,0.0,67,1.1549339247764945,2.4814814814814814,0
0,133,67,347.2857142857143,7,0.0,442,1.2373214104581765,6.597014925373134,0
0,134,65,598.6,5,0.0,375,1.1153583385525891,5.769230769230769,0
0,138,69,378.8333333333333,6,0.0,448,1.1824688164740411,6.492753623188406,0
0,140,57,406.4,5,0.0,322,1.2454205410352888,5.649122807017544,0
0,149,55,280.1666666666667,6,0.0,283,1.1756307054094697,5.1454545454545455,0
0,162,69,263.8333333333333,6,0.0,465,1.2273392849563147,6.739130434782608,0
0,165,78,452.2857142857143,7,0.0,510,1.0533939864107789,6.538461538461538,0
0,181,41,350.2,5,0.0,176,1.3156937704504545,4.2926829268292686,0
0,183,53,363.0,5,0.0,269,1.2034011019090842,5.0754716981132075,0
0,192,66,423.0,5,0.0,329,0.9491129320762552,4.984848484848484,0
0,193,14,327.0,4,0.0,22,1.4105109873260293,1.5714285714285714,0
0,196,58,255.5,6,0.0,329,1.2289940345196695,5.672413793103448,0
0,200,30,379.2,5,0.0,96,1.340412865531645,3.2,0
0,224,76,369.2857142857143,7,0.0,491,1.068228526947776,6.4605263157894735,0
0,225,7,294.4,5,0.0,8,2.0516523452014974,1.1428571428571428,0
0,241,38,376.4,5,0.0,136,1.1835362905490634,3.5789473684210527,0
0,248,18,468.75,4,0.0,35,1.3574783071067007,1.9444444444444444,0
0,262,60,277.2857142857143,7,0.0,316,1.1030480872604163,5.266666666666667,0
0,268,71,400.0,5,0.0,228,0.5683658996377486,3.211267605633803,0
0,271,32,506.0,3,0.0,93,1.141281706186917,2.90625,0
0,274,46,430.8,5,0.0,213,1.2649512953017503,4.630434782608695,0
0,276,38,337.4,5,0.0,138,1.2009412359983143,3.6315789473684212,0
0,277,88,325.25,8,0.0,742,1.2040608207456749,8.431818181818182,0
0,284,56,247.66666666666666,6,0.0,278,1.1139831093086257,4.964285714285714,0
0,288,97,472.0,5,0.0,322,0.43005328279558436,3.3195876288659796,0
0,308,92,332.625,8,0.0,802,1.190717064356812,8.717391304347826,0
0,319,76,382.57142857142856,7,0.0,502,1.092160326940496,6.605263157894737,0
0,336,82,349.42857142857144,7,0.0,673,1.2577583913539148,8.207317073170731,0
0,349,76,400.42857142857144,7,0.0,548,1.1922387632736888,7.2105263157894735,0
0,351,55,361.6,5,0.0,289,1.200555738032992,5.254545454545455,0
0,358,69,379.6666666666667,6,0.0,451,1.1903871344415011,6.536231884057971,0
0,359,41,410.8,5,0.0,184,1.3754980327436572,4.487804878048781,0
0,370,83,394.57142857142856,7,0.0,647,1.1802063851778755,7.795180722891566,0
0,374,74,306.0,7,0.0,522,1.197889967256298,7.054054054054054,0
0,383,50,291.8,5,0.0,251,1.261663609681661,5.02,0
0,390,41,474.75,4,0.0,147,1.0989033196375957,3.5853658536585367,0
0,392,68,263.85714285714283,7,0.0,455,1.2365265202278166,6.6911764705882355,0
0,395,71,249.125,8,0.0,433,1.079396642733093,6.098591549295775,0
0,397,47,447.8,5,0.0,208,1.1832526427282517,4.425531914893617,0
0,400,34,477.4,5,0.0,105,1.1414090955949077,3.088235294117647,0
0,411,57,423.0,5,0.0,285,1.1023132117858923,5.0,0
0,426,48,358.8,5,0.0,198,1.0799224746714915,4.125,0
0,430,92,410.6666666666667,6,0.0,512,0.7601585248761692,5.565217391304348,0
0,432,71,350.2857142857143,7,0.0,519,1.2937802715438227,7.309859154929577,0
0,457,46,313.3333333333333,6,0.0,196,1.163992741216634,4.260869565217392,0
0,458,65,413.0,5,0.0,386,1.1480755164834653,5.938461538461539,0
0,465,37,325.0,5,0.0,139,1.2759134517136048,3.7567567567567566,0
0,467,22,431.4,5,0.0,54,1.4020330850731308,2.4545454545454546,0
0,485,78,312.0,8,0.0,512,1.0575249432202327,6.564102564102564,0
0,487,62,313.5,6,0.0,310,1.0134169850289656,5.0,0
0,490,38,510.0,5,0.0,139,1.2096437087229397,3.6578947368421053,0
0,491,78,435.2857142857143,7,0.0,504,1.0410011159824166,6.461538461538462,0
0,500,64,367.85714285714283,7,0.0,403,1.2363885150358267,6.296875,0
0,504,91,360.375,8,0.0,725,1.1001833951709212,7.967032967032967,0
0,513,48,379.3333333333333,6,0.0,222,1.210822168571066,4.625,0
0,520,60,451.6,5,0.0,306,1.0681415022205296,5.1,0
0,521,44,259.1666666666667,6,0.0,176,1.1423973285781064,4.0,0
0,525,53,365.8333333333333,6,0.0,257,1.1497177813778239,4.849056603773585,0
0,533,71,428.2,5,0.0,428,1.0669324782673528,6.028169014084507,0
0,534,69,489.3333333333333,6,0.0,427,1.1270405907018204,6.188405797101449,0
0,547,80,447.57142857142856,7,0.0,615,1.2075496762235767,7.6875,0
0,550,85,464.3333333333333,6,0.0,649,1.1287992427292877,7.635294117647059,0
0,552,94,277.3333333333333,9,0.0,850,1.208851858556507,9.042553191489361,0
0,554,93,383.2857142857143,7,0.0,396,0.575359320532574,4.258064516129032,0
0,563,100,425.22222222222223,9,0.0,856,1.0756813245891452,8.56,0
0,573,42,353.6,5,0.0,170,1.2110447870981063,4.0476190476190474,0
0,580,87,554.3333333333334,6,0.0,673,1.1173427696477372,7.735632183908046,0
0,582,91,433.7142857142857,7,0.0,714,1.0834909574510867,7.846153846153846,0
0,588,51,334.3333333333333,6,0.0,233,1.1257071715285225,4.568627450980392,0
0,618,54,307.8333333333333,6,0.0,288,1.241123023640412,5.333333333333333,0
0,626,35,371.5,4,0.0,134,1.3746070712850034,3.8285714285714287,0
0,632,59,279.8333333333333,6,0.0,306,1.1046565377747506,5.186440677966102,0
0,634,46,321.8333333333333,6,0.0,199,1.1818089566434193,4.326086956521739,0
0,660,73,308.6666666666667,6,0.0,251,0.5918857241891823,3.4383561643835616,0
0,662,69,322.0,7,0.0,400,1.0557757289946794,5.797101449275362,0
0,666,44,409.0,5,0.0,180,1.168360904227609,4.090909090909091,0
0,674,39,342.0,5,0.0,147,1.2145013019794861,3.769230769230769,0
0,678,137,369.42857142857144,7,0.0,688,0.46063524869087913,5.021897810218978,0
0,687,15,349.5,4,0.0,24,1.340412865531645,1.6,0
0,689,73,432.6666666666667,6,0.0,440,1.0375686001722717,6.027397260273973,0
0,692,51,480.0,5,0.0,266,1.28514209281797,5.215686274509804,0
0,697,70,415.1666666666667,6,0.0,446,1.1437961824498348,6.371428571428571,0
0,713,56,302.3333333333333,6,0.0,288,1.1540544441758425,5.142857142857143,0
0,717,109,335.5,10,0.0,979,1.035474861666327,8.98165137614679,0
0,724,54,333.6666666666667,6,0.0,279,1.2023379291516492,5.166666666666667,0
0,728,50,363.4,5,0.0,225,1.1309733552923256,4.5,0
0,731,50,344.3333333333333,6,0.0,249,1.2516105131901736,4.98,0
0,732,54,340.0,6,0.0,262,1.1290771951173193,4.851851851851852,0
0,753,46,500.0,5,0.0,231,1.3718485878624618,5.021739130434782,0
0,754,45,289.6,5,0.0,196,1.2163005631676038,4.355555555555555,0
0,773,115,398.0,6,0.0,408,0.3876808476868463,3.5478260869565217,0
0,775,80,251.71428571428572,7,0.0,611,1.1996956945896022,7.6375,0
0,777,65,401.5,6,0.0,372,1.1064354718441685,5.723076923076923,0
0,779,118,611.4,5,0.0,534,0.4819334895193765,4.52542372881356,0
0,782,29,338.75,4,0.0,78,1.1654897834958566,2.689655172413793,0
0,792,39,425.3333333333333,6,0.0,158,1.305382351787475,4.051282051282051,0
0,806,76,349.42857142857144,7,0.0,495,1.0769309996724015,6.5131578947368425,0
0,808,43,464.5,4,0.0,201,1.3660575951791205,4.674418604651163,0
0,818,24,336.6,5,0.0,57,1.2435470920459597,2.375,0
0,819,68,464.6666666666667,6,0.0,433,1.1767384247442738,6.367647058823529,0
0,840,93,428.6666666666667,6,0.0,353,0.5128834347171682,3.795698924731183,0
0,846,33,386.2,5,0.0,105,1.2116335303101131,3.1818181818181817,0
0,849,79,508.8,5,0.0,532,1.0711919831499888,6.734177215189874,0
0,869,42,470.6,5,0.0,172,1.2252923728286722,4.095238095238095,0
0,877,98,425.125,8,0.0,864,1.1305023126620497,8.816326530612244,0
0,879,81,361.14285714285717,7,0.0,523,1.00170886012953,6.45679012345679,0
0,886,62,512.0,6,0.0,358,1.1703331633560312,5.774193548387097,0
0,893,43,397.25,4,0.0,168,1.1417794825377723,3.9069767441860463,0
0,897,66,449.85714285714283,7,0.0,421,1.2145183720489465,6.378787878787879,0
0,899,67,306.125,8,0.0,385,1.0777573371637963,5.746268656716418,0
0,903,140,331.3333333333333,9,0.0,674,0.4321292752080654,4.814285714285714,0
0,908,42,541.4,5,0.0,180,1.282282715750936,4.285714285714286,0
0,930,71,306.6666666666667,6,0.0,489,1.2189952847493821,6.887323943661972,0
0,943,77,300.42857142857144,7,0.0,549,1.1635920842103533,7.12987012987013,0
0,944,43,529.1666666666666,6,0.0,197,1.3388723694044113,4.5813953488372094,0
0,948,78,316.3333333333333,6,0.0,501,1.0348046807682356,6.423076923076923,0
0,953,47,461.6,5,0.0,205,1.166186498842748,4.361702127659575,0
0,954,67,393.2857142857143,7,0.0,462,1.2933088045965555,6.895522388059701,0
0,959,68,454.6666666666667,6,0.0,435,1.1821737061518685,6.397058823529412,0
0,962,53,266.3333333333333,6,0.0,279,1.248137202351801,5.264150943396227,0
0,969,101,328.8,10,0.0,900,1.1086887121775566,8.910891089108912,0
0,973,74,359.5,8,0.0,573,1.3149251939422582,7.743243243243243,0
0,987,56,437.1666666666667,6,0.0,316,1.2662541818040494,5.642857142857143,0
0,1004,59,406.8,5,0.0,329,1.1876862775421337,5.576271186440678,0
0,1007,46,334.3333333333333,6,0.0,195,1.158054002741039,4.239130434782608,0
0,1031,59,409.4,5,0.0,265,0.9566470016676761,4.491525423728813,0
0,1032,62,333.0,6,0.0,344,1.1245659446773038,5.548387096774194,0
0,1043,47,256.6666666666667,6,0.0,226,1.2856495060412734,4.808510638297872,0
0,1049,34,493.0,4,0.0,103,1.1196679699645282,3.0294117647058822,0
0,1066,46,249.83333333333334,6,0.0,220,1.306522464630916,4.782608695652174,0
0,1075,36,339.0,5,0.0,131,1.2702118445069843,3.638888888888889,0
0,1076,38,410.8333333333333,6,0.0,137,1.1922387632736888,3.6052631578947367,0
0,1078,30,394.0,4,0.0,64,0.8936085770210968,2.1333333333333333,0
0,1079,44,302.6666666666667,6,0.0,189,1.2267789494389896,4.295454545454546,0
0,1099,40,295.4,5,0.0,179,1.4058627124814325,4.475,0
0,1103,65,345.5,6,0.0,382,1.1361783608722376,5.876923076923077,0
0,1105,72,500.6666666666667,6,0.0,461,1.1174955349574804,6.402777777777778,0
0,1111,84,550.1666666666666,6,0.0,392,0.6981317007977318,4.666666666666667,0
0,1112,66,419.5,6,0.0,325,0.9375735651209207,4.924242424242424,0
0,1114,53,388.2857142857143,7,0.0,274,1.2257691521304426,5.169811320754717,0
0,1121,64,316.5,6,0.0,359,1.1013982057018903,5.609375,0
0,1123,39,503.6,5,0.0,146,1.206239388360578,3.7435897435897436,0
0,1129,63,299.5,6,0.0,376,1.1904649410428443,5.968253968253968,0
0,1133,60,292.85714285714283,7,0.0,323,1.127482696788337,5.383333333333334,0
0,1138,67,411.57142857142856,7,0.0,344,0.9629831791801192,5.134328358208955,0
0,1143,32,563.4,5,0.0,108,1.325359400733194,3.375,0
0,1148,51,396.8,5,0.0,239,1.1546953390356947,4.686274509803922,0
0,1183,32,390.6,5,0.0,93,1.141281706186917,2.90625,0
0,1189,37,257.8,5,0.0,129,1.1841211170579498,3.4864864864864864,0
0,1196,65,423.5,6,0.0,428,1.2729956504013553,6.584615384615384,0
0,1201,57,251.42857142857142,7,0.0,276,1.0675033208873905,4.842105263157895,0
0,1219,81,312.0,6,0.0,568,1.0878979589934477,7.012345679012346,0
0,1240,102,460.3333333333333,6,0.0,365,0.4408617141715781,3.5784313725490198,0
0,1242,60,515.0,5,0.0,311,1.085594794740473,5.183333333333334,0
0,1243,65,448.2,5,0.0,373,1.1094097607469755,5.7384615384615385,0
0,1245,78,341.75,8,0.0,560,1.1566679066471295,7.17948717948718,0
0,1248,77,355.0,6,0.0,584,1.2377737289232176,7.584415584415584,0
0,1266,82,276.5,8,0.0,573,1.070870071687657,6.987804878048781,0
0,1268,87,366.75,8,0.0,695,1.1538680904980347,7.988505747126437,0
0,1274,55,257.1666666666667,6,0.0,268,1.1133181238506638,4.872727272727273,0
0,1277,82,428.57142857142856,7,0.0,578,1.0802144876709698,7.048780487804878,0
0,1280,49,495.4,5,0.0,231,1.2090094177080255,4.714285714285714,0
0,1294,42,397.3333333333333,6,0.0,171,1.2181685799633892,4.071428571428571,0
0,1304,74,233.375,8,0.0,480,1.10150801586786,6.486486486486487,0
0,1310,49,267.8333333333333,6,0.0,215,1.1252685056589846,4.387755102040816,0
0,1311,48,304.4,5,0.0,235,1.2817261694333357,4.895833333333333,0
0,1315,48,358.6666666666667,6,0.0,245,1.3362677085581585,5.104166666666667,0
0,1328,67,307.1666666666667,6,0.0,411,1.1505409495436891,6.134328358208955,0
0,1332,17,553.75,4,0.0,30,1.3044675378227513,1.7647058823529411,0
0,1333,57,534.4285714285714,7,0.0,324,1.253156072346067,5.684210526315789,0
0,1339,78,394.0,7,0.0,571,1.1793881690991268,7.32051282051282,0
0,1346,61,470.3333333333333,6,0.0,341,1.1516077343446594,5.590163934426229,0
0,1364,67,536.5714285714286,7,0.0,382,1.0693592280430395,5.701492537313433,0
0,1367,40,442.75,4,0.0,130,1.0210176124166828,3.25,0
0,1371,80,294.2857142857143,7,0.0,574,1.1270463644753383,7.175,0
0,1375,74,578.3333333333334,6,0.0,463,1.0624962736392067,6.256756756756757,0
0,1380,95,439.5,6,0.0,322,0.44835139477270397,3.389473684210526,0
0,1389,64,520.8333333333334,6,0.0,380,1.1658253987930873,5.9375,0
0,1393,49,387.4,5,0.0,233,1.2194770317141554,4.755102040816326,0
0,1400,60,362.5,6,0.0,367,1.281071670963838,6.116666666666666,0
0,1407,78,326.5,8,0.0,607,1.2537453916692993,7.782051282051282,0
0,1422,30,292.8,5,0.0,92,1.2845623294678266,3.066666666666667,0
0,1425,45,335.0,5,0.0,194,1.2038893329311997,4.311111111111111,0
0,1429,73,358.42857142857144,7,0.0,468,1.103595692910507,6.410958904109589,0
0,1432,49,325.0,5,0.0,239,1.2508798737325457,4.877551020408164,0
0,1444,49,330.6666666666667,6,0.0,230,1.2037756107049604,4.6938775510204085,0
0,1457,51,297.8,5,0.0,236,1.1402012552821086,4.627450980392157,0
0,1470,63,355.5,6,0.0,363,1.1493052489323206,5.761904761904762,0
0,1486,59,545.8,5,0.0,292,1.0541166961772128,4.9491525423728815,0
0,1488,39,380.6,5,0.0,169,1.3962634015954636,4.333333333333333,0
0,1489,50,467.4,5,0.0,238,1.1963184824869932,4.76,0
0,1492,13,343.6,5,0.0,20,1.4871444514034524,1.5384615384615385,0
0,1511,31,524.4,5,0.0,99,1.2945584711982916,3.193548387096774,0
0,1514,2,363.0,3,0.0,2,6.283185307179586,1.0,0
0,1520,30,283.4,5,0.0,91,1.270599695451872,3.033333333333333,0
0,1524,63,333.5,6,0.0,370,1.1714681600687562,5.873015873015873,0
0,1533,2,510.0,3,0.0,2,6.283185307179586,1.0,0
0,1537,81,361.0,8,0.0,624,1.1951555042463227,7.703703703703703,0
0,1545,68,342.57142857142856,7,0.0,442,1.2011971910784505,6.5,0
0,1575,41,491.0,5,0.0,154,1.151232049144148,3.7560975609756095,0
0,1578,69,364.1666666666667,6,0.0,401,1.058415168317166,5.811594202898551,0
0,1582,70,381.2857142857143,7,0.0,410,1.0514718269157675,5.857142857142857,0
0,1605,41,526.25,4,0.0,181,1.3530714343837063,4.414634146341464,0
0,1616,95,391.5,8,0.0,763,1.062397870222277,8.031578947368422,0
0,1622,93,461.85714285714283,7,0.0,730,1.0606371312847955,7.849462365591398,0
0,1625,14,424.75,4,0.0,23,1.4746251231135763,1.6428571428571428,0
0,1647,58,319.0,6,0.0,330,1.2327295786975405,5.689655172413793,0
0,1650,34,443.4,5,0.0,120,1.3044675378227513,3.5294117647058822,0
0,1665,60,498.0,6,0.0,326,1.1379546723003027,5.433333333333334,0
0,1666,30,661.75,4,0.0,89,1.2426744274199626,2.966666666666667,0
0,1669,30,299.4,5,0.0,100,1.3962634015954636,3.3333333333333335,0
0,1672,37,460.8,5,0.0,126,1.1565834166612534,3.4054054054054053,0
0,1674,50,341.6666666666667,6,0.0,261,1.3119290921390976,5.22,0
0,1686,53,386.4,5,0.0,218,0.975246989651228,4.113207547169812,0
0,1687,46,360.8333333333333,6,0.0,216,1.2827675107285355,4.695652173913044,0
0,1697,69,462.3333333333333,6,0.0,396,1.0452179717047327,5.739130434782608,0
0,1710,54,355.2,5,0.0,265,1.142005559946907,4.907407407407407,0
0,1711,84,294.2857142857143,7,0.0,640,1.1398068584452765,7.619047619047619,0
0,1713,46,304.6666666666667,6,0.0,223,1.324338680057701,4.8478260869565215,0
0,1716,54,467.2,5,0.0,260,1.1204582852309275,4.814814814814815,0
0,1723,48,340.6666666666667,6,0.0,214,1.1671889372712079,4.458333333333333,0
0,1733,125,344.5,8,0.0,711,0.5718201284357998,5.688,0
0,1744,61,414.6666666666667,6,0.0,340,1.1482305855635901,5.573770491803279,0
0,1757,50,602.0,5,0.0,210,1.0555751316061706,4.2,0
0,1758,76,394.42857142857144,7,0.0,496,1.0791066178535578,6.526315789473684,0
0,1761,42,530.5,4,0.0,139,0.9902072082743338,3.3095238095238093,0
0,1788,66,450.3333333333333,6,0.0,379,1.0933550190179353,5.742424242424242,0
0,1796,44,413.6,5,0.0,186,1.2073062677018624,4.2272727272727275,0
0,1799,37,370.2,5,0.0,131,1.202479583989081,3.5405405405405403,0
0,1803,86,391.5,8,0.0,694,1.1791591679779971,8.069767441860465,0
0,1806,87,410.0,8,0.0,714,1.185412685777837,8.206896551724139,0
0,1818,40,595.5,4,0.0,181,1.4215706757493813,4.525,0
0,1819,49,514.2,5,0.0,246,1.287516522754001,5.020408163265306,0
0,1828,61,232.0,6,0.0,303,1.0232760806640229,4.967213114754099,0
0,1829,130,352.1666666666667,6,0.0,477,0.3546839516597234,3.669230769230769,0
0,1839,94,283.9,10,0.0,852,1.2116962158707576,9.063829787234043,0
0,1842,94,357.375,8,0.0,812,1.1548090695857456,8.638297872340425,0
0,1848,34,346.6,5,0.0,123,1.3370792262683202,3.6176470588235294,0
0,1849,40,395.8,5,0.0,182,1.4294246573833558,4.55,0
0,1850,32,340.8,5,0.0,111,1.3621749396424494,3.46875,0
0,1852,73,285.42857142857144,7,0.0,439,1.0352104897173346,6.013698630136986,0
0,1868,60,297.7142857142857,7,0.0,355,1.239183768915974,5.916666666666667,0
0,1869,60,335.0,5,0.0,362,1.2636183784438946,6.033333333333333,0
0,1881,22,452.4,5,0.0,53,1.3760695094236284,2.409090909090909,0
0,1882,72,408.57142857142856,7,0.0,468,1.1344640137963142,6.5,0
0,1904,69,425.14285714285717,7,0.0,420,1.1085645154444135,6.086956521739131,0
0,1907,53,174.57142857142858,7,0.0,274,1.2257691521304426,5.169811320754717,0
0,1922,27,447.6,5,0.0,75,1.2928364829587626,2.7777777777777777,0
0,1927,18,578.0,3,0.0,31,1.2023379291516492,1.7222222222222223,0
0,1952,104,359.6666666666667,9,0.0,980,1.1385949706057683,9.423076923076923,0
0,1955,50,479.8,5,0.0,213,1.0706547763434016,4.26,0
0,1961,67,444.1666666666667,6,0.0,460,1.2877100651827178,6.865671641791045,0
0,1963,60,367.14285714285717,7,0.0,355,1.239183768915974,5.916666666666667,0
0,1972,78,340.2857142857143,7,0.0,567,1.1711262554802186,7.269230769230769,0
0,1977,155,390.0,6,0.0,482,0.25211199317881877,3.109677419354839,0
0,1987,23,413.2,5,0.0,58,1.3777873263380567,2.5217391304347827,0
0,2010,78,368.2857142857143,7,0.0,565,1.1669952986707648,7.243589743589744,0
0,2018,55,482.8,5,0.0,266,1.105009779642823,4.836363636363636,0
0,2033,46,485.0,5,0.0,212,1.2590125568261552,4.608695652173913,0
0,2042,55,326.6666666666667,6,0.0,264,1.0967014354349824,4.8,0
0,2043,35,399.4,5,0.0,119,1.220733145394891,3.4,0
0,2052,46,378.25,4,0.0,96,0.5701188936571269,2.0869565217391304,0
0,2061,53,538.6,5,0.0,255,1.1407705612892804,4.811320754716981,0
0,2076,75,278.85714285714283,7,0.0,533,1.1907334288806113,7.1066666666666665,0
0,2084,85,322.0,9,0.0,656,1.1409742730822998,7.7176470588235295,0
0,2087,62,246.0,6,0.0,376,1.229176730228681,6.064516129032258,0
0,2090,110,363.5,8,0.0,530,0.5504278037694513,4.818181818181818,0
0,2092,39,431.8,5,0.0,160,1.321906179025291,4.102564102564102,0
0,2094,51,321.4,5,0.0,225,1.0870562815189595,4.411764705882353,0
0,2096,44,436.1666666666667,6,0.0,173,1.1229246468409797,3.9318181818181817,0
0,2097,122,382.75,8,0.0,510,0.4305864695863463,4.180327868852459,0
0,2115,62,334.0,6,0.0,295,0.9643806793017575,4.758064516129032,0
0,2119,68,355.875,8,0.0,410,1.1142326885569336,6.029411764705882,0
0,2128,54,477.0,5,0.0,285,1.2281946588108246,5.277777777777778,0
0,2129,16,334.0,5,0.0,21,1.030835089459151,1.3125,0
0,2134,74,538.8333333333334,6,0.0,525,1.2047743923554721,7.094594594594595,0
0,2135,64,342.57142857142856,7,0.0,364,1.1167380135807468,5.6875,0
0,2142,103,445.375,8,0.0,872,1.032884831343312,8.466019417475728,0
0,2144,46,660.0,5,0.0,196,1.163992741216634,4.260869565217392,0
0,2147,102,404.7142857142857,7,0.0,759,0.9167507974143226,7.4411764705882355,0
0,2162,3,397.25,4,0.0,3,4.1887902047863905,1.0,0
0,2169,68,425.0,7,0.0,409,1.1115150478531362,6.014705882352941,0
0,2170,85,433.75,8,0.0,645,1.1218420825275663,7.588235294117647,0
0,2175,104,389.375,8,0.0,931,1.0816652220754799,8.951923076923077,0
0,2178,34,522.8,5,0.0,118,1.2827264121923723,3.4705882352941178,0
0,2182,72,471.3333333333333,6,0.0,484,1.1732491082850771,6.722222222222222,0
0,2185,41,472.2,5,0.0,158,1.1811341802907491,3.8536585365853657,0
0,2198,87,326.5,8,0.0,585,0.9712414862465473,6.724137931034483,0
0,2207,41,372.6,5,0.0,182,1.3605469671703565,4.439024390243903,0
0,2213,5,373.0,4,0.0,5,2.5132741228718345,1.0,0
0,2230,48,224.33333333333334,6,0.0,236,1.287180323345818,4.916666666666667,0
0,2233,52,300.1666666666667,6,0.0,252,1.1711262554802189,4.846153846153846,0
0,2234,76,384.8333333333333,6,0.0,480,1.0442967269550558,6.315789473684211,0
0,2241,87,545.4285714285714,7,0.0,663,1.10074035107942,7.620689655172414,0
0,2252,34,305.8,5,0.0,116,1.260985286561993,3.411764705882353,0
0,2257,58,455.0,6,0.0,308,1.1505476067843714,5.310344827586207,0
0,2266,69,416.0,7,0.0,453,1.1956660130864745,6.565217391304348,0
0,2270,83,224.0,8,0.0,656,1.1966234755435645,7.903614457831325,0
0,2271,10,359.8,5,0.0,13,1.6336281798666925,1.3,0
0,2278,71,312.0,6,0.0,520,1.2962731044369706,7.323943661971831,0
0,2281,118,363.625,8,0.0,812,0.7328277031642954,6.88135593220339,0
0,2290,64,324.6666666666667,6,0.0,393,1.205708899278114,6.140625,0
0,2301,74,497.8333333333333,6,0.0,568,1.3034511521103014,7.675675675675675,0
0,2318,19,667.25,4,0.0,34,1.1835362905490634,1.7894736842105263,0
0,2320,83,346.0,7,0.0,634,1.1564928102052134,7.63855421686747,0
0,2326,85,477.6,5,0.0,272,0.4730868937170512,3.2,0
0,2331,62,476.3333333333333,6,0.0,362,1.1834095115499532,5.838709677419355,0
0,2332,70,424.3333333333333,6,0.0,468,1.200216621942876,6.685714285714286,0
0,2333,51,671.0,4,0.0,272,1.3141302603251424,5.333333333333333,0
0,2335,79,418.14285714285717,7,0.0,566,1.1396516211708527,7.1645569620253164,0
0,2341,43,529.1666666666666,6,0.0,178,1.2097425469745446,4.1395348837209305,0
0,2352,53,310.5,6,0.0,309,1.3823455036799517,5.830188679245283,0
0,2354,59,258.6666666666667,6,0.0,295,1.0649466622338282,5.0,0
0,2357,72,402.14285714285717,7,0.0,443,1.073862303657622,6.152777777777778,0
0,2376,51,401.2,5,0.0,252,1.2175030353012348,4.9411764705882355,0
0,2377,33,310.4,5,0.0,124,1.4308815024614667,3.757575757575758,0
0,2380,75,412.7142857142857,7,0.0,539,1.2041375575359279,7.1866666666666665,0
0,2389,58,307.57142857142856,7,0.0,331,1.236465122875412,5.706896551724138,0
0,2390,20,524.25,4,0.0,36,1.1309733552923256,1.8,0
0,2403,102,241.66666666666666,9,0.0,933,1.1269150118413214,9.147058823529411,0
0,2406,30,224.4,5,0.0,81,1.1309733552923256,2.7,0
0,2408,91,444.8,5,0.0,331,0.5022906259332068,3.6373626373626373,0
0,2419,71,403.5,6,0.0,456,1.1367317992754973,6.422535211267606,0
0,2427,44,397.6,5,0.0,165,1.0709974955419748,3.75,0
0,2430,39,448.0,5,0.0,141,1.1649298202660376,3.6153846153846154,0
0,2436,61,362.6,5,0.0,157,0.5302123586278931,2.5737704918032787,0
0,2438,58,251.66666666666666,6,0.0,343,1.2812916530098681,5.913793103448276,0
0,2439,97,262.7,10,0.0,911,1.2167035423191843,9.391752577319588,0
0,2457,54,388.6,5,0.0,257,1.10752992040134,4.7592592592592595,0
0,2459,25,459.0,4,0.0,67,1.3471149298593033,2.68,0
0,2464,33,480.2,5,0.0,116,1.3385665668187916,3.515151515151515,0
0,2477,47,398.1666666666667,6,0.0,202,1.1491203549572444,4.297872340425532,0
0,2483,81,509.3333333333333,6,0.0,537,1.028523246442749,6.62962962962963,0
0,2495,61,329.57142857142856,7,0.0,341,1.1516077343446594,5.590163934426229,0
0,2505,18,353.0,5,0.0,38,1.4738335905729893,2.111111111111111,0
0,2520,37,457.5,4,0.0,149,1.3677057863692599,4.027027027027027,0
0,2521,81,323.85714285714283,7,0.0,599,1.1472726715441464,7.395061728395062,0
0,2529,72,409.6666666666667,6,0.0,470,1.1393121506074095,6.527777777777778,0
0,2541,66,645.3333333333334,6,0.0,399,1.1510518537946073,6.045454545454546,0
0,2544,42,221.0,6,0.0,148,1.0543213440618806,3.5238095238095237,0
0,2574,54,340.57142857142856,7,0.0,278,1.1980284742084533,5.148148148148148,0
0,2576,132,379.875,8,0.0,847,0.6108652381980154,6.416666666666667,0
0,2578,18,308.4,5,0.0,36,1.3962634015954636,2.0,0
0,2579,58,323.0,6,0.0,305,1.1393409742507574,5.258620689655173,0
0,2582,71,452.0,7,0.0,443,1.104324971664573,6.23943661971831,0
0,2585,68,323.7142857142857,7,0.0,449,1.2202206760050323,6.602941176470588,0
0,2602,125,339.0,8,0.0,646,0.5195440266800656,5.168,0
0,2606,41,329.2,5,0.0,158,1.1811341802907491,3.8536585365853657,0
0,2617,78,400.57142857142856,7,0.0,467,0.964578415007517,5.987179487179487,0
0,2623,72,225.28571428571428,7,0.0,487,1.18052131350172,6.763888888888889,0
0,2645,52,360.5,6,0.0,252,1.1711262554802189,4.846153846153846,0
0,2650,56,423.1666666666667,6,0.0,277,1.1099759758219039,4.946428571428571,0
0,2651,42,357.8333333333333,6,0.0,174,1.239539958559238,4.142857142857143,0
0,2658,78,310.57142857142856,7,0.0,564,1.1649298202660376,7.230769230769231,0
0,2659,18,615.5,4,0.0,32,1.241123023640412,1.7777777777777777,0
0,2668,50,394.6,5,0.0,258,1.2968494474018666,5.16,0
0,2687,55,346.6,5,0.0,265,1.1008556075389027,4.818181818181818,0
0,2689,56,374.0,5,0.0,343,1.3744467859455347,6.125,0
0,2690,55,267.4,5,0.0,272,1.1299348122663455,4.945454545454545,0
0,2710,42,420.4,5,0.0,172,1.2252923728286722,4.095238095238095,0
0,2715,73,393.5,6,0.0,468,1.103595692910507,6.410958904109589,0
0,2719,60,238.14285714285714,7,0.0,354,1.2356931104119855,5.9,0
0,2723,51,367.4,5,0.0,230,1.1112130877749364,4.509803921568627,0
0,2729,88,328.42857142857144,7,0.0,702,1.1391518816219188,7.9772727272727275,0
0,2743,38,295.5,4,0.0,112,0.9746769451580521,2.9473684210526314,0
0,2744,89,308.625,8,0.0,695,1.1025915385657903,7.808988764044944,0
0,2745,62,356.2857142857143,7,0.0,361,1.1801404245014726,5.82258064516129,0
0,2750,85,422.85714285714283,7,0.0,671,1.1670636238387548,7.894117647058824,0
0,2754,85,307.125,8,0.0,665,1.156627883536173,7.823529411764706,0
0,2777,24,367.2,5,0.0,54,1.1780972450961724,2.25,0
0,2783,68,428.0,6,0.0,441,1.1984795503746528,6.485294117647059,0
0,2789,75,365.7142857142857,7,0.0,496,1.10807463550616,6.613333333333333,0
0,2790,72,447.6,5,0.0,197,0.4775414758928929,2.736111111111111,0
0,2792,62,373.8333333333333,6,0.0,346,1.1311041187742648,5.580645161290323,0
0,2793,50,430.14285714285717,7,0.0,258,1.2968494474018666,5.16,0
0,2797,85,348.14285714285717,7,0.0,649,1.1287992427292877,7.635294117647059,0
0,2804,67,275.2857142857143,7,0.0,472,1.321302501665745,7.044776119402985,0
0,2806,82,443.2857142857143,7,0.0,582,1.08769002045762,7.097560975609756,0
0,2807,77,345.7142857142857,7,0.0,516,1.0936493906239388,6.701298701298701,0
0,2809,89,386.0,8,0.0,708,1.1232155529562295,7.955056179775281,0
0,2815,49,491.2,5,0.0,239,1.2508798737325457,4.877551020408164,0
0,2837,104,388.22222222222223,9,0.0,956,1.1107110121419534,9.192307692307692,0
0,2841,8,579.0,4,0.0,10,1.9634954084936207,1.25,0
0,2847,50,630.2,5,0.0,251,1.261663609681661,5.02,0
0,2862,60,369.14285714285717,7,0.0,351,1.2252211349000193,5.85,0
0,2871,65,307.7142857142857,7,0.0,398,1.1837669833171482,6.123076923076923,0
0,2873,103,427.2857142857143,7,0.0,932,1.1039548885458337,9.048543689320388,0
0,2877,41,371.4,5,0.0,158,1.1811341802907491,3.8536585365853657,0
0,2883,60,283.1666666666667,6,0.0,326,1.1379546723003027,5.433333333333334,0
0,2884,51,336.0,6,0.0,260,1.2561539253107976,5.098039215686274,0
0,2886,69,503.1666666666667,6,0.0,441,1.163992741216634,6.391304347826087,0
0,2888,58,410.5,6,0.0,325,1.214051857808184,5.603448275862069,0
0,2889,50,433.1666666666667,6,0.0,243,1.2214512237157116,4.86,0
0,2896,28,497.5,4,0.0,78,1.2502256478571625,2.7857142857142856,0
0,2907,86,245.66666666666666,9,0.0,665,1.1298859462613373,7.732558139534884,0
0,2911,56,182.16666666666666,6,0.0,296,1.1861115120696157,5.285714285714286,0
0,2923,53,335.4,5,0.0,267,1.1944538818205408,5.037735849056604,0
0,2925,38,247.83333333333334,6,0.0,135,1.1748338178244377,3.5526315789473686,0
0,2932,66,480.1666666666667,6,0.0,362,1.044312709457764,5.484848484848484,0
0,2941,28,448.6,5,0.0,89,1.4265395212729164,3.1785714285714284,0
0,2946,56,383.6666666666667,6,0.0,298,1.194125779043059,5.321428571428571,0
0,2953,95,395.77777777777777,9,0.0,875,1.2183461814475651,9.210526315789474,0
0,2960,77,444.8333333333333,6,0.0,520,1.1021272928768375,6.753246753246753,0
0,2961,76,301.7142857142857,7,0.0,521,1.1334970723824669,6.855263157894737,0
0,2970,79,318.57142857142856,7,0.0,578,1.163813846354687,7.3164556962025316,0
0,2971,42,365.6666666666667,6,0.0,177,1.260911337155087,4.214285714285714,0
0,2974,33,550.4,5,0.0,106,1.2231728972654474,3.212121212121212,0
0,2981,61,433.0,5,0.0,360,1.2157735611849778,5.901639344262295,0
0,2984,28,165.4,5,0.0,77,1.2341971139102759,2.75,0
0,2989,54,558.25,4,0.0,286,1.2325041137540205,5.296296296296297,0
0,2992,49,563.25,4,0.0,240,1.2561136807356106,4.8979591836734695,0
0,2998,54,406.5,6,0.0,290,1.2497419335268038,5.37037037037037,0
0,3006,87,283.14285714285717,7,0.0,647,1.074176481370113,7.436781609195402,0
0,3007,51,521.5,6,0.0,244,1.1788521452916718,4.784313725490196,0
0,3020,58,466.6666666666667,6,0.0,295,1.101985532472044,5.086206896551724,0
0,3025,54,385.2,5,0.0,295,1.2712892082427834,5.462962962962963,0
0,3036,45,266.3333333333333,6,0.0,194,1.2038893329311997,4.311111111111111,0
0,3042,69,540.3333333333334,6,0.0,396,1.0452179717047327,5.739130434782608,0
0,3046,36,459.6,5,0.0,139,1.34778203348451,3.861111111111111,0
0,3050,76,329.25,8,0.0,545,1.1857119087302197,7.171052631578948,0
0,3059,53,398.1666666666667,6,0.0,265,1.1855066617319974,5.0,0
0,3066,80,290.0,6,0.0,550,1.0799224746714915,6.875,0
0,3071,101,326.3333333333333,6,0.0,435,0.5358662108858191,4.306930693069307,0
0,3080,78,432.14285714285717,7,0.0,563,1.1628643418613107,7.217948717948718,0
0,3082,53,384.0,6,0.0,274,1.2257691521304426,5.169811320754717,0
0,3083,70,350.42857142857144,7,0.0,418,1.0719883503677825,5.9714285714285715,0
0,3090,49,324.2,5,0.0,200,1.046761400613009,4.081632653061225,0
0,3093,77,415.85714285714283,7,0.0,507,1.0745741105549165,6.584415584415584,0
0,3095,55,252.0,6,0.0,306,1.2711766637996387,5.5636363636363635,0
0,3097,62,396.875,8,0.0,331,1.0820678130470567,5.338709677419355,0
0,3099,61,273.0,7,0.0,349,1.1786249245932146,5.721311475409836,0
0,3100,76,389.42857142857144,7,0.0,558,1.2139949450852525,7.342105263157895,0
0,3110,95,488.3333333333333,6,0.0,363,0.5054396158462471,3.8210526315789473,0
0,3115,51,393.8,5,0.0,279,1.34794978908351,5.470588235294118,0
0,3118,63,406.0,6,0.0,379,1.199963331529888,6.015873015873016,0
0,3119,42,320.4,5,0.0,172,1.2252923728286722,4.095238095238095,0
0,3126,75,347.0,7,0.0,554,1.237647879174219,7.386666666666667,0
0,3128,67,505.5,6,0.0,372,1.0413655309738499,5.552238805970149,0
0,3129,143,355.125,8,0.0,634,0.3896072653676813,4.433566433566433,0
0,3131,66,331.8333333333333,6,0.0,444,1.2808697320421196,6.7272727272727275,0
0,3137,91,334.125,8,0.0,724,1.0986659008327546,7.956043956043956,0
0,3138,58,313.7142857142857,7,0.0,316,1.180431960207342,5.448275862068965,0
0,3141,54,285.8333333333333,6,0.0,275,1.1851001093788658,5.092592592592593,0
0,3150,82,296.375,8,0.0,587,1.097034436440933,7.158536585365853,0
0,3161,20,277.75,4,0.0,48,1.5079644737231006,2.4,0
0,3163,74,396.3333333333333,6,0.0,477,1.094623590768686,6.445945945945946,0
0,3167,45,340.4,5,0.0,128,0.7943187351298637,2.8444444444444446,0
0,3183,86,372.75,8,0.0,697,1.184256397810755,8.104651162790697,0
0,3188,95,449.14285714285717,7,0.0,836,1.1640427516459024,8.8,0
0,3194,56,227.85714285714286,7,0.0,289,1.158061577662564,5.160714285714286,0
0,3203,18,425.5,4,0.0,33,1.279908118129175,1.8333333333333333,0
0,3208,65,290.7142857142857,7,0.0,378,1.12428120526101,5.815384615384615,0
0,3211,69,618.0,6,0.0,458,1.2088632096989078,6.63768115942029,0
0,3214,39,471.5,4,0.0,151,1.2475489564551183,3.871794871794872,0
0,3218,84,401.0,7,0.0,646,1.1504925477432009,7.690476190476191,0
0,3225,51,411.8,5,0.0,239,1.1546953390356947,4.686274509803922,0
0,3230,60,336.0,7,0.0,330,1.1519173063162573,5.5,0
0,3234,59,281.14285714285717,7,0.0,316,1.1407564246301347,5.3559322033898304,0
0,3236,68,385.57142857142856,7,0.0,450,1.2229383167088295,6.617647058823529,0
0,3238,54,411.6666666666667,6,0.0,265,1.142005559946907,4.907407407407407,0
0,3241,45,530.5,6,0.0,193,1.1976837178129978,4.288888888888889,0
0,3245,53,385.0,5,0.0,234,1.0468247503595751,4.415094339622642,0
0,3249,84,371.1666666666667,6,0.0,702,1.2502256478571625,8.357142857142858,0
0,3254,66,455.42857142857144,7,0.0,367,1.0587369181519322,5.5606060606060606,0
0,3256,60,461.14285714285717,7,0.0,332,1.1588986233242349,5.533333333333333,0
0,3259,45,381.6,5,0.0,201,1.2473286387586142,4.466666666666667,0
0,3263,69,312.5,6,0.0,452,1.1930265737639878,6.550724637681159,0
0,3271,76,350.57142857142856,7,0.0,519,1.1291458360201543,6.828947368421052,0
0,3273,26,386.25,4,0.0,61,1.1339476441951324,2.3461538461538463,0
0,3285,20,783.0,4,0.0,47,1.4765485471872029,2.35,0
0,3295,58,286.0,5,0.0,265,0.9899192071359039,4.568965517241379,0
0,3303,63,502.0,5,0.0,352,1.1144778171464924,5.587301587301587,0
0,3309,94,388.0,7,0.0,768,1.0922332086722324,8.170212765957446,0
0,3311,62,283.2857142857143,7,0.0,383,1.2520603395680443,6.17741935483871,0
0,3323,88,400.25,8,0.0,674,1.0937156242352895,7.659090909090909,0
0,3328,45,229.5,6,0.0,205,1.2721510992314224,4.555555555555555,0
0,3350,126,327.14285714285717,7,0.0,542,0.4290106369981526,4.301587301587301,0
0,3358,45,353.1666666666667,6,0.0,183,1.135627566630977,4.066666666666666,0
0,3367,57,489.0,6,0.0,313,1.210610650136787,5.491228070175438,0
0,3368,19,218.2,5,0.0,37,1.287965963244569,1.9473684210526316,0
0,3372,37,441.75,4,0.0,132,1.2116588174546463,3.5675675675675675,0
0,3396,23,396.4,5,0.0,60,1.4252972341428172,2.608695652173913,0
0,3398,23,398.5,4,0.0,46,1.0927278795094932,2.0,0
0,3403,49,201.71428571428572,7,0.0,223,1.167138961683505,4.551020408163265,0
0,3409,68,460.2,5,0.0,407,1.1060797664455415,5.985294117647059,0
0,3422,72,242.83333333333334,6,0.0,360,0.8726646259971648,5.0,0
0,3447,68,433.57142857142856,7,0.0,447,1.2147853945974372,6.573529411764706,0
0,3448,36,360.2,5,0.0,141,1.3671745807288913,3.9166666666666665,0
0,3454,71,269.2857142857143,7,0.0,441,1.0993393058782772,6.211267605633803,0
0,3456,71,313.8333333333333,6,0.0,479,1.194066955817902,6.746478873239437,0
0,3463,66,469.0,6,0.0,415,1.197209321615945,6.287878787878788,0
0,3469,85,323.7142857142857,7,0.0,687,1.1948922646456404,8.08235294117647,0
0,3478,66,360.375,8,0.0,416,1.2000941633547788,6.303030303030303,0
0,3481,51,264.6666666666667,6,0.0,240,1.15952670028689,4.705882352941177,0
0,3487,65,302.0,7,0.0,381,1.1332040719694305,5.861538461538461,0
0,3498,84,361.85714285714283,7,0.0,684,1.2181685799633892,8.142857142857142,0
0,3504,106,381.6666666666667,6,0.0,418,0.46749224962639147,3.943396226415094,0
0,3509,79,345.42857142857144,7,0.0,551,1.1094488396910598,6.974683544303797,0
0,3518,76,437.85714285714283,7,0.0,534,1.1617801087374997,7.026315789473684,0
0,3523,19,551.75,4,0.0,49,1.705684654026591,2.5789473684210527,0
0,3524,78,376.14285714285717,7,0.0,568,1.1731917338849458,7.282051282051282,0
0,3527,34,465.8,5,0.0,105,1.1414090955949077,3.088235294117647,0
0,3530,26,339.5,4,0.0,85,1.5800909796161682,3.269230769230769,0
0,3531,56,411.0,6,0.0,269,1.0779189079281306,4.803571428571429,0
0,3532,72,321.7142857142857,7,0.0,493,1.1950657239350062,6.847222222222222,0
0,3535,7,401.25,4,0.0,9,2.308108888351685,1.2857142857142858,0
0,3545,99,335.1666666666667,6,0.0,394,0.505167842266862,3.9797979797979797,0
0,3547,51,299.3333333333333,6,0.0,240,1.15952670028689,4.705882352941177,0
0,3550,29,424.6,5,0.0,84,1.2551428437647687,2.896551724137931,0
0,3552,25,399.0,5,0.0,68,1.3672211228422781,2.72,0
0,3567,50,306.3333333333333,6,0.0,231,1.1611326447667876,4.62,0
0,3571,33,383.0,4,0.0,131,1.5116570711488078,3.9696969696969697,0
0,3580,58,308.85714285714283,7,0.0,319,1.191638592740956,5.5,0
0,3584,56,325.3333333333333,6,0.0,291,1.1660758446360073,5.196428571428571,0
0,3595,88,419.2857142857143,7,0.0,636,1.0320521320677214,7.2272727272727275,0
0,3596,67,424.5,6,0.0,410,1.14774157983677,6.119402985074627,0
0,3605,70,343.6666666666667,6,0.0,421,1.079682046662288,6.014285714285714,0
0,3614,78,304.625,8,0.0,590,1.2186322587889402,7.564102564102564,0
0,3617,84,351.1666666666667,6,0.0,251,0.4470180022965069,2.988095238095238,0
0,3618,79,399.0,7,0.0,554,1.1154893959870185,7.012658227848101,0
0,3619,74,312.0,6,0.0,495,1.135930141363731,6.6891891891891895,0
0,3631,55,384.0,6,0.0,273,1.134088984370266,4.963636363636364,0
0,3635,69,357.57142857142856,7,0.0,438,1.1560744232491742,6.3478260869565215,0
0,3639,66,298.7142857142857,7,0.0,399,1.1510518537946073,6.045454545454546,0
0,3655,95,415.55555555555554,9,0.0,848,1.1807514992771833,8.926315789473684,0
0,3660,31,446.0,4,0.0,87,1.1376422928712258,2.806451612903226,0
0,3663,81,284.875,8,0.0,625,1.1970708175544098,7.716049382716049,0
0,3676,22,535.75,4,0.0,50,1.2981787824751212,2.272727272727273,0
0,3684,66,395.7142857142857,7,0.0,440,1.269330365086785,6.666666666666667,0
0,3692,97,442.625,8,0.0,708,0.9455829944697943,7.298969072164948,0
0,3694,53,414.8,5,0.0,255,1.1407705612892804,4.811320754716981,0
0,3702,57,407.6666666666667,6,0.0,300,1.1603296966167287,5.2631578947368425,0
0,3713,28,331.0,4,0.0,74,1.1861115120696157,2.642857142857143,0
0,3718,124,304.2857142857143,7,0.0,558,0.4560376432630345,4.5,0
0,3723,51,418.8,5,0.0,271,1.3092988990739467,5.313725490196078,0
0,3725,61,307.1666666666667,6,0.0,359,1.2123964124039082,5.885245901639344,0
0,3726,55,594.6,5,0.0,234,0.9720762723173707,4.254545454545455,0
0,3727,70,352.6666666666667,6,0.0,475,1.2181685799633892,6.785714285714286,0
0,3736,25,467.0,4,0.0,72,1.4476458947741766,2.88,0
0,3742,31,539.5,4,0.0,77,1.0068788109320044,2.4838709677419355,0
0,3744,29,533.0,4,0.0,97,1.449391141014078,3.3448275862068964,0
0,3767,74,283.0,6,0.0,237,0.543869582834756,3.2027027027027026,0
0,3772,14,436.75,4,0.0,24,1.538739258901123,1.7142857142857142,0
0,3774,78,379.0,6,0.0,496,1.0244772887446005,6.358974358974359,0
0,3781,27,548.25,4,0.0,86,1.4824525004593812,3.185185185185185,0
0,3782,57,530.6,5,0.0,327,1.2647593693122343,5.7368421052631575,0
0,3789,59,318.57142857142856,7,0.0,315,1.1371464359445962,5.338983050847458,0
0,3792,89,487.2857142857143,7,0.0,772,1.2247491622630073,8.674157303370787,0
0,3805,70,389.14285714285717,7,0.0,386,0.9899222565597225,5.514285714285714,0
0,3806,102,504.4,5,0.0,422,0.5097086120011122,4.137254901960785,0
0,3809,37,383.6,5,0.0,134,1.2300172843857773,3.6216216216216215,0
0,3817,68,451.5,6,0.0,451,1.225655957412627,6.632352941176471,0
0,3829,55,391.6666666666667,6,0.0,287,1.1922473938251512,5.218181818181818,0
0,3835,60,413.1666666666667,6,0.0,337,1.176351915844178,5.616666666666666,0
0,3839,98,270.57142857142856,7,0.0,361,0.47235108202662024,3.683673469387755,0
0,3847,57,451.5,6,0.0,267,1.0326934299888886,4.684210526315789,0
0,3858,141,354.625,8,0.0,684,0.43234231176609195,4.851063829787234,0
0,3871,74,403.42857142857144,7,0.0,457,1.0487274234408586,6.175675675675675,0
0,3873,29,472.4,5,0.0,84,1.2551428437647687,2.896551724137931,0
0,3879,66,430.4,5,0.0,388,1.1193185946674378,5.878787878787879,0
0,3880,26,275.6,5,0.0,70,1.3012513949780207,2.6923076923076925,0
0,3886,41,315.8,5,0.0,160,1.1960852458640496,3.902439024390244,0
0,3889,48,411.8333333333333,6,0.0,213,1.1617347833587255,4.4375,0
0,3890,117,487.1666666666667,6,0.0,543,0.49846878834078684,4.641025641025641,0
0,3912,67,440.8333333333333,6,0.0,444,1.2429201498720144,6.626865671641791,0
0,3917,55,462.6666666666667,6,0.0,292,1.2130182543447532,5.3090909090909095,0
0,3920,60,350.0,7,0.0,328,1.14493598930828,5.466666666666667,0
0,3936,60,341.2857142857143,7,0.0,316,1.1030480872604163,5.266666666666667,0
0,3951,28,400.2,5,0.0,78,1.2502256478571625,2.7857142857142856,0
0,3963,66,465.3333333333333,6,0.0,423,1.2202880555266138,6.409090909090909,0
0,3964,17,439.5,4,0.0,41,1.7827723016910935,2.411764705882353,0
0,3975,85,307.85714285714283,7,0.0,673,1.1705422039396156,7.91764705882353,0
0,3978,87,401.7142857142857,7,0.0,662,1.0990801092225884,7.609195402298851,0
0,3981,37,304.8,5,0.0,139,1.2759134517136048,3.7567567567567566,0
0,3991,57,486.6,5,0.0,313,1.210610650136787,5.491228070175438,0
0,3992,145,443.55555555555554,9,0.0,776,0.463805165124505,5.3517241379310345,0
0,3995,66,385.6666666666667,6,0.0,380,1.096239860756769,5.757575757575758,0
0,4015,83,414.77777777777777,9,0.0,679,1.2385782620336592,8.180722891566266,0
0,4019,51,331.5,6,0.0,243,1.1740207840404764,4.764705882352941,0
0,4028,74,340.57142857142856,7,0.0,473,1.0854443573031207,6.391891891891892,0
0,4029,68,399.2857142857143,7,0.0,432,1.1740207840404762,6.352941176470588,0
0,4042,91,343.375,8,0.0,663,1.0060987462045805,7.285714285714286,0
0,4056,54,376.6666666666667,6,0.0,269,1.1592433797196904,4.981481481481482,0
0,4061,70,400.6666666666667,6,0.0,434,1.1130213972718124,6.2,0
0,4072,46,420.4,5,0.0,181,1.074911664082708,3.9347826086956523,0
0,4075,30,292.8,5,0.0,82,1.14493598930828,2.7333333333333334,0
0,4090,63,393.8,5,0.0,301,0.953005178866745,4.777777777777778,0
0,4097,33,455.0,5,0.0,114,1.3154878329081228,3.4545454545454546,0
0,4101,55,443.8333333333333,6,0.0,288,1.1964015659290717,5.236363636363636,0
0,4105,65,438.7142857142857,7,0.0,382,1.1361783608722376,5.876923076923077,0
0,4107,65,385.5,6,0.0,400,1.1897155611227619,6.153846153846154,0
0,4108,20,353.0,5,0.0,42,1.3194689145077132,2.1,0
0,4111,69,276.85714285714283,7,0.0,418,1.1032856367994401,6.057971014492754,0
0,4115,46,493.0,5,0.0,217,1.2887062492041306,4.717391304347826,0
0,4117,49,288.3333333333333,6,0.0,239,1.2508798737325457,4.877551020408164,0
0,4131,50,341.2,5,0.0,242,1.216424675469968,4.84,0
0,4132,52,411.8,5,0.0,239,1.1107110121419534,4.596153846153846,0
0,4148,28,379.8,5,0.0,81,1.2983112496978226,2.892857142857143,0
0,4153,22,531.0,4,0.0,46,1.1943244798771113,2.090909090909091,0
0,4157,102,281.57142857142856,7,0.0,377,0.4553557979251642,3.696078431372549,0
0,4158,85,360.42857142857144,7,0.0,643,1.1183635024267056,7.564705882352941,0
0,4173,60,522.6666666666666,6,0.0,362,1.2636183784438946,6.033333333333333,0
0,4186,36,417.4,5,0.0,114,1.105375192929742,3.1666666666666665,0
0,4188,65,342.3333333333333,6,0.0,411,1.2224327390536378,6.323076923076923,0
0,4191,75,392.42857142857144,7,0.0,541,1.2086056004210333,7.213333333333333,0
0,4192,62,490.0,6,0.0,403,1.317442080537655,6.5,0
0,4199,44,223.16666666666666,6,0.0,189,1.2267789494389896,4.295454545454546,0
0,4201,42,447.6,5,0.0,168,1.1967972013675403,4.0,0
0,4204,49,288.8333333333333,6,0.0,243,1.2718151017448058,4.959183673469388,0
0,4205,9,667.6666666666666,3,0.0,12,1.8616845354606182,1.3333333333333333,0
0,4219,25,414.5,4,0.0,64,1.2867963509103792,2.56,0
0,4228,55,380.6,5,0.0,255,1.059313886499699,4.636363636363637,0
0,4237,64,314.0,6,0.0,390,1.1965050145508,6.09375,0
0,4242,68,376.5,6,0.0,419,1.13869145489111,6.161764705882353,0
0,4246,54,288.1666666666667,6,0.0,280,1.206647384094845,5.185185185185185,0
0,4253,71,285.0,7,0.0,488,1.2165024518562342,6.873239436619718,0
0,4256,54,358.2,5,0.0,270,1.1635528346628863,5.0,0
0,4273,48,539.8,5,0.0,221,1.205368014658584,4.604166666666667,0
0,4276,73,397.625,8,0.0,538,1.2686634247560957,7.36986301369863,0
0,4287,46,555.0,4,0.0,211,1.2530738183505603,4.586956521739131,0
0,4300,66,479.8333333333333,6,0.0,384,1.1077792277121035,5.818181818181818,0
0,4302,73,311.0,7,0.0,518,1.2215012156573561,7.095890410958904,0
0,4304,23,552.5,4,0.0,54,1.2827675107285355,2.347826086956522,0
0,4307,71,333.57142857142856,7,0.0,440,1.0968464729851293,6.197183098591549,0
0,4311,30,600.25,4,0.0,83,1.1588986233242349,2.7666666666666666,0
0,4329,97,323.55555555555554,9,0.0,775,1.0350661309521052,7.989690721649485,0
0,4332,68,309.7142857142857,7,0.0,461,1.252832364450601,6.779411764705882,0
0,4335,62,302.625,8,0.0,363,1.1866785985984338,5.854838709677419,0
0,4346,14,384.4,5,0.0,24,1.538739258901123,1.7142857142857142,0
0,4350,67,367.57142857142856,7,0.0,418,1.1701365374921218,6.2388059701492535,0
0,4352,156,467.875,8,0.0,831,0.4291031385820378,5.326923076923077,0
0,4353,68,410.1666666666667,6,0.0,421,1.1441267362987049,6.1911764705882355,0
0,4354,49,477.8,5,0.0,239,1.2508798737325457,4.877551020408164,0
0,4361,30,302.6,5,0.0,96,1.340412865531645,3.2,0
0,4362,79,348.0,7,0.0,603,1.2141518154876751,7.632911392405063,0
0,4370,39,415.0,6,0.0,162,1.3384300062631072,4.153846153846154,0
0,4371,41,358.4,5,0.0,148,1.106378852424246,3.6097560975609757,0
0,4372,69,305.57142857142856,7,0.0,418,1.1032856367994401,6.057971014492754,0
0,4376,48,568.8,5,0.0,193,1.05265170510908,4.020833333333333,0
0,4394,37,352.8,5,0.0,151,1.3860642533003908,4.081081081081081,0
0,4399,76,463.3333333333333,6,0.0,495,1.0769309996724015,6.5131578947368425,0
0,4405,83,311.5,8,0.0,595,1.0853520852872272,7.168674698795181,0
0,4418,48,369.4,5,0.0,209,1.1399181677087966,4.354166666666667,0
0,4435,50,386.0,5,0.0,232,1.1661591930125312,4.64,0
0,4444,42,459.4,5,0.0,160,1.1398068584452765,3.8095238095238093,0
0,4446,29,348.5,4,0.0,80,1.1953741369188273,2.7586206896551726,0
0,4447,21,311.2,5,0.0,46,1.310777887212068,2.1904761904761907,0
0,4448,35,515.8,5,0.0,124,1.2720244540249284,3.5428571428571427,0
0,4450,38,358.6,5,0.0,137,1.1922387632736888,3.6052631578947367,0
0,4454,57,332.6,5,0.0,304,1.175800759238285,5.333333333333333,0
0,4457,79,351.875,8,0.0,591,1.1899895903038409,7.481012658227848,0
0,4458,38,382.4,5,0.0,154,1.3401807995923218,4.052631578947368,0
0,4473,77,478.3333333333333,6,0.0,501,1.0618572571755684,6.5064935064935066,0
0,4477,82,304.85714285714283,7,0.0,604,1.128805450784197,7.365853658536586,0
0,4488,45,344.0,5,0.0,197,1.2225061782858058,4.377777777777778,0
0,4490,93,330.8333333333333,6,0.0,710,1.0315785797427461,7.634408602150538,0
0,4492,78,437.7142857142857,7,0.0,584,1.206239388360578,7.487179487179487,0
0,4501,89,465.85714285714283,7,0.0,657,1.042305958039891,7.382022471910112,0
0,4503,39,448.2,5,0.0,166,1.3714776607387396,4.256410256410256,0
0,4504,49,186.16666666666666,6,0.0,231,1.2090094177080255,4.714285714285714,0
0,4521,53,535.8,5,0.0,304,1.359977453458593,5.735849056603773,0
0,4522,74,407.85714285714283,7,0.0,471,1.080854740570338,6.364864864864865,0
0,4539,83,313.57142857142856,7,0.0,607,1.107241539108146,7.313253012048193,0
0,4544,58,392.5,6,0.0,305,1.1393409742507574,5.258620689655173,0
0,4545,77,434.0,7,0.0,606,1.2844021913141606,7.87012987012987,0
0,4553,48,391.4,5,0.0,206,1.1235557059713495,4.291666666666667,0
0,4561,34,494.6,5,0.0,110,1.1957619096708556,3.235294117647059,0
0,4563,49,382.8333333333333,6,0.0,214,1.1200346986559195,4.36734693877551,0
0,4565,41,251.4,5,0.0,158,1.1811341802907491,3.8536585365853657,0
0,4570,24,401.4,5,0.0,60,1.308996938995747,2.5,0
0,4572,34,441.0,5,0.0,115,1.2501147237468035,3.3823529411764706,0
0,4591,80,319.125,8,0.0,624,1.2252211349000193,7.8,0
0,4593,21,506.0,4,0.0,47,1.3392730586731998,2.238095238095238,0
0,4596,71,267.75,8,0.0,468,1.1666457939932737,6.591549295774648,0
0,4608,39,380.8,5,0.0,157,1.2971204381685668,4.0256410256410255,0
0,4611,67,364.3333333333333,6,0.0,377,1.0553623795084446,5.626865671641791,0
0,4615,63,420.2,5,0.0,383,1.2126278521792802,6.079365079365079,0
0,4622,59,399.5,6,0.0,297,1.072166639604905,5.033898305084746,0
0,4630,56,286.5,6,0.0,299,1.1981329125297808,5.339285714285714,0
0,4640,60,338.6666666666667,6,0.0,333,1.1623892818282233,5.55,0
0,4644,30,583.75,4,0.0,79,1.1030480872604163,2.6333333333333333,0
0,4647,80,395.14285714285717,7,0.0,590,1.1584622910112363,7.375,0
0,4660,28,429.25,4,0.0,76,1.218168579963389,2.7142857142857144,0
0,4663,97,352.0,8,0.0,870,1.161945205068815,8.969072164948454,0
0,4667,56,436.6666666666667,6,0.0,327,1.3103326501579877,5.839285714285714,0
0,4671,43,288.6666666666667,6,0.0,173,1.1757610147561584,4.023255813953488,0
0,4680,60,376.14285714285717,7,0.0,354,1.2356931104119855,5.9,0
0,4681,67,465.2857142857143,7,0.0,424,1.1869327557336353,6.3283582089552235,0
0,4690,67,428.5,6,0.0,371,1.038566161266931,5.537313432835821,0
0,4696,63,258.7142857142857,7,0.0,346,1.0954810361724046,5.492063492063492,0
0,4703,92,409.55555555555554,9,0.0,692,1.0274017562779474,7.521739130434782,0
0,4714,71,347.14285714285717,7,0.0,482,1.201545454497346,6.788732394366197,0
0,4716,42,467.25,4,0.0,149,1.0614451369271636,3.5476190476190474,0
0,4720,39,393.0,5,0.0,146,1.206239388360578,3.7435897435897436,0
0,4731,84,369.2857142857143,7,0.0,632,1.1255592727147106,7.523809523809524,0
0,4734,61,388.6666666666667,6,0.0,310,1.0469161221315086,5.081967213114754,0
0,4740,50,495.6,5,0.0,225,1.1309733552923256,4.5,0
0,4745,55,409.8333333333333,6,0.0,290,1.2047099101369123,5.2727272727272725,0
0,4753,49,260.3333333333333,6,0.0,248,1.297984136760131,5.061224489795919,0
0,4760,37,350.0,5,0.0,130,1.1933003505235151,3.5135135135135136,0
0,4761,66,385.1666666666667,6,0.0,436,1.2577909981314506,6.606060606060606,0
0,4773,96,312.125,8,0.0,836,1.1399181677087966,8.708333333333334,0
0,4776,70,409.0,6,0.0,500,1.2822827157509358,7.142857142857143,0
0,4777,65,231.57142857142858,7,0.0,385,1.1451012275806585,5.923076923076923,0
0,4779,82,374.0,6,0.0,612,1.1437565163574976,7.463414634146342,0
0,4780,56,434.0,5,0.0,291,1.1660758446360073,5.196428571428571,0
0,4781,67,268.42857142857144,7,0.0,407,1.1393434707160133,6.074626865671642,0
0,4784,60,438.0,6,0.0,342,1.1938052083641213,5.7,0
0,4791,65,384.14285714285717,7,0.0,423,1.2581242058873205,6.507692307692308,0
0,4792,69,274.0,7,0.0,422,1.1138433940893868,6.115942028985507,0
0,4794,14,467.0,3,0.0,22,1.4105109873260293,1.5714285714285714,0
0,4795,82,361.42857142857144,7,0.0,569,1.0633945389010067,6.939024390243903,0
0,4796,64,479.0,6,0.0,380,1.1658253987930873,5.9375,0
0,4809,101,344.125,8,0.0,932,1.1481087552772031,9.227722772277227,0
0,4812,64,306.57142857142856,7,0.0,350,1.0737865515199487,5.46875,0
0,4813,66,505.0,6,0.0,413,1.191439638138278,6.257575757575758,0
0,4819,29,304.4,5,0.0,83,1.2402006670532835,2.8620689655172415,0
0,4820,24,466.75,4,0.0,57,1.2435470920459597,2.375,0
0,4825,49,359.2,5,0.0,271,1.418361697830627,5.530612244897959,0
0,4828,59,431.8333333333333,6,0.0,315,1.1371464359445962,5.338983050847458,0
0,4831,38,230.0,5,0.0,146,1.270561017795318,3.8421052631578947,0
0,4838,49,420.4,5,0.0,250,1.3084517507662612,5.1020408163265305,0
0,4839,44,416.6,5,0.0,201,1.3046696763874968,4.568181818181818,0
0,4843,87,283.0,7,0.0,715,1.187072927634669,8.218390804597702,0
0,4849,56,476.8,5,0.0,322,1.2902969827243793,5.75,0
0,4851,70,299.42857142857144,7,0.0,490,1.2566370614359172,7.0,0
0,4858,85,326.875,8,0.0,689,1.198370844746501,8.105882352941176,0
0,4859,63,348.1666666666667,6,0.0,365,1.1556375092570164,5.7936507936507935,0
0,4867,45,368.5,6,0.0,200,1.241123023640412,4.444444444444445,0
0,4875,75,351.5,6,0.0,481,1.0745643138678689,6.413333333333333,0
0,4894,23,530.25,4,0.0,58,1.3777873263380567,2.5217391304347827,0
0,4901,80,365.0,6,0.0,521,1.0229811078251765,6.5125,0
0,4904,81,260.77777777777777,9,0.0,595,1.139611418311798,7.345679012345679,0
0,4916,65,480.0,5,0.0,370,1.1004868940385546,5.6923076923076925,0
0,4918,53,279.3333333333333,6,0.0,252,1.1273497311564655,4.754716981132075,0
0,4920,72,208.75,8,0.0,473,1.1465843558240527,6.569444444444445,0
0,4925,82,316.6666666666667,6,0.0,488,0.912014999971338,5.951219512195122,0
0,4929,14,563.3333333333334,3,0.0,21,1.3463968515384828,1.5,0
0,4940,64,312.85714285714283,7,0.0,355,1.0891263593988052,5.546875,0
0,4943,115,364.25,8,0.0,508,0.48270066329636746,4.417391304347826,0
0,4954,32,447.5,4,0.0,106,1.3008157081270237,3.3125,0
0,4966,42,265.1666666666667,6,0.0,171,1.2181685799633892,4.071428571428571,0
0,4969,43,449.0,5,0.0,154,1.0466311923262912,3.5813953488372094,0
0,4977,86,428.7142857142857,7,0.0,612,1.039834885882614,7.116279069767442,0
0,4979,70,489.8333333333333,6,0.0,444,1.1386670515868311,6.3428571428571425,0
0,4981,61,347.6666666666667,6,0.0,307,1.0367846757883004,5.032786885245901,0
0,4983,59,279.3333333333333,6,0.0,281,1.0144068206362906,4.762711864406779,0
0,4992,63,260.7142857142857,7,0.0,347,1.0986471663347526,5.507936507936508,0
0,4999,36,349.0,5,0.0,144,1.3962634015954636,4.0,0
100,10,38,457.8,5,0.0,144,1.253156072346067,3.789473684210526,0
100,27,105,553.8333333333334,6,0.0,401,0.45706255023655584,3.8190476190476192,0
100,45,106,389.125,8,0.0,1010,1.1295865361786013,9.528301886792454,0
100,51,84,527.5,6,0.0,649,1.1558353923921632,7.726190476190476,0
100,57,56,579.0,5,0.0,275,1.1019617088484606,4.910714285714286,0
100,64,56,771.5,4,0.0,340,1.3624253854853694,6.071428571428571,0
100,133,81,549.8571428571429,7,0.0,621,1.1894095643220617,7.666666666666667,0
100,134,52,849.75,4,0.0,224,1.0410011159824166,4.3076923076923075,0
100,138,76,525.8333333333334,6,0.0,518,1.1269702178389978,6.815789473684211,0
100,140,44,530.8,5,0.0,202,1.3111605702998723,4.590909090909091,0
100,149,66,384.85714285714283,7,0.0,353,1.0183491338082618,5.348484848484849,0
100,162,90,464.625,8,0.0,729,1.1309733552923253,8.1,0
100,165,92,530.4285714285714,7,0.0,649,0.9635603176653005,7.054347826086956,0
100,181,7,510.25,4,0.0,9,2.308108888351685,1.2857142857142858,0
100,183,38,532.5,4,0.0,123,1.0704041451289323,3.236842105263158,0
100,192,51,482.0,5,0.0,216,1.043574030258201,4.235294117647059,0
100,196,71,428.75,8,0.0,457,1.1392246321686454,6.436619718309859,0
100,224,88,399.8333333333333,6,0.0,608,0.986615874681092,6.909090909090909,0
100,262,71,549.4285714285714,7,0.0,458,1.1417174650617934,6.450704225352113,0
100,268,30,434.8,5,0.0,86,1.2007865253720986,2.8666666666666667,0
100,274,14,594.0,4,0.0,23,1.4746251231135763,1.6428571428571428,0
100,277,112,454.22222222222223,9,0.0,1087,1.088938525016615,9.705357142857142,0
100,284,71,305.0,5,0.0,306,0.7628068653032943,4.309859154929577,0
100,288,70,677.5,4,0.0,176,0.45136351594432944,2.5142857142857142,0
100,308,108,561.0,7,0.0,1005,1.0827505544779636,9.305555555555555,0
100,319,85,503.2857142857143,7,0.0,647,1.125320662628427,7.6117647058823525,0
100,336,99,557.7142857142857,7,0.0,802,1.0282858109086885,8.1010101010101,0
100,349,83,408.57142857142856,7,0.0,673,1.2276335351231997,8.108433734939759,0
100,351,45,534.4,5,0.0,178,1.1045994910399668,3.9555555555555557,0
100,358,76,502.0,6,0.0,462,1.0051355996942413,6.078947368421052,0
100,359,10,510.0,5,0.0,15,1.8849555921538756,1.5,0
100,370,94,453.57142857142856,7,0.0,768,1.0922332086722324,8.170212765957446,0
100,374,90,401.42857142857144,7,0.0,706,1.0952910683626638,7.844444444444444,0
100,383,34,272.4,5,0.0,119,1.2935969750075618,3.5,0
100,392,81,454.8333333333333,6,0.0,588,1.126204225155189,7.2592592592592595,0
100,395,85,643.1428571428571,7,0.0,697,1.2122851651499438,8.2,0
100,397,12,658.25,4,0.0,16,1.3962634015954636,1.3333333333333333,0
100,411,41,479.4,5,0.0,161,1.2035607786507,3.926829268292683,0
100,426,23,426.2,5,0.0,48,1.1402377873142537,2.0869565217391304,0
100,430,79,551.4,5,0.0,420,0.8456778814342016,5.3164556962025316,0
100,432,93,472.875,8,0.0,752,1.0926015379810496,8.086021505376344,0
100,457,36,353.4,5,0.0,123,1.1926416555294586,3.4166666666666665,0
100,458,38,669.25,4,0.0,142,1.2357511268968162,3.736842105263158,0
100,485,86,428.6666666666667,6,0.0,664,1.128186869650418,7.72093023255814,0
100,487,34,607.5,4,0.0,99,1.07618571870377,2.911764705882353,0
100,491,86,622.4285714285714,7,0.0,634,1.0772145713228387,7.372093023255814,0
100,500,72,565.3333333333334,6,0.0,463,1.1223436717685757,6.430555555555555,0
100,504,108,482.875,8,0.0,989,1.06551273470518,9.157407407407407,0
100,513,42,444.2,5,0.0,173,1.232416165693955,4.119047619047619,0
100,520,53,666.6,5,0.0,225,1.00656225996113,4.245283018867925,0
100,521,12,365.8,5,0.0,19,1.658062789394613,1.5833333333333333,0
100,525,56,579.8333333333334,6,0.0,293,1.1740901116094506,5.232142857142857,0
100,533,63,471.2,5,0.0,328,1.0384906932501405,5.2063492063492065,0
100,534,68,553.3333333333334,6,0.0,432,1.1740207840404762,6.352941176470588,0
100,547,91,519.0,7,0.0,740,1.122945810243423,8.131868131868131,0
100,550,84,669.2,5,0.0,607,1.0810355673066918,7.226190476190476,0
100,552,118,425.625,8,0.0,1235,1.1145840066599813,10.466101694915254,0
100,554,106,459.8333333333333,6,0.0,476,0.5323595952683309,4.490566037735849,0
100,563,113,522.125,8,0.0,1176,1.157338228716923,10.4070796460177,0
100,580,80,807.2,5,0.0,565,1.1093749057988957,7.0625,0
100,582,96,637.0,6,0.0,821,1.1194650905369878,8.552083333333334,0
100,588,47,490.5,6,0.0,222,1.2628946475272687,4.723404255319149,0
100,618,59,530.6666666666666,6,0.0,306,1.1046565377747506,5.186440677966102,0
100,632,64,423.3333333333333,6,0.0,360,1.1044661672776617,5.625,0
100,634,47,312.1666666666667,6,0.0,206,1.1718752134712491,4.382978723404255,0
100,660,83,403.5,6,0.0,265,0.4833921052119583,3.1927710843373496,0
100,662,75,454.0,8,0.0,539,1.2041375575359279,7.1866666666666665,0
100,666,16,453.8,5,0.0,28,1.3744467859455345,1.75,0
100,678,152,630.8333333333334,6,0.0,718,0.3905234635175677,4.723684210526316,0
100,689,72,508.3333333333333,6,0.0,444,1.07628637206317,6.166666666666667,0
100,692,37,741.2,5,0.0,134,1.2300172843857773,3.6216216216216215,0
100,697,71,581.0,6,0.0,450,1.1217748019166094,6.338028169014085,0
100,713,63,294.57142857142856,7,0.0,359,1.1366407282829283,5.698412698412699,0
100,717,135,501.3,10,0.0,1464,1.0094467258942017,10.844444444444445,0
100,724,59,524.3333333333334,6,0.0,330,1.191296266227672,5.593220338983051,0
100,728,32,410.6,5,0.0,97,1.1903690913992575,3.03125,0
100,731,34,509.6,5,0.0,117,1.2718558493771828,3.4411764705882355,0
100,732,50,599.8,5,0.0,211,1.0606016798519142,4.22,0
100,753,31,693.2,5,0.0,96,1.2553294266165251,3.096774193548387,0
100,754,29,439.5,4,0.0,77,1.1505476067843714,2.6551724137931036,0
100,773,111,435.1666666666667,6,0.0,414,0.4222447394160131,3.72972972972973,0
100,775,98,654.875,8,0.0,858,1.1226516021574522,8.755102040816327,0
100,777,59,603.4,5,0.0,331,1.1949062549132106,5.610169491525424,0
100,779,99,727.2,5,0.0,425,0.5449145506685693,4.292929292929293,0
100,792,39,459.3333333333333,6,0.0,133,1.098834511314773,3.41025641025641,0
100,806,75,496.5,6,0.0,540,1.2063715789784806,7.2,0
100,819,69,490.0,6,0.0,433,1.1428772266367406,6.27536231884058,0
100,840,98,638.0,6,0.0,404,0.5286145073095695,4.122448979591836,0
100,849,70,610.8,5,0.0,417,1.0694237849362807,5.957142857142857,0
100,877,103,519.2857142857143,7,0.0,964,1.141858919053845,9.359223300970873,0
100,879,93,547.0,7,0.0,663,0.9632909836189306,7.129032258064516,0
100,886,62,701.4,5,0.0,328,1.072260551901615,5.290322580645161,0
100,897,72,529.3333333333334,6,0.0,477,1.1562806294462433,6.625,0
100,899,72,404.5,6,0.0,466,1.129615876985219,6.472222222222222,0
100,903,161,509.625,8,0.0,954,0.46249440863001623,5.925465838509317,0
100,908,17,658.6,5,0.0,29,1.260985286561993,1.7058823529411764,0
100,930,70,441.0,6,0.0,509,1.3053638046344527,7.271428571428571,0
100,943,81,483.5,6,0.0,588,1.126204225155189,7.2592592592592595,0
100,944,24,704.6,5,0.0,67,1.4617132485452509,2.7916666666666665,0
100,948,78,485.8333333333333,6,0.0,513,1.0595904216249599,6.576923076923077,0
100,953,23,569.4,5,0.0,57,1.3540323724356764,2.4782608695652173,0
100,954,68,645.0,5,0.0,431,1.171303143336679,6.338235294117647,0
100,959,75,505.8333333333333,6,0.0,460,1.0276498635742612,6.133333333333334,0
100,962,54,251.83333333333334,6,0.0,271,1.1678622896060822,5.018518518518518,0
100,969,120,343.375,8,0.0,1274,1.1117747335203878,10.616666666666667,0
100,973,84,576.5,6,0.0,697,1.2413209067755588,8.297619047619047,0
100,987,52,587.0,5,0.0,248,1.1525369498376756,4.769230769230769,0
100,1004,47,459.6,5,0.0,211,1.2003187866137552,4.48936170212766,0
100,1007,46,539.6,5,0.0,220,1.306522464630916,4.782608695652174,0
100,1031,38,401.8,5,0.0,124,1.0791066178535578,3.263157894736842,0
100,1032,61,298.6666666666667,6,0.0,358,1.209019263622839,5.868852459016393,0
100,1043,55,388.6666666666667,6,0.0,252,1.0468513701879378,4.581818181818182,0
100,1066,9,408.75,4,0.0,11,1.7065441575055664,1.2222222222222223,0
100,1079,45,419.2,5,0.0,167,1.0363377247397443,3.7111111111111112,0
100,1103,63,598.0,5,0.0,338,1.0701519948736207,5.365079365079365,0
100,1105,75,504.3333333333333,6,0.0,476,1.063394206655105,6.346666666666667,0
100,1111,95,602.0,6,0.0,400,0.5569582543760299,4.2105263157894735,0
100,1112,67,471.0,6,0.0,323,0.9041964153348212,4.82089552238806,0
100,1114,58,625.8,5,0.0,352,1.3149115506107099,6.068965517241379,0
100,1121,62,366.0,5,0.0,334,1.0918750741924985,5.387096774193548,0
100,1129,63,293.1666666666667,6,0.0,377,1.1936310712051923,5.984126984126984,0
100,1133,77,428.5,8,0.0,522,1.1063662440032869,6.779220779220779,0
100,1138,74,434.7142857142857,7,0.0,484,1.1106872493334259,6.54054054054054,0
100,1148,28,574.0,4,0.0,71,1.1380259102289558,2.5357142857142856,0
100,1196,73,480.1666666666667,6,0.0,445,1.0493591524469565,6.095890410958904,0
100,1201,74,539.5,6,0.0,430,0.9867675975482915,5.8108108108108105,0
100,1219,91,469.2857142857143,7,0.0,689,1.045553598996917,7.571428571428571,0
100,1240,86,672.0,5,0.0,264,0.4485562252826963,3.0697674418604652,0
100,1242,39,735.75,4,0.0,144,1.1897155611227619,3.6923076923076925,0
100,1243,55,574.4,5,0.0,255,1.059313886499699,4.636363636363637,0
100,1245,99,367.5,10,0.0,837,1.0731611268461,8.454545454545455,0
100,1248,81,328.3333333333333,6,0.0,582,1.1147123453066663,7.185185185185185,0
100,1266,103,399.0,9,0.0,857,1.0151173170426817,8.320388349514563,0
100,1268,107,561.125,8,0.0,972,1.0668628034900092,9.08411214953271,0
100,1274,55,421.8333333333333,6,0.0,292,1.2130182543447532,5.3090909090909095,0
100,1277,92,584.2857142857143,7,0.0,709,1.0526413947992266,7.706521739130435,0
100,1280,16,726.25,4,0.0,30,1.4726215563702154,1.875,0
100,1294,42,411.8333333333333,6,0.0,153,1.0899403083882957,3.642857142857143,0
100,1304,86,400.14285714285717,7,0.0,654,1.1111961035412248,7.604651162790698,0
100,1310,44,442.2,5,0.0,186,1.2073062677018624,4.2272727272727275,0
100,1311,39,522.75,4,0.0,132,1.0905725976958651,3.3846153846153846,0
100,1315,38,487.2,5,0.0,148,1.287965963244569,3.8947368421052633,0
100,1328,67,354.8333333333333,6,0.0,401,1.1225472524744995,5.985074626865671,0
100,1333,65,786.8,5,0.0,348,1.0350525381768028,5.3538461538461535,0
100,1339,85,466.85714285714283,7,0.0,698,1.214024455200374,8.211764705882352,0
100,1346,57,652.2,5,0.0,291,1.125519805718227,5.105263157894737,0
100,1364,74,557.4285714285714,7,0.0,481,1.1038028242342517,6.5,0
100,1371,78,383.6666666666667,6,0.0,587,1.212435823574759,7.5256410256410255,0
100,1375,70,648.6666666666666,6,0.0,472,1.2104748836688835,6.742857142857143,0
100,1380,102,586.4,5,0.0,321,0.3877167404084289,3.1470588235294117,0
100,1389,67,576.1666666666666,6,0.0,390,1.091754185698391,5.82089552238806,0
100,1393,30,443.0,5,0.0,83,1.1588986233242349,2.7666666666666666,0
100,1400,58,656.4,5,0.0,329,1.2289940345196695,5.672413793103448,0
100,1407,86,414.57142857142856,7,0.0,732,1.2437240791929305,8.511627906976743,0
100,1429,85,402.0,8,0.0,627,1.0905348616198203,7.376470588235295,0
100,1432,31,519.2,5,0.0,82,1.072260551901615,2.6451612903225805,0
100,1444,46,369.0,5,0.0,207,1.2293188644481798,4.5,0
100,1457,31,554.6,5,0.0,89,1.1637949892590702,2.870967741935484,0
100,1470,66,699.0,6,0.0,380,1.096239860756769,5.757575757575758,0
100,1486,45,677.6,5,0.0,180,1.117010721276371,4.0,0
100,1489,32,534.2,5,0.0,108,1.325359400733194,3.375,0
100,1524,60,414.2,5,0.0,312,1.0890854532444616,5.2,0
100,1537,89,596.5714285714286,7,0.0,780,1.2374408634263545,8.764044943820224,0
100,1545,74,537.1666666666666,6,0.0,492,1.1290457162645569,6.648648648648648,0
100,1575,17,661.0,5,0.0,32,1.3914320403442682,1.8823529411764706,0
100,1578,74,691.6,5,0.0,482,1.106097632600643,6.513513513513513,0
100,1582,113,380.0,7,0.0,549,0.5402879996306043,4.8584070796460175,0
100,1616,108,626.8571428571429,7,0.0,988,1.0644353709693812,9.148148148148149,0
100,1622,98,489.57142857142856,7,0.0,869,1.137044571415881,8.86734693877551,0
100,1647,60,337.8333333333333,6,0.0,341,1.1903145498601326,5.683333333333334,0
100,1665,62,540.6666666666666,6,0.0,332,1.0853369000955373,5.354838709677419,0
100,1674,1,614.6666666666666,3,0.0,1,12.566370614359172,1.0,0
100,1686,25,709.0,4,0.0,64,1.2867963509103792,2.56,0
100,1687,47,359.3333333333333,6,0.0,220,1.2515172182702663,4.680851063829787,0
100,1697,69,518.3333333333334,6,0.0,404,1.0663334862846263,5.855072463768116,0
100,1710,38,417.4,5,0.0,141,1.2270486541721906,3.710526315789474,0
100,1711,98,558.6666666666666,6,0.0,780,1.0205923655976836,7.959183673469388,0
100,1713,35,503.0,5,0.0,123,1.261766192298921,3.5142857142857142,0
100,1716,36,651.0,4,0.0,118,1.1441602874185048,3.2777777777777777,0
100,1723,41,471.2,5,0.0,160,1.1960852458640496,3.902439024390244,0
100,1733,159,448.1111111111111,9,0.0,1039,0.5164534262220316,6.534591194968553,0
100,1744,61,446.6666666666667,6,0.0,345,1.165116329468937,5.655737704918033,0
100,1757,28,672.6,5,0.0,74,1.1861115120696157,2.642857142857143,0
100,1758,77,531.3333333333334,6,0.0,542,1.1487557552677805,7.038961038961039,0
100,1788,70,592.0,6,0.0,402,1.0309553034637526,5.742857142857143,0
100,1803,95,503.7142857142857,7,0.0,835,1.1626503560099621,8.789473684210526,0
100,1806,98,633.5714285714286,7,0.0,864,1.1305023126620497,8.816326530612244,0
100,1819,34,583.2,5,0.0,112,1.2175030353012346,3.2941176470588234,0
100,1828,42,548.5,4,0.0,191,1.3606444372690487,4.5476190476190474,0
100,1829,126,447.5,6,0.0,471,0.3728118266164758,3.738095238095238,0
100,1839,107,442.5,8,0.0,1122,1.2315021250162452,10.485981308411215,0
100,1842,111,576.2857142857143,7,0.0,989,1.0086957663826979,8.90990990990991,0
100,1852,77,587.7142857142857,7,0.0,543,1.1508752308310053,7.0519480519480515,0
100,1868,72,419.7142857142857,7,0.0,490,1.1877935187183633,6.805555555555555,0
100,1869,61,433.6666666666667,6,0.0,365,1.2326593050903247,5.983606557377049,0
100,1882,80,692.8333333333334,6,0.0,574,1.1270463644753383,7.175,0
100,1904,76,488.0,7,0.0,511,1.1117408905709032,6.723684210526316,0
100,1907,64,440.0,6,0.0,363,1.1136700520049756,5.671875,0
100,1952,112,715.0,7,0.0,1161,1.163070494520966,10.366071428571429,0
100,1955,22,556.2,5,0.0,51,1.3241423581246234,2.3181818181818183,0
100,1961,70,488.8333333333333,6,0.0,457,1.1720064021963554,6.5285714285714285,0
100,1963,72,648.3333333333334,6,0.0,501,1.2144582711793876,6.958333333333333,0
100,1972,97,610.1428571428571,7,0.0,745,0.9949990549152496,7.680412371134021,0
100,1977,136,505.8,5,0.0,383,0.2602140973886009,2.8161764705882355,0
100,2010,90,420.0,7,0.0,711,1.1030480872604163,7.9,0
100,2018,37,713.25,4,0.0,130,1.1933003505235151,3.5135135135135136,0
100,2033,27,511.2,5,0.0,77,1.3273121225043296,2.8518518518518516,0
100,2042,45,505.8,5,0.0,177,1.0983938759217649,3.933333333333333,0
100,2061,29,809.25,4,0.0,71,1.0608945465154593,2.4482758620689653,0
100,2076,92,517.0,7,0.0,741,1.100151302603987,8.054347826086957,0
100,2084,104,488.5,8,0.0,947,1.100254527718023,9.10576923076923,0
100,2087,78,351.2857142857143,7,0.0,526,1.086441640886411,6.743589743589744,0
100,2090,135,581.8571428571429,7,0.0,702,0.4840379792197607,5.2,0
100,2094,30,337.8,5,0.0,85,1.1868238913561442,2.8333333333333335,0
100,2097,142,439.0,7,0.0,681,0.4244048000584505,4.795774647887324,0
100,2115,53,463.4,5,0.0,217,0.9707733796069563,4.09433962264151,0
100,2119,92,449.25,8,0.0,710,1.0541260794181253,7.717391304347826,0
100,2128,39,609.0,5,0.0,155,1.2805966109307507,3.9743589743589745,0
100,2134,76,617.6666666666666,6,0.0,526,1.1443751632882488,6.921052631578948,0
100,2135,62,429.5,6,0.0,370,1.2095622079377975,5.967741935483871,0
100,2142,119,594.0,8,0.0,1185,1.0515605662040548,9.957983193277311,0
100,2144,23,738.6,5,0.0,55,1.306522464630916,2.391304347826087,0
100,2147,108,480.125,8,0.0,990,1.0665900984409793,9.166666666666666,0
100,2169,78,568.8571428571429,7,0.0,539,1.1132928601478622,6.910256410256411,0
100,2170,100,503.5,8,0.0,896,1.125946807046582,8.96,0
100,2175,119,472.125,8,0.0,1168,1.03647488719522,9.815126050420169,0
100,2182,71,663.4,5,0.0,463,1.1541816295275336,6.52112676056338,0
100,2198,99,421.875,8,0.0,849,1.0885469494532127,8.575757575757576,0
100,2230,41,665.8,5,0.0,162,1.2110363114373504,3.951219512195122,0
100,2233,36,574.0,4,0.0,113,1.0956789193075513,3.138888888888889,0
100,2234,84,507.57142857142856,7,0.0,620,1.1041878941188614,7.380952380952381,0
100,2241,88,732.8333333333334,6,0.0,722,1.1716063511837966,8.204545454545455,0
100,2257,60,702.6666666666666,6,0.0,327,1.1414453308042916,5.45,0
100,2266,84,576.0,7,0.0,567,1.009797638653862,6.75,0
100,2270,100,421.14285714285717,7,0.0,901,1.1322299923537613,9.01,0
100,2278,74,418.0,6,0.0,528,1.2116588174546463,7.135135135135135,0
100,2281,151,474.125,8,0.0,1141,0.6288421065297055,7.556291390728477,0
100,2290,65,418.6666666666667,6,0.0,382,1.1361783608722376,5.876923076923077,0
100,2301,86,582.6666666666666,6,0.0,543,0.9225985997291821,6.313953488372093,0
100,2320,90,460.2857142857143,7,0.0,745,1.1557958157651338,8.277777777777779,0
100,2326,69,526.0,5,0.0,174,0.4592624421126855,2.5217391304347827,0
100,2331,62,582.3333333333334,6,0.0,374,1.22263855613172,6.032258064516129,0
100,2332,68,450.8333333333333,6,0.0,448,1.2175030353012346,6.588235294117647,0
100,2335,91,555.5714285714286,7,0.0,686,1.0410011159824168,7.538461538461538,0
100,2352,59,428.1666666666667,6,0.0,321,1.1588063680578267,5.440677966101695,0
100,2354,62,634.6,5,0.0,294,0.961111592253277,4.741935483870968,0
100,2357,83,465.57142857142856,7,0.0,581,1.0598143891628218,7.0,0
100,2376,31,638.6,5,0.0,94,1.229176730228681,3.032258064516129,0
100,2380,90,492.875,8,0.0,719,1.1154593174968204,7.988888888888889,0
100,2389,76,396.57142857142856,7,0.0,496,1.0791066178535578,6.526315789473684,0
100,2403,123,506.0,8,0.0,1298,1.0781379507857893,10.552845528455284,0
100,2408,74,588.8,5,0.0,226,0.5186266908044509,3.054054054054054,0
100,2419,82,499.85714285714283,7,0.0,579,1.0820833708676325,7.060975609756097,0
100,2438,63,512.6666666666666,6,0.0,396,1.253787544289804,6.285714285714286,0
100,2439,123,325.5,8,0.0,1329,1.1038870081620291,10.804878048780488,0
100,2457,35,573.25,4,0.0,109,1.118150528134816,3.1142857142857143,0
100,2477,36,536.0,5,0.0,118,1.1441602874185048,3.2777777777777777,0
100,2483,81,579.0,6,0.0,547,1.0476763795236195,6.753086419753086,0
100,2495,73,356.85714285714283,7,0.0,471,1.1106700242753182,6.4520547945205475,0
100,2521,78,408.8333333333333,6,0.0,600,1.2392870428362104,7.6923076923076925,0
100,2529,74,407.1666666666667,6,0.0,488,1.1198664827989913,6.594594594594595,0
100,2541,65,723.5,6,0.0,401,1.1926898500255687,6.1692307692307695,0
100,2574,50,506.6,5,0.0,239,1.201345030732737,4.78,0
100,2576,150,520.625,8,0.0,1092,0.6098878538168986,7.28,0
100,2579,65,280.3333333333333,6,0.0,350,1.0410011159824166,5.384615384615385,0
100,2582,73,629.1666666666666,6,0.0,487,1.1483997915543098,6.671232876712328,0
100,2585,77,371.2857142857143,7,0.0,560,1.186906315405825,7.2727272727272725,0
100,2602,151,371.5,8,0.0,894,0.4927123954755098,5.920529801324503,0
100,2617,109,490.2857142857143,7,0.0,603,0.6377848228649593,5.532110091743119,0
100,2623,97,344.1111111111111,9,0.0,801,1.069790930184047,8.257731958762887,0
100,2645,41,510.8,5,0.0,170,1.2708405737305528,4.146341463414634,0
100,2650,52,552.2,5,0.0,209,0.9712912198228799,4.019230769230769,0
100,2651,26,533.0,4,0.0,69,1.2826620893354777,2.6538461538461537,0
100,2658,93,476.14285714285717,7,0.0,772,1.1216600895230988,8.301075268817204,0
100,2668,34,442.4,5,0.0,124,1.3479497890835097,3.6470588235294117,0
100,2687,37,370.0,5,0.0,131,1.202479583989081,3.5405405405405403,0
100,2689,45,432.0,5,0.0,222,1.3776465562408575,4.933333333333334,0
100,2690,55,409.3333333333333,6,0.0,293,1.2171724264486734,5.327272727272727,0
100,2715,73,588.5,6,0.0,487,1.1483997915543098,6.671232876712328,0
100,2719,71,274.7142857142857,7,0.0,492,1.2264737834288262,6.929577464788732,0
100,2723,24,477.5,4,0.0,58,1.265363707695889,2.4166666666666665,0
100,2729,104,406.0,6,0.0,832,0.9666438934122441,8.0,0
100,2744,107,416.0,9,0.0,1009,1.1074738361331475,9.429906542056075,0
100,2745,71,594.6666666666666,6,0.0,406,1.0120901546180965,5.71830985915493,0
100,2750,94,447.2857142857143,7,0.0,795,1.1306320324146153,8.457446808510639,0
100,2754,102,472.25,8,0.0,900,1.0870562815189595,8.823529411764707,0
100,2783,70,481.8333333333333,6,0.0,446,1.1437961824498348,6.371428571428571,0
100,2789,76,514.0,6,0.0,524,1.140023926925936,6.894736842105263,0
100,2792,54,521.0,5,0.0,276,1.1894095643220617,5.111111111111111,0
100,2793,56,602.1666666666666,6,0.0,271,1.085933174901574,4.839285714285714,0
100,2797,93,332.14285714285717,7,0.0,763,1.1085837413291768,8.204301075268818,0
100,2804,70,305.6666666666667,6,0.0,507,1.300234673771449,7.242857142857143,0
100,2806,88,541.3333333333334,6,0.0,683,1.1083201355381347,7.761363636363637,0
100,2807,82,680.8333333333334,6,0.0,608,1.1362809835708472,7.414634146341464,0
100,2809,97,787.0,6,0.0,801,1.069790930184047,8.257731958762887,0
100,2815,34,605.8,5,0.0,105,1.1414090955949077,3.088235294117647,0
100,2837,114,712.1428571428571,7,0.0,1142,1.1042470946135867,10.017543859649123,0
100,2847,33,725.4,5,0.0,108,1.2462516311761163,3.272727272727273,0
100,2862,70,514.0,6,0.0,446,1.1437961824498348,6.371428571428571,0
100,2871,78,501.57142857142856,7,0.0,534,1.1029654681242271,6.846153846153846,0
100,2873,114,441.2857142857143,7,0.0,1088,1.0520322582658341,9.543859649122806,0
100,2883,60,303.8333333333333,6,0.0,321,1.1205013797803596,5.35,0
100,2884,36,452.2,5,0.0,132,1.279908118129175,3.6666666666666665,0
100,2886,71,744.0,6,0.0,464,1.1566744624206817,6.535211267605634,0
100,2888,68,624.5,6,0.0,393,1.0680327965923777,5.779411764705882,0
100,2889,50,675.0,4,0.0,209,1.050548583360427,4.18,0
100,2907,109,330.2,10,0.0,1084,1.1465319203741555,9.944954128440367,0
100,2911,61,307.6666666666667,6,0.0,353,1.192133519717492,5.786885245901639,0
100,2923,37,375.4,5,0.0,130,1.1933003505235151,3.5135135135135136,0
100,2932,66,606.2,5,0.0,379,1.0933550190179353,5.742424242424242,0
100,2946,55,400.0,6,0.0,293,1.2171724264486734,5.327272727272727,0
100,2953,117,491.77777777777777,9,0.0,1244,1.1419800602135153,10.632478632478632,0
100,2960,76,670.3333333333334,6,0.0,526,1.1443751632882488,6.921052631578948,0
100,2961,82,520.5,6,0.0,616,1.151232049144148,7.512195121951219,0
100,2970,89,288.7142857142857,7,0.0,714,1.13273432882874,8.02247191011236,0
100,2971,25,669.5,4,0.0,58,1.1661591930125312,2.32,0
100,2981,48,521.6,5,0.0,238,1.2980886311707824,4.958333333333333,0
100,2998,47,524.4,5,0.0,213,1.2116962158707576,4.531914893617022,0
100,3006,92,319.7142857142857,7,0.0,783,1.1625080565977353,8.51086956521739,0
100,3007,41,693.6,5,0.0,173,1.2932671720905038,4.219512195121951,0
100,3020,45,737.0,4,0.0,177,1.0983938759217649,3.933333333333333,0
100,3025,40,449.6,5,0.0,159,1.2487830798019428,3.975,0
100,3036,41,386.0,5,0.0,168,1.2558895081572523,4.097560975609756,0
100,3042,67,681.2,5,0.0,364,1.0189705733184982,5.432835820895522,0
100,3050,97,438.125,8,0.0,800,1.0684553609828185,8.24742268041237,0
100,3059,46,512.6,5,0.0,211,1.2530738183505603,4.586956521739131,0
100,3066,89,536.8571428571429,7,0.0,712,1.1295614035379031,8.0,0
100,3071,104,457.6666666666667,6,0.0,438,0.5088822419646188,4.211538461538462,0
100,3080,92,548.0,6,0.0,672,0.9977080638999721,7.304347826086956,0
100,3082,54,539.8333333333334,6,0.0,290,1.2497419335268038,5.37037037037037,0
100,3083,75,695.3333333333334,6,0.0,534,1.1929674503231642,7.12,0
100,3093,77,649.5,6,0.0,538,1.1402778530148818,6.987012987012987,0
100,3095,58,344.1666666666667,6,0.0,312,1.1654897834958566,5.379310344827586,0
100,3097,69,586.6666666666666,6,0.0,435,1.148156105281714,6.304347826086956,0
100,3099,81,332.625,8,0.0,519,0.994047606897182,6.407407407407407,0
100,3100,86,366.85714285714283,7,0.0,687,1.167265631701562,7.988372093023256,0
100,3110,80,700.0,5,0.0,260,0.5105088062083414,3.25,0
100,3115,31,784.0,4,0.0,97,1.2684057748104471,3.129032258064516,0
100,3118,66,514.8333333333334,6,0.0,410,1.182785112921777,6.212121212121212,0
100,3126,78,833.25,4,0.0,618,1.2764656541212966,7.923076923076923,0
100,3128,64,620.6666666666666,6,0.0,372,1.141281706186917,5.8125,0
100,3129,167,400.375,8,0.0,897,0.4041749234852514,5.37125748502994,0
100,3131,75,412.85714285714283,7,0.0,528,1.1795633216678476,7.04,0
100,3137,114,414.0,10,0.0,1106,1.069437203715085,9.701754385964913,0
100,3138,56,544.6666666666666,6,0.0,328,1.3143397836447093,5.857142857142857,0
100,3141,62,434.8333333333333,6,0.0,342,1.1180277705803425,5.516129032258065,0
100,3150,96,468.14285714285717,7,0.0,839,1.144008783143158,8.739583333333334,0
100,3163,74,413.0,6,0.0,485,1.112982057699817,6.554054054054054,0
100,3183,93,525.1666666666666,6,0.0,887,1.2887467608898817,9.53763440860215,0
100,3188,98,647.2857142857143,7,0.0,913,1.1946164484495965,9.316326530612244,0
100,3194,61,520.5,4,0.0,300,1.0131446343208148,4.918032786885246,0
100,3208,72,455.1666666666667,6,0.0,435,1.0544697564132408,6.041666666666667,0
100,3211,71,733.6666666666666,6,0.0,464,1.1566744624206817,6.535211267605634,0
100,3218,87,503.0,6,0.0,671,1.1140222859340736,7.712643678160919,0
100,3225,22,650.75,4,0.0,47,1.220288055526614,2.1363636363636362,0
100,3230,66,600.4,5,0.0,398,1.1481670120557739,6.03030303030303,0
100,3234,76,422.0,7,0.0,500,1.0878090905781832,6.578947368421052,0
100,3236,75,455.1666666666667,6,0.0,541,1.2086056004210333,7.213333333333333,0
100,3238,58,548.8333333333334,6,0.0,279,1.0422168256261026,4.810344827586207,0
100,3241,47,568.1666666666666,6,0.0,190,1.0808557794152298,4.042553191489362,0
100,3249,89,528.8333333333334,6,0.0,779,1.2358544007809362,8.752808988764045,0
100,3254,75,598.8571428571429,7,0.0,516,1.1527550643572146,6.88,0
100,3256,56,759.4,5,0.0,309,1.2382042473969976,5.517857142857143,0
100,3259,22,394.0,5,0.0,53,1.3760695094236284,2.409090909090909,0
100,3263,69,304.6666666666667,6,0.0,462,1.219420966988855,6.695652173913044,0
100,3271,84,446.5,6,0.0,572,1.0187023797354657,6.809523809523809,0
100,3295,51,487.8,5,0.0,189,0.9131272764759261,3.7058823529411766,0
100,3303,52,568.6,5,0.0,233,1.0828270536781388,4.480769230769231,0
100,3309,92,483.5,6,0.0,793,1.1773549027867232,8.619565217391305,0
100,3311,76,328.42857142857144,7,0.0,526,1.1443751632882488,6.921052631578948,0
100,3323,105,579.8333333333334,6,0.0,865,0.9859329325551642,8.238095238095237,0
100,3328,46,397.8,5,0.0,186,1.1046053564606833,4.043478260869565,0
100,3350,129,384.0,6,0.0,562,0.4243915801496217,4.3565891472868215,0
100,3358,24,437.4,5,0.0,61,1.3308135546456763,2.5416666666666665,0
100,3367,49,697.6,5,0.0,251,1.3136855577693263,5.122448979591836,0
100,3403,61,510.6666666666667,6,0.0,342,1.1549848831257288,5.60655737704918,0
100,3409,57,536.6,5,0.0,305,1.1796685248936742,5.350877192982456,0
100,3422,102,396.625,8,0.0,539,0.6510259285985769,5.284313725490196,0
100,3447,80,441.0,7,0.0,589,1.1564987956027426,7.3625,0
100,3454,85,482.57142857142856,7,0.0,632,1.0992313118719719,7.435294117647059,0
100,3456,80,541.1666666666666,6,0.0,560,1.0995574287564276,7.0,0
100,3463,66,504.8333333333333,6,0.0,426,1.2289425807431147,6.454545454545454,0
100,3469,102,369.125,8,0.0,927,1.1196679699645282,9.088235294117647,0
100,3478,83,550.7142857142857,7,0.0,648,1.1820305063296188,7.807228915662651,0
100,3481,47,450.2,5,0.0,214,1.2173849304992588,4.553191489361702,0
100,3487,65,335.5,6,0.0,396,1.1778184055115344,6.092307692307692,0
100,3498,90,585.1666666666666,6,0.0,721,1.1185621250559215,8.011111111111111,0
100,3504,112,488.6666666666667,6,0.0,442,0.4427882502827451,3.9464285714285716,0
100,3509,80,569.6666666666666,6,0.0,594,1.1663162726452108,7.425,0
100,3518,75,560.3333333333334,6,0.0,535,1.195201471765717,7.133333333333334,0
100,3524,88,519.5,6,0.0,643,1.0434111964143786,7.306818181818182,0
100,3531,53,599.8,5,0.0,251,1.1228761211121938,4.735849056603773,0
100,3532,84,477.85714285714283,7,0.0,637,1.1344640137963142,7.583333333333333,0
100,3545,102,489.6666666666667,6,0.0,402,0.4855518057451353,3.9411764705882355,0
100,3547,2,661.0,3,0.0,2,6.283185307179586,1.0,0
100,3567,32,614.25,4,0.0,100,1.227184630308513,3.125,0
100,3580,79,533.2857142857143,7,0.0,515,1.0369621641395568,6.518987341772152,0
100,3584,49,463.8,5,0.0,241,1.2613474877386759,4.918367346938775,0
100,3595,87,533.1666666666666,6,0.0,661,1.097419867365757,7.597701149425287,0
100,3596,63,586.4,5,0.0,389,1.2316246331533682,6.174603174603175,0
100,3605,77,439.42857142857144,7,0.0,515,1.091529915060714,6.688311688311688,0
100,3614,92,365.5,8,0.0,750,1.113513464174076,8.152173913043478,0
100,3617,70,601.6,5,0.0,194,0.4975256937113631,2.7714285714285714,0
100,3618,90,428.0,8,0.0,718,1.1139079137172698,7.977777777777778,0
100,3619,87,418.42857142857144,7,0.0,611,1.0144077745241715,7.022988505747127,0
100,3631,54,445.5,6,0.0,287,1.2368135686972161,5.314814814814815,0
100,3635,79,341.7142857142857,7,0.0,559,1.125556989813616,7.075949367088608,0
100,3639,72,391.3333333333333,6,0.0,449,1.0884067140909084,6.236111111111111,0
100,3655,115,562.5,8,0.0,1110,1.0547199532656848,9.652173913043478,0
100,3663,95,491.2857142857143,7,0.0,839,1.1682199385537224,8.83157894736842,0
100,3684,80,610.1666666666666,6,0.0,551,1.081885970079985,6.8875,0
100,3692,102,550.7142857142857,7,0.0,848,1.0242485852534198,8.313725490196079,0
100,3694,37,466.8,5,0.0,129,1.1841211170579498,3.4864864864864864,0
100,3702,57,484.1666666666667,6,0.0,312,1.2067428844813979,5.473684210526316,0
100,3718,130,488.1666666666667,6,0.0,602,0.44763047987243915,4.630769230769231,0
100,3723,39,474.6,5,0.0,155,1.2805966109307507,3.9743589743589745,0
100,3725,63,381.8333333333333,6,0.0,364,1.1524713790946683,5.777777777777778,0
100,3726,33,727.8,5,0.0,101,1.1654760624887754,3.0606060606060606,0
100,3727,71,628.6,5,0.0,463,1.1541816295275336,6.52112676056338,0
100,3767,60,433.6,5,0.0,166,0.5794493116621174,2.7666666666666666,0
100,3774,79,426.8333333333333,6,0.0,520,1.0470297579661543,6.582278481012659,0
100,3782,47,667.6,5,0.0,215,1.2230736451277602,4.574468085106383,0
100,3789,65,482.3333333333333,6,0.0,369,1.0975126051357478,5.676923076923077,0
100,3792,98,537.7142857142857,7,0.0,895,1.1710643169358037,9.13265306122449,0
100,3805,76,573.1666666666666,6,0.0,522,1.1356726905636232,6.868421052631579,0
100,3806,73,603.0,5,0.0,282,0.6649871482922286,3.863013698630137,0
100,3817,70,507.5,6,0.0,467,1.1976520565113742,6.671428571428572,0
100,3829,34,646.5,4,0.0,115,1.2501147237468035,3.3823529411764706,0
100,3835,61,407.3333333333333,6,0.0,345,1.165116329468937,5.655737704918033,0
100,3839,114,377.3333333333333,6,0.0,474,0.45833023016360785,4.157894736842105,0
100,3847,36,626.4,5,0.0,137,1.3283894862401286,3.8055555555555554,0
100,3858,148,488.5,6,0.0,767,0.44002950425554627,5.1824324324324325,0
100,3871,71,634.2,5,0.0,425,1.0594539795879088,5.985915492957746,0
100,3879,55,456.8,5,0.0,286,1.1880932217212308,5.2,0
100,3889,26,496.8,5,0.0,72,1.3384300062631072,2.769230769230769,0
100,3890,112,694.8,5,0.0,532,0.5329487537339828,4.75,0
100,3912,68,474.0,6,0.0,449,1.2202206760050323,6.602941176470588,0
100,3917,53,525.1666666666666,6,0.0,282,1.261558032484616,5.320754716981132,0
100,3920,57,596.6666666666666,6,0.0,248,0.9592058825364957,4.350877192982456,0
100,3936,56,445.2,5,0.0,312,1.2502256478571625,5.571428571428571,0
100,3963,70,466.3333333333333,6,0.0,439,1.1258442244293219,6.271428571428571,0
100,3975,90,570.3333333333334,6,0.0,804,1.2473286387586142,8.933333333333334,0
100,3978,88,529.3333333333334,6,0.0,683,1.1083201355381347,7.761363636363637,0
100,3991,42,571.2,5,0.0,174,1.239539958559238,4.142857142857143,0
100,3992,165,479.5,8,0.0,1001,0.4620362528915898,6.066666666666666,0
100,3995,71,800.6,5,0.0,453,1.1292533005960534,6.380281690140845,0
100,4015,98,829.1666666666666,6,0.0,901,1.1789150274404012,9.193877551020408,0
100,4019,46,812.75,4,0.0,210,1.2471350798749652,4.565217391304348,0
100,4028,73,527.3333333333334,6,0.0,503,1.1861295588333014,6.890410958904109,0
100,4029,82,723.6666666666666,6,0.0,566,1.057787889311019,6.902439024390244,0
100,4042,106,320.6666666666667,9,0.0,930,1.0401143352931674,8.773584905660377,0
100,4056,53,508.4,5,0.0,248,1.1094552909793787,4.679245283018868,0
100,4061,73,410.5,6,0.0,454,1.0705821465413894,6.219178082191781,0
100,4090,48,525.4,5,0.0,222,1.210822168571066,4.625,0
100,4101,57,507.0,6,0.0,298,1.1525941653059506,5.228070175438597,0
100,4105,72,472.0,6,0.0,501,1.2144582711793876,6.958333333333333,0
100,4107,65,539.3333333333334,6,0.0,357,1.061821138302065,5.492307692307692,0
100,4111,72,546.2,5,0.0,432,1.0471975511965976,6.0,0
100,4115,25,545.0,5,0.0,68,1.3672211228422781,2.72,0
100,4117,21,530.5,4,0.0,49,1.3962634015954636,2.3333333333333335,0
100,4131,33,393.8,5,0.0,114,1.3154878329081228,3.4545454545454546,0
100,4132,22,670.5,4,0.0,57,1.479923812021638,2.590909090909091,0
100,4157,107,424.14285714285717,7,0.0,462,0.5070891103008068,4.317757009345795,0
100,4158,96,723.7142857142857,7,0.0,799,1.0894672440183353,8.322916666666666,0
100,4173,62,586.0,6,0.0,370,1.2095622079377975,5.967741935483871,0
100,4188,68,424.4,5,0.0,412,1.1196679699645282,6.0588235294117645,0
100,4191,80,604.0,6,0.0,628,1.2330751165339937,7.85,0
100,4192,65,728.0,5,0.0,356,1.0588468493992582,5.476923076923077,0
100,4199,47,356.1666666666667,6,0.0,214,1.2173849304992588,4.553191489361702,0
100,4204,52,706.0,5,0.0,269,1.250130804461027,5.173076923076923,0
100,4228,39,430.0,5,0.0,136,1.1236202521714975,3.4871794871794872,0
100,4237,69,377.0,6,0.0,452,1.1930265737639878,6.550724637681159,0
100,4242,71,544.8333333333334,6,0.0,441,1.0993393058782772,6.211267605633803,0
100,4246,63,381.1666666666667,6,0.0,297,0.940340658217353,4.714285714285714,0
100,4253,88,414.0,7,0.0,709,1.150510945968576,8.056818181818182,0
100,4256,32,442.5,4,0.0,101,1.239456476611598,3.15625,0
100,4276,73,708.6,5,0.0,565,1.3323324070393943,7.739726027397261,0
100,4300,65,548.8333333333334,6,0.0,375,1.1153583385525891,5.769230769230769,0
100,4302,87,513.4285714285714,7,0.0,655,1.0874584162247665,7.528735632183908,0
100,4307,74,592.8,5,0.0,454,1.0418429983416844,6.135135135135135,0
100,4329,115,448.0,9,0.0,1153,1.0955784739777787,10.02608695652174,0
100,4332,84,655.0,6,0.0,678,1.2074828906654647,8.071428571428571,0
100,4335,65,458.5,6,0.0,430,1.278944228206969,6.615384615384615,0
100,4350,81,365.14285714285717,7,0.0,556,1.0649141992964029,6.864197530864198,0
100,4352,177,451.625,8,0.0,1073,0.43039087328696707,6.062146892655368,0
100,4353,71,445.6666666666667,6,0.0,446,1.1118034703440172,6.28169014084507,0
100,4354,29,674.75,4,0.0,78,1.1654897834958566,2.689655172413793,0
100,4362,98,430.25,8,0.0,845,1.1056417293974907,8.622448979591837,0
100,4372,67,611.6,5,0.0,443,1.2401207801650953,6.611940298507463,0
100,4399,75,493.0,6,0.0,516,1.1527550643572146,6.88,0
100,4405,95,438.2857142857143,7,0.0,801,1.1153089043879998,8.43157894736842,0
100,4435,32,655.2,5,0.0,96,1.1780972450961724,3.0,0
100,4454,49,475.6,5,0.0,200,1.046761400613009,4.081632653061225,0
100,4457,91,542.6,5,0.0,720,1.0925959234800875,7.912087912087912,0
100,4473,78,605.6666666666666,6,0.0,511,1.0554594648155058,6.551282051282051,0
100,4477,132,551.2857142857143,7,0.0,796,0.5740835060278869,6.03030303030303,0
100,4490,102,446.42857142857144,7,0.0,859,1.037534828694207,8.42156862745098,0
100,4492,81,659.1666666666666,6,0.0,605,1.1587645513926688,7.469135802469136,0
100,4501,95,567.8571428571429,7,0.0,806,1.1222708825677,8.48421052631579,0
100,4504,54,582.0,5,0.0,270,1.1635528346628863,5.0,0
100,4521,41,719.8,5,0.0,184,1.3754980327436572,4.487804878048781,0
100,4522,83,474.57142857142856,7,0.0,604,1.1017691756529162,7.27710843373494,0
100,4539,91,356.2857142857143,7,0.0,749,1.1366032592869244,8.23076923076923,0
100,4544,61,690.1666666666666,6,0.0,345,1.165116329468937,5.655737704918033,0
100,4545,86,464.57142857142856,7,0.0,730,1.240325925971092,8.488372093023257,0
100,4563,36,613.25,4,0.0,141,1.3671745807288913,3.9166666666666665,0
100,4591,99,398.375,8,0.0,903,1.1577831511852192,9.121212121212121,0
100,4596,95,376.375,8,0.0,756,1.0526511007706965,7.957894736842105,0
100,4611,72,506.57142857142856,7,0.0,433,1.0496216196021455,6.013888888888889,0
100,4615,68,508.3333333333333,6,0.0,391,1.062597515184783,5.75,0
100,4622,43,633.0,5,0.0,176,1.19614993408719,4.093023255813954,0
100,4630,60,368.1666666666667,6,0.0,319,1.1135200627723822,5.316666666666666,0
100,4640,61,340.0,6,0.0,355,1.1988878172796307,5.819672131147541,0
100,4647,90,650.7142857142857,7,0.0,729,1.1309733552923253,8.1,0
100,4663,110,514.8571428571429,7,0.0,1029,1.0686607737335196,9.354545454545455,0
100,4667,44,617.0,5,0.0,199,1.2916878885627456,4.5227272727272725,0
100,4671,14,605.5,4,0.0,20,1.282282715750936,1.4285714285714286,0
100,4680,68,467.1666666666667,6,0.0,458,1.2446794423392087,6.735294117647059,0
100,4681,81,569.2857142857143,7,0.0,567,1.0859826456853605,7.0,0
100,4690,66,693.2,5,0.0,359,1.0356581842412633,5.4393939393939394,0
100,4696,73,321.4,5,0.0,442,1.0422848210821458,6.054794520547945,0
100,4703,101,557.5,8,0.0,916,1.1283987337273798,9.069306930693068,0
100,4714,80,540.3333333333334,6,0.0,569,1.1172288874328702,7.1125,0
100,4731,90,544.2857142857143,7,0.0,693,1.075122819228507,7.7,0
100,4734,59,546.8,5,0.0,287,1.036066752749521,4.864406779661017,0
100,4740,28,625.5,4,0.0,70,1.121997376282069,2.5,0
100,4745,57,512.8333333333334,6,0.0,306,1.1835362905490634,5.368421052631579,0
100,4753,53,406.1666666666667,6,0.0,254,1.136296951245009,4.7924528301886795,0
100,4761,68,468.6666666666667,6,0.0,431,1.171303143336679,6.338235294117647,0
100,4773,112,363.75,8,0.0,1092,1.0939474418750172,9.75,0
100,4776,74,455.85714285714283,7,0.0,517,1.1864159254243412,6.986486486486487,0
100,4777,90,574.3333333333334,9,0.0,670,1.0394405322988451,7.444444444444445,0
100,4779,83,584.0,6,0.0,625,1.1400757198395244,7.530120481927711,0
100,4780,43,573.8,5,0.0,172,1.1689647083124812,4.0,0
100,4781,68,314.3333333333333,6,0.0,433,1.1767384247442738,6.367647058823529,0
100,4784,57,588.4,5,0.0,325,1.257023838001456,5.701754385964913,0
100,4791,77,556.7142857142857,7,0.0,566,1.1996231687851733,7.35064935064935,0
100,4792,82,394.85714285714283,7,0.0,552,1.031623524557743,6.7317073170731705,0
100,4795,87,536.8333333333334,6,0.0,631,1.0476126116608055,7.252873563218391,0
100,4796,64,527.8333333333334,6,0.0,387,1.1873011298234863,6.046875,0
100,4809,115,386.5,8,0.0,1210,1.149739768875206,10.521739130434783,0
100,4812,55,486.2,5,0.0,280,1.1631681890977086,5.090909090909091,0
100,4813,68,564.6666666666666,6,0.0,424,1.1522796584100972,6.235294117647059,0
100,4825,52,410.8333333333333,6,0.0,238,1.1060636857313177,4.576923076923077,0
100,4828,58,455.0,6,0.0,320,1.1953741369188273,5.517241379310345,0
100,4838,36,428.4,5,0.0,124,1.2023379291516492,3.4444444444444446,0
100,4839,22,466.8,5,0.0,46,1.1943244798771113,2.090909090909091,0
100,4843,111,559.2222222222222,9,0.0,1017,1.0372533816089018,9.162162162162161,0
100,4849,43,529.6,5,0.0,184,1.2505203856366076,4.27906976744186,0
100,4851,76,474.6666666666667,6,0.0,558,1.2139949450852525,7.342105263157895,0
100,4858,101,600.375,8,0.0,900,1.1086887121775566,8.910891089108912,0
100,4859,55,585.0,4,0.0,246,1.0219263375644154,4.472727272727273,0
100,4867,48,503.0,6,0.0,207,1.1290098598838318,4.3125,0
100,4875,86,377.57142857142856,7,0.0,620,1.0534274987699686,7.209302325581396,0
100,4901,75,558.6666666666666,6,0.0,540,1.2063715789784806,7.2,0
100,4904,93,378.42857142857144,7,0.0,811,1.1783242650300947,8.720430107526882,0
100,4916,51,549.0,5,0.0,248,1.198177590296453,4.862745098039215,0
100,4918,58,511.0,6,0.0,274,1.023539104736746,4.724137931034483,0
100,4920,97,365.22222222222223,9,0.0,811,1.0831466221963322,8.360824742268042,0
100,4925,76,295.1666666666667,6,0.0,519,1.1291458360201543,6.828947368421052,0
100,4940,66,629.6,5,0.0,450,1.2981787824751212,6.818181818181818,0
100,4943,134,533.0,7,0.0,682,0.47729253502968116,5.08955223880597,0
100,4966,32,590.8,5,0.0,95,1.1658253987930873,2.96875,0
100,4977,91,609.4285714285714,7,0.0,721,1.094113417818254,7.923076923076923,0
100,4979,66,672.8,5,0.0,396,1.1423973285781066,6.0,0
100,4981,47,502.4,5,0.0,206,1.1718752134712491,4.382978723404255,0
100,4983,62,365.5,6,0.0,336,1.0984132482894595,5.419354838709677,0
100,4992,74,382.42857142857144,7,0.0,514,1.179531500325167,6.945945945945946,0
200,27,96,889.8,5,0.0,367,0.5004186214702492,3.8229166666666665,0
200,45,122,708.875,8,0.0,1356,1.1448534367825205,11.114754098360656,0
200,51,79,734.2,5,0.0,593,1.19401662783448,7.506329113924051,0
200,57,34,823.0,4,0.0,109,1.1848913468556659,3.2058823529411766,0
200,64,26,937.0,4,0.0,70,1.3012513949780207,2.6923076923076925,0
200,133,77,869.4,5,0.0,582,1.233534777796768,7.558441558441558,0
200,138,74,530.8333333333334,6,0.0,509,1.1680574584932102,6.878378378378378,0
200,149,58,558.4,5,0.0,315,1.1766964160294708,5.431034482758621,0
200,162,95,578.3333333333334,6,0.0,925,1.287965963244569,9.736842105263158,0
200,165,97,590.2857142857143,7,0.0,764,1.0203748697385915,7.876288659793815,0
200,196,75,600.0,6,0.0,515,1.1505210429146622,6.866666666666666,0
200,224,89,555.6666666666666,6,0.0,683,1.0835539868207695,7.674157303370786,0
200,262,91,693.625,8,0.0,704,1.0683160140694188,7.736263736263736,0
200,277,136,708.1111111111111,9,0.0,1521,1.0333828776189609,11.183823529411764,0
200,284,62,924.75,4,0.0,252,0.8238099362170946,4.064516129032258,0
200,308,113,581.1428571428571,7,0.0,1130,1.1120681959609888,10.0,0
200,319,89,627.1666666666666,6,0.0,696,1.1041780012112086,7.820224719101123,0
200,336,96,726.6666666666666,6,0.0,822,1.1208286290151086,8.5625,0
200,349,95,654.4285714285714,7,0.0,820,1.141764421470861,8.631578947368421,0
200,358,65,688.6,5,0.0,372,1.1064354718441685,5.723076923076923,0
200,370,100,465.14285714285717,7,0.0,876,1.1008140658178636,8.76,0
200,374,103,624.1666666666666,6,0.0,835,0.9890582960684239,8.106796116504855,0
200,392,70,646.2,5,0.0,468,1.200216621942876,6.685714285714286,0
200,395,87,840.0,6,0.0,730,1.2119765554871444,8.39080459770115,0
200,430,60,593.0,5,0.0,320,1.117010721276371,5.333333333333333,0
200,432,100,749.5,6,0.0,918,1.153592822398172,9.18,0
200,485,86,515.6,5,0.0,648,1.1010016438757089,7.534883720930233,0
200,491,94,663.5714285714286,7,0.0,758,1.078011422100979,8.063829787234043,0
200,500,71,602.0,6,0.0,456,1.1367317992754973,6.422535211267606,0
200,504,117,590.5714285714286,7,0.0,1176,1.0795567128706545,10.051282051282051,0
200,525,50,782.0,5,0.0,223,1.1209202588008382,4.46,0
200,533,49,676.4,5,0.0,208,1.0886318566375295,4.244897959183674,0
200,534,69,707.6666666666666,6,0.0,465,1.2273392849563147,6.739130434782608,0
200,547,101,784.2857142857143,7,0.0,951,1.1715144058676181,9.415841584158416,0
200,550,80,918.4,5,0.0,528,1.0367255756846319,6.6,0
200,552,126,771.7142857142857,7,0.0,1415,1.1200185449306015,11.23015873015873,0
200,554,103,491.5,6,0.0,469,0.5555309471330429,4.553398058252427,0
200,563,126,600.625,8,0.0,1394,1.1033963615782747,11.063492063492063,0
200,580,61,1196.5,4,0.0,337,1.1380991392203819,5.524590163934426,0
200,582,95,746.3333333333334,6,0.0,825,1.1487263996505614,8.68421052631579,0
200,588,35,871.2,5,0.0,125,1.2822827157509358,3.5714285714285716,0
200,618,52,727.2,5,0.0,257,1.1943628875333976,4.9423076923076925,0
200,632,66,785.8,5,0.0,424,1.2231728972654474,6.424242424242424,0
200,634,53,429.57142857142856,7,0.0,262,1.1720858315991824,4.943396226415095,0
200,660,66,773.2,5,0.0,186,0.53658056342305,2.8181818181818183,0
200,662,82,818.0,6,0.0,686,1.2820538729105284,8.365853658536585,0
200,678,168,680.375,8,0.0,786,0.3499563245070263,4.678571428571429,0
200,689,64,670.2,5,0.0,363,1.1136700520049756,5.671875,0
200,697,74,772.5,6,0.0,489,1.1221612911653827,6.608108108108108,0
200,713,59,577.8,5,0.0,310,1.1190964925169042,5.254237288135593,0
200,717,144,653.125,8,0.0,1797,1.0890127311922952,12.479166666666666,0
200,724,69,776.3333333333334,6,0.0,397,1.0478574110272194,5.753623188405797,0
200,773,77,717.1666666666666,6,0.0,379,0.8032812384621565,4.922077922077922,0
200,775,110,674.0,8,0.0,1095,1.1372046134482061,9.954545454545455,0
200,777,44,669.8,5,0.0,190,1.2332698433513651,4.318181818181818,0
200,779,88,1006.8,5,0.0,352,0.5711986642890532,4.0,0
200,806,80,893.2,5,0.0,571,1.1211558782498574,7.1375,0
200,819,60,639.8,5,0.0,353,1.2322024519079966,5.883333333333334,0
200,840,103,653.8333333333334,6,0.0,439,0.5199959185317822,4.262135922330097,0
200,849,59,992.6,5,0.0,303,1.0938265717181352,5.135593220338983,0
200,877,109,589.5714285714286,7,0.0,1109,1.1729740772093529,10.174311926605505,0
200,879,98,853.8333333333334,6,0.0,750,0.9813388130746958,7.653061224489796,0
200,886,39,1010.0,4,0.0,128,1.0575249432202327,3.282051282051282,0
200,897,72,579.1666666666666,6,0.0,489,1.1853694503128154,6.791666666666667,0
200,899,71,529.6,5,0.0,446,1.1118034703440172,6.28169014084507,0
200,903,178,463.0,8,0.0,1159,0.45967755150998235,6.51123595505618,0
200,930,73,740.3333333333334,6,0.0,551,1.2993188606702766,7.5479452054794525,0
200,943,86,710.0,6,0.0,662,1.1247887164285792,7.6976744186046515,0
200,948,84,681.0,6,0.0,614,1.093502204820937,7.309523809523809,0
200,954,61,723.2,5,0.0,335,1.131344841658243,5.491803278688525,0
200,959,68,771.0,5,0.0,398,1.0816210001113649,5.852941176470588,0
200,962,71,659.2857142857143,7,0.0,438,1.0918608071988332,6.169014084507042,0
200,969,138,412.77777777777777,9,0.0,1657,1.093387739340115,12.007246376811594,0
200,973,90,661.6666666666666,6,0.0,743,1.1526930082060327,8.255555555555556,0
200,1032,64,591.1666666666666,6,0.0,353,1.0829904362472627,5.515625,0
200,1043,47,392.8333333333333,6,0.0,229,1.302715649926777,4.872340425531915,0
200,1103,37,859.25,4,0.0,123,1.1290457162645569,3.324324324324324,0
200,1105,65,614.2,5,0.0,358,1.0647954272048719,5.507692307692308,0
200,1111,110,619.3333333333334,6,0.0,403,0.41853283946997905,3.6636363636363636,0
200,1112,56,597.6,5,0.0,230,0.9216407019459852,4.107142857142857,0
200,1114,47,758.8,5,0.0,232,1.3197817938122807,4.9361702127659575,0
200,1121,65,505.5,6,0.0,380,1.130229783066624,5.846153846153846,0
200,1129,76,665.0,6,0.0,477,1.037769872411587,6.276315789473684,0
200,1133,86,746.2857142857143,7,0.0,695,1.1808582445889162,8.081395348837209,0
200,1138,87,636.5,6,0.0,637,1.0575740628017958,7.32183908045977,0
200,1196,67,772.25,4,0.0,359,1.0049737247839035,5.358208955223881,0
200,1201,73,869.75,4,0.0,414,0.9762577283439101,5.671232876712328,0
200,1219,87,616.5,6,0.0,673,1.1173427696477372,7.735632183908046,0
200,1240,41,771.4,5,0.0,99,0.7400777458783808,2.4146341463414633,0
200,1243,18,647.25,4,0.0,40,1.5514037795505151,2.2222222222222223,0
200,1245,111,615.625,8,0.0,1136,1.158623246320268,10.234234234234235,0
200,1248,79,832.2,5,0.0,559,1.125556989813616,7.075949367088608,0
200,1266,122,585.75,8,0.0,1146,0.9675531257763781,9.39344262295082,0
200,1268,116,575.0,8,0.0,1188,1.1094566208277867,10.241379310344827,0
200,1274,55,445.8333333333333,6,0.0,267,1.1091639517467435,4.8545454545454545,0
200,1277,94,737.5714285714286,7,0.0,825,1.1732973921283747,8.77659574468085,0
200,1304,91,479.8333333333333,6,0.0,756,1.1472257196540918,8.307692307692308,0
200,1328,57,551.4,5,0.0,317,1.2260817127583434,5.56140350877193,0
200,1333,37,1085.0,4,0.0,143,1.3126303855758668,3.864864864864865,0
200,1339,97,588.8571428571429,7,0.0,872,1.164616343471272,8.989690721649485,0
200,1346,34,911.75,4,0.0,103,1.1196679699645282,3.0294117647058822,0
200,1364,83,649.5,6,0.0,518,0.9448947566029977,6.240963855421687,0
200,1371,83,673.3333333333334,6,0.0,615,1.1218345083220918,7.409638554216867,0
200,1375,64,1128.75,4,0.0,427,1.3100195928543377,6.671875,0
200,1380,56,860.5,4,0.0,121,0.4848631518933227,2.1607142857142856,0
200,1389,57,770.2,5,0.0,300,1.1603296966167287,5.2631578947368425,0
200,1400,59,937.5,6,0.0,316,1.1407564246301347,5.3559322033898304,0
200,1407,100,640.125,8,0.0,929,1.1674158300739672,9.29,0
200,1429,86,573.5,6,0.0,681,1.157071172036046,7.9186046511627906,0
200,1444,19,966.75,4,0.0,47,1.6360648722295876,2.473684210526316,0
200,1470,62,739.1666666666666,6,0.0,361,1.1801404245014726,5.82258064516129,0
200,1524,46,644.4,5,0.0,179,1.0630341871315179,3.891304347826087,0
200,1537,88,946.6,5,0.0,787,1.2770833772599004,8.943181818181818,0
200,1545,74,567.3333333333334,6,0.0,503,1.1542886082948618,6.797297297297297,0
200,1578,64,804.4,5,0.0,383,1.175029283520401,5.984375,0
200,1582,136,635.0,6,0.0,677,0.45996068911770976,4.977941176470588,0
200,1616,117,878.0,7,0.0,1196,1.0979165209126722,10.222222222222221,0
200,1622,108,780.5714285714286,7,0.0,1094,1.1786359269640718,10.12962962962963,0
200,1647,68,624.8333333333334,6,0.0,425,1.1549972991138944,6.25,0
200,1665,37,956.25,4,0.0,117,1.0739703154711637,3.1621621621621623,0
200,1687,8,787.0,4,0.0,10,1.9634954084936207,1.25,0
200,1697,56,691.4,5,0.0,291,1.1660758446360073,5.196428571428571,0
200,1711,98,574.8333333333334,6,0.0,811,1.0611543698714379,8.275510204081632,0
200,1733,199,631.25,8,0.0,1407,0.4464756812808605,7.0703517587939695,0
200,1744,64,667.0,6,0.0,362,1.1106020904292042,5.65625,0
200,1758,77,881.0,5,0.0,512,1.08517148837104,6.64935064935065,0
200,1788,66,747.2,5,0.0,363,1.0471975511965979,5.5,0
200,1803,102,642.3333333333334,6,0.0,916,1.106381726523741,8.980392156862745,0
200,1806,89,959.8,5,0.0,773,1.2263356249084256,8.685393258426966,0
200,1829,130,537.6,5,0.0,463,0.34427394049989923,3.5615384615384613,0
200,1839,123,606.625,8,0.0,1395,1.1587075819307981,11.341463414634147,0
200,1842,115,832.1666666666666,6,0.0,1109,1.0537697551095895,9.643478260869566,0
200,1852,83,579.2857142857143,7,0.0,668,1.2185129293644836,8.048192771084338,0
200,1868,72,522.3333333333334,6,0.0,532,1.2896043917513658,7.388888888888889,0
200,1869,65,614.1666666666666,6,0.0,398,1.1837669833171482,6.123076923076923,0
200,1882,80,756.1666666666666,6,0.0,571,1.1211558782498574,7.1375,0
200,1904,76,581.5,6,0.0,507,1.1030384178462778,6.671052631578948,0
200,1907,66,651.1666666666666,6,0.0,431,1.2433667894372826,6.53030303030303,0
200,1952,120,851.5714285714286,7,0.0,1289,1.1248647029103453,10.741666666666667,0
200,1961,58,643.4,5,0.0,353,1.3186470947885813,6.086206896551724,0
200,1963,71,679.8333333333334,6,0.0,493,1.2289666163219743,6.943661971830986,0
200,1972,103,621.7142857142857,7,0.0,860,1.0186708199028078,8.349514563106796,0
200,1977,98,501.0,5,0.0,255,0.3336551964453966,2.6020408163265305,0
200,2010,103,597.25,8,0.0,938,1.1110618942660857,9.106796116504855,0
200,2076,100,793.0,5,0.0,803,1.0090795603330416,8.03,0
200,2084,111,666.7142857142857,7,0.0,1103,1.1249660569465276,9.936936936936936,0
200,2087,88,601.1428571428571,7,0.0,664,1.0774883894543505,7.545454545454546,0
200,2090,147,587.8571428571429,7,0.0,822,0.47802103961327413,5.591836734693878,0
200,2097,130,675.2,5,0.0,593,0.44093832984112363,4.561538461538461,0
200,2119,107,574.5,8,0.0,969,1.0635700170594846,9.05607476635514,0
200,2134,78,690.5,6,0.0,536,1.1070964249336812,6.871794871794871,0
200,2135,54,574.6,5,0.0,294,1.2669797532995875,5.444444444444445,0
200,2142,129,898.8571428571429,7,0.0,1398,1.0556929342511943,10.837209302325581,0
200,2147,125,542.75,8,0.0,1267,1.0189818603771565,10.136,0
200,2169,86,743.5714285714286,7,0.0,658,1.1179924099849021,7.651162790697675,0
200,2170,114,629.75,8,0.0,1168,1.129387571373616,10.24561403508772,0
200,2175,129,579.875,8,0.0,1371,1.0353040149201627,10.627906976744185,0
200,2182,64,737.0,5,0.0,357,1.0952622825503477,5.578125,0
200,2198,118,621.625,8,0.0,1170,1.0559216905199822,9.915254237288135,0
200,2234,96,597.0,6,0.0,758,1.033562166415392,7.895833333333333,0
200,2241,82,1001.0,5,0.0,644,1.2035607786507,7.853658536585366,0
200,2257,54,942.4,5,0.0,281,1.210956839038041,5.203703703703703,0
200,2266,97,653.8571428571429,7,0.0,745,0.9949990549152496,7.680412371134021,0
200,2270,114,617.5714285714286,7,0.0,1183,1.143891692581325,10.37719298245614,0
200,2278,81,631.5,6,0.0,577,1.1051357787662313,7.1234567901234565,0
200,2281,202,546.1111111111111,9,0.0,1456,0.44840299025847846,7.207920792079208,0
200,2290,56,769.6,5,0.0,289,1.158061577662564,5.160714285714286,0
200,2301,95,629.0,6,0.0,530,0.7379696870482395,5.578947368421052,0
200,2320,100,552.4285714285714,7,0.0,889,1.1171503476165303,8.89,0
200,2331,61,604.1666666666666,6,0.0,367,1.2394136026524634,6.016393442622951,0
200,2332,70,845.4,5,0.0,477,1.223297710826393,6.814285714285714,0
200,2335,98,944.5714285714286,7,0.0,838,1.0964825671421268,8.551020408163266,0
200,2352,63,419.1666666666667,6,0.0,349,1.1049794266594486,5.5396825396825395,0
200,2354,35,826.75,4,0.0,100,1.0258261726007487,2.857142857142857,0
200,2357,82,713.6,5,0.0,602,1.1250676843908718,7.341463414634147,0
200,2380,108,773.75,8,0.0,959,1.0331918226312111,8.87962962962963,0
200,2389,70,718.5,4,0.0,483,1.238685103415404,6.9,0
200,2403,143,676.5555555555555,9,0.0,1705,1.047760863488796,11.923076923076923,0
200,2408,5,804.3333333333334,3,0.0,5,2.5132741228718345,1.0,0
200,2419,91,517.7142857142857,7,0.0,688,1.0440361046587503,7.56043956043956,0
200,2438,64,751.1666666666666,6,0.0,400,1.227184630308513,6.25,0
200,2439,138,455.4,10,0.0,1733,1.1435370864673622,12.557971014492754,0
200,2483,70,781.2,5,0.0,431,1.1053277009773068,6.1571428571428575,0
200,2495,78,556.0,6,0.0,541,1.1174238169573163,6.935897435897436,0
200,2521,90,540.4285714285714,7,0.0,703,1.0906368570240121,7.811111111111111,0
200,2529,77,486.3333333333333,6,0.0,536,1.1360389018884325,6.961038961038961,0
200,2541,64,779.8333333333334,6,0.0,380,1.1658253987930873,5.9375,0
200,2574,29,566.6,5,0.0,83,1.2402006670532835,2.8620689655172415,0
200,2576,170,664.5,8,0.0,1303,0.5665737339276817,7.6647058823529415,0
200,2579,71,705.6666666666666,6,0.0,419,1.0444969822290207,5.901408450704225,0
200,2582,71,852.4,5,0.0,441,1.0993393058782772,6.211267605633803,0
200,2585,102,697.375,8,0.0,822,0.9928447371206498,8.058823529411764,0
200,2602,193,504.0,9,0.0,1212,0.40888188097944417,6.27979274611399,0
200,2617,106,612.8333333333334,6,0.0,586,0.6553838714858023,5.528301886792453,0
200,2623,113,617.0,8,0.0,1158,1.1396238680732964,10.247787610619469,0
200,2658,108,853.5,6,0.0,858,0.9243780853155154,7.944444444444445,0
200,2689,26,452.4,5,0.0,75,1.3941979231907367,2.8846153846153846,0
200,2690,63,650.8571428571429,7,0.0,334,1.0574874742242288,5.301587301587301,0
200,2715,77,924.0,6,0.0,528,1.1190830973826351,6.857142857142857,0
200,2719,99,694.0,6,0.0,786,1.007771380765872,7.9393939393939394,0
200,2729,109,511.42857142857144,7,0.0,975,1.0312441165726953,8.944954128440367,0
200,2744,116,663.0,6,0.0,1131,1.05622511629312,9.75,0
200,2745,56,843.8,5,0.0,261,1.0458618400343571,4.660714285714286,0
200,2750,107,692.625,8,0.0,975,1.070155589920534,9.11214953271028,0
200,2754,117,619.125,8,0.0,1177,1.0804747032727553,10.05982905982906,0
200,2783,67,608.2,5,0.0,396,1.1085504039399048,5.91044776119403,0
200,2789,85,736.5,6,0.0,628,1.0922741516702505,7.3882352941176475,0
200,2792,41,979.75,4,0.0,182,1.3605469671703565,4.439024390243903,0
200,2793,38,806.2,5,0.0,134,1.1661313450998123,3.526315789473684,0
200,2797,114,576.375,8,0.0,1009,0.9756438865718995,8.850877192982455,0
200,2804,78,455.8333333333333,6,0.0,603,1.2454834780503914,7.730769230769231,0
200,2806,105,821.375,8,0.0,897,1.022406752025413,8.542857142857143,0
200,2807,84,777.0,6,0.0,623,1.1095307387678237,7.416666666666667,0
200,2809,96,883.5,6,0.0,800,1.090830782496456,8.333333333333334,0
200,2837,129,980.8333333333334,6,0.0,1279,0.9658306601625732,9.914728682170542,0
200,2862,72,533.1666666666666,6,0.0,442,1.0714382352520746,6.138888888888889,0
200,2871,75,637.6666666666666,6,0.0,532,1.1884994074380586,7.093333333333334,0
200,2873,121,550.25,8,0.0,1312,1.1260896281701545,10.84297520661157,0
200,2883,56,363.2,5,0.0,283,1.134018776742234,5.053571428571429,0
200,2886,72,961.6,5,0.0,469,1.1368880822018619,6.513888888888889,0
200,2888,67,671.8333333333334,6,0.0,402,1.1253466221814186,6.0,0
200,2907,125,694.5,8,0.0,1449,1.1653549452932124,11.592,0
200,2911,71,623.8333333333334,6,0.0,440,1.0968464729851293,6.197183098591549,0
200,2932,68,1018.3333333333334,6,0.0,384,1.0435740302582013,5.647058823529412,0
200,2946,37,536.4,5,0.0,141,1.2942719186447358,3.810810810810811,0
200,2953,140,662.0,9,0.0,1607,1.0303141621058771,11.478571428571428,0
200,2960,77,743.3333333333334,6,0.0,527,1.1169636218194103,6.8441558441558445,0
200,2961,92,820.5,6,0.0,741,1.100151302603987,8.054347826086957,0
200,2970,108,514.7142857142857,7,0.0,1032,1.1118393753445357,9.555555555555555,0
200,2981,23,797.75,4,0.0,50,1.1877476951190145,2.1739130434782608,0
200,3006,106,520.0,8,0.0,1029,1.1508361838888919,9.70754716981132,0
200,3042,53,759.4,5,0.0,227,1.0155094800496731,4.283018867924528,0
200,3050,110,611.2857142857143,7,0.0,1031,1.07073785978548,9.372727272727273,0
200,3066,92,891.4,5,0.0,752,1.1164828334118737,8.173913043478262,0
200,3071,114,911.3333333333334,6,0.0,501,0.48443764833748426,4.394736842105263,0
200,3080,89,683.0,6,0.0,705,1.1184561650199745,7.921348314606742,0
200,3082,40,878.5,4,0.0,173,1.3587388226775854,4.325,0
200,3083,76,768.3333333333334,6,0.0,530,1.1530776360128743,6.973684210526316,0
200,3093,80,877.5,6,0.0,587,1.1525718047857554,7.3375,0
200,3095,71,931.6,5,0.0,459,1.1442102979549416,6.464788732394366,0
200,3097,65,838.8,5,0.0,389,1.156998383191886,5.984615384615385,0
200,3099,96,638.125,8,0.0,825,1.1249192444494702,8.59375,0
200,3100,102,723.2857142857143,7,0.0,860,1.0387426690070058,8.431372549019608,0
200,3110,48,781.8,5,0.0,104,0.5672320068981571,2.1666666666666665,0
200,3118,70,792.8,5,0.0,432,1.1078922664088087,6.171428571428572,0
200,3126,62,1065.25,4,0.0,384,1.2553294266165251,6.193548387096774,0
200,3128,64,755.3333333333334,6,0.0,375,1.1504855909142309,5.859375,0
200,3129,190,493.2857142857143,7,0.0,1137,0.3957884595159662,5.984210526315789,0
200,3131,92,729.8571428571429,7,0.0,730,1.0838197717961007,7.934782608695652,0
200,3137,122,521.375,8,0.0,1379,1.1642720422736696,11.30327868852459,0
200,3138,44,725.6,5,0.0,193,1.2527425250884918,4.386363636363637,0
200,3141,40,705.0,4,0.0,153,1.201659189998096,3.825,0
200,3150,107,503.7142857142857,7,0.0,988,1.0844243311194743,9.233644859813085,0
200,3163,82,836.5,6,0.0,595,1.1119855020142337,7.2560975609756095,0
200,3183,102,664.8333333333334,6,0.0,968,1.169189422789281,9.490196078431373,0
200,3188,97,836.5,6,0.0,958,1.279475294776925,9.876288659793815,0
200,3194,31,612.25,4,0.0,83,1.0853369000955373,2.6774193548387095,0
200,3208,75,608.6666666666666,6,0.0,455,1.0164797563614976,6.066666666666666,0
200,3211,71,814.3333333333334,6,0.0,462,1.1516887966343856,6.507042253521127,0
200,3218,93,665.7142857142857,7,0.0,808,1.1739654822987873,8.688172043010752,0
200,3230,61,812.3333333333334,6,0.0,336,1.1347219904393127,5.508196721311475,0
200,3234,92,627.8571428571429,7,0.0,649,0.9635603176653005,7.054347826086956,0
200,3236,80,492.5,6,0.0,596,1.170243263462198,7.45,0
200,3238,38,740.8,5,0.0,141,1.2270486541721906,3.710526315789474,0
200,3249,89,532.0,6,0.0,777,1.2326814754900992,8.730337078651685,0
200,3254,81,617.1428571428571,7,0.0,636,1.2181392639433675,7.851851851851852,0
200,3256,39,854.6,5,0.0,140,1.1566679066471295,3.58974358974359,0
200,3263,79,330.42857142857144,7,0.0,606,1.2201923717836338,7.670886075949367,0
200,3271,81,662.0,5,0.0,563,1.0783213924530124,6.950617283950617,0
200,3309,94,558.0,7,0.0,858,1.2202292878135095,9.127659574468085,0
200,3311,86,421.14285714285717,7,0.0,674,1.1451776357596108,7.837209302325581,0
200,3323,105,645.5714285714286,7,0.0,932,1.0622999920709977,8.876190476190477,0
200,3350,132,329.6666666666667,6,0.0,595,0.42912020865149836,4.507575757575758,0
200,3367,29,814.0,5,0.0,81,1.2103163136303126,2.793103448275862,0
200,3403,60,538.0,6,0.0,332,1.1588986233242349,5.533333333333333,0
200,3409,38,781.0,4,0.0,135,1.1748338178244377,3.5526315789473686,0
200,3422,135,614.625,8,0.0,764,0.5267877722562638,5.659259259259259,0
200,3447,99,713.0,6,0.0,719,0.9218672045428268,7.262626262626263,0
200,3454,95,758.1428571428571,7,0.0,852,1.1863210818209435,8.968421052631578,0
200,3456,81,712.0,5,0.0,601,1.1511032981603204,7.419753086419753,0
200,3463,55,637.0,5,0.0,312,1.2961016964231609,5.672727272727273,0
200,3469,109,596.0,7,0.0,1080,1.142301175280524,9.908256880733944,0
200,3478,87,652.6666666666666,6,0.0,755,1.2534826019079368,8.67816091954023,0
200,3487,59,557.8,5,0.0,322,1.162416356743365,5.4576271186440675,0
200,3498,92,672.5,6,0.0,741,1.100151302603987,8.054347826086957,0
200,3504,114,645.4,5,0.0,422,0.4080492766435496,3.7017543859649122,0
200,3509,83,912.1666666666666,6,0.0,653,1.1911511120883351,7.867469879518072,0
200,3518,75,578.0,6,0.0,526,1.1750952787827422,7.013333333333334,0
200,3524,90,655.6,5,0.0,669,1.0378891285192946,7.433333333333334,0
200,3531,25,881.0,4,0.0,60,1.2063715789784806,2.4,0
200,3532,93,622.0,7,0.0,830,1.2059298889950414,8.924731182795698,0
200,3545,111,616.4285714285714,7,0.0,450,0.4589616732782751,4.054054054054054,0
200,3580,77,726.0,6,0.0,524,1.1106051951297364,6.805194805194805,0
200,3595,89,657.0,5,0.0,677,1.074035210948259,7.606741573033708,0
200,3596,44,858.0,4,0.0,199,1.2916878885627456,4.5227272727272725,0
200,3605,105,541.75,8,0.0,692,0.7887463460441313,6.59047619047619,0
200,3614,102,422.5,8,0.0,967,1.167981582476482,9.480392156862745,0
200,3618,93,757.1666666666666,6,0.0,809,1.1754184098758897,8.698924731182796,0
200,3619,109,513.8333333333334,6,0.0,729,0.7710532933143537,6.6880733944954125,0
200,3631,39,624.6,5,0.0,151,1.2475489564551183,3.871794871794872,0
200,3635,100,536.25,8,0.0,883,1.109610525247915,8.83,0
200,3639,82,462.14285714285717,7,0.0,545,1.018541342181105,6.646341463414634,0
200,3655,118,826.0,6,0.0,1180,1.0649466622338282,10.0,0
200,3663,104,571.8571428571429,7,0.0,966,1.122329328168543,9.288461538461538,0
200,3684,82,648.8333333333334,6,0.0,568,1.0615256557043442,6.926829268292683,0
200,3692,100,717.6666666666666,6,0.0,846,1.063114953974786,8.46,0
200,3702,53,823.0,5,0.0,261,1.1676122215549105,4.9245283018867925,0
200,3718,139,795.6666666666666,6,0.0,673,0.4377189288061551,4.841726618705036,0
200,3725,63,450.3333333333333,6,0.0,388,1.22845850299102,6.158730158730159,0
200,3727,75,806.6666666666666,6,0.0,482,1.0767983353104216,6.426666666666667,0
200,3774,83,848.75,4,0.0,527,0.9613118469686869,6.349397590361446,0
200,3789,63,610.6666666666666,6,0.0,381,1.2062955918545841,6.0476190476190474,0
200,3792,110,790.5714285714286,7,0.0,1086,1.1278577262143852,9.872727272727273,0
200,3805,76,587.1666666666666,6,0.0,534,1.1617801087374997,7.026315789473684,0
200,3806,20,780.5,4,0.0,49,1.5393804002589986,2.45,0
200,3817,79,814.0,6,0.0,528,1.0631379080887107,6.6835443037974684,0
200,3835,31,666.0,4,0.0,110,1.438398301331435,3.5483870967741935,0
200,3839,119,571.5,6,0.0,516,0.45789472756227195,4.336134453781512,0
200,3858,146,469.0,6,0.0,801,0.4722116186011305,5.486301369863014,0
200,3871,60,943.0,5,0.0,311,1.085594794740473,5.183333333333334,0
200,3879,44,978.5,4,0.0,177,1.1488882224904824,4.0227272727272725,0
200,3890,94,795.2,5,0.0,423,0.6015815719640029,4.5,0
200,3912,63,939.8,5,0.0,429,1.3582698396472879,6.809523809523809,0
200,3917,49,903.8,5,0.0,254,1.3293869787785213,5.183673469387755,0
200,3920,13,1006.6666666666666,3,0.0,21,1.5615016739736252,1.6153846153846154,0
200,3936,30,658.25,4,0.0,105,1.4660765716752369,3.5,0
200,3963,74,579.8333333333334,6,0.0,461,1.0579066569064242,6.22972972972973,0
200,3975,90,653.6666666666666,6,0.0,812,1.2597398689950183,9.022222222222222,0
200,3978,95,767.1428571428571,7,0.0,730,1.0164488142362544,7.684210526315789,0
200,3992,177,634.5,6,0.0,1103,0.44242416890542846,6.231638418079096,0
200,3995,61,921.4,5,0.0,350,1.1820020733742838,5.737704918032787,0
200,4015,101,1082.1666666666667,6,0.0,943,1.1616593950927065,9.336633663366337,0
200,4028,73,898.8,5,0.0,507,1.1955620006530494,6.945205479452055,0
200,4029,84,767.8333333333334,6,0.0,590,1.0507594476292392,7.023809523809524,0
200,4042,127,567.6666666666666,9,0.0,1328,1.0346667602373973,10.456692913385826,0
200,4061,68,1057.75,4,0.0,382,1.0381387488506064,5.617647058823529,0
200,4101,47,677.0,5,0.0,215,1.2230736451277602,4.574468085106383,0
200,4105,78,448.0,6,0.0,536,1.1070964249336812,6.871794871794871,0
200,4107,54,702.6,5,0.0,280,1.206647384094845,5.185185185185185,0
200,4111,61,580.2,5,0.0,339,1.1448534367825205,5.557377049180328,0
200,4157,108,530.6666666666666,6,0.0,486,0.5235987755982988,4.5,0
200,4158,99,946.3333333333334,6,0.0,848,1.0872647975692866,8.565656565656566,0
200,4173,64,596.6666666666666,6,0.0,360,1.1044661672776617,5.625,0
200,4188,65,680.4,5,0.0,401,1.1926898500255687,6.1692307692307695,0
200,4191,75,835.0,5,0.0,546,1.2197757076337972,7.28,0
200,4192,37,1005.25,4,0.0,129,1.1841211170579498,3.4864864864864864,0
200,4237,71,630.8333333333334,6,0.0,485,1.20902395317679,6.830985915492958,0
200,4242,71,557.5,6,0.0,454,1.1317461334892014,6.394366197183099,0
200,4246,42,777.75,4,0.0,161,1.1469306513105593,3.8333333333333335,0
200,4253,109,508.0,9,0.0,951,1.005859646010906,8.724770642201834,0
200,4276,58,1044.0,4,0.0,356,1.3298537273221955,6.137931034482759,0
200,4300,64,599.3333333333334,6,0.0,365,1.1198059751565181,5.703125,0
200,4302,102,620.4285714285714,7,0.0,849,1.0254564255662184,8.323529411764707,0
200,4307,62,616.0,5,0.0,338,1.1049514223864205,5.451612903225806,0
200,4329,136,471.44444444444446,9,0.0,1487,1.010282931636683,10.933823529411764,0
200,4332,86,734.1666666666666,6,0.0,686,1.1655665550906427,7.976744186046512,0
200,4335,64,648.0,6,0.0,415,1.2732040539450822,6.484375,0
200,4350,86,756.1666666666666,6,0.0,618,1.05002934554813,7.186046511627907,0
200,4352,198,532.0,8,0.0,1303,0.41766097618890935,6.58080808080808,0
200,4353,73,463.5,6,0.0,475,1.120102466095066,6.506849315068493,0
200,4362,104,481.57142857142856,7,0.0,960,1.1153583385525891,9.23076923076923,0
200,4372,61,798.6,5,0.0,355,1.1988878172796307,5.819672131147541,0
200,4399,81,831.5,6,0.0,603,1.1549339247764947,7.444444444444445,0
200,4405,116,672.25,8,0.0,1118,1.0440845977150384,9.637931034482758,0
200,4457,91,842.2,5,0.0,701,1.0637635310549185,7.7032967032967035,0
200,4473,78,645.1666666666666,6,0.0,510,1.0533939864107789,6.538461538461538,0
200,4477,152,706.5,6,0.0,903,0.4911458043960497,5.940789473684211,0
200,4490,112,516.4285714285714,7,0.0,996,0.997776238193697,8.892857142857142,0
200,4492,83,690.1666666666666,6,0.0,622,1.1346033563842945,7.493975903614458,0
200,4501,104,659.5714285714286,7,0.0,948,1.1014163593206818,9.115384615384615,0
200,4504,29,921.0,4,0.0,92,1.3746802574566515,3.1724137931034484,0
200,4522,82,747.3333333333334,6,0.0,623,1.164314231520786,7.597560975609756,0
200,4539,116,610.5555555555555,9,0.0,1146,1.0702334069601376,9.879310344827585,0
200,4544,55,1197.8,5,0.0,303,1.2587141474878774,5.509090909090909,0
200,4545,98,667.1428571428571,7,0.0,894,1.1697558651850375,9.122448979591837,0
200,4591,114,566.1428571428571,7,0.0,1127,1.0897429734058777,9.885964912280702,0
200,4596,104,518.5,8,0.0,1007,1.1699644238775597,9.682692307692308,0
200,4611,78,493.7142857142857,7,0.0,557,1.1504714714329487,7.141025641025641,0
200,4615,57,688.6,5,0.0,287,1.1100487430966706,5.035087719298246,0
200,4630,57,457.2,5,0.0,265,1.0249578986781105,4.649122807017544,0
200,4640,64,668.6,5,0.0,361,1.1075341288534328,5.640625,0
200,4647,93,690.1428571428571,7,0.0,824,1.1972123235324266,8.86021505376344,0
200,4663,118,631.5714285714286,7,0.0,1205,1.087509091518443,10.211864406779661,0
200,4680,59,623.8,5,0.0,348,1.2562760625673632,5.898305084745763,0
200,4681,89,678.1428571428571,7,0.0,675,1.0708622856574224,7.584269662921348,0
200,4690,36,1031.0,4,0.0,133,1.2896043917513658,3.6944444444444446,0
200,4696,71,640.4,5,0.0,434,1.081889475626241,6.112676056338028,0
200,4703,114,604.25,8,0.0,1144,1.1061809774412814,10.035087719298245,0
200,4714,80,571.8333333333334,6,0.0,602,1.1820242359131596,7.525,0
200,4731,130,714.2857142857143,7,0.0,862,0.640959258554888,6.630769230769231,0
200,4734,46,770.8,5,0.0,200,1.1877476951190145,4.3478260869565215,0
200,4745,60,534.5,6,0.0,326,1.1379546723003027,5.433333333333334,0
200,4753,38,507.6,5,0.0,143,1.2444535996214416,3.763157894736842,0
200,4761,68,583.4,5,0.0,426,1.157714939817692,6.264705882352941,0
200,4773,129,492.44444444444446,9,0.0,1476,1.1145942567630636,11.44186046511628,0
200,4776,79,750.0,6,0.0,573,1.1537462525280893,7.253164556962025,0
200,4777,106,776.0,8,0.0,957,1.0703112030920015,9.028301886792454,0
200,4779,87,681.8571428571429,7,0.0,727,1.2069958299166492,8.35632183908046,0
200,4781,75,583.6666666666666,6,0.0,506,1.1304148499316873,6.746666666666667,0
200,4784,25,908.5,4,0.0,74,1.4878582807401262,2.96,0
200,4791,85,939.3333333333334,6,0.0,646,1.1235813725779966,7.6,0
200,4792,101,526.125,8,0.0,868,1.06926866907791,8.594059405940595,0
200,4795,84,581.3333333333334,6,0.0,647,1.1522734959595216,7.7023809523809526,0
200,4796,62,697.6,5,0.0,342,1.1180277705803425,5.516129032258065,0
200,4809,135,558.75,8,0.0,1553,1.070813364285311,11.503703703703703,0
200,4812,40,808.0,5,0.0,161,1.2644910430698917,4.025,0
200,4813,69,569.8333333333334,6,0.0,421,1.1112039547669001,6.101449275362318,0
200,4825,41,494.4,5,0.0,142,1.0615256557043442,3.4634146341463414,0
200,4828,58,728.0,5,0.0,295,1.101985532472044,5.086206896551724,0
200,4843,122,847.875,8,0.0,1300,1.0975733538475492,10.655737704918034,0
200,4851,89,625.5,6,0.0,705,1.1184561650199745,7.921348314606742,0
200,4858,113,701.125,8,0.0,1130,1.1120681959609888,10.0,0
200,4875,98,685.8571428571429,7,0.0,804,1.0519952076160741,8.204081632653061,0
200,4901,78,758.3333333333334,6,0.0,563,1.1628643418613107,7.217948717948718,0
200,4904,104,397.0,7,0.0,981,1.139756802208427,9.432692307692308,0
200,4916,30,696.5,4,0.0,93,1.298524963483781,3.1,0
200,4918,45,645.8,5,0.0,169,1.0487489549761482,3.7555555555555555,0
200,4920,109,574.1428571428571,7,0.0,1059,1.1200897635389584,9.715596330275229,0
200,4925,87,653.4285714285714,7,0.0,703,1.1671500253526883,8.080459770114942,0
200,4940,61,851.8,5,0.0,379,1.2799393880252958,6.213114754098361,0
200,4943,145,664.1666666666666,6,0.0,778,0.4650005392614239,5.36551724137931,0
200,4977,99,702.5714285714286,7,0.0,869,1.1141899871317336,8.777777777777779,0
200,4979,55,737.6,5,0.0,280,1.1631681890977086,5.090909090909091,0
200,4981,12,672.5,4,0.0,18,1.5707963267948966,1.5,0
200,4983,69,702.8571428571429,7,0.0,449,1.1851082557965278,6.507246376811594,0
200,4992,81,485.3333333333333,6,0.0,563,1.0783213924530124,6.950617283950617,0
300,27,73,1292.0,5,0.0,285,0.6720614796570397,3.904109589041096,0
300,45,135,808.75,8,0.0,1596,1.1004624142944988,11.822222222222223,0
300,51,78,793.4,5,0.0,547,1.1298166873856783,7.012820512820513,0
300,133,68,977.8,5,0.0,451,1.225655957412627,6.632352941176471,0
300,138,75,614.6666666666666,6,0.0,510,1.1393509357018983,6.8,0
300,149,43,632.4,5,0.0,178,1.2097425469745446,4.1395348837209305,0
300,162,97,583.5,6,0.0,924,1.2340659419351552,9.525773195876289,0
300,165,101,632.1428571428571,7,0.0,870,1.0717324217716382,8.613861386138614,0
300,196,74,645.5,6,0.0,519,1.191005542157124,7.013513513513513,0
300,224,92,937.0,6,0.0,735,1.0912431948905945,7.989130434782608,0
300,262,105,650.125,8,0.0,964,1.0987738115412464,9.18095238095238,0
300,277,148,685.2222222222222,9,0.0,1799,1.032090062784521,12.155405405405405,0
300,308,122,893.0,7,0.0,1279,1.079843322746935,10.48360655737705,0
300,319,81,862.8,5,0.0,602,1.1530186114684076,7.432098765432099,0
300,336,99,765.1666666666666,6,0.0,888,1.1385508729263285,8.969696969696969,0
300,349,110,800.875,8,0.0,994,1.0323117678242164,9.036363636363637,0
300,358,54,754.6,5,0.0,250,1.0773637357989687,4.62962962962963,0
300,370,109,463.85714285714283,7,0.0,1012,1.0703785086887874,9.284403669724771,0
300,374,105,649.4285714285714,7,0.0,903,1.0292455931760847,8.6,0
300,392,63,726.2,5,0.0,369,1.1683020299064084,5.857142857142857,0
300,395,89,877.1666666666666,6,0.0,762,1.2088845358088232,8.561797752808989,0
300,430,45,581.6,5,0.0,185,1.148038796867381,4.111111111111111,0
300,432,105,992.3333333333334,6,0.0,967,1.1021932321165822,9.209523809523809,0
300,485,84,519.4,5,0.0,620,1.1041878941188614,7.380952380952381,0
300,491,94,811.3333333333334,6,0.0,786,1.1178324245004878,8.361702127659575,0
300,500,71,594.8333333333334,6,0.0,459,1.1442102979549416,6.464788732394366,0
300,504,116,711.6666666666666,6,0.0,1209,1.129068227761611,10.422413793103448,0
300,533,12,723.8,5,0.0,18,1.5707963267948966,1.5,0
300,534,73,714.5,6,0.0,480,1.1318930183697509,6.575342465753424,0
300,547,103,978.1666666666666,6,0.0,967,1.145412421913971,9.388349514563107,0
300,550,75,957.2,5,0.0,462,1.0321179064593669,6.16,0
300,552,130,773.5714285714286,7,0.0,1503,1.1175890552296945,11.561538461538461,0
300,554,93,615.2,5,0.0,418,0.6073237272288281,4.494623655913978,0
300,563,135,558.25,8,0.0,1596,1.1004624142944988,11.822222222222223,0
300,580,30,1384.25,4,0.0,88,1.228711793404008,2.933333333333333,0
300,582,96,812.6666666666666,6,0.0,838,1.1426452446650375,8.729166666666666,0
300,632,51,861.0,5,0.0,283,1.3672752340882914,5.549019607843137,0
300,634,48,499.5,6,0.0,225,1.227184630308513,4.6875,0
300,662,81,883.1666666666666,6,0.0,658,1.2602761567212826,8.123456790123457,0
300,678,165,923.0,6,0.0,864,0.3988005219763572,5.236363636363636,0
300,689,48,1135.3333333333333,3,0.0,192,1.0471975511965976,4.0,0
300,697,75,1182.1666666666667,6,0.0,540,1.2063715789784806,7.2,0
300,713,25,855.5,4,0.0,56,1.125946807046582,2.24,0
300,717,156,684.375,8,0.0,1988,1.0265427671493275,12.743589743589743,0
300,724,52,1005.4,5,0.0,241,1.120005664963225,4.634615384615385,0
300,773,59,906.4,5,0.0,313,1.1299264585735194,5.305084745762712,0
300,775,123,747.625,8,0.0,1361,1.1304666802923415,11.065040650406504,0
300,779,63,1126.6,5,0.0,211,0.6680534642554259,3.3492063492063493,0
300,806,73,966.8,5,0.0,486,1.1460416810993728,6.657534246575342,0
300,819,59,796.3333333333334,6,0.0,293,1.0577266848627513,4.966101694915254,0
300,840,95,1023.5,4,0.0,332,0.4622753511321048,3.4947368421052634,0
300,849,40,1102.6,5,0.0,146,1.1466813185602744,3.65,0
300,877,119,653.0,7,0.0,1260,1.1181150324195013,10.588235294117647,0
300,879,95,904.3333333333334,6,0.0,737,1.026195583687835,7.757894736842105,0
300,897,72,552.0,6,0.0,489,1.1853694503128154,6.791666666666667,0
300,899,63,552.4,5,0.0,364,1.1524713790946683,5.777777777777778,0
300,903,190,673.2857142857143,7,0.0,1324,0.46088295549616465,6.968421052631579,0
300,930,73,994.4,5,0.0,496,1.1696227856487427,6.794520547945205,0
300,943,92,745.3333333333334,6,0.0,722,1.0719422948449104,7.8478260869565215,0
300,948,91,982.0,6,0.0,637,0.966643893412244,7.0,0
300,954,38,963.25,4,0.0,133,1.1574288723751869,3.5,0
300,959,59,887.6,5,0.0,301,1.0866065943470586,5.101694915254237,0
300,962,79,766.0,7,0.0,564,1.1356245836402135,7.139240506329114,0
300,969,158,680.0,10,0.0,2186,1.100388005247122,13.835443037974683,0
300,973,94,890.3333333333334,6,0.0,776,1.1036106379292348,8.25531914893617,0
300,1032,58,642.1666666666666,6,0.0,326,1.2177874019860553,5.620689655172414,0
300,1105,41,791.5,4,0.0,153,1.1437565163574976,3.731707317073171,0
300,1111,56,1036.25,4,0.0,205,0.8214623647779433,3.6607142857142856,0
300,1112,1,922.3333333333334,3,0.0,1,12.566370614359172,1.0,0
300,1114,24,845.4,5,0.0,63,1.3744467859455345,2.625,0
300,1121,76,610.1428571428571,7,0.0,455,0.9899062724261467,5.9868421052631575,0
300,1129,78,815.3333333333334,6,0.0,557,1.1504714714329487,7.141025641025641,0
300,1133,91,914.5,6,0.0,781,1.1851630781082616,8.582417582417582,0
300,1138,88,911.4,5,0.0,597,0.9687659164220591,6.784090909090909,0
300,1196,39,860.5,4,0.0,136,1.1236202521714975,3.4871794871794872,0
300,1201,48,1000.5,4,0.0,186,1.014472627721704,3.875,0
300,1219,87,644.1666666666666,6,0.0,693,1.1505476067843712,7.9655172413793105,0
300,1245,124,652.2222222222222,9,0.0,1359,1.1106723247212613,10.959677419354838,0
300,1248,71,897.2,5,0.0,465,1.1591672953138297,6.549295774647887,0
300,1266,172,918.75,8,0.0,1488,0.632056499261981,8.651162790697674,0
300,1268,132,809.125,8,0.0,1444,1.0414278677189304,10.93939393939394,0
300,1274,30,643.0,4,0.0,90,1.2566370614359172,3.0,0
300,1277,96,928.3333333333334,6,0.0,873,1.1903690913992575,9.09375,0
300,1304,101,703.8571428571429,7,0.0,929,1.1444131262366113,9.198019801980198,0
300,1328,43,598.4,5,0.0,172,1.1689647083124812,4.0,0
300,1339,105,712.5714285714286,7,0.0,1006,1.146645699595948,9.58095238095238,0
300,1364,85,827.4,5,0.0,365,0.6348408684070724,4.294117647058823,0
300,1371,85,706.0,6,0.0,635,1.104449182023263,7.470588235294118,0
300,1375,37,1379.75,4,0.0,170,1.5604696891461354,4.594594594594595,0
300,1389,40,864.0,5,0.0,152,1.1938052083641213,3.8,0
300,1400,54,996.3333333333334,6,0.0,268,1.1549339247764945,4.962962962962963,0
300,1407,109,710.7142857142857,7,0.0,1117,1.181435567396616,10.247706422018348,0
300,1429,85,576.0,6,0.0,687,1.1948922646456404,8.08235294117647,0
300,1470,58,727.5,6,0.0,328,1.225258490341798,5.655172413793103,0
300,1537,74,1335.5,4,0.0,583,1.337873277606172,7.878378378378378,0
300,1545,81,897.1428571428571,7,0.0,610,1.168341117933104,7.530864197530864,0
300,1578,46,1123.75,4,0.0,221,1.312461203106511,4.804347826086956,0
300,1582,135,645.1666666666666,6,0.0,673,0.46404210828333187,4.985185185185185,0
300,1616,126,909.0,7,0.0,1309,1.0361160956283797,10.38888888888889,0
300,1622,109,1137.6,5,0.0,1119,1.1835509399434319,10.26605504587156,0
300,1647,71,928.0,6,0.0,469,1.1691386268864217,6.605633802816901,0
300,1697,45,728.4,5,0.0,178,1.1045994910399668,3.9555555555555557,0
300,1711,106,912.25,8,0.0,911,1.018864687582877,8.59433962264151,0
300,1733,200,815.1428571428571,7,0.0,1573,0.4941725244096745,7.865,0
300,1744,62,708.0,6,0.0,336,1.0984132482894595,5.419354838709677,0
300,1758,69,1125.8,5,0.0,421,1.1112039547669001,6.101449275362318,0
300,1788,48,814.8,5,0.0,195,1.0635600129340446,4.0625,0
300,1803,100,764.5,6,0.0,933,1.1724423783197109,9.33,0
300,1806,83,1024.4,5,0.0,660,1.2039199601505375,7.951807228915663,0
300,1829,94,727.0,4,0.0,325,0.46220806356572325,3.4574468085106385,0
300,1839,138,988.5714285714286,7,0.0,1591,1.0498369905190843,11.528985507246377,0
300,1842,113,923.8333333333334,6,0.0,1111,1.0933697041704942,9.831858407079647,0
300,1852,76,868.4,5,0.0,577,1.2553316905272236,7.592105263157895,0
300,1868,68,682.2,5,0.0,483,1.3126204599341436,7.102941176470588,0
300,1869,66,756.0,6,0.0,424,1.2231728972654474,6.424242424242424,0
300,1882,79,802.3333333333334,6,0.0,561,1.129584027344255,7.10126582278481,0
300,1904,75,584.3333333333334,6,0.0,508,1.1348828928167929,6.773333333333333,0
300,1907,62,811.6,5,0.0,388,1.2684057748104471,6.258064516129032,0
300,1952,122,887.7142857142857,7,0.0,1377,1.162583467883135,11.28688524590164,0
300,1961,50,857.75,4,0.0,221,1.110867162309351,4.42,0
300,1963,74,685.3333333333334,6,0.0,487,1.1175716744325999,6.581081081081081,0
300,1972,107,606.8571428571429,7,0.0,959,1.0525940622910688,8.962616822429906,0
300,2010,114,592.625,8,0.0,1163,1.1245528643043796,10.201754385964913,0
300,2076,94,889.6,5,0.0,744,1.0581009209012249,7.914893617021277,0
300,2084,116,835.8333333333334,6,0.0,1152,1.0758367232269446,9.931034482758621,0
300,2087,97,744.8571428571429,7,0.0,802,1.0711264993852754,8.268041237113403,0
300,2090,172,698.5,8,0.0,1039,0.44133514968628923,6.040697674418604,0
300,2097,120,686.0,5,0.0,513,0.44767695313654554,4.275,0
300,2119,121,560.375,8,0.0,1182,1.0145106253789045,9.768595041322314,0
300,2134,80,711.8333333333334,6,0.0,543,1.0661780068120361,6.7875,0
300,2135,35,779.0,4,0.0,122,1.2515079305729135,3.4857142857142858,0
300,2142,143,940.125,8,0.0,1617,0.9936828834377615,11.307692307692308,0
300,2147,131,681.25,8,0.0,1477,1.081552904691364,11.274809160305344,0
300,2169,90,895.1666666666666,6,0.0,734,1.138730374190078,8.155555555555555,0
300,2170,123,639.5,8,0.0,1379,1.145417745865642,11.211382113821138,0
300,2175,140,799.375,8,0.0,1617,1.0367255756846319,11.55,0
300,2182,30,1390.0,3,0.0,93,1.298524963483781,3.1,0
300,2198,124,785.75,8,0.0,1401,1.144997738730307,11.298387096774194,0
300,2234,99,875.5,6,0.0,823,1.0552110004711355,8.313131313131313,0
300,2241,79,1080.2,5,0.0,590,1.1879760715385215,7.468354430379747,0
300,2257,14,1317.75,4,0.0,24,1.538739258901123,1.7142857142857142,0
300,2266,110,805.4285714285714,7,0.0,938,0.9741533583693308,8.527272727272727,0
300,2270,124,687.2857142857143,7,0.0,1345,1.0992305200515795,10.846774193548388,0
300,2278,88,926.8333333333334,6,0.0,632,1.0255612381553458,7.181818181818182,0
300,2281,230,762.1111111111111,9,0.0,1793,0.42592632346967857,7.7956521739130435,0
300,2290,38,819.6,5,0.0,134,1.1661313450998123,3.526315789473684,0
300,2301,114,798.5,6,0.0,548,0.5298838947883061,4.807017543859649,0
300,2320,102,607.0,6,0.0,977,1.1800599856044705,9.57843137254902,0
300,2331,53,744.8,5,0.0,302,1.35103023337005,5.69811320754717,0
300,2332,56,936.6,5,0.0,336,1.3463968515384828,6.0,0
300,2335,98,1228.0,6,0.0,917,1.1998502554526616,9.357142857142858,0
300,2352,75,593.1428571428571,7,0.0,492,1.099138549735949,6.56,0
300,2357,77,745.0,5,0.0,509,1.0788130616813658,6.6103896103896105,0
300,2380,116,780.125,8,0.0,1164,1.0870433557605585,10.03448275862069,0
300,2389,54,807.25,4,0.0,297,1.279908118129175,5.5,0
300,2403,157,820.1428571428571,7,0.0,1923,0.9803696170803151,12.248407643312103,0
300,2419,95,599.5,6,0.0,735,1.0234107924159548,7.7368421052631575,0
300,2438,62,830.1666666666666,6,0.0,366,1.1964858597438754,5.903225806451613,0
300,2439,160,696.5,10,0.0,2211,1.0853220870448488,13.81875,0
300,2483,58,854.6,5,0.0,297,1.1094566208277867,5.120689655172414,0
300,2495,85,838.5714285714286,7,0.0,583,1.0140060994008855,6.858823529411764,0
300,2521,96,600.5,6,0.0,810,1.1044661672776614,8.4375,0
300,2529,84,604.3333333333334,6,0.0,594,1.0578832404945222,7.071428571428571,0
300,2541,59,811.8333333333334,6,0.0,329,1.1876862775421337,5.576271186440678,0
300,2576,204,660.125,8,0.0,1505,0.45444991769056503,7.377450980392157,0
300,2579,66,887.6,5,0.0,361,1.0414278677189304,5.46969696969697,0
300,2582,60,907.0,5,0.0,313,1.0925761117484503,5.216666666666667,0
300,2585,115,810.625,8,0.0,1070,1.0167120270218764,9.304347826086957,0
300,2602,223,782.875,8,0.0,1497,0.37828745419565407,6.713004484304933,0
300,2617,100,732.8,5,0.0,531,0.667274279622472,5.31,0
300,2623,120,851.6666666666666,6,0.0,1273,1.1109020688943907,10.608333333333333,0
300,2658,102,886.6666666666666,6,0.0,841,1.0157937030638278,8.245098039215685,0
300,2690,63,786.1666666666666,6,0.0,327,1.0353245630877927,5.190476190476191,0
300,2715,78,977.0,6,0.0,534,1.1029654681242271,6.846153846153846,0
300,2719,101,698.8333333333334,6,0.0,855,1.0532542765686788,8.465346534653465,0
300,2729,115,796.5,6,0.0,1103,1.0480685661730185,9.591304347826087,0
300,2744,119,833.6666666666666,6,0.0,1198,1.063096673681399,10.067226890756302,0
300,2750,115,673.5,8,0.0,1183,1.1240844186606351,10.28695652173913,0
300,2754,132,959.5714285714286,7,0.0,1411,1.0176279233735532,10.68939393939394,0
300,2783,55,664.2,5,0.0,278,1.1548598448898677,5.054545454545455,0
300,2789,81,962.4,5,0.0,585,1.1204582852309275,7.222222222222222,0
300,2797,131,579.375,8,0.0,1271,0.9307066634141664,9.702290076335878,0
300,2804,86,553.0,6,0.0,738,1.2539185388584464,8.581395348837209,0
300,2806,113,830.75,8,0.0,1115,1.0973062287579667,9.867256637168142,0
300,2807,88,789.3333333333334,6,0.0,658,1.0677520485857872,7.4772727272727275,0
300,2809,94,959.6666666666666,6,0.0,788,1.1206767818147383,8.382978723404255,0
300,2837,124,1058.8333333333333,6,0.0,1282,1.0477423990380113,10.338709677419354,0
300,2862,63,666.6,5,0.0,345,1.0923149060100565,5.476190476190476,0
300,2871,73,649.5,6,0.0,508,1.1979201111079865,6.958904109589041,0
300,2873,131,604.7777777777778,9,0.0,1659,1.214824826596461,12.664122137404581,0
300,2883,46,344.8,5,0.0,191,1.1342990488386588,4.1521739130434785,0
300,2886,63,1070.4,5,0.0,367,1.1619697695817124,5.825396825396825,0
300,2888,66,711.6666666666666,6,0.0,392,1.130857961622772,5.9393939393939394,0
300,2907,134,896.0,7,0.0,1571,1.099452452392418,11.723880597014926,0
300,2911,72,756.1666666666666,6,0.0,450,1.0908307824964558,6.25,0
300,2932,60,971.0,5,0.0,308,1.075122819228507,5.133333333333334,0
300,2953,152,632.2222222222222,9,0.0,1894,1.0301552087775394,12.460526315789474,0
300,2960,71,920.4,5,0.0,439,1.094353640091981,6.183098591549296,0
300,2961,90,921.8333333333334,6,0.0,721,1.1185621250559215,8.011111111111111,0
300,2970,113,714.4285714285714,7,0.0,1191,1.1721001959199449,10.539823008849558,0
300,3006,121,649.0,7,0.0,1250,1.072875026838943,10.330578512396695,0
300,3050,116,825.5714285714286,7,0.0,1164,1.0870433557605585,10.03448275862069,0
300,3066,85,949.0,5,0.0,655,1.1392349830318695,7.705882352941177,0
300,3071,123,1016.3333333333334,6,0.0,556,0.46182180326417477,4.520325203252033,0
300,3080,92,679.3333333333334,6,0.0,745,1.1060900410795822,8.097826086956522,0
300,3083,69,998.6,5,0.0,450,1.1877476951190145,6.521739130434782,0
300,3093,84,912.5,6,0.0,606,1.0792546190903711,7.214285714285714,0
300,3095,61,1048.4,5,0.0,341,1.1516077343446594,5.590163934426229,0
300,3097,57,1217.0,5,0.0,277,1.0713710865427795,4.859649122807017,0
300,3099,115,797.5714285714286,7,0.0,1089,1.0347657919876854,9.469565217391304,0
300,3100,106,747.5714285714286,7,0.0,998,1.1161657060457864,9.415094339622641,0
300,3118,57,903.4,5,0.0,302,1.168065227927507,5.298245614035087,0
300,3126,36,1227.5,4,0.0,132,1.279908118129175,3.6666666666666665,0
300,3128,50,958.4,5,0.0,227,1.141026451783813,4.54,0
300,3129,199,583.2857142857143,7,0.0,1256,0.39855966999911924,6.311557788944723,0
300,3131,101,803.4285714285714,7,0.0,850,1.047094894834359,8.415841584158416,0
300,3137,135,704.0,8,0.0,1632,1.125284874767307,12.088888888888889,0
300,3150,118,452.85714285714283,7,0.0,1149,1.0369692499209056,9.73728813559322,0
300,3163,82,884.0,6,0.0,598,1.1175921516042215,7.2926829268292686,0
300,3183,102,849.8,5,0.0,933,1.1269150118413214,9.147058823529411,0
300,3188,101,948.0,6,0.0,961,1.1838331693362578,9.514851485148515,0
300,3208,77,600.3333333333334,6,0.0,468,0.9919145635891538,6.077922077922078,0
300,3211,70,838.5,6,0.0,433,1.1104568318403105,6.185714285714286,0
300,3218,101,663.1428571428571,7,0.0,933,1.149340631624067,9.237623762376238,0
300,3230,49,1054.6,5,0.0,232,1.2142432247110904,4.73469387755102,0
300,3234,91,765.5,6,0.0,695,1.0546585650259177,7.637362637362638,0
300,3236,91,586.7142857142857,7,0.0,726,1.1017008895090883,7.978021978021978,0
300,3249,85,637.8,5,0.0,759,1.3201211482766246,8.929411764705883,0
300,3254,83,861.5,6,0.0,660,1.2039199601505375,7.951807228915663,0
300,3263,95,525.125,8,0.0,857,1.1932830600006439,9.021052631578947,0
300,3271,67,907.5,4,0.0,416,1.1645377980782838,6.208955223880597,0
300,3309,106,600.2857142857143,7,0.0,990,1.107218485957243,9.339622641509434,0
300,3311,95,394.2857142857143,7,0.0,809,1.1264480694755203,8.51578947368421,0
300,3323,112,766.1428571428571,7,0.0,1116,1.1179902427953472,9.964285714285714,0
300,3350,157,481.44444444444446,9,0.0,796,0.4058108243348575,5.070063694267516,0
300,3403,60,523.5,6,0.0,330,1.1519173063162573,5.5,0
300,3422,158,836.8333333333334,6,0.0,888,0.4470011659009352,5.620253164556962,0
300,3447,95,737.8333333333334,6,0.0,708,0.9858161102455728,7.4526315789473685,0
300,3454,102,779.0,7,0.0,978,1.1812678259172693,9.588235294117647,0
300,3456,79,939.6,5,0.0,564,1.1356245836402135,7.139240506329114,0
300,3463,40,670.0,5,0.0,163,1.2801990063378406,4.075,0
300,3469,116,845.7142857142857,7,0.0,1194,1.1150599370945935,10.293103448275861,0
300,3478,94,723.3333333333334,6,0.0,784,1.114988067186237,8.340425531914894,0
300,3487,39,701.0,4,0.0,156,1.2888585245496587,4.0,0
300,3498,94,734.5,6,0.0,781,1.1107215312148613,8.308510638297872,0
300,3504,80,707.4,5,0.0,303,0.594939108773567,3.7875,0
300,3509,83,1002.6666666666666,6,0.0,651,1.1875028697848484,7.843373493975903,0
300,3518,73,563.0,6,0.0,515,1.2144268842925454,7.054794520547945,0
300,3524,96,795.3333333333334,6,0.0,745,1.0158361661998248,7.760416666666667,0
300,3532,104,793.4285714285714,7,0.0,984,1.143242297016404,9.461538461538462,0
300,3545,122,591.4285714285714,7,0.0,525,0.44325077751535646,4.30327868852459,0
300,3580,80,762.6666666666666,6,0.0,546,1.072068493037517,6.825,0
300,3595,85,686.6,5,0.0,628,1.0922741516702505,7.3882352941176475,0
300,3605,139,882.125,8,0.0,981,0.6380420046936673,7.057553956834532,0
300,3614,120,520.1428571428571,7,0.0,1231,1.0742501546025098,10.258333333333333,0
300,3618,95,820.0,6,0.0,848,1.1807514992771833,8.926315789473684,0
300,3619,98,501.5,6,0.0,728,0.9525528745578381,7.428571428571429,0
300,3635,117,615.375,8,0.0,1160,1.06486886643704,9.914529914529915,0
300,3639,92,550.8571428571429,7,0.0,714,1.0600648178937202,7.760869565217392,0
300,3655,115,863.1666666666666,6,0.0,1182,1.12313422050454,10.278260869565218,0
300,3663,108,555.5714285714286,7,0.0,1083,1.1667849258702832,10.027777777777779,0
300,3684,78,760.4,5,0.0,528,1.0905725976958651,6.769230769230769,0
300,3692,98,732.8333333333334,6,0.0,848,1.1095670846497896,8.653061224489797,0
300,3702,30,900.2,5,0.0,89,1.2426744274199626,2.966666666666667,0
300,3718,136,865.6666666666666,6,0.0,665,0.4518077670063176,4.889705882352941,0
300,3725,48,732.75,4,0.0,248,1.3526301702956054,5.166666666666667,0
300,3727,72,863.1666666666666,6,0.0,453,1.098102987713099,6.291666666666667,0
300,3774,66,1017.5,4,0.0,356,1.0270036590247626,5.393939393939394,0
300,3789,63,627.8333333333334,6,0.0,364,1.1524713790946683,5.777777777777778,0
300,3792,114,800.1428571428571,7,0.0,1208,1.168065227927507,10.596491228070175,0
300,3805,82,872.8,5,0.0,574,1.0727389548843196,7.0,0
300,3817,76,870.1666666666666,6,0.0,515,1.1204433632955288,6.776315789473684,0
300,3839,136,600.5714285714286,7,0.0,612,0.415799027681002,4.5,0
300,3858,160,756.1666666666666,6,0.0,911,0.4471860792844221,5.69375,0
300,3871,28,1345.5,4,0.0,86,1.378453919432256,3.0714285714285716,0
300,3890,50,1123.75,4,0.0,203,1.0203892938859649,4.06,0
300,3912,51,1067.2,5,0.0,291,1.4059261240978542,5.705882352941177,0
300,3917,26,997.4,5,0.0,67,1.2454834780503914,2.576923076923077,0
300,3963,73,617.5,6,0.0,457,1.0776564779062003,6.260273972602739,0
300,3975,91,978.2,5,0.0,786,1.1927505497990956,8.637362637362637,0
300,3978,101,992.1428571428571,7,0.0,877,1.0803555561996858,8.683168316831683,0
300,3992,190,772.8333333333334,6,0.0,1137,0.3957884595159662,5.984210526315789,0
300,3995,48,1062.2,5,0.0,212,1.1562806294462433,4.416666666666667,0
300,4015,101,1146.5,6,0.0,957,1.178905663948802,9.475247524752476,0
300,4028,60,1282.75,4,0.0,341,1.1903145498601326,5.683333333333334,0
300,4029,81,975.8,5,0.0,552,1.0572529460640547,6.814814814814815,0
300,4042,133,751.625,8,0.0,1532,1.088341895030711,11.518796992481203,0
300,4061,40,1269.5,4,0.0,138,1.0838494654884787,3.45,0
300,4105,97,939.1428571428571,7,0.0,659,0.8801401036095966,6.793814432989691,0
300,4107,30,1145.6666666666667,3,0.0,93,1.298524963483781,3.1,0
300,4111,48,572.4,5,0.0,212,1.1562806294462433,4.416666666666667,0
300,4157,107,574.8333333333334,6,0.0,472,0.5180650650692226,4.411214953271028,0
300,4158,102,1002.5,6,0.0,885,1.0689386768269769,8.676470588235293,0
300,4173,54,721.6,5,0.0,246,1.0601259160261853,4.555555555555555,0
300,4188,59,1062.4,5,0.0,300,1.0829966056615201,5.084745762711864,0
300,4191,67,924.8,5,0.0,441,1.2345220407512576,6.582089552238806,0
300,4237,72,642.6666666666666,6,0.0,497,1.204761997557197,6.902777777777778,0
300,4242,70,573.1666666666666,6,0.0,443,1.1361024861553293,6.328571428571428,0
300,4253,111,635.0,7,0.0,1105,1.1270058866055421,9.954954954954955,0
300,4276,32,1175.75,4,0.0,114,1.3989904785517047,3.5625,0
300,4300,61,650.1666666666666,6,0.0,331,1.1178362465339655,5.426229508196721,0
300,4302,107,615.1428571428571,7,0.0,971,1.0657652080131677,9.074766355140186,0
300,4307,47,600.4,5,0.0,201,1.1434316403287432,4.276595744680851,0
300,4329,138,603.5714285714286,7,0.0,1589,1.0485172708578412,11.514492753623188,0
300,4332,89,857.0,6,0.0,714,1.13273432882874,8.02247191011236,0
300,4335,52,862.4,5,0.0,275,1.278014762924842,5.288461538461538,0
300,4350,85,828.8333333333334,6,0.0,641,1.114884922325845,7.541176470588235,0
300,4352,220,619.0,8,0.0,1564,0.4060703231582179,7.109090909090909,0
300,4353,75,604.3333333333334,6,0.0,482,1.0767983353104216,6.426666666666667,0
300,4362,113,577.4285714285714,7,0.0,1096,1.0786077369674723,9.699115044247788,0
300,4372,47,847.8,5,0.0,215,1.2230736451277602,4.574468085106383,0
300,4399,82,853.5,6,0.0,606,1.132543217177522,7.390243902439025,0
300,4405,126,623.375,8,0.0,1334,1.0559044091430545,10.587301587301587,0
300,4457,87,880.4,5,0.0,645,1.0708559976564496,7.413793103448276,0
300,4473,71,812.2,5,0.0,450,1.1217748019166094,6.338028169014085,0
300,4477,219,882.8571428571429,7,0.0,1063,0.27851904595533455,4.853881278538813,0
300,4490,145,758.1428571428571,7,0.0,1177,0.7034776795767299,8.117241379310345,0
300,4492,86,954.8333333333334,6,0.0,684,1.1621684018688039,7.953488372093023,0
300,4501,111,799.1428571428571,7,0.0,1085,1.1066075900153967,9.774774774774775,0
300,4522,83,763.5,6,0.0,652,1.1893269909365916,7.855421686746988,0
300,4539,135,1053.857142857143,7,0.0,1541,1.062539210794375,11.414814814814815,0
300,4544,38,1322.2,5,0.0,148,1.287965963244569,3.8947368421052633,0
300,4545,105,818.5714285714286,7,0.0,1050,1.1967972013675403,10.0,0
300,4591,124,768.1428571428571,7,0.0,1261,1.0305796920334884,10.169354838709678,0
300,4596,116,577.7142857142857,7,0.0,1186,1.107588848738851,10.224137931034482,0
300,4611,96,916.5714285714286,7,0.0,734,1.0008372429404984,7.645833333333333,0
300,4615,38,936.75,4,0.0,120,1.0442967269550558,3.1578947368421053,0
300,4630,41,457.4,5,0.0,146,1.0914277868509454,3.5609756097560976,0
300,4640,52,703.0,5,0.0,230,1.0688850744462315,4.423076923076923,0
300,4647,100,684.0,7,0.0,922,1.1586193706439156,9.22,0
300,4663,130,828.625,8,0.0,1467,1.0908204551044323,11.284615384615385,0
300,4680,47,709.0,5,0.0,213,1.2116962158707576,4.531914893617022,0
300,4681,94,702.1428571428571,7,0.0,757,1.076589243443854,8.053191489361701,0
300,4696,63,639.0,5,0.0,365,1.1556375092570164,5.7936507936507935,0
300,4703,116,844.1666666666666,6,0.0,1211,1.1309359998505468,10.439655172413794,0
300,4714,84,872.5,6,0.0,602,1.0721308262250882,7.166666666666667,0
300,4731,134,1178.1666666666667,6,0.0,919,0.6431551901646291,6.858208955223881,0
300,4745,55,938.75,4,0.0,253,1.051005542291858,4.6,0
300,4761,55,639.6,5,0.0,292,1.2130182543447532,5.3090909090909095,0
300,4773,145,757.0,9,0.0,1888,1.128433185251373,13.020689655172413,0
300,4776,75,969.2,5,0.0,514,1.1482870214721093,6.8533333333333335,0
300,4777,121,862.5,8,0.0,1214,1.0419762260659815,10.03305785123967,0
300,4779,91,1061.8,5,0.0,714,1.0834909574510867,7.846153846153846,0
300,4781,78,744.0,6,0.0,541,1.1174238169573163,6.935897435897436,0
300,4791,85,1198.4,5,0.0,609,1.0592276407120742,7.1647058823529415,0
300,4792,106,679.2857142857143,7,0.0,1021,1.1418889638003484,9.632075471698114,0
300,4795,85,584.6666666666666,6,0.0,679,1.1809779442421977,7.988235294117647,0
300,4796,41,971.0,5,0.0,155,1.1587075819307981,3.7804878048780486,0
300,4809,138,642.7142857142857,7,0.0,1720,1.1349589086692804,12.46376811594203,0
300,4813,62,856.5,4,0.0,316,1.0330315073198488,5.096774193548387,0
300,4828,36,772.6,5,0.0,117,1.1344640137963142,3.25,0
300,4843,128,908.0,8,0.0,1475,1.1313108310656603,11.5234375,0
300,4851,96,970.5,6,0.0,745,1.0158361661998248,7.760416666666667,0
300,4858,122,702.375,8,0.0,1299,1.096729066652282,10.647540983606557,0
300,4875,129,833.8333333333334,6,0.0,856,0.646404257309744,6.635658914728682,0
300,4901,70,979.8,5,0.0,515,1.320751197223464,7.357142857142857,0
300,4904,117,592.8571428571429,7,0.0,1241,1.1392260890072126,10.606837606837606,0
300,4920,116,810.5714285714286,7,0.0,1198,1.118795481272465,10.327586206896552,0
300,4925,88,756.0,6,0.0,765,1.2413834607418346,8.693181818181818,0
300,4940,49,949.2,5,0.0,245,1.282282715750936,5.0,0
300,4943,145,714.6666666666666,6,0.0,778,0.4650005392614239,5.36551724137931,0
300,4977,105,1085.3333333333333,6,0.0,1019,1.1614631887557367,9.704761904761904,0
300,4979,34,782.4,5,0.0,107,1.1631502212252867,3.1470588235294117,0
300,4983,77,855.1428571428571,7,0.0,548,1.1614726086471288,7.116883116883117,0
300,4992,87,661.2857142857143,7,0.0,653,1.0841379325111031,7.505747126436781,0
400,27,38,1441.0,5,0.0,143,1.2444535996214416,3.763157894736842,0
400,45,144,907.2857142857143,7,0.0,1798,1.089618748293682,12.48611111111111,0
400,51,82,910.8333333333334,6,0.0,593,1.1082477356209086,7.2317073170731705,0
400,133,57,1087.8,5,0.0,300,1.1603296966167287,5.2631578947368425,0
400,138,80,931.0,7,0.0,568,1.1152653920243767,7.1,0
400,162,105,791.5,6,0.0,1023,1.1660224161895179,9.742857142857142,0
400,165,115,820.2857142857143,7,0.0,1091,1.0366661882998758,9.486956521739131,0
400,196,79,831.5,6,0.0,553,1.1134758772216988,7.0,0
400,224,92,993.3333333333334,6,0.0,769,1.1417224719331525,8.358695652173912,0
400,262,116,1018.7142857142857,7,0.0,1244,1.1617542393179854,10.724137931034482,0
400,277,161,960.5,8,0.0,2054,0.9957688839895737,12.75776397515528,0
400,308,126,929.0,7,0.0,1399,1.1073540242812097,11.103174603174603,0
400,319,75,965.6,5,0.0,513,1.1460530000295566,6.84,0
400,336,114,929.0,7,0.0,1068,1.0326934299888886,9.368421052631579,0
400,349,112,1078.5,6,0.0,1151,1.153052660804162,10.276785714285714,0
400,358,18,982.25,4,0.0,38,1.4738335905729893,2.111111111111111,0
400,370,122,575.4285714285714,7,0.0,1191,1.0055460495634088,9.762295081967213,0
400,374,108,831.1666666666666,6,0.0,996,1.0730542808557728,9.222222222222221,0
400,392,52,797.0,5,0.0,251,1.166478929069583,4.826923076923077,0
400,395,92,905.3333333333334,6,0.0,780,1.158054002741039,8.478260869565217,0
400,432,110,1263.2,5,0.0,977,1.0146565363825546,8.881818181818181,0
400,485,82,496.8,5,0.0,584,1.0914277868509454,7.121951219512195,0
400,491,94,847.0,6,0.0,789,1.1220989604718636,8.393617021276595,0
400,500,63,736.0,5,0.0,387,1.2252923728286722,6.142857142857143,0
400,504,125,1139.5,6,0.0,1382,1.1114703480988402,11.056,0
400,534,70,901.6,5,0.0,429,1.100198570114303,6.128571428571429,0
400,547,109,1231.0,5,0.0,984,1.0407632930333663,9.027522935779816,0
400,550,70,1623.75,4,0.0,395,1.0130033454432394,5.642857142857143,0
400,552,134,762.0,7,0.0,1592,1.1141491433537427,11.880597014925373,0
400,554,76,645.8,5,0.0,313,0.6809684907019427,4.118421052631579,0
400,563,151,956.2222222222222,9,0.0,1857,1.0234529288568477,12.298013245033113,0
400,582,96,834.3333333333334,6,0.0,857,1.1685524757493284,8.927083333333334,0
400,632,40,1277.8,5,0.0,158,1.2409290981679684,3.95,0
400,634,29,750.0,4,0.0,69,1.0310101930924886,2.3793103448275863,0
400,662,82,942.6666666666666,6,0.0,652,1.2185118442240006,7.951219512195122,0
400,678,170,1720.4,5,0.0,957,0.41612514456545774,5.629411764705883,0
400,697,61,1916.75,4,0.0,406,1.3711224051141693,6.655737704918033,0
400,717,158,1132.2857142857142,7,0.0,2185,1.099884625555792,13.829113924050633,0
400,773,41,950.4,5,0.0,159,1.1886097130773994,3.8780487804878048,0
400,775,141,1061.375,8,0.0,1629,1.029657347758719,11.553191489361701,0
400,806,66,1004.8,5,0.0,399,1.1510518537946073,6.045454545454546,0
400,819,53,807.8333333333334,6,0.0,246,1.1005080708908352,4.6415094339622645,0
400,840,23,1146.0,4,0.0,53,1.2590125568261552,2.3043478260869565,0
400,877,128,1007.4285714285714,7,0.0,1492,1.1443496677626883,11.65625,0
400,879,93,1127.6,5,0.0,702,1.0199551591259266,7.548387096774194,0
400,897,67,1098.2,5,0.0,447,1.2513182589927712,6.6716417910447765,0
400,899,53,577.6,5,0.0,239,1.0691928005809335,4.509433962264151,0
400,903,204,846.2857142857143,7,0.0,1463,0.44176759440617724,7.171568627450981,0
400,930,65,1094.0,5,0.0,401,1.1926898500255687,6.1692307692307695,0
400,943,96,1176.5,6,0.0,785,1.0703777053246475,8.177083333333334,0
400,948,88,1047.6666666666667,6,0.0,601,0.9752568103344348,6.829545454545454,0
400,959,40,952.0,5,0.0,147,1.154535300194249,3.675,0
400,962,88,748.5714285714286,7,0.0,672,1.090470177279102,7.636363636363637,0
400,969,169,878.5555555555555,9,0.0,2535,1.1153583385525894,15.0,0
400,973,94,932.5,6,0.0,806,1.1462759976429937,8.574468085106384,0
400,1032,59,827.1666666666666,6,0.0,327,1.1804663001710571,5.5423728813559325,0
400,1121,86,883.8333333333334,6,0.0,534,0.9073069102309084,6.209302325581396,0
400,1129,80,839.3333333333334,6,0.0,573,1.1250828690668446,7.1625,0
400,1133,105,1168.7142857142858,7,0.0,896,1.0212669451669676,8.533333333333333,0
400,1138,70,1256.25,4,0.0,399,1.0232616071692469,5.7,0
400,1219,96,942.5,6,0.0,830,1.1317369368400731,8.645833333333334,0
400,1245,132,943.1428571428571,7,0.0,1520,1.096239860756769,11.515151515151516,0
400,1248,61,942.8,5,0.0,361,1.219150709966047,5.918032786885246,0
400,1266,184,1080.0,7,0.0,1656,0.6146594322240899,9.0,0
400,1268,139,1431.1666666666667,6,0.0,1555,1.0113713733931222,11.18705035971223,0
400,1277,98,983.6666666666666,6,0.0,895,1.1710643169358037,9.13265306122449,0
400,1304,107,733.0,7,0.0,1043,1.144792082345761,9.74766355140187,0
400,1339,110,852.2857142857143,7,0.0,1149,1.1932859368511313,10.445454545454545,0
400,1364,53,1122.25,4,0.0,161,0.7202512171277418,3.0377358490566038,0
400,1371,89,715.8333333333334,6,0.0,680,1.0787945988845142,7.640449438202247,0
400,1400,44,1043.5,6,0.0,181,1.1748517981399846,4.113636363636363,0
400,1407,117,1086.4285714285713,7,0.0,1294,1.1878795803185602,11.05982905982906,0
400,1429,93,978.4285714285714,7,0.0,798,1.1594362065277626,8.580645161290322,0
400,1470,47,870.6,5,0.0,225,1.2799607914127722,4.787234042553192,0
400,1537,57,1479.25,4,0.0,361,1.3962634015954636,6.333333333333333,0
400,1545,80,1376.6,5,0.0,581,1.1407908323347937,7.2625,0
400,1582,138,606.0,6,0.0,698,0.4605821617739289,5.057971014492754,0
400,1616,130,1131.4285714285713,7,0.0,1375,1.0224118103398734,10.576923076923077,0
400,1622,104,1234.4,5,0.0,1030,1.1966865507387157,9.903846153846153,0
400,1647,68,948.0,6,0.0,444,1.206632472486045,6.529411764705882,0
400,1711,116,1194.0,7,0.0,1164,1.0870433557605585,10.03448275862069,0
400,1733,205,974.0,6,0.0,1650,0.49338516391892057,8.048780487804878,0
400,1744,61,883.0,6,0.0,304,1.0266532294450923,4.983606557377049,0
400,1758,57,1250.0,5,0.0,274,1.0597677895766122,4.807017543859649,0
400,1803,102,892.3333333333334,6,0.0,1010,1.2199187159268323,9.901960784313726,0
400,1806,76,1092.2,5,0.0,557,1.2118193269040962,7.328947368421052,0
400,1829,28,805.75,4,0.0,78,1.2502256478571625,2.7857142857142856,0
400,1839,139,1064.5714285714287,7,0.0,1694,1.1017769173813177,12.18705035971223,0
400,1842,113,995.3333333333334,6,0.0,1127,1.1091158025203842,9.973451327433628,0
400,1852,69,946.4,5,0.0,469,1.2378970422462616,6.797101449275362,0
400,1868,61,740.4,5,0.0,382,1.2900708343685041,6.262295081967213,0
400,1869,56,980.2,5,0.0,326,1.306325516671266,5.821428571428571,0
400,1882,76,1039.8,5,0.0,505,1.098687181483965,6.644736842105263,0
400,1904,75,571.3333333333334,6,0.0,514,1.1482870214721093,6.8533333333333335,0
400,1907,54,1081.2,5,0.0,291,1.2540513884699998,5.388888888888889,0
400,1952,126,899.5714285714286,7,0.0,1456,1.1524713790946683,11.555555555555555,0
400,1963,70,841.0,5,0.0,417,1.0694237849362807,5.957142857142857,0
400,1972,114,620.7142857142857,7,0.0,1088,1.0520322582658341,9.543859649122806,0
400,2010,129,913.375,8,0.0,1423,1.0745715632614088,11.031007751937985,0
400,2076,92,1444.4,5,0.0,722,1.0719422948449104,7.8478260869565215,0
400,2084,116,862.8333333333334,6,0.0,1161,1.084241697627155,10.008620689655173,0
400,2087,105,740.0,7,0.0,908,1.034944627468311,8.647619047619047,0
400,2090,196,908.8333333333334,6,0.0,1237,0.40463870392446627,6.311224489795919,0
400,2097,112,915.8,5,0.0,473,0.4738435348048381,4.223214285714286,0
400,2119,132,780.625,8,0.0,1392,1.0039249251140936,10.545454545454545,0
400,2134,86,826.7142857142857,7,0.0,596,1.0126496601079051,6.930232558139535,0
400,2142,149,1404.4285714285713,7,0.0,1760,0.9962079312315727,11.812080536912752,0
400,2147,141,659.125,8,0.0,1684,1.064421714932893,11.943262411347519,0
400,2169,90,925.0,6,0.0,741,1.1495902006469318,8.233333333333333,0
400,2170,134,868.25,8,0.0,1627,1.1386436282892836,12.14179104477612,0
400,2175,152,1157.25,8,0.0,1919,1.0437528224097667,12.625,0
400,2198,131,940.875,8,0.0,1718,1.258028361719542,13.114503816793894,0
400,2234,99,902.6666666666666,6,0.0,843,1.0808540381496565,8.515151515151516,0
400,2241,77,1663.75,4,0.0,534,1.1317999507619831,6.935064935064935,0
400,2266,104,1451.8,5,0.0,946,1.099092696115364,9.096153846153847,0
400,2270,129,688.0,7,0.0,1485,1.1213905632067407,11.511627906976743,0
400,2278,86,973.1666666666666,6,0.0,640,1.0874090309883546,7.441860465116279,0
400,2281,248,1044.625,8,0.0,2068,0.42252950101610903,8.338709677419354,0
400,2301,115,807.1666666666666,6,0.0,565,0.5368619581937946,4.913043478260869,0
400,2320,107,657.1666666666666,6,0.0,1055,1.1579632280678598,9.85981308411215,0
400,2331,35,791.8,5,0.0,120,1.2309914071208985,3.4285714285714284,0
400,2332,42,1021.6,5,0.0,177,1.260911337155087,4.214285714285714,0
400,2335,95,1595.6,5,0.0,881,1.2267005552632058,9.273684210526316,0
400,2352,74,793.0,5,0.0,538,1.23460690111856,7.27027027027027,0
400,2357,70,762.4,5,0.0,425,1.0899403083882955,6.071428571428571,0
400,2380,118,888.0,7,0.0,1308,1.1804663001710571,11.084745762711865,0
400,2389,26,858.25,4,0.0,73,1.3570193119056502,2.8076923076923075,0
400,2403,162,1338.4285714285713,7,0.0,2021,0.967712048910985,12.475308641975309,0
400,2419,98,755.3333333333334,6,0.0,790,1.0336768831053464,8.061224489795919,0
400,2438,57,894.1666666666666,6,0.0,311,1.2028751188260087,5.456140350877193,0
400,2439,179,980.4444444444445,9,0.0,2552,1.0008856717282422,14.256983240223464,0
400,2483,35,906.25,4,0.0,114,1.1694418367648536,3.257142857142857,0
400,2495,84,1002.6666666666666,6,0.0,639,1.1380259102289556,7.607142857142857,0
400,2521,95,591.6666666666666,6,0.0,831,1.1570807734662019,8.74736842105263,0
400,2529,83,759.2,5,0.0,564,1.0288043295831866,6.795180722891566,0
400,2541,37,1060.6,5,0.0,134,1.2300172843857773,3.6216216216216215,0
400,2576,247,913.625,8,0.0,1741,0.3586036689603062,7.048582995951417,0
400,2579,51,954.4,5,0.0,227,1.0967190040213504,4.450980392156863,0
400,2582,42,943.0,5,0.0,159,1.1326830655799935,3.7857142857142856,0
400,2585,121,1327.142857142857,7,0.0,1265,1.0857495271610105,10.454545454545455,0
400,2602,239,1065.5714285714287,7,0.0,1692,0.37223261286559617,7.079497907949791,0
400,2617,86,746.8,5,0.0,424,0.7204084830297849,4.930232558139535,0
400,2623,122,895.8333333333334,6,0.0,1306,1.1026390770191534,10.704918032786885,0
400,2658,99,910.0,6,0.0,830,1.0641860636586178,8.383838383838384,0
400,2690,57,803.8333333333334,6,0.0,272,1.0520322582658341,4.771929824561403,0
400,2715,76,1531.25,4,0.0,459,0.9986087451507721,6.0394736842105265,0
400,2719,106,1125.6,5,0.0,908,1.0155094800496731,8.566037735849056,0
400,2729,118,921.5714285714286,7,0.0,1154,1.0414817357778285,9.779661016949152,0
400,2744,122,874.0,6,0.0,1250,1.055358994084182,10.245901639344263,0
400,2750,123,649.375,8,0.0,1370,1.1379422130789918,11.138211382113822,0
400,2754,148,1156.142857142857,7,0.0,1597,0.9162022402817567,10.79054054054054,0
400,2783,18,891.75,4,0.0,32,1.241123023640412,1.7777777777777777,0
400,2789,84,1245.8,5,0.0,595,1.059664188710843,7.083333333333333,0
400,2797,167,605.875,8,0.0,1566,0.7056164216030142,9.377245508982035,0
400,2804,87,676.6,5,0.0,790,1.3115910668970467,9.080459770114942,0
400,2806,113,1154.8333333333333,6,0.0,1174,1.1553699664231865,10.389380530973451,0
400,2807,85,938.6,5,0.0,618,1.0748812511659471,7.270588235294118,0
400,2809,91,1030.6666666666667,6,0.0,765,1.160883168697593,8.406593406593407,0
400,2837,125,1101.8333333333333,6,0.0,1317,1.059194246343106,10.536,0
400,2862,45,701.6,5,0.0,186,1.1542444119855833,4.133333333333334,0
400,2871,73,648.0,6,0.0,494,1.1649065647388686,6.767123287671233,0
400,2873,149,826.4444444444445,9,0.0,2049,1.1597898017576662,13.751677852348994,0
400,2886,38,1523.0,4,0.0,138,1.2009412359983143,3.6315789473684212,0
400,2888,58,910.8,5,0.0,296,1.1057210766499153,5.103448275862069,0
400,2907,136,902.4285714285714,7,0.0,1647,1.1189885597885791,12.110294117647058,0
400,2911,74,784.8333333333334,6,0.0,451,1.0349585732425104,6.094594594594595,0
400,2932,26,1377.25,4,0.0,64,1.1897155611227619,2.4615384615384617,0
400,2953,158,923.0,8,0.0,2142,1.0782392988286071,13.556962025316455,0
400,2960,59,953.2,5,0.0,311,1.1227064812024425,5.271186440677966,0
400,2961,88,991.8333333333334,6,0.0,682,1.1066974120600406,7.75,0
400,2970,116,834.1666666666666,6,0.0,1273,1.1888369346075525,10.974137931034482,0
400,3006,130,834.1428571428571,7,0.0,1450,1.0781797272675029,11.153846153846153,0
400,3050,127,853.7142857142857,7,0.0,1324,1.031550294092104,10.4251968503937,0
400,3066,79,971.8,5,0.0,575,1.1577732900587283,7.2784810126582276,0
400,3071,119,1080.6666666666667,6,0.0,538,0.47741737098546955,4.5210084033613445,0
400,3080,95,891.5,6,0.0,818,1.138979630198981,8.610526315789473,0
400,3083,45,1395.0,4,0.0,214,1.3280016352952408,4.7555555555555555,0
400,3093,84,1435.0,4,0.0,559,0.9955500529232961,6.654761904761905,0
400,3095,45,1142.4,5,0.0,190,1.1790668724583915,4.222222222222222,0
400,3099,118,1108.8333333333333,6,0.0,1234,1.1136815094885966,10.457627118644067,0
400,3100,115,872.5714285714286,7,0.0,1186,1.1269350131289209,10.31304347826087,0
400,3118,36,1204.75,4,0.0,118,1.1441602874185048,3.2777777777777777,0
400,3129,210,538.7142857142857,7,0.0,1408,0.4012120141727373,6.704761904761905,0
400,3131,102,767.7142857142857,7,0.0,934,1.1281228521541202,9.156862745098039,0
400,3137,139,806.2857142857143,7,0.0,1806,1.174621672249504,12.992805755395683,0
400,3150,136,1166.0,7,0.0,1471,0.9994123688214935,10.816176470588236,0
400,3163,80,901.8333333333334,6,0.0,578,1.1349003461093128,7.225,0
400,3183,101,884.6,5,0.0,894,1.101297454096373,8.851485148514852,0
400,3188,102,965.8333333333334,6,0.0,972,1.1740207840404764,9.529411764705882,0
400,3208,80,862.5,6,0.0,487,0.9562222639363932,6.0875,0
400,3211,51,1313.75,4,0.0,240,1.15952670028689,4.705882352941177,0
400,3218,109,873.8571428571429,7,0.0,1064,1.1253781949059978,9.761467889908257,0
400,3234,95,1193.6,5,0.0,728,1.0136640229643743,7.663157894736842,0
400,3236,95,696.1666666666666,6,0.0,792,1.1027773436645392,8.336842105263157,0
400,3249,82,662.0,5,0.0,677,1.265233924140565,8.25609756097561,0
400,3254,73,1137.8,5,0.0,512,1.2073525529277342,7.013698630136986,0
400,3263,110,610.8571428571429,7,0.0,1076,1.1174722959545842,9.781818181818181,0
400,3271,45,1012.75,4,0.0,200,1.241123023640412,4.444444444444445,0
400,3309,119,885.5,8,0.0,1210,1.0737453882758703,10.168067226890756,0
400,3311,113,786.125,8,0.0,1150,1.1317508188983514,10.176991150442477,0
400,3323,124,943.0,7,0.0,1322,1.0804332695228165,10.661290322580646,0
400,3350,178,755.25,8,0.0,1150,0.45610801055779093,6.46067415730337,0
400,3403,51,645.0,5,0.0,243,1.1740207840404764,4.764705882352941,0
400,3422,158,859.3333333333334,6,0.0,918,0.4621025566408316,5.810126582278481,0
400,3447,88,911.4,5,0.0,622,1.0093340033744067,7.068181818181818,0
400,3454,110,774.4285714285714,7,0.0,1085,1.1268191831884051,9.863636363636363,0
400,3456,69,1001.2,5,0.0,467,1.2326181636012883,6.768115942028985,0
400,3469,121,855.5714285714286,7,0.0,1314,1.127806228213097,10.859504132231406,0
400,3478,99,723.6666666666666,6,0.0,847,1.0859826456853607,8.555555555555555,0
400,3498,102,907.8333333333334,6,0.0,871,1.052028912447793,8.53921568627451,0
400,3504,43,953.0,5,0.0,166,1.128186869650418,3.86046511627907,0
400,3509,80,1053.0,6,0.0,637,1.2507465752104363,7.9625,0
400,3518,75,1012.2,5,0.0,536,1.1974354932082696,7.1466666666666665,0
400,3524,107,1151.5714285714287,7,0.0,901,0.9889335246342574,8.42056074766355,0
400,3532,115,1051.857142857143,7,0.0,1137,1.0803753034802555,9.88695652173913,0
400,3545,126,671.0,6,0.0,552,0.43692596240402265,4.380952380952381,0
400,3580,82,783.0,6,0.0,552,1.031623524557743,6.7317073170731705,0
400,3595,88,886.4,5,0.0,630,1.0223157911991578,7.159090909090909,0
400,3605,165,915.5,8,0.0,1197,0.5525048898214115,7.254545454545455,0
400,3614,127,749.8571428571429,7,0.0,1451,1.1304980942051683,11.4251968503937,0
400,3618,97,961.3333333333334,6,0.0,874,1.167287481873729,9.010309278350515,0
400,3619,98,465.0,6,0.0,770,1.0075078480900213,7.857142857142857,0
400,3635,125,1057.2857142857142,7,0.0,1336,1.0744749530101667,10.688,0
400,3639,98,855.6,5,0.0,735,0.9617120368132019,7.5,0
400,3655,122,1207.0,7,0.0,1273,1.074777599575331,10.434426229508198,0
400,3663,124,775.125,8,0.0,1304,1.065722377804654,10.516129032258064,0
400,3684,74,1015.8,5,0.0,449,1.0303689565097276,6.0675675675675675,0
400,3692,97,735.8333333333334,6,0.0,869,1.1606096358675866,8.958762886597938,0
400,3718,133,926.8333333333334,6,0.0,649,0.46105345292097366,4.879699248120301,0
400,3727,68,902.8333333333334,6,0.0,404,1.0979268443341492,5.9411764705882355,0
400,3774,41,1229.0,4,0.0,142,1.0615256557043442,3.4634146341463414,0
400,3789,49,813.8,5,0.0,221,1.156671347677375,4.510204081632653,0
400,3792,126,1124.142857142857,7,0.0,1422,1.1255592727147103,11.285714285714286,0
400,3805,73,911.0,5,0.0,472,1.113028134730255,6.465753424657534,0
400,3817,74,916.1666666666666,6,0.0,501,1.1496989915620792,6.77027027027027,0
400,3839,140,964.0,5,0.0,617,0.39558421780916375,4.4071428571428575,0
400,3858,172,775.0,7,0.0,1051,0.44643237951904713,6.1104651162790695,0
400,3912,27,1444.25,4,0.0,90,1.5514037795505151,3.3333333333333335,0
400,3963,71,736.6,5,0.0,440,1.0968464729851293,6.197183098591549,0
400,3975,88,1329.25,4,0.0,708,1.1488882224904824,8.045454545454545,0
400,3978,106,995.2857142857143,7,0.0,985,1.1016264734019032,9.29245283018868,0
400,3992,208,1140.857142857143,7,0.0,1271,0.36917199174488047,6.110576923076923,0
400,4015,102,1190.1666666666667,6,0.0,958,1.1571110196612926,9.392156862745098,0
400,4028,29,1454.25,4,0.0,84,1.2551428437647687,2.896551724137931,0
400,4029,76,1297.0,4,0.0,461,1.002959981513085,6.065789473684211,0
400,4042,137,902.5714285714286,7,0.0,1677,1.1227984186840179,12.24087591240876,0
400,4105,122,1163.3333333333333,6,0.0,719,0.6070424933972216,5.89344262295082,0
400,4157,103,612.8333333333334,6,0.0,447,0.5294719261587849,4.339805825242719,0
400,4158,101,1600.5,4,0.0,823,1.0138342334690322,8.148514851485148,0
400,4191,57,974.6,5,0.0,321,1.2415527753798998,5.631578947368421,0
400,4237,63,1154.0,5,0.0,382,1.2094617220169321,6.063492063492063,0
400,4242,71,812.1666666666666,6,0.0,449,1.1192819690234614,6.323943661971831,0
400,4253,114,749.3333333333334,6,0.0,1196,1.1564619309613398,10.491228070175438,0
400,4300,58,673.0,6,0.0,298,1.113192165005658,5.137931034482759,0
400,4302,108,725.8333333333334,6,0.0,988,1.0644353709693812,9.148148148148149,0
400,4329,149,714.375,8,0.0,1795,1.0160188844094733,12.046979865771812,0
400,4332,89,897.8333333333334,6,0.0,710,1.1263884782470663,7.977528089887641,0
400,4350,82,1047.8,5,0.0,596,1.1138543852108964,7.2682926829268295,0
400,4352,253,740.875,8,0.0,1903,0.3736006386465264,7.521739130434782,0
400,4353,75,650.8333333333334,6,0.0,489,1.0924364854082906,6.52,0
400,4362,119,723.8571428571429,7,0.0,1220,1.0826193171045966,10.252100840336135,0
400,4399,84,862.1666666666666,6,0.0,623,1.1095307387678237,7.416666666666667,0
400,4405,135,873.0,8,0.0,1555,1.0721923898671337,11.518518518518519,0
400,4457,88,995.2,5,0.0,617,1.001220385983937,7.011363636363637,0
400,4473,62,852.6,5,0.0,340,1.1114895964833815,5.483870967741935,0
400,4477,234,872.4285714285714,7,0.0,1189,0.2728726470244915,5.081196581196581,0
400,4490,170,742.7142857142857,7,0.0,1340,0.5826621668941623,7.882352941176471,0
400,4492,81,1249.6,5,0.0,635,1.2162239506352803,7.839506172839506,0
400,4501,120,904.75,8,0.0,1254,1.0943214410004447,10.45,0
400,4522,80,934.6,5,0.0,609,1.195768703772615,7.6125,0
400,4539,145,1274.0,7,0.0,1658,0.990965159505708,11.434482758620689,0
400,4545,114,992.7142857142857,7,0.0,1199,1.1593627552028816,10.517543859649123,0
400,4591,127,914.1666666666666,6,0.0,1311,1.0214217791199005,10.32283464566929,0
400,4596,122,712.2857142857143,7,0.0,1394,1.17693635020268,11.426229508196721,0
400,4611,100,1091.5714285714287,7,0.0,869,1.0920176063878122,8.69,0
400,4647,96,826.0,6,0.0,902,1.229911707264754,9.395833333333334,0
400,4663,144,821.5555555555555,9,0.0,1706,1.0338651749660854,11.847222222222221,0
400,4681,101,677.4285714285714,7,0.0,844,1.0397036367531753,8.356435643564357,0
400,4696,61,960.0,5,0.0,336,1.1347219904393127,5.508196721311475,0
400,4703,131,1380.142857142857,7,0.0,1350,0.9885554646806646,10.305343511450381,0
400,4714,84,963.0,6,0.0,575,1.024045224384428,6.845238095238095,0
400,4731,127,1291.3333333333333,6,0.0,927,0.7222410291717374,7.299212598425197,0
400,4761,31,759.0,4,0.0,94,1.229176730228681,3.032258064516129,0
400,4773,153,1241.2857142857142,7,0.0,2061,1.106381726523741,13.470588235294118,0
400,4776,67,1059.6,5,0.0,416,1.1645377980782838,6.208955223880597,0
400,4777,128,1245.0,7,0.0,1373,1.0530778108834926,10.7265625,0
400,4779,84,1186.6,5,0.0,638,1.136244962012635,7.595238095238095,0
400,4781,80,765.3333333333334,6,0.0,559,1.097593933347934,6.9875,0
400,4791,76,1280.6,5,0.0,533,1.1596044905563432,7.0131578947368425,0
400,4792,112,673.1428571428571,7,0.0,1165,1.1670776280076878,10.401785714285714,0
400,4795,87,547.6666666666666,6,0.0,722,1.1986946206324907,8.298850574712644,0
400,4809,142,657.4285714285714,7,0.0,1855,1.1560512541973946,13.06338028169014,0
400,4843,131,958.625,8,0.0,1661,1.2162893532108028,12.679389312977099,0
400,4851,95,1062.0,6,0.0,733,1.0206260011440744,7.71578947368421,0
400,4858,129,680.625,8,0.0,1483,1.1198802728859234,11.496124031007753,0
400,4875,130,874.5,6,0.0,852,0.6335235362978707,6.553846153846154,0
400,4901,63,1192.8,5,0.0,403,1.27595045542624,6.396825396825397,0
400,4904,134,919.625,8,0.0,1585,1.1092502463666345,11.828358208955224,0
400,4920,120,835.0,7,0.0,1293,1.128355361414334,10.775,0
400,4925,87,918.2,5,0.0,760,1.2617838111920956,8.735632183908047,0
400,4943,150,708.3333333333334,6,0.0,797,0.4451287724286338,5.3133333333333335,0
400,4977,109,1150.5,6,0.0,1058,1.1190320772655504,9.706422018348624,0
400,4983,83,845.5714285714286,7,0.0,630,1.1491963255982405,7.590361445783133,0
400,4992,95,622.2857142857143,7,0.0,775,1.0791066178535578,8.157894736842104,0
500,45,154,963.8571428571429,7,0.0,1925,1.019997614801881,12.5,0
500,51,75,1107.0,5,0.0,502,1.1214787641614765,6.693333333333333,0
500,138,82,1078.1666666666667,6,0.0,623,1.164314231520786,7.597560975609756,0
500,162,106,800.6666666666666,6,0.0,1057,1.1821514541987936,9.971698113207546,0
500,165,124,927.0,7,0.0,1214,0.9921679192138421,9.790322580645162,0
500,196,81,814.0,6,0.0,570,1.0917285856096217,7.037037037037037,0
500,224,95,1013.6666666666666,6,0.0,831,1.1570807734662019,8.74736842105263,0
500,262,126,1255.142857142857,7,0.0,1425,1.1279338703364714,11.30952380952381,0
500,277,165,1009.125,8,0.0,2235,1.0316194058068962,13.545454545454545,0
500,308,136,1053.7142857142858,7,0.0,1539,1.0456122607860492,11.316176470588236,0
500,319,66,1043.4,5,0.0,406,1.1712457459664427,6.151515151515151,0
500,336,121,1090.5714285714287,7,0.0,1205,1.0342515258727412,9.958677685950413,0
500,349,112,1347.0,5,0.0,1121,1.1229991596537494,10.008928571428571,0
500,370,129,705.8571428571429,7,0.0,1398,1.0556929342511943,10.837209302325581,0
500,374,110,848.6666666666666,6,0.0,1051,1.0915087203050817,9.554545454545455,0
500,392,16,1033.75,4,0.0,33,1.6198837120072371,2.0625,0
500,395,101,1167.3333333333333,6,0.0,820,1.0101386044284404,8.118811881188119,0
500,432,111,1671.4,5,0.0,938,0.9566801100778267,8.45045045045045,0
500,485,88,875.1666666666666,6,0.0,638,1.0352975790239092,7.25,0
500,491,87,1053.0,5,0.0,701,1.163829541639025,8.057471264367816,0
500,500,53,1108.4,5,0.0,284,1.2705052525731595,5.3584905660377355,0
500,504,124,1231.0,6,0.0,1406,1.1490840975409076,11.338709677419354,0
500,534,72,1269.1666666666667,6,0.0,386,0.9356904045414044,5.361111111111111,0
500,547,104,1619.6,5,0.0,867,1.0073079995053071,8.336538461538462,0
500,550,46,1797.0,4,0.0,183,1.0867891410338981,3.9782608695652173,0
500,552,143,929.25,8,0.0,1786,1.097537186035771,12.48951048951049,0
500,554,17,877.0,4,0.0,34,1.478396542865785,2.0,0
500,563,162,898.3333333333334,9,0.0,2170,1.0390574696372277,13.395061728395062,0
500,582,108,975.4285714285714,7,0.0,941,1.0137992753868297,8.712962962962964,0
500,662,74,1206.4,5,0.0,562,1.289682301911953,7.594594594594595,0
500,678,160,1856.2,5,0.0,853,0.4187153958612646,5.33125,0
500,697,34,2095.75,4,0.0,143,1.5544904825721122,4.205882352941177,0
500,717,159,1193.2857142857142,7,0.0,2287,1.1367940190277057,14.383647798742139,0
500,775,145,1053.75,8,0.0,1829,1.0931696482122677,12.613793103448275,0
500,806,59,1402.0,5,0.0,304,1.0974365604036738,5.1525423728813555,0
500,877,135,1182.857142857143,7,0.0,1645,1.1342485410491543,12.185185185185185,0
500,879,78,1470.25,4,0.0,522,1.0781797272675029,6.6923076923076925,0
500,897,54,1194.2,5,0.0,300,1.2928364829587626,5.555555555555555,0
500,903,206,855.0,7,0.0,1615,0.47824225992530073,7.839805825242719,0
500,930,55,1147.2,5,0.0,274,1.1382431564741862,4.9818181818181815,0
500,943,105,1445.8333333333333,6,0.0,861,0.9813737051213829,8.2,0
500,948,84,1094.8333333333333,6,0.0,546,0.9723977261111265,6.5,0
500,962,90,1020.8333333333334,6,0.0,791,1.2271603896244574,8.78888888888889,0
500,969,182,903.7777777777778,9,0.0,2871,1.0891815612192124,15.774725274725276,0
500,973,99,1093.1666666666667,6,0.0,842,1.0795718862657304,8.505050505050505,0
500,1032,30,1321.75,4,0.0,88,1.228711793404008,2.933333333333333,0
500,1121,72,1191.8,5,0.0,384,0.9308422677303091,5.333333333333333,0
500,1129,74,1071.0,5,0.0,485,1.112982057699817,6.554054054054054,0
500,1133,108,1423.5,6,0.0,928,0.9997935468214432,8.592592592592593,0
500,1138,43,1373.25,4,0.0,144,0.9786681278895191,3.3488372093023258,0
500,1219,96,1149.0,5,0.0,842,1.1480993985775199,8.770833333333334,0
500,1245,132,1008.2857142857143,7,0.0,1584,1.1423973285781066,12.0,0
500,1248,48,1237.75,4,0.0,235,1.2817261694333357,4.895833333333333,0
500,1266,196,1415.2857142857142,7,0.0,1770,0.5789898997140706,9.03061224489796,0
500,1268,139,1504.1666666666667,6,0.0,1595,1.0373873572746173,11.474820143884893,0
500,1277,100,1008.0,6,0.0,930,1.168672467135403,9.3,0
500,1304,113,743.8571428571429,7,0.0,1168,1.1494651795419777,10.336283185840708,0
500,1339,114,818.2857142857143,7,0.0,1265,1.2231808885168016,11.096491228070175,0
500,1371,98,1221.3333333333333,6,0.0,793,1.037602238357645,8.091836734693878,0
500,1407,121,1089.7142857142858,7,0.0,1387,1.1904621297804912,11.462809917355372,0
500,1429,104,1006.0,8,0.0,1017,1.1815827399041492,9.778846153846153,0
500,1537,32,1620.5,4,0.0,115,1.41126232485479,3.59375,0
500,1545,73,1471.0,5,0.0,480,1.1318930183697509,6.575342465753424,0
500,1582,146,805.1428571428571,7,0.0,766,0.45157815212043184,5.2465753424657535,0
500,1616,131,1139.2857142857142,7,0.0,1440,1.0544591623260422,10.992366412213741,0
500,1622,99,1344.4,5,0.0,944,1.210351378426187,9.535353535353535,0
500,1647,65,951.1666666666666,6,0.0,399,1.1867412722199548,6.138461538461539,0
500,1711,125,1554.857142857143,7,0.0,1320,1.0616069895010627,10.56,0
500,1733,211,985.5714285714286,7,0.0,1679,0.4739097563286775,7.957345971563981,0
500,1744,42,940.4,5,0.0,149,1.0614451369271636,3.5476190476190474,0
500,1803,115,912.2857142857143,7,0.0,1167,1.1088812481631118,10.147826086956522,0
500,1806,69,1173.0,5,0.0,453,1.1956660130864745,6.565217391304348,0
500,1839,144,1119.0,7,0.0,1813,1.0987090048144859,12.590277777777779,0
500,1842,118,1260.0,6,0.0,1180,1.0649466622338282,10.0,0
500,1852,61,1015.6,5,0.0,350,1.1820020733742838,5.737704918032787,0
500,1868,51,793.2,5,0.0,260,1.2561539253107976,5.098039215686274,0
500,1869,47,1036.0,5,0.0,194,1.1036106379292348,4.127659574468085,0
500,1882,66,1119.4,5,0.0,363,1.0471975511965979,5.5,0
500,1904,86,938.0,7,0.0,646,1.0976034906538703,7.511627906976744,0
500,1907,40,1173.6,5,0.0,143,1.1231193736583511,3.575,0
500,1952,129,897.4285714285714,7,0.0,1539,1.1621684018688039,11.930232558139535,0
500,1963,58,1073.25,4,0.0,284,1.0608945465154593,4.896551724137931,0
500,1972,126,782.25,8,0.0,1252,0.9909987408149209,9.936507936507937,0
500,2010,148,1350.0,7,0.0,1669,0.9575087908768015,11.277027027027026,0
500,2076,87,1515.0,5,0.0,650,1.079157206940608,7.471264367816092,0
500,2084,118,917.1666666666666,6,0.0,1185,1.0694591480907512,10.042372881355933,0
500,2087,112,908.2857142857143,7,0.0,1040,1.0418547065476353,9.285714285714286,0
500,2090,200,926.8333333333334,6,0.0,1271,0.3992964262712627,6.355,0
500,2097,99,970.8,5,0.0,384,0.4923463234276015,3.878787878787879,0
500,2119,141,1054.125,8,0.0,1621,1.0246007125333845,11.49645390070922,0
500,2134,84,1211.6,5,0.0,599,1.0667879815761259,7.130952380952381,0
500,2142,146,1784.0,6,0.0,1774,1.0458219867645513,12.150684931506849,0
500,2147,152,718.0,7,0.0,1898,1.0323308269586957,12.486842105263158,0
500,2169,93,934.3333333333334,6,0.0,768,1.115848379214689,8.258064516129032,0
500,2170,146,1032.125,8,0.0,1847,1.088857502567151,12.650684931506849,0
500,2175,161,1126.625,8,0.0,2190,1.061701000943119,13.602484472049689,0
500,2198,140,1370.0,7,0.0,1862,1.1938052083641215,13.3,0
500,2234,100,898.0,6,0.0,888,1.1158937105550946,8.88,0
500,2241,57,1817.25,4,0.0,323,1.249288306690678,5.666666666666667,0
500,2266,99,1611.8,5,0.0,838,1.0744432787300262,8.464646464646465,0
500,2270,140,959.75,8,0.0,1711,1.0969928633249257,12.221428571428572,0
500,2278,88,976.1666666666666,6,0.0,643,1.0434111964143786,7.306818181818182,0
500,2281,259,1213.142857142857,7,0.0,2197,0.41156685558872264,8.482625482625483,0
500,2301,98,998.6,5,0.0,452,0.59142019134635,4.612244897959184,0
500,2320,108,739.2,5,0.0,1079,1.1624754709270875,9.99074074074074,0
500,2335,92,1742.8,5,0.0,800,1.1877476951190145,8.695652173913043,0
500,2352,60,1038.0,4,0.0,371,1.2950343049797925,6.183333333333334,0
500,2357,59,989.5,4,0.0,304,1.0974365604036738,5.1525423728813555,0
500,2380,123,1237.0,7,0.0,1463,1.2151893852077118,11.894308943089431,0
500,2403,161,1412.0,7,0.0,2112,1.0238869926903504,13.118012422360248,0
500,2419,95,1245.2,5,0.0,773,1.0763218265816776,8.136842105263158,0
500,2438,43,1108.2,5,0.0,195,1.325279756517057,4.534883720930233,0
500,2439,184,1295.4285714285713,7,0.0,2726,1.0118125677795105,14.815217391304348,0
500,2495,81,1077.1666666666667,6,0.0,617,1.1817483110897133,7.617283950617284,0
500,2521,97,868.5,6,0.0,888,1.1859854506909284,9.154639175257731,0
500,2529,79,870.5,6,0.0,546,1.0993812458644623,6.9113924050632916,0
500,2576,251,1307.5714285714287,7,0.0,1890,0.3769851345397507,7.52988047808765,0
500,2585,122,1364.5714285714287,7,0.0,1364,1.1516077343446594,11.180327868852459,0
500,2602,241,1084.857142857143,7,0.0,1803,0.39009600760471735,7.481327800829876,0
500,2617,67,724.2,5,0.0,304,0.8510083909033611,4.537313432835821,0
500,2623,127,1287.3333333333333,6,0.0,1375,1.0712852374445943,10.826771653543307,0
500,2658,99,912.5,6,0.0,841,1.0782897343818043,8.494949494949495,0
500,2690,27,1088.75,4,0.0,65,1.1204582852309275,2.4074074074074074,0
500,2715,53,1718.0,4,0.0,234,1.0468247503595751,4.415094339622642,0
500,2719,103,1181.4,5,0.0,857,1.0151173170426817,8.320388349514563,0
500,2729,117,1146.8333333333333,6,0.0,1208,1.1089324057378829,10.324786324786325,0
500,2744,128,804.4285714285714,7,0.0,1380,1.0584467436410925,10.78125,0
500,2750,133,741.125,8,0.0,1576,1.1195997562456925,11.849624060150376,0
500,2754,158,1368.3333333333333,6,0.0,1663,0.8371204266815937,10.525316455696203,0
500,2789,80,1633.0,4,0.0,542,1.0642145114035424,6.775,0
500,2797,196,844.5,8,0.0,1914,0.626094162741656,9.76530612244898,0
500,2804,90,888.6,5,0.0,801,1.2426744274199626,8.9,0
500,2806,115,1280.6666666666667,6,0.0,1150,1.0927278795094932,10.0,0
500,2807,82,950.0,5,0.0,561,1.0484434733277062,6.841463414634147,0
500,2809,90,1059.6666666666667,6,0.0,747,1.1588986233242347,8.3,0
500,2837,125,1162.8333333333333,6,0.0,1333,1.0720622098522097,10.664,0
500,2871,60,1002.75,4,0.0,385,1.3439035240356338,6.416666666666667,0
500,2873,167,1087.888888888889,9,0.0,2382,1.0732939439708684,14.263473053892216,0
500,2907,138,908.4285714285714,7,0.0,1738,1.1468363856204706,12.594202898550725,0
500,2911,67,972.2,5,0.0,372,1.0413655309738499,5.552238805970149,0
500,2953,163,1299.857142857143,7,0.0,2397,1.1337118582791574,14.705521472392638,0
500,2960,42,999.2,5,0.0,158,1.1255592727147106,3.761904761904762,0
500,2961,79,1155.2,5,0.0,594,1.1960301465997996,7.518987341772152,0
500,2970,121,962.4285714285714,7,0.0,1350,1.1587050289860585,11.15702479338843,0
500,3006,134,818.8571428571429,7,0.0,1591,1.1134493009270128,11.873134328358208,0
500,3050,141,1009.4285714285714,7,0.0,1499,0.9474870253470348,10.631205673758865,0
500,3066,66,1280.5,4,0.0,418,1.2058638468324459,6.333333333333333,0
500,3071,104,1392.0,5,0.0,431,0.5007494207460063,4.144230769230769,0
500,3080,90,1428.25,4,0.0,700,1.0859826456853605,7.777777777777778,0
500,3093,63,1594.5,4,0.0,327,1.0353245630877927,5.190476190476191,0
500,3099,120,1396.8333333333333,6,0.0,1243,1.0847221301144758,10.358333333333333,0
500,3100,119,1064.8333333333333,6,0.0,1230,1.0914932459333226,10.336134453781513,0
500,3129,225,589.2857142857143,7,0.0,1615,0.4008827366358531,7.177777777777778,0
500,3131,114,1014.125,8,0.0,1084,1.048164492610445,9.508771929824562,0
500,3137,147,1066.2857142857142,7,0.0,1962,1.1409699266681796,13.346938775510203,0
500,3150,137,1209.0,7,0.0,1581,1.0585237328201744,11.540145985401459,0
500,3163,72,992.4,5,0.0,502,1.2168823395849353,6.972222222222222,0
500,3183,102,1185.6,5,0.0,855,1.0327034674430116,8.382352941176471,0
500,3188,104,991.5,6,0.0,997,1.1583461078509705,9.586538461538462,0
500,3208,74,1366.4,5,0.0,451,1.0349585732425104,6.094594594594595,0
500,3218,106,1065.1666666666667,6,0.0,1123,1.2559660199292766,10.59433962264151,0
500,3234,91,1250.6,5,0.0,645,0.9787838481175783,7.087912087912088,0
500,3236,83,884.2,5,0.0,671,1.2239852928197132,8.08433734939759,0
500,3249,82,915.6,5,0.0,618,1.154969815537473,7.536585365853658,0
500,3254,63,1230.4,5,0.0,376,1.1904649410428443,5.968253968253968,0
500,3263,118,568.0,7,0.0,1226,1.1064615321175197,10.389830508474576,0
500,3309,130,936.875,8,0.0,1458,1.0841283050731167,11.215384615384615,0
500,3311,122,867.25,8,0.0,1408,1.1887563709364226,11.540983606557377,0
500,3323,133,1036.7142857142858,7,0.0,1456,1.0343510438411982,10.947368421052632,0
500,3350,200,858.875,8,0.0,1403,0.44076544929864797,7.015,0
500,3403,23,775.25,4,0.0,50,1.1877476951190145,2.1739130434782608,0
500,3422,172,1084.6666666666667,6,0.0,967,0.4107517706897417,5.622093023255814,0
500,3447,80,957.0,5,0.0,499,0.9797842088383167,6.2375,0
500,3454,116,881.0,6,0.0,1149,1.0730350650935412,9.905172413793103,0
500,3456,62,1013.0,5,0.0,382,1.248791252519564,6.161290322580645,0
500,3469,131,987.8571428571429,7,0.0,1461,1.0698366917766302,11.15267175572519,0
500,3478,108,866.0,7,0.0,1024,1.1032204654581441,9.481481481481481,0
500,3498,107,1176.0,6,0.0,913,1.0021046703563565,8.532710280373832,0
500,3509,79,1106.8333333333333,6,0.0,629,1.266503303385983,7.962025316455696,0
500,3518,55,1376.25,4,0.0,316,1.3127183848388426,5.745454545454545,0
500,3524,113,1187.2857142857142,7,0.0,999,0.9831470157212634,8.84070796460177,0
500,3532,124,1046.375,8,0.0,1311,1.071443280139495,10.57258064516129,0
500,3545,125,705.6666666666666,6,0.0,499,0.4013196119401745,3.992,0
500,3580,76,976.0,5,0.0,460,1.0007843633319287,6.052631578947368,0
500,3595,86,1120.0,5,0.0,551,0.9361912126165365,6.406976744186046,0
500,3605,162,1313.5,6,0.0,1222,0.5851282156205955,7.54320987654321,0
500,3614,132,724.1428571428571,7,0.0,1588,1.1452821703169402,12.030303030303031,0
500,3618,96,972.0,6,0.0,869,1.1849149374867753,9.052083333333334,0
500,3619,107,680.375,8,0.0,997,1.0943026904110487,9.317757009345794,0
500,3635,130,1058.2857142857142,7,0.0,1468,1.0915640273301341,11.292307692307693,0
500,3639,90,987.0,5,0.0,630,0.9773843811168246,7.0,0
500,3655,134,1314.25,8,0.0,1447,1.0126719914779305,10.798507462686567,0
500,3663,115,1026.5,6,0.0,1321,1.2552117642017744,11.486956521739131,0
500,3684,61,1067.6,5,0.0,325,1.0975733538475492,5.327868852459017,0
500,3692,101,736.3333333333334,6,0.0,898,1.1062249594838287,8.891089108910892,0
500,3718,126,1123.8,5,0.0,593,0.4693787965680895,4.7063492063492065,0
500,3727,63,936.6666666666666,6,0.0,351,1.1113116869841446,5.571428571428571,0
500,3792,133,1167.0,7,0.0,1556,1.1053916375116102,11.699248120300751,0
500,3805,63,933.0,5,0.0,362,1.1461391187699723,5.746031746031746,0
500,3817,71,928.6666666666666,6,0.0,457,1.1392246321686454,6.436619718309859,0
500,3839,130,1068.8,5,0.0,523,0.38888827404200277,4.023076923076923,0
500,3858,184,1206.0,6,0.0,1164,0.4320432240995415,6.326086956521739,0
500,3963,66,1505.4,5,0.0,406,1.1712457459664427,6.151515151515151,0
500,3975,77,1443.75,4,0.0,547,1.159353133083904,7.103896103896104,0
500,3978,108,1173.8333333333333,6,0.0,1066,1.1484697423617007,9.87037037037037,0
500,3992,215,1160.0,7,0.0,1400,0.38059316084592404,6.511627906976744,0
500,4015,104,1234.1666666666667,6,0.0,968,1.124652991373861,9.307692307692308,0
500,4029,55,1419.75,4,0.0,238,0.9886929607330522,4.327272727272727,0
500,4042,149,1194.75,8,0.0,1914,1.0833761252143352,12.845637583892618,0
500,4105,116,1223.1666666666667,6,0.0,706,0.6593235473942907,6.086206896551724,0
500,4157,94,727.6,5,0.0,379,0.5390057110504896,4.031914893617022,0
500,4158,89,1760.25,4,0.0,643,1.0200954810040335,7.224719101123595,0
500,4191,42,996.2,5,0.0,171,1.2181685799633892,4.071428571428571,0
500,4237,49,1220.8,5,0.0,223,1.167138961683505,4.551020408163265,0
500,4242,73,985.3333333333334,6,0.0,430,1.0139874956229018,5.890410958904109,0
500,4253,124,1182.857142857143,7,0.0,1363,1.113941411769742,10.991935483870968,0
500,4300,53,685.8333333333334,6,0.0,231,1.03340392022676,4.3584905660377355,0
500,4302,107,905.2,5,0.0,962,1.0558868487215936,8.990654205607477,0
500,4329,154,679.0,8,0.0,2035,1.0782831927905598,13.214285714285714,0
500,4332,81,1179.2,5,0.0,614,1.1760023711654521,7.580246913580247,0
500,4350,69,1563.25,4,0.0,437,1.1534349839266873,6.333333333333333,0
500,4352,264,1000.7142857142857,7,0.0,2105,0.37953699126529583,7.973484848484849,0
500,4353,73,628.6666666666666,6,0.0,495,1.1672646751938056,6.780821917808219,0
500,4362,125,717.1428571428571,7,0.0,1362,1.0953853937124602,10.896,0
500,4399,85,866.1666666666666,6,0.0,620,1.078359831266808,7.294117647058823,0
500,4405,147,1029.888888888889,9,0.0,1840,1.0700227650710759,12.517006802721088,0
500,4457,82,1274.0,4,0.0,516,0.96434372947789,6.2926829268292686,0
500,4473,35,1144.75,4,0.0,115,1.1797000984908612,3.2857142857142856,0
500,4477,254,1139.142857142857,7,0.0,1306,0.25438154910957095,5.141732283464567,0
500,4490,200,1047.5714285714287,7,0.0,1595,0.501084028247572,7.975,0
500,4492,77,1321.4,5,0.0,538,1.1402778530148818,6.987012987012987,0
500,4501,125,881.0,8,0.0,1460,1.1742016702057212,11.68,0
500,4522,74,1265.2,5,0.0,518,1.1887107337907326,7.0,0
500,4539,151,1333.4285714285713,7,0.0,1727,0.9518057125125342,11.437086092715232,0
500,4545,114,1187.3333333333333,6,0.0,1257,1.2154453572060233,11.026315789473685,0
500,4591,129,1119.5,6,0.0,1348,1.0179356762307652,10.449612403100776,0
500,4596,128,789.8571428571429,7,0.0,1583,1.214145793611485,12.3671875,0
500,4611,105,1128.4285714285713,7,0.0,967,1.1021932321165822,9.209523809523809,0
500,4647,98,822.5,6,0.0,926,1.211626321209558,9.448979591836734,0
500,4663,147,1083.5714285714287,7,0.0,1857,1.0799088449657541,12.63265306122449,0
500,4681,112,1000.0,6,0.0,923,0.9246460520610265,8.241071428571429,0
500,4696,40,1255.0,4,0.0,162,1.2723450247038661,4.05,0
500,4703,131,1448.0,7,0.0,1486,1.0881432744559016,11.34351145038168,0
500,4714,83,1044.0,6,0.0,531,0.9686083315756597,6.397590361445783,0
500,4731,114,1666.0,5,0.0,825,0.797726666424001,7.2368421052631575,0
500,4773,156,1318.2857142857142,7,0.0,2143,1.1065800553324994,13.737179487179487,0
500,4776,57,1130.4,5,0.0,295,1.1409908683397834,5.175438596491228,0
500,4777,131,1265.0,7,0.0,1479,1.0830174313057057,11.290076335877863,0
500,4779,78,1259.6,5,0.0,554,1.1442750362187675,7.102564102564102,0
500,4781,83,745.6666666666666,6,0.0,583,1.0634626314663083,7.024096385542169,0
500,4791,69,1389.8,5,0.0,438,1.1560744232491742,6.3478260869565215,0
500,4792,124,1142.7142857142858,7,0.0,1420,1.1605259022105896,11.451612903225806,0
500,4795,96,653.5,6,0.0,842,1.1480993985775199,8.770833333333334,0
500,4809,164,936.8888888888889,9,0.0,2197,1.0264840957669208,13.396341463414634,0
500,4843,138,957.375,8,0.0,1853,1.2227202661419632,13.427536231884059,0
500,4851,94,1123.1666666666667,6,0.0,712,1.0125912038732154,7.574468085106383,0
500,4858,138,949.4285714285714,7,0.0,1647,1.0867891410338983,11.934782608695652,0
500,4875,129,1108.8,5,0.0,820,0.6192190315350352,6.3565891472868215,0
500,4901,49,1288.2,5,0.0,235,1.2299446457202856,4.795918367346939,0
500,4904,141,1061.3333333333333,9,0.0,1925,1.216752851096092,13.652482269503546,0
500,4920,127,800.0,7,0.0,1395,1.0868675681710611,10.984251968503937,0
500,4925,80,978.2,5,0.0,662,1.2998339604227769,8.275,0
500,4943,156,660.8333333333334,6,0.0,834,0.43065224738558305,5.346153846153846,0
500,4977,113,1208.6666666666667,6,0.0,1105,1.0874649172892854,9.778761061946902,0
500,4983,91,831.2857142857143,7,0.0,710,1.0774209800984196,7.802197802197802,0
500,4992,101,977.6666666666666,6,0.0,896,1.1037612067901008,8.871287128712872,0
600,45,161,1203.0,7,0.0,2028,0.9831642145719841,12.596273291925465,0
600,51,53,1436.5,4,0.0,270,1.2078747119533557,5.09433962264151,0
600,138,82,1087.0,6,0.0,576,1.0764767212776447,7.024390243902439,0
600,162,108,770.8333333333334,6,0.0,1094,1.1786359269640718,10.12962962962963,0
600,165,118,1096.0,6,0.0,1204,1.0866065943470586,10.203389830508474,0
600,196,79,769.1666666666666,6,0.0,574,1.155759771293409,7.265822784810126,0
600,224,102,1394.3333333333333,6,0.0,956,1.1546953390356947,9.372549019607844,0
600,262,130,1377.2857142857142,7,0.0,1552,1.154024094289079,11.938461538461539,0
600,277,171,1217.875,8,0.0,2434,1.0460157339130067,14.23391812865497,0
600,308,140,1014.4285714285714,7,0.0,1640,1.0514718269157675,11.714285714285714,0
600,319,52,1321.5,4,0.0,244,1.1339476441951324,4.6923076923076925,0
600,336,126,1123.142857142857,7,0.0,1332,1.0543213440618806,10.571428571428571,0
600,349,105,1438.4,5,0.0,1016,1.1580437681804008,9.676190476190476,0
600,370,137,762.0,8,0.0,1689,1.1308327544169983,12.328467153284672,0
600,374,113,1494.0,6,0.0,1136,1.1179729828421976,10.053097345132743,0
600,395,98,1240.1666666666667,6,0.0,834,1.091248760139062,8.510204081632653,0
600,432,104,1748.6,5,0.0,868,1.008469831107966,8.346153846153847,0
600,485,90,919.5,6,0.0,720,1.117010721276371,8.0,0
600,491,81,1117.2,5,0.0,610,1.168341117933104,7.530864197530864,0
600,500,36,1118.6,5,0.0,133,1.2896043917513658,3.6944444444444446,0
600,504,126,1322.3333333333333,6,0.0,1449,1.1469306513105595,11.5,0
600,534,56,1512.0,5,0.0,225,0.9016050345123768,4.017857142857143,0
600,547,96,1695.8,5,0.0,756,1.030835089459151,7.875,0
600,552,150,938.375,8,0.0,1987,1.1097501515880746,13.246666666666666,0
600,563,172,1166.4,10,0.0,2590,1.1001521055702492,15.05813953488372,0
600,582,117,1305.142857142857,7,0.0,1061,0.9739878166290512,9.068376068376068,0
600,662,64,1625.5,4,0.0,426,1.3069516312785663,6.65625,0
600,678,150,1952.0,5,0.0,764,0.4266980955275737,5.093333333333334,0
600,717,163,1410.0,7,0.0,2411,1.1403334544476633,14.791411042944786,0
600,775,151,1315.875,8,0.0,2049,1.1292703560730646,13.56953642384106,0
600,806,43,1878.25,4,0.0,157,1.0670201116573228,3.6511627906976742,0
600,877,139,1191.4285714285713,7,0.0,1737,1.1297441000539248,12.496402877697841,0
600,879,60,1521.5,4,0.0,322,1.1239920382843482,5.366666666666666,0
600,897,35,1295.2,5,0.0,112,1.1489253133128385,3.2,0
600,903,220,1061.7142857142858,7,0.0,1790,0.4647480041260934,8.136363636363637,0
600,930,32,1182.0,5,0.0,104,1.2762720155208536,3.25,0
600,943,103,1673.3333333333333,6,0.0,880,1.042360838970315,8.54368932038835,0
600,948,70,1324.2,5,0.0,396,1.0155679108747413,5.6571428571428575,0
600,962,83,1345.2,5,0.0,669,1.2203370505162268,8.060240963855422,0
600,969,191,1316.25,8,0.0,3074,1.058880602739511,16.094240837696336,0
600,973,91,1435.0,5,0.0,749,1.1366032592869244,8.23076923076923,0
600,1121,37,1594.25,4,0.0,100,0.9179233465565503,2.7027027027027026,0
600,1129,64,1124.2,5,0.0,376,1.1535535524900022,5.875,0
600,1133,104,1804.2,5,0.0,876,1.0177644839292377,8.423076923076923,0
600,1219,88,1215.2,5,0.0,730,1.1845881390085482,8.295454545454545,0
600,1245,136,1037.857142857143,7,0.0,1666,1.1318973531316168,12.25,0
600,1266,201,1438.0,7,0.0,1841,0.5726266256041987,9.159203980099502,0
600,1268,141,1897.8,5,0.0,1581,0.9993175364067126,11.212765957446809,0
600,1277,105,1139.0,7,0.0,994,1.1329680172946048,9.466666666666667,0
600,1304,127,721.0,7,0.0,1334,1.0393414594553372,10.503937007874017,0
600,1339,124,762.2857142857143,7,0.0,1410,1.1523531845893882,11.370967741935484,0
600,1371,101,1299.3333333333333,6,0.0,832,1.024921120590808,8.237623762376238,0
600,1407,127,1063.142857142857,7,0.0,1488,1.1593254060491318,11.716535433070867,0
600,1429,116,1427.6666666666667,6,0.0,1215,1.134671544028418,10.474137931034482,0
600,1545,63,1525.4,5,0.0,353,1.1176439473088404,5.603174603174603,0
600,1582,160,786.1428571428571,7,0.0,862,0.42313326053037525,5.3875,0
600,1616,132,1150.0,7,0.0,1510,1.0890277564096849,11.43939393939394,0
600,1622,96,1447.8,5,0.0,860,1.17264309118369,8.958333333333334,0
600,1647,50,1455.75,4,0.0,225,1.1309733552923256,4.5,0
600,1711,131,1612.5714285714287,7,0.0,1459,1.0683721651622884,11.13740458015267,0
600,1733,217,1200.8333333333333,6,0.0,1707,0.4555372727964303,7.8663594470046085,0
600,1803,121,886.2857142857143,7,0.0,1301,1.116648327933972,10.75206611570248,0
600,1806,60,1264.4,5,0.0,347,1.2112585008840648,5.783333333333333,0
600,1839,149,1383.6666666666667,6,0.0,1858,1.0516786001296943,12.46979865771812,0
600,1842,120,1263.3333333333333,6,0.0,1259,1.0986847641304305,10.491666666666667,0
600,1852,46,1078.0,5,0.0,190,1.1283603103630637,4.130434782608695,0
600,1868,27,864.2,5,0.0,74,1.275598663185979,2.740740740740741,0
600,1882,44,1399.0,4,0.0,159,1.0320521320677214,3.6136363636363638,0
600,1904,97,1227.0,6,0.0,761,1.0163681621349059,7.845360824742268,0
600,1952,132,905.1428571428571,7,0.0,1630,1.1755730085746932,12.348484848484848,0
600,1972,132,1236.857142857143,7,0.0,1464,1.0558520764130985,11.090909090909092,0
600,2010,150,1343.2857142857142,7,0.0,1756,0.9807354132806536,11.706666666666667,0
600,2076,79,1560.6,5,0.0,570,1.1477056962321308,7.215189873417722,0
600,2084,121,923.3333333333334,6,0.0,1215,1.0428345260874528,10.041322314049587,0
600,2087,119,1249.0,6,0.0,1083,0.9610464921510475,9.100840336134453,0
600,2090,207,1468.6,5,0.0,1376,0.403540945304633,6.647342995169082,0
600,2097,79,1037.8,5,0.0,259,0.5215013602177576,3.278481012658228,0
600,2119,147,1030.375,8,0.0,1814,1.0549028781733323,12.34013605442177,0
600,2134,78,1266.0,5,0.0,500,1.0327392023635085,6.410256410256411,0
600,2142,149,2296.8,5,0.0,1795,1.0160188844094733,12.046979865771812,0
600,2147,169,1233.875,8,0.0,2280,1.0031625293490745,13.49112426035503,0
600,2169,96,928.5,6,0.0,791,1.0785589361933707,8.239583333333334,0
600,2170,150,1182.4285714285713,7,0.0,1975,1.1030480872604163,13.166666666666666,0
600,2175,171,1475.875,8,0.0,2438,1.0477347408709572,14.257309941520468,0
600,2198,144,1411.5714285714287,7,0.0,1939,1.175067159589238,13.465277777777779,0
600,2234,104,1081.0,6,0.0,923,1.0723705692542083,8.875,0
600,2266,92,1724.4,5,0.0,738,1.095697248747291,8.021739130434783,0
600,2270,150,1065.0,8,0.0,1988,1.1103086569487126,13.253333333333334,0
600,2278,87,1256.8333333333333,6,0.0,644,1.0691957557996177,7.402298850574713,0
600,2281,264,1256.857142857143,7,0.0,2250,0.4056808695234754,8.522727272727273,0
600,2301,71,1229.25,4,0.0,262,0.6531222180047814,3.6901408450704225,0
600,2320,114,1198.1666666666667,6,0.0,1191,1.1516272238921033,10.447368421052632,0
600,2335,86,1854.0,5,0.0,712,1.2097425469745446,8.279069767441861,0
600,2352,34,1119.75,4,0.0,119,1.2935969750075618,3.5,0
600,2357,20,1090.75,4,0.0,35,1.0995574287564276,1.75,0
600,2380,134,1458.7142857142858,7,0.0,1657,1.1596389010911756,12.365671641791044,0
600,2403,161,1753.1666666666667,6,0.0,2183,1.0583074360999218,13.559006211180124,0
600,2419,89,1331.0,5,0.0,689,1.0930727626932797,7.741573033707865,0
600,2439,184,1326.7142857142858,7,0.0,2804,1.0407639178480363,15.23913043478261,0
600,2495,81,1131.5,6,0.0,597,1.143442044927972,7.37037037037037,0
600,2521,104,857.8333333333334,6,0.0,996,1.1571842762483113,9.576923076923077,0
600,2529,71,1071.0,5,0.0,471,1.1741242926727178,6.633802816901408,0
600,2576,247,1339.142857142857,7,0.0,1998,0.4115394202083238,8.089068825910932,0
600,2585,124,1385.2857142857142,7,0.0,1433,1.1711504351181512,11.556451612903226,0
600,2602,244,1082.4285714285713,7,0.0,1882,0.3972371253732861,7.713114754098361,0
600,2623,126,1364.8333333333333,6,0.0,1408,1.1144778171464924,11.174603174603174,0
600,2658,100,889.0,6,0.0,873,1.0970441546335559,8.73,0
600,2719,98,1259.4,5,0.0,785,1.0271346243515151,8.010204081632653,0
600,2729,116,1183.0,6,0.0,1227,1.1458781765620323,10.577586206896552,0
600,2744,139,953.125,8,0.0,1673,1.0881185258435326,12.035971223021583,0
600,2750,140,802.6666666666666,9,0.0,1851,1.1867526534274913,13.221428571428572,0
600,2754,161,1403.8333333333333,6,0.0,1667,0.8081532276585294,10.354037267080745,0
600,2789,64,1739.75,4,0.0,357,1.0952622825503477,5.578125,0
600,2797,211,787.625,8,0.0,2137,0.6031835314320333,10.127962085308058,0
600,2804,89,1183.8,5,0.0,804,1.2755159669163962,9.03370786516854,0
600,2806,113,1338.5,6,0.0,1115,1.0973062287579667,9.867256637168142,0
600,2807,80,1632.25,4,0.0,468,0.9189158511750145,5.85,0
600,2809,82,1298.0,5,0.0,672,1.2558895081572523,8.195121951219512,0
600,2837,126,1235.3333333333333,6,0.0,1365,1.0804419179012517,10.833333333333334,0
600,2871,31,1164.0,4,0.0,115,1.5037800423010457,3.7096774193548385,0
600,2873,176,1069.2222222222222,9,0.0,2685,1.0892531346705312,15.255681818181818,0
600,2907,142,890.2857142857143,7,0.0,1846,1.1504423801878114,13.0,0
600,2911,39,1309.0,4,0.0,135,1.1153583385525891,3.4615384615384617,0
600,2953,169,1712.5714285714287,7,0.0,2567,1.1294378126487166,15.189349112426035,0
600,2961,66,1247.6,5,0.0,448,1.292409098997454,6.787878787878788,0
600,2970,127,977.4285714285714,7,0.0,1487,1.1585462895128087,11.708661417322835,0
600,3006,147,1253.5555555555557,9,0.0,1860,1.0816534473001091,12.653061224489797,0
600,3050,137,1544.0,5,0.0,1507,1.008978662466795,11.0,0
600,3066,43,1399.5,4,0.0,183,1.2437240791929305,4.255813953488372,0
600,3071,82,1507.8,5,0.0,280,0.5232872950655217,3.4146341463414633,0
600,3080,79,1508.25,4,0.0,531,1.0691784643846691,6.7215189873417724,0
600,3093,21,1717.25,4,0.0,46,1.310777887212068,2.1904761904761907,0
600,3099,119,1405.6666666666667,6,0.0,1238,1.0985923889963036,10.403361344537815,0
600,3100,124,1272.5,6,0.0,1309,1.0698087366152547,10.556451612903226,0
600,3129,253,1069.375,8,0.0,2029,0.39833720221429425,8.019762845849803,0
600,3131,123,1024.125,8,0.0,1262,1.048235819639188,10.260162601626016,0
600,3137,151,1097.2857142857142,7,0.0,2070,1.1408441371748383,13.708609271523178,0
600,3150,143,1193.0,8,0.0,1755,1.0784869885177928,12.272727272727273,0
600,3163,58,1307.5,4,0.0,323,1.2065807694524413,5.568965517241379,0
600,3183,96,1239.0,5,0.0,780,1.0635600129340446,8.125,0
600,3188,108,1004.6666666666666,6,0.0,1054,1.135541377532113,9.75925925925926,0
600,3208,62,1438.4,5,0.0,320,1.0461078555137708,5.161290322580645,0
600,3218,108,1814.4,5,0.0,1163,1.2529740247342007,10.768518518518519,0
600,3234,79,1625.75,4,0.0,489,0.984610676241249,6.189873417721519,0
600,3236,80,872.4,5,0.0,612,1.201659189998096,7.65,0
600,3249,77,1020.2,5,0.0,543,1.1508752308310053,7.0519480519480515,0
600,3254,48,1313.2,5,0.0,213,1.1617347833587255,4.4375,0
600,3263,128,1270.5,6,0.0,1382,1.059980724428978,10.796875,0
600,3309,138,915.25,8,0.0,1643,1.0841497017114115,11.905797101449275,0
600,3311,127,885.75,8,0.0,1599,1.2458073415810227,12.590551181102363,0
600,3323,139,1047.0,7,0.0,1561,1.0152737709753465,11.23021582733813,0
600,3350,218,930.75,8,0.0,1599,0.42281008779480506,7.334862385321101,0
600,3422,164,1403.6,5,0.0,906,0.42330204404407384,5.524390243902439,0
600,3447,58,1317.5,4,0.0,271,1.012332472203132,4.672413793103448,0
600,3454,115,1043.6,5,0.0,1139,1.0822756997924459,9.904347826086957,0
600,3456,50,1756.0,4,0.0,288,1.4476458947741766,5.76,0
600,3469,137,977.5714285714286,7,0.0,1581,1.0585237328201744,11.540145985401459,0
600,3478,114,953.375,8,0.0,1241,1.199974294584467,10.885964912280702,0
600,3498,109,1205.8333333333333,6,0.0,928,0.9815328617225244,8.513761467889909,0
600,3509,77,1156.6666666666667,6,0.0,610,1.2928800935670595,7.922077922077922,0
600,3518,20,1502.0,4,0.0,50,1.5707963267948966,2.5,0
600,3524,119,1238.4285714285713,7,0.0,1075,0.9539473490880666,9.033613445378151,0
600,3532,133,1493.0,7,0.0,1449,1.0293782022842695,10.894736842105264,0
600,3545,121,724.6666666666666,6,0.0,450,0.3862350096620195,3.71900826446281,0
600,3580,62,1267.6,5,0.0,335,1.095144161240979,5.403225806451613,0
600,3595,60,1572.75,4,0.0,319,1.1135200627723822,5.316666666666666,0
600,3605,156,1398.0,6,0.0,1208,0.6237744782275592,7.743589743589744,0
600,3614,144,815.875,8,0.0,1782,1.0799224746714915,12.375,0
600,3618,90,1193.6,5,0.0,813,1.2612912727745687,9.033333333333333,0
600,3619,126,733.875,8,0.0,1256,0.9941648709772688,9.968253968253968,0
600,3635,133,1365.2857142857142,7,0.0,1604,1.139491122473408,12.06015037593985,0
600,3639,77,1332.0,4,0.0,455,0.9643613812672328,5.909090909090909,0
600,3655,141,1316.0,8,0.0,1681,1.0625254767233925,11.921985815602836,0
600,3663,120,1013.1666666666666,6,0.0,1367,1.1929325437381242,11.391666666666667,0
600,3684,40,1107.8,5,0.0,135,1.0602875205865552,3.375,0
600,3692,105,1033.0,6,0.0,964,1.0987738115412464,9.18095238095238,0
600,3718,94,1199.0,5,0.0,455,0.6470912889920126,4.840425531914893,0
600,3727,54,1088.2,5,0.0,259,1.1161488302877316,4.796296296296297,0
600,3792,140,1200.4285714285713,7,0.0,1707,1.0944282978934239,12.192857142857143,0
600,3805,49,952.2,5,0.0,223,1.167138961683505,4.551020408163265,0
600,3817,63,1065.2,5,0.0,377,1.1936310712051923,5.984126984126984,0
600,3839,117,1137.4,5,0.0,426,0.3910639112949819,3.641025641025641,0
600,3858,180,1254.3333333333333,6,0.0,1166,0.45223420173897516,6.477777777777778,0
600,3963,56,1617.0,5,0.0,291,1.1660758446360073,5.196428571428571,0
600,3975,64,1563.25,4,0.0,380,1.1658253987930873,5.9375,0
600,3978,107,1181.0,6,0.0,1067,1.1711343737899587,9.97196261682243,0
600,3992,216,1166.2857142857142,7,0.0,1534,0.41316899267890456,7.101851851851852,0
600,4015,105,1281.6666666666667,6,0.0,979,1.1158709144179257,9.323809523809524,0
600,4042,158,1458.0,8,0.0,2149,1.081762956667916,13.60126582278481,0
600,4105,113,1255.6666666666667,6,0.0,700,0.688891802807692,6.1946902654867255,0
600,4157,78,753.8,5,0.0,249,0.5143041227770272,3.1923076923076925,0
600,4158,77,1954.0,4,0.0,477,1.010989843658176,6.194805194805195,0
600,4242,65,1178.6,5,0.0,353,1.0499239826908373,5.430769230769231,0
600,4253,131,1217.7142857142858,7,0.0,1452,1.0632463220120925,11.083969465648854,0
600,4302,106,964.0,5,0.0,912,1.0199830900939448,8.60377358490566,0
600,4329,160,999.1428571428571,7,0.0,2274,1.1162471397286233,14.2125,0
600,4332,74,1287.0,5,0.0,509,1.1680574584932102,6.878378378378378,0
600,4350,47,1715.5,4,0.0,199,1.1320542110717409,4.23404255319149,0
600,4352,271,981.625,8,0.0,2333,0.3991958530425777,8.608856088560886,0
600,4353,67,1068.6,5,0.0,441,1.2345220407512576,6.582089552238806,0
600,4362,139,1089.875,8,0.0,1618,1.0523465480064769,11.640287769784173,0
600,4399,87,874.3333333333334,6,0.0,623,1.034330676806152,7.160919540229885,0
600,4405,158,1145.5,8,0.0,2126,1.070185223767329,13.455696202531646,0
600,4457,43,1859.6666666666667,3,0.0,172,1.1689647083124812,4.0,0
600,4477,269,1121.142857142857,7,0.0,1416,0.24590567833408314,5.263940520446097,0
600,4490,219,1329.142857142857,7,0.0,1740,0.45590135462114967,7.945205479452055,0
600,4492,72,1386.6,5,0.0,454,1.1005270561186467,6.305555555555555,0
600,4501,131,1099.625,8,0.0,1691,1.2382572524259288,12.908396946564885,0
600,4522,67,1352.4,5,0.0,409,1.1449422101298512,6.104477611940299,0
600,4539,154,1626.3333333333333,6,0.0,1757,0.930979641146444,11.409090909090908,0
600,4545,116,1208.6666666666667,6,0.0,1269,1.1851013904296812,10.939655172413794,0
600,4591,128,1112.0,6,0.0,1344,1.030835089459151,10.5,0
600,4596,136,801.375,8,0.0,1848,1.2555500051543984,13.588235294117647,0
600,4611,113,1134.5714285714287,7,0.0,1043,1.0264487861834612,9.230088495575222,0
600,4647,112,1090.7142857142858,7,0.0,1067,1.0689028575830068,9.526785714285714,0
600,4663,152,1333.857142857143,7,0.0,1994,1.0845456633064487,13.118421052631579,0
600,4681,104,1250.2,5,0.0,847,0.9840713674521283,8.14423076923077,0
600,4703,131,1485.857142857143,7,0.0,1623,1.18846334753831,12.389312977099237,0
600,4714,77,1285.4,5,0.0,445,0.9431666256349859,5.779220779220779,0
600,4731,103,1776.0,5,0.0,733,0.8682391988241372,7.116504854368932,0
600,4773,157,1335.4285714285713,7,0.0,2217,1.130254519535652,14.121019108280255,0
600,4776,28,1814.6666666666667,3,0.0,77,1.2341971139102759,2.75,0
600,4777,135,1286.4285714285713,7,0.0,1579,1.0887406968490059,11.696296296296296,0
600,4779,72,1296.6,5,0.0,467,1.1320399453907664,6.486111111111111,0
600,4781,86,719.3333333333334,6,0.0,625,1.061922881824565,7.267441860465116,0
600,4791,58,1474.8,5,0.0,312,1.1654897834958566,5.379310344827586,0
600,4792,127,1181.2857142857142,7,0.0,1537,1.1975021163289756,12.10236220472441,0
600,4795,99,763.5714285714286,7,0.0,936,1.2000941633547786,9.454545454545455,0
600,4809,175,911.5555555555555,9,0.0,2500,1.0258261726007487,14.285714285714286,0
600,4843,145,1364.4285714285713,7,0.0,2040,1.2192816196572038,14.068965517241379,0
600,4851,93,1166.1666666666667,6,0.0,695,1.0097846660862093,7.473118279569892,0
600,4858,141,970.5714285714286,7,0.0,1762,1.1137239083799035,12.49645390070922,0
600,4875,114,1228.4,5,0.0,708,0.68459452100387,6.2105263157894735,0
600,4904,150,1275.0,8,0.0,2228,1.2443499435018772,14.853333333333333,0
600,4920,139,1103.5714285714287,7,0.0,1584,1.0302329617072061,11.39568345323741,0
600,4925,76,1020.2,5,0.0,587,1.277087872338787,7.723684210526316,0
600,4943,166,811.0,7,0.0,945,0.43094862209934015,5.692771084337349,0
600,4977,117,1268.1666666666667,6,0.0,1158,1.0630328856328382,9.897435897435898,0
600,4983,103,811.0,7,0.0,769,0.9108812331456502,7.466019417475728,0
600,4992,96,1021.0,6,0.0,901,1.2285481687866335,9.385416666666666,0
700,45,162,1584.7142857142858,7,0.0,2097,1.0041030017646388,12.944444444444445,0
700,138,69,1317.8,5,0.0,432,1.1402377873142537,6.260869565217392,0
700,162,110,740.0,6,0.0,1149,1.1932859368511313,10.445454545454545,0
700,165,120,1112.6666666666667,6,0.0,1213,1.058542191334561,10.108333333333333,0
700,196,84,733.7142857142857,7,0.0,612,1.0899403083882957,7.285714285714286,0
700,224,104,1432.6666666666667,6,0.0,1007,1.1699644238775597,9.682692307692308,0
700,262,135,1386.4285714285713,7,0.0,1613,1.1121841317399914,11.948148148148148,0
700,277,173,1431.142857142857,7,0.0,2547,1.069415815923446,14.722543352601155,0
700,308,148,970.0,7,0.0,1768,1.014305297944988,11.945945945945946,0
700,336,131,1472.7142857142858,7,0.0,1511,1.1064498571351733,11.534351145038167,0
700,349,94,1897.0,4,0.0,851,1.2102740372136325,9.053191489361701,0
700,370,150,976.125,8,0.0,1978,1.1047236033423307,13.186666666666667,0
700,374,113,1936.8,5,0.0,1148,1.1297825566046151,10.15929203539823,0
700,395,102,1269.3333333333333,6,0.0,867,1.0471975511965976,8.5,0
700,432,100,1820.4,5,0.0,794,0.9977698267801183,7.94,0
700,485,102,1011.1428571428571,7,0.0,821,0.9916368968078508,8.049019607843137,0
700,491,74,1191.2,5,0.0,519,1.191005542157124,7.013513513513513,0
700,504,129,1509.0,6,0.0,1514,1.1432897728585893,11.736434108527131,0
700,547,88,1769.4,5,0.0,647,1.0499020903267542,7.3522727272727275,0
700,552,159,1090.142857142857,7,0.0,2151,1.0691928005809335,13.528301886792454,0
700,563,183,1254.888888888889,9,0.0,2936,1.101700980135523,16.043715846994534,0
700,582,117,1981.1666666666667,6,0.0,1128,1.0354931735698112,9.64102564102564,0
700,662,38,1762.5,4,0.0,163,1.4185030541139507,4.2894736842105265,0
700,678,141,2042.4,5,0.0,676,0.42728567654075755,4.794326241134752,0
700,717,166,1431.5714285714287,7,0.0,2494,1.1373395381119094,15.024096385542169,0
700,775,159,1305.875,8,0.0,2222,1.1044846131524102,13.974842767295597,0
700,877,135,1426.0,6,0.0,1710,1.1790668724583915,12.666666666666666,0
700,879,29,1587.25,4,0.0,76,1.135605430072886,2.6206896551724137,0
700,903,251,1270.2857142857142,7,0.0,2102,0.41927129777913014,8.374501992031872,0
700,943,103,1718.5,6,0.0,898,1.0636818561310715,8.718446601941748,0
700,948,51,1385.2,5,0.0,227,1.0967190040213504,4.450980392156863,0
700,962,77,1448.4,5,0.0,567,1.2017426443483978,7.363636363636363,0
700,969,198,1438.875,8,0.0,3263,1.0459153993126715,16.47979797979798,0
700,973,82,1564.4,5,0.0,621,1.1605764651274608,7.573170731707317,0
700,1129,50,1184.0,5,0.0,232,1.1661591930125312,4.64,0
700,1133,99,1904.8,5,0.0,783,1.0039249251140936,7.909090909090909,0
700,1219,82,1289.6,5,0.0,636,1.1886097130773994,7.7560975609756095,0
700,1245,143,1042.142857142857,7,0.0,1777,1.0920064835305514,12.426573426573427,0
700,1266,209,1453.5714285714287,7,0.0,1903,0.5474646477673475,9.105263157894736,0
700,1268,140,2010.8,5,0.0,1536,0.9847931256967188,10.971428571428572,0
700,1277,109,1767.0,6,0.0,1093,1.1560510968348268,10.027522935779816,0
700,1304,136,1025.7142857142858,7,0.0,1524,1.035421108146809,11.205882352941176,0
700,1339,138,1362.5,8,0.0,1641,1.0828299820501681,11.891304347826088,0
700,1371,106,1515.5,6,0.0,868,0.9707733796069563,8.18867924528302,0
700,1407,133,1031.5714285714287,7,0.0,1598,1.1352286868531831,12.015037593984962,0
700,1429,118,1734.8333333333333,6,0.0,1258,1.135341441601827,10.661016949152541,0
700,1545,48,1583.4,5,0.0,184,1.0035643198967394,3.8333333333333335,0
700,1582,188,1270.0,7,0.0,1053,0.37438853148823587,5.601063829787234,0
700,1616,135,1155.2857142857142,7,0.0,1581,1.0901197224308288,11.71111111111111,0
700,1622,90,1560.8,5,0.0,775,1.2023379291516492,8.61111111111111,0
700,1711,133,1943.6666666666667,6,0.0,1493,1.0606360634992507,11.225563909774436,0
700,1733,217,1253.3333333333333,6,0.0,1739,0.46407692875980805,8.013824884792626,0
700,1803,129,1142.5714285714287,7,0.0,1463,1.104777369677752,11.34108527131783,0
700,1806,46,1312.2,5,0.0,200,1.1877476951190145,4.3478260869565215,0
700,1839,149,1449.8333333333333,6,0.0,1880,1.0641311992700888,12.61744966442953,0
700,1842,124,1358.6666666666667,6,0.0,1359,1.1106723247212613,10.959677419354838,0
700,1904,88,1540.2,5,0.0,652,1.0580157077172236,7.409090909090909,0
700,1952,139,891.1428571428571,7,0.0,1761,1.1453536903828219,12.66906474820144,0
700,1972,131,1468.8333333333333,6,0.0,1559,1.1415984958793748,11.900763358778626,0
700,2010,153,1326.142857142857,7,0.0,1870,1.0038495044150393,12.222222222222221,0
700,2076,72,1580.4,5,0.0,487,1.18052131350172,6.763888888888889,0
700,2084,129,1176.8333333333333,6,0.0,1267,0.9567689182376703,9.821705426356589,0
700,2087,119,1289.1666666666667,6,0.0,1061,0.9415238487278499,8.915966386554622,0
700,2090,208,1956.2,5,0.0,1358,0.3944418291027126,6.528846153846154,0
700,2119,154,1168.875,8,0.0,1996,1.057618306049119,12.96103896103896,0
700,2134,66,1678.75,4,0.0,329,0.9491129320762552,4.984848484848484,0
700,2142,145,2461.0,5,0.0,1708,1.0208495129286785,11.779310344827586,0
700,2147,176,1459.875,8,0.0,2570,1.0425998346753316,14.602272727272727,0
700,2169,102,1172.5,6,0.0,845,1.0206250643150232,8.284313725490197,0
700,2170,155,1404.4285714285713,7,0.0,2096,1.0963210325784318,13.522580645161291,0
700,2175,178,1608.625,8,0.0,2670,1.0589638158167842,15.0,0
700,2198,149,1422.4285714285713,7,0.0,2029,1.14846925708458,13.61744966442953,0
700,2234,103,1321.4,5,0.0,897,1.062497355177696,8.70873786407767,0
700,2266,87,1790.0,5,0.0,641,1.0642150302291227,7.367816091954023,0
700,2270,164,1066.75,8,0.0,2224,1.0390990573443932,13.560975609756097,0
700,2278,87,1277.1666666666667,6,0.0,642,1.0658752720859543,7.379310344827586,0
700,2281,268,1268.142857142857,7,0.0,2319,0.40573364689656555,8.652985074626866,0
700,2320,124,1862.8333333333333,6,0.0,1380,1.1278350317257844,11.129032258064516,0
700,2335,80,1926.4,5,0.0,628,1.2330751165339937,7.85,0
700,2380,135,2152.2,5,0.0,1701,1.1728612573401893,12.6,0
700,2403,157,1818.6666666666667,6,0.0,2193,1.1180190172944,13.968152866242038,0
700,2419,84,1444.4,5,0.0,601,1.0703498780087675,7.154761904761905,0
700,2439,187,1350.5714285714287,7,0.0,2902,1.0428553153613291,15.518716577540108,0
700,2495,68,1484.4,5,0.0,461,1.252832364450601,6.779411764705882,0
700,2521,119,1295.7142857142858,7,0.0,1249,1.1083537107079025,10.495798319327731,0
700,2529,59,1086.8,5,0.0,326,1.1768563114855186,5.52542372881356,0
700,2576,246,1338.7142857142858,7,0.0,2143,0.44500185449421154,8.711382113821138,0
700,2585,127,1399.4285714285713,7,0.0,1498,1.1671165714123655,11.795275590551181,0
700,2602,249,1057.2857142857142,7,0.0,1975,0.40029325274365524,7.931726907630522,0
700,2623,127,1430.1666666666667,6,0.0,1448,1.1281607445961983,11.401574803149606,0
700,2658,106,1210.1666666666667,6,0.0,921,1.0300487126935562,8.68867924528302,0
700,2719,96,1318.4,5,0.0,721,0.9831112427249309,7.510416666666667,0
700,2729,116,1166.1666666666667,6,0.0,1271,1.186969162518617,10.956896551724139,0
700,2744,147,1181.625,8,0.0,1949,1.133409983219308,13.258503401360544,0
700,2750,158,1173.375,8,0.0,2282,1.1487124556147905,14.443037974683545,0
700,2754,165,1455.8333333333333,6,0.0,1692,0.7809843555370328,10.254545454545454,0
700,2789,35,1849.5,4,0.0,119,1.220733145394891,3.4,0
700,2797,233,1048.0,8,0.0,2527,0.5849291484920633,10.84549356223176,0
700,2804,87,1206.6,5,0.0,745,1.2368801833396201,8.563218390804598,0
700,2806,105,1685.2,5,0.0,1007,1.1477855064543934,9.59047619047619,0
700,2807,58,1783.25,4,0.0,242,0.9040016910448633,4.172413793103448,0
700,2809,64,1709.75,4,0.0,462,1.4173982480063325,7.21875,0
700,2837,127,1287.3333333333333,6,0.0,1394,1.086088451634738,10.976377952755906,0
700,2873,191,1514.25,8,0.0,2999,1.0330458450279092,15.701570680628272,0
700,2907,149,1032.7142857142858,7,0.0,1987,1.1246961132710993,13.335570469798657,0
700,2953,172,1944.857142857143,7,0.0,2684,1.1400804059268528,15.604651162790697,0
700,2961,55,1331.4,5,0.0,295,1.2254807706565143,5.363636363636363,0
700,2970,138,959.7142857142857,7,0.0,1630,1.0755715239133297,11.81159420289855,0
700,3006,158,1647.5714285714287,7,0.0,2113,1.0636412877800405,13.373417721518987,0
700,3050,132,1721.0,5,0.0,1421,1.0248400277206373,10.765151515151516,0
700,3071,42,1641.4,5,0.0,94,0.6696365293365999,2.238095238095238,0
700,3080,63,1594.5,4,0.0,349,1.1049794266594486,5.5396825396825395,0
700,3099,120,1410.3333333333333,6,0.0,1244,1.085594794740473,10.366666666666667,0
700,3100,123,1343.6666666666667,6,0.0,1320,1.0964114753753789,10.731707317073171,0
700,3129,272,1197.0,7,0.0,2258,0.38352704432340795,8.301470588235293,0
700,3131,117,1443.1666666666667,6,0.0,1225,1.1245382425735981,10.47008547008547,0
700,3137,157,1340.0,7,0.0,2184,1.1134307039539306,13.910828025477707,0
700,3150,148,1411.142857142857,7,0.0,1912,1.0969183991350775,12.91891891891892,0
700,3163,17,1431.5,4,0.0,32,1.3914320403442682,1.8823529411764706,0
700,3183,91,1275.8,5,0.0,703,1.066798519731252,7.725274725274725,0
700,3188,115,1260.7142857142858,7,0.0,1230,1.1687437319971101,10.695652173913043,0
700,3218,103,1932.2,5,0.0,1062,1.25794001248463,10.310679611650485,0
700,3234,57,1719.0,4,0.0,275,1.0636355552320014,4.824561403508772,0
700,3236,85,1165.0,6,0.0,679,1.1809779442421977,7.988235294117647,0
700,3249,73,1078.0,5,0.0,462,1.0894470301808854,6.328767123287672,0
700,3263,131,1355.3333333333333,6,0.0,1462,1.0705689550838011,11.16030534351145,0
700,3309,138,1032.4285714285713,7,0.0,1727,1.1395779274836322,12.514492753623188,0
700,3311,132,1036.7142857142858,7,0.0,1695,1.222451686830739,12.840909090909092,0
700,3323,145,1397.5,6,0.0,1674,1.0005281526010585,11.544827586206896,0
700,3350,233,893.5,8,0.0,1785,0.4131770993503495,7.660944206008583,0
700,3422,154,1489.4,5,0.0,835,0.4424405238231535,5.422077922077922,0
700,3454,116,1572.4,5,0.0,1160,1.0833078115826873,10.0,0
700,3469,141,949.5714285714286,7,0.0,1694,1.070742508964561,12.01418439716312,0
700,3478,120,1099.857142857143,7,0.0,1381,1.2051498485020844,11.508333333333333,0
700,3498,110,1238.8333333333333,6,0.0,914,0.9492283257458086,8.309090909090909,0
700,3509,74,1847.2,5,0.0,545,1.2506705596832997,7.364864864864865,0
700,3524,116,1490.8333333333333,6,0.0,1076,1.0048613838473892,9.275862068965518,0
700,3532,134,1543.2857142857142,7,0.0,1521,1.064460331055931,11.350746268656716,0
700,3545,116,859.6,5,0.0,381,0.35581058294224466,3.2844827586206895,0
700,3580,37,1662.5,4,0.0,129,1.1841211170579498,3.4864864864864864,0
700,3605,153,1491.1666666666667,6,0.0,1209,0.6490128614105789,7.901960784313726,0
700,3614,161,1012.5,8,0.0,2120,1.0277653525111472,13.167701863354038,0
700,3618,78,1600.25,4,0.0,632,1.305382351787475,8.102564102564102,0
700,3619,169,796.0,7,0.0,1417,0.6234567123191396,8.384615384615385,0
700,3635,133,1398.4285714285713,7,0.0,1678,1.1920611617895127,12.61654135338346,0
700,3639,56,1442.25,4,0.0,254,1.0178119056273054,4.535714285714286,0
700,3655,148,1500.857142857143,7,0.0,1861,1.0676595924635874,12.574324324324325,0
700,3663,129,1749.5,6,0.0,1519,1.1470654986606323,11.775193798449612,0
700,3692,106,1016.5,6,0.0,1027,1.148599378866756,9.68867924528302,0
700,3718,60,1256.8,5,0.0,299,1.043706892692609,4.983333333333333,0
700,3792,145,1397.7142857142858,7,0.0,1865,1.1146863826768063,12.862068965517242,0
700,3817,22,1511.0,4,0.0,58,1.5058873876711405,2.6363636363636362,0
700,3839,109,1185.4,5,0.0,314,0.33211348985007827,2.8807339449541285,0
700,3858,181,1314.5,6,0.0,1211,0.4645119139827526,6.69060773480663,0
700,3963,33,1750.4,5,0.0,96,1.1077792277121035,2.909090909090909,0
700,3975,42,1617.75,4,0.0,177,1.260911337155087,4.214285714285714,0
700,3978,108,1191.6666666666667,6,0.0,1078,1.1613981071912884,9.981481481481481,0
700,3992,228,1477.4285714285713,7,0.0,1663,0.40200589280700416,7.293859649122807,0
700,4015,106,1306.8333333333333,6,0.0,975,1.090442448291224,9.19811320754717,0
700,4042,161,1697.5714285714287,7,0.0,2270,1.1004845991510868,14.099378881987578,0
700,4105,108,1270.6666666666667,6,0.0,687,0.7401488864938917,6.361111111111111,0
700,4157,23,860.5,4,0.0,58,1.3777873263380567,2.5217391304347827,0
700,4158,59,2111.0,4,0.0,283,1.0216267980073674,4.796610169491525,0
700,4242,36,1657.75,4,0.0,114,1.105375192929742,3.1666666666666665,0
700,4253,135,1270.4285714285713,7,0.0,1530,1.0549545700943503,11.333333333333334,0
700,4302,101,1278.25,4,0.0,831,1.0236892442439438,8.227722772277227,0
700,4329,165,1162.2857142857142,7,0.0,2422,1.1179338706327977,14.67878787878788,0
700,4332,65,1390.4,5,0.0,388,1.154024094289079,5.969230769230769,0
700,4352,285,1363.75,8,0.0,2684,0.4152433207625733,9.417543859649124,0
700,4353,56,1133.2,5,0.0,311,1.246218514370441,5.553571428571429,0
700,4362,154,1391.4285714285713,7,0.0,1928,1.0215872214742994,12.519480519480519,0
700,4399,81,1094.8,5,0.0,521,0.997878233513356,6.432098765432099,0
700,4405,163,1329.7142857142858,7,0.0,2277,1.0769553196919657,13.969325153374234,0
700,4477,292,1429.4285714285713,7,0.0,1617,0.23831653785206866,5.537671232876712,0
700,4490,241,1332.7142857142858,7,0.0,1894,0.40978471347938694,7.858921161825726,0
700,4492,52,1915.5,4,0.0,246,1.143242297016404,4.730769230769231,0
700,4501,139,1276.7142857142858,7,0.0,1815,1.1804752686228404,13.057553956834532,0
700,4522,56,1376.0,5,0.0,274,1.097954575361739,4.892857142857143,0
700,4539,153,1705.5,6,0.0,1750,0.9394313543991009,11.437908496732026,0
700,4545,116,1660.5,6,0.0,1299,1.2131179717637162,11.198275862068966,0
700,4591,129,1121.0,6,0.0,1347,1.0171805310703568,10.44186046511628,0
700,4596,149,1202.5714285714287,7,0.0,2047,1.1586577472903574,13.738255033557047,0
700,4611,110,1621.0,5,0.0,1005,1.0437357411099975,9.136363636363637,0
700,4647,123,1409.75,8,0.0,1308,1.0864440983265118,10.634146341463415,0
700,4663,161,1615.7142857142858,7,0.0,2120,1.0277653525111472,13.167701863354038,0
700,4681,98,1299.8,5,0.0,768,1.0048909445884886,7.836734693877551,0
700,4703,132,1834.8333333333333,6,0.0,1639,1.1820639024870687,12.416666666666666,0
700,4714,53,1405.8,5,0.0,211,0.9439317193413262,3.981132075471698,0
700,4731,88,1907.0,5,0.0,634,1.0288066851115336,7.204545454545454,0
700,4773,160,1344.7142857142858,7,0.0,2291,1.1245919952147212,14.31875,0
700,4777,140,1454.5,6,0.0,1690,1.083528894809541,12.071428571428571,0
700,4779,53,1703.0,4,0.0,277,1.2391899822632577,5.226415094339623,0
700,4781,90,898.5,6,0.0,677,1.0503003587556987,7.522222222222222,0
700,4791,40,1570.2,5,0.0,158,1.2409290981679684,3.95,0
700,4792,135,1386.0,7,0.0,1682,1.159760514312874,12.459259259259259,0
700,4795,111,1091.7142857142858,7,0.0,1136,1.158623246320268,10.234234234234235,0
700,4809,188,873.5555555555555,9,0.0,2793,0.9930362473377425,14.856382978723405,0
700,4843,155,1570.5714285714287,7,0.0,2169,1.1345039693046846,13.993548387096775,0
700,4851,88,1398.0,5,0.0,626,1.0158248972867823,7.113636363636363,0
700,4858,149,964.7142857142857,7,0.0,1894,1.0720555805412493,12.711409395973154,0
700,4875,95,1324.0,5,0.0,596,0.8298677990202844,6.273684210526316,0
700,4904,157,1437.5714285714287,7,0.0,2359,1.202647907796393,15.02547770700637,0
700,4920,137,1090.4285714285713,7,0.0,1725,1.1549357616159397,12.591240875912408,0
700,4925,77,1452.0,5,0.0,554,1.174189462026477,7.194805194805195,0
700,4943,189,1364.4,5,0.0,1093,0.38450891860515035,5.783068783068783,0
700,4977,123,1500.8333333333333,6,0.0,1261,1.047405204885116,10.252032520325203,0
700,4983,87,1497.5,4,0.0,588,0.9762222118170424,6.758620689655173,0
700,4992,101,1544.3333333333333,6,0.0,991,1.2207894597421762,9.811881188118813,0
800,45,163,1600.0,7,0.0,2152,1.0178339253303075,13.202453987730062,0
800,138,56,1335.8,5,0.0,282,1.1300116432555123,5.035714285714286,0
800,162,125,1062.857142857143,7,0.0,1370,1.1018193754670123,10.96,0
800,165,121,1131.5,6,0.0,1230,1.05570902640952,10.165289256198347,0
800,196,129,1103.6666666666667,6,0.0,763,0.5761757573917462,5.9147286821705425,0
800,224,108,1454.1666666666667,6,0.0,1063,1.1452376511543039,9.842592592592593,0
800,262,139,1381.142857142857,7,0.0,1677,1.0907201242316822,12.06474820143885,0
800,277,178,1535.0,7,0.0,2646,1.0494450399442736,14.865168539325843,0
800,308,161,1576.75,8,0.0,1964,0.95213733600561,12.198757763975156,0
800,336,133,1464.5714285714287,7,0.0,1585,1.1259934096760296,11.917293233082706,0
800,349,83,1988.75,4,0.0,670,1.22216117166797,8.072289156626505,0
800,370,159,1207.125,8,0.0,2270,1.128343866721859,14.276729559748428,0
800,374,108,2067.2,5,0.0,1069,1.1517018335690976,9.898148148148149,0
800,395,99,1931.5,4,0.0,797,1.0218750514890582,8.05050505050505,0
800,432,94,1864.2,5,0.0,709,1.0083246679018394,7.542553191489362,0
800,485,114,1227.0,6,0.0,883,0.8538092684271429,7.745614035087719,0
800,491,66,1234.2,5,0.0,415,1.197209321615945,6.287878787878788,0
800,504,131,1557.1666666666667,6,0.0,1527,1.118166070049907,11.65648854961832,0
800,547,80,1808.2,5,0.0,554,1.087776456305466,6.925,0
800,552,161,1620.1666666666667,6,0.0,2168,1.0510355114359278,13.46583850931677,0
800,563,193,1793.111111111111,9,0.0,3373,1.1379196242109448,17.476683937823836,0
800,582,116,2011.8333333333333,6,0.0,1132,1.057159002337588,9.758620689655173,0
800,678,128,2144.2,5,0.0,562,0.43104860139586515,4.390625,0
800,717,171,1414.7142857142858,7,0.0,2577,1.1074702326597445,15.070175438596491,0
800,775,163,1922.0,7,0.0,2385,1.1280362044204384,14.631901840490798,0
800,877,137,1457.1666666666667,6,0.0,1699,1.137528034194482,12.401459854014599,0
800,903,262,1524.5714285714287,7,0.0,2287,0.41867154587494065,8.729007633587786,0
800,943,102,1769.8333333333333,6,0.0,901,1.0882641218317584,8.833333333333334,0
800,962,70,1525.0,5,0.0,464,1.1899583602168686,6.628571428571429,0
800,969,201,1457.0,8,0.0,3383,1.0522519687229792,16.83084577114428,0
800,973,74,1614.4,5,0.0,492,1.1290457162645569,6.648648648648648,0
800,1133,91,2482.25,4,0.0,662,1.0045812518664137,7.274725274725275,0
800,1219,74,1411.6,5,0.0,528,1.2116588174546463,7.135135135135135,0
800,1245,148,1299.857142857143,7,0.0,1930,1.1072450367838387,13.04054054054054,0
800,1266,211,1447.5714285714287,7,0.0,1947,0.5495546727647023,9.227488151658768,0
800,1268,138,2086.8,5,0.0,1487,0.9812115681344302,10.77536231884058,0
800,1277,109,2216.0,5,0.0,1110,1.1740317634827608,10.18348623853211,0
800,1304,138,1201.1666666666667,6,0.0,1626,1.072932084590843,11.782608695652174,0
800,1339,145,1550.142857142857,7,0.0,1836,1.0973534576914834,12.662068965517241,0
800,1371,104,1631.5,6,0.0,873,1.014278989121261,8.39423076923077,0
800,1407,140,1620.7142857142858,7,0.0,1786,1.1450784651655859,12.757142857142858,0
800,1429,116,2161.2,5,0.0,1204,1.124398797539272,10.379310344827585,0
800,1582,194,1248.5714285714287,7,0.0,1137,0.37963554544920763,5.860824742268041,0
800,1616,137,1124.142857142857,7,0.0,1658,1.110077387106799,12.102189781021897,0
800,1622,87,1644.2,5,0.0,695,1.1538680904980347,7.988505747126437,0
800,1711,132,1982.6666666666667,6,0.0,1498,1.0803732311931842,11.348484848484848,0
800,1733,220,1501.6666666666667,6,0.0,1829,0.4748737986293993,8.313636363636364,0
800,1803,135,1419.0,7,0.0,1580,1.0894302096399173,11.703703703703704,0
800,1839,151,1461.3333333333333,6,0.0,1891,1.0421914315930527,12.52317880794702,0
800,1842,128,1363.3333333333333,6,0.0,1423,1.0914273305806337,11.1171875,0
800,1904,81,1618.2,5,0.0,561,1.0744907658368383,6.925925925925926,0
800,1952,154,1547.875,8,0.0,2023,1.0719247661008857,13.136363636363637,0
800,1972,135,1768.1666666666667,6,0.0,1614,1.1128736445309029,11.955555555555556,0
800,2010,157,1540.7142857142858,7,0.0,2038,1.0389980653196476,12.980891719745223,0
800,2076,55,2027.5,4,0.0,288,1.1964015659290717,5.236363636363636,0
800,2084,125,1435.0,5,0.0,1222,0.9827907130078022,9.776,0
800,2087,117,1482.6,5,0.0,1035,0.9501200661744279,8.846153846153847,0
800,2090,199,2034.2,5,0.0,1317,0.41791646925863063,6.618090452261306,0
800,2119,160,1162.125,8,0.0,2188,1.0740319884460106,13.675,0
800,2142,140,2608.0,5,0.0,1634,1.0476249787685146,11.67142857142857,0
800,2147,179,1483.5,8,0.0,2700,1.058930765543203,15.083798882681565,0
800,2169,103,1601.6666666666667,6,0.0,876,1.0376228351568137,8.504854368932039,0
800,2170,157,1416.0,7,0.0,2198,1.1205680802613276,14.0,0
800,2175,184,1843.0,7,0.0,2857,1.060435989048445,15.527173913043478,0
800,2198,154,1668.5714285714287,7,0.0,2133,1.1302103440895646,13.85064935064935,0
800,2234,95,1374.4,5,0.0,789,1.0986001567567187,8.305263157894737,0
800,2266,79,1856.0,5,0.0,537,1.0812595769765865,6.7974683544303796,0
800,2270,173,1356.2857142857142,7,0.0,2385,1.0013964354053468,13.786127167630058,0
800,2278,90,1302.8333333333333,6,0.0,647,1.0037582453691833,7.188888888888889,0
800,2281,278,1433.5714285714287,7,0.0,2441,0.39690635409205965,8.780575539568344,0
800,2320,126,1887.0,6,0.0,1407,1.1136862846059055,11.166666666666666,0
800,2335,75,1971.0,5,0.0,527,1.177329300225295,7.026666666666666,0
800,2380,132,2238.0,5,0.0,1626,1.1726881668358593,12.318181818181818,0
800,2403,153,2247.4,5,0.0,2218,1.1906621394612604,14.49673202614379,0
800,2419,81,1865.0,4,0.0,517,0.9902169802810078,6.382716049382716,0
800,2439,188,1639.5,6,0.0,2931,1.0421014110085653,15.590425531914894,0
800,2495,57,1611.2,5,0.0,310,1.1990073531706198,5.43859649122807,0
800,2521,124,1311.857142857143,7,0.0,1425,1.1646122610211902,11.491935483870968,0
800,2529,6,1727.3333333333333,3,0.0,7,2.443460952792061,1.1666666666666667,0
800,2576,246,1570.5,6,0.0,2187,0.4541386167890064,8.890243902439025,0
800,2585,127,1624.5,6,0.0,1577,1.2286667777819094,12.417322834645669,0
800,2602,258,1277.2857142857142,7,0.0,2101,0.39663999550460644,8.143410852713178,0
800,2623,133,1563.0,7,0.0,1532,1.088341895030711,11.518796992481203,0
800,2658,107,1581.8333333333333,6,0.0,961,1.054789253244752,8.981308411214954,0
800,2719,82,1725.0,4,0.0,546,1.0204102253777674,6.658536585365853,0
800,2729,120,1678.0,6,0.0,1373,1.198168531494107,11.441666666666666,0
800,2744,162,1133.625,8,0.0,2182,1.0448034095614889,13.469135802469136,0
800,2750,163,1350.0,7,0.0,2395,1.132765915969371,14.693251533742332,0
800,2754,171,1501.5,6,0.0,1708,0.734015971044953,9.988304093567251,0
800,2797,249,1638.0,8,0.0,2868,0.5812866070221788,11.518072289156626,0
800,2804,86,1208.2,5,0.0,705,1.1978490106981095,8.19767441860465,0
800,2806,100,1746.2,5,0.0,918,1.153592822398172,9.18,0
800,2809,43,1779.75,4,0.0,222,1.508780030496342,5.162790697674419,0
800,2837,129,1332.3333333333333,6,0.0,1423,1.0745715632614088,11.031007751937985,0
800,2873,197,1752.875,8,0.0,3191,1.0332471496410656,16.19796954314721,0
800,2907,155,1284.7142857142858,7,0.0,2107,1.1020746257837577,13.593548387096774,0
800,2953,172,2005.857142857143,7,0.0,2760,1.1723628615343198,16.046511627906977,0
800,2970,144,1468.3333333333333,6,0.0,1748,1.0593178932243361,12.13888888888889,0
800,3006,160,2026.5,6,0.0,2153,1.0568514036216914,13.45625,0
800,3050,128,1753.6,5,0.0,1369,1.0500098493077215,10.6953125,0
800,3080,35,1688.25,4,0.0,119,1.220733145394891,3.4,0
800,3099,115,1710.0,5,0.0,1193,1.1335864002215874,10.373913043478261,0
800,3100,124,1428.3333333333333,6,0.0,1339,1.094326889478859,10.798387096774194,0
800,3129,284,1267.875,8,0.0,2389,0.3722111113581638,8.411971830985916,0
800,3131,115,1465.6666666666667,6,0.0,1197,1.1373871928459682,10.408695652173913,0
800,3137,159,1371.5714285714287,7,0.0,2274,1.1303321378526465,14.30188679245283,0
800,3150,151,1667.7142857142858,7,0.0,2009,1.1072250587363526,13.304635761589404,0
800,3183,87,1633.0,5,0.0,648,1.0758367232269446,7.448275862068965,0
800,3188,120,1227.0,7,0.0,1343,1.1719885927141922,11.191666666666666,0
800,3218,100,1999.0,5,0.0,977,1.2277344090228912,9.77,0
800,3236,84,1168.3333333333333,6,0.0,654,1.1647401334737668,7.785714285714286,0
800,3249,65,1119.2,5,0.0,370,1.1004868940385546,5.6923076923076925,0
800,3263,145,1649.2857142857142,7,0.0,1690,1.010091145696409,11.655172413793103,0
800,3309,144,1718.3333333333333,6,0.0,1843,1.1168895178560934,12.79861111111111,0
800,3311,162,1672.6666666666667,6,0.0,1830,0.8762558384498279,11.296296296296296,0
800,3323,143,1423.1666666666667,6,0.0,1674,1.0287106659708178,11.706293706293707,0
800,3350,252,1271.857142857143,7,0.0,2021,0.3999218161315805,8.01984126984127,0
800,3422,144,1611.4,5,0.0,768,0.46542113386515455,5.333333333333333,0
800,3454,110,2034.25,4,0.0,1049,1.0894316342531216,9.536363636363637,0
800,3469,148,1081.25,8,0.0,1834,1.0521696359904458,12.391891891891891,0
800,3478,128,1342.142857142857,7,0.0,1524,1.1688933603688585,11.90625,0
800,3498,99,1582.0,5,0.0,807,1.0346965703283189,8.151515151515152,0
800,3509,62,1926.6,5,0.0,400,1.3076348193922136,6.451612903225806,0
800,3524,113,1852.0,5,0.0,1033,1.01660747471478,9.141592920353983,0
800,3532,136,1562.5714285714287,7,0.0,1594,1.0829798204632635,11.720588235294118,0
800,3545,38,1165.5,4,0.0,81,0.7049002906946626,2.1315789473684212,0
800,3605,122,1899.8,5,0.0,1100,0.9287159147940802,9.01639344262295,0
800,3614,165,1254.857142857143,7,0.0,2272,1.0486976689007912,13.76969696969697,0
800,3618,62,1732.25,4,0.0,430,1.4057074308466295,6.935483870967742,0
800,3619,199,898.4285714285714,7,0.0,1646,0.522316255428782,8.271356783919598,0
800,3635,131,1986.6666666666667,6,0.0,1693,1.2397217790402704,12.923664122137405,0
800,3655,155,1782.7142857142858,7,0.0,1980,1.0356467769586333,12.774193548387096,0
800,3663,130,1830.1666666666667,6,0.0,1541,1.1458447998063601,11.853846153846154,0
800,3692,109,1602.8,5,0.0,1048,1.1084552145314714,9.614678899082568,0
800,3792,150,1427.4285714285713,7,0.0,1973,1.10193107653914,13.153333333333334,0
800,3858,184,1594.8333333333333,6,0.0,1310,0.4862342126893465,7.119565217391305,0
800,3978,103,1459.0,5,0.0,1035,1.2259584867434954,10.048543689320388,0
800,3992,233,1480.142857142857,7,0.0,1756,0.4064644181844334,7.536480686695279,0
800,4015,103,1608.4,5,0.0,916,1.0850028732918278,8.893203883495145,0
800,4042,163,1723.2857142857142,7,0.0,2347,1.1100633005344942,14.39877300613497,0
800,4105,99,1517.0,5,0.0,643,0.8244236613644473,6.494949494949495,0
800,4253,143,1398.0,7,0.0,1607,0.987537658431962,11.237762237762238,0
800,4302,91,1301.0,4,0.0,683,1.0364486329679163,7.5054945054945055,0
800,4329,173,1423.7142857142858,7,0.0,2613,1.0971274153937824,15.104046242774567,0
800,4332,52,1490.8,5,0.0,236,1.0967690329100461,4.538461538461538,0
800,4352,289,1363.125,8,0.0,2828,0.42549414036479133,9.785467128027681,0
800,4353,32,1500.25,4,0.0,119,1.4603497100671303,3.71875,0
800,4362,156,1680.3333333333333,6,0.0,1990,1.027575506351691,12.756410256410257,0
800,4399,61,1445.75,4,0.0,319,1.077310461161133,5.229508196721311,0
800,4405,169,1612.4285714285713,7,0.0,2411,1.0608003764300957,14.266272189349113,0
800,4477,300,1433.5714285714287,7,0.0,1711,0.23890066801298382,5.703333333333333,0
800,4490,258,1895.857142857143,7,0.0,2041,0.3853128180984777,7.910852713178294,0
800,4501,146,1289.142857142857,7,0.0,1902,1.1212815213225344,13.027397260273972,0
800,4539,154,1768.8333333333333,6,0.0,1745,0.9246212144567699,11.331168831168831,0
800,4545,114,2073.6,5,0.0,1300,1.257023838001456,11.403508771929825,0
800,4591,126,1325.6,5,0.0,1332,1.0543213440618806,10.571428571428571,0
800,4596,153,1485.3333333333333,6,0.0,2169,1.1643580615380855,14.176470588235293,0
800,4611,104,1659.0,5,0.0,893,1.0375156211744399,8.586538461538462,0
800,4647,126,1646.4285714285713,7,0.0,1472,1.1651358997440602,11.682539682539682,0
800,4663,162,1686.2857142857142,7,0.0,2200,1.0534223194478807,13.580246913580247,0
800,4681,93,1353.8,5,0.0,695,1.0097846660862093,7.473118279569892,0
800,4703,132,1900.8333333333333,6,0.0,1660,1.197209321615945,12.575757575757576,0
800,4731,76,1970.8,5,0.0,543,1.1813606723679069,7.144736842105263,0
800,4773,164,1593.142857142857,7,0.0,2400,1.1213299179975467,14.634146341463415,0
800,4777,140,1796.6666666666667,6,0.0,1723,1.1046865596194313,12.307142857142857,0
800,4781,103,1481.0,6,0.0,795,0.9416782579334095,7.718446601941747,0
800,4792,143,1620.2857142857142,7,0.0,1814,1.1147438160520093,12.685314685314685,0
800,4795,121,1657.5,6,0.0,1274,1.0934742273542508,10.52892561983471,0
800,4809,198,1427.0,8,0.0,3095,0.9920650201877778,15.631313131313131,0
800,4843,160,1580.0,7,0.0,2278,1.1182106351371168,14.2375,0
800,4851,82,1957.4,5,0.0,556,1.0390990573443932,6.780487804878049,0
800,4858,164,1277.5714285714287,7,0.0,2170,1.0138691341894484,13.231707317073171,0
800,4875,74,1450.75,4,0.0,456,1.0464326150744672,6.162162162162162,0
800,4904,159,1431.142857142857,7,0.0,2423,1.204395237474478,15.238993710691824,0
800,4920,143,1664.3333333333333,6,0.0,1949,1.1977043536303011,13.62937062937063,0
800,4925,69,1523.2,5,0.0,443,1.1692716198616075,6.420289855072464,0
800,4943,201,1991.0,6,0.0,1116,0.34712184365794996,5.552238805970149,0
800,4977,122,1848.2,5,0.0,1239,1.0460718349362412,10.155737704918034,0
800,4983,68,1625.25,4,0.0,363,0.9865035754784559,5.338235294117647,0
800,4992,102,1557.6666666666667,6,0.0,1005,1.2138795143628383,9.852941176470589,0
900,45,164,1603.857142857143,7,0.0,2229,1.0414351613402213,13.591463414634147,0
900,138,16,1567.25,4,0.0,28,1.3744467859455345,1.75,0
900,162,131,1152.5714285714287,7,0.0,1520,1.113040226899711,11.603053435114504,0
900,165,122,1122.0,6,0.0,1253,1.0578918556699841,10.270491803278688,0
900,196,110,1347.2,5,0.0,641,0.6657060796532421,5.827272727272727,0
900,224,112,1802.3333333333333,6,0.0,1121,1.1229991596537494,10.008928571428571,0
900,262,146,1608.3333333333333,6,0.0,1742,1.0269571031250553,11.931506849315069,0
900,277,180,1529.2857142857142,7,0.0,2715,1.0530153153699122,15.083333333333334,0
900,308,165,1557.375,8,0.0,2163,0.9983860289755331,13.10909090909091,0
900,336,136,1449.5714285714287,7,0.0,1641,1.1149120987328829,12.066176470588236,0
900,349,69,2071.0,4,0.0,489,1.2906858286959957,7.086956521739131,0
900,370,164,1377.857142857143,7,0.0,2448,1.1437565163574976,14.926829268292684,0
900,374,105,2142.2,5,0.0,998,1.137527244728386,9.504761904761905,0
900,395,87,2006.0,4,0.0,628,1.0426318860903105,7.218390804597701,0
900,432,88,1897.6,5,0.0,610,0.9898613216372799,6.931818181818182,0
900,485,135,1451.8333333333333,6,0.0,914,0.6302146908929648,6.770370370370371,0
900,491,55,1245.2,5,0.0,289,1.200555738032992,5.254545454545455,0
900,504,131,1556.0,6,0.0,1536,1.124756439814445,11.725190839694656,0
900,547,73,2302.6,5,0.0,448,1.0564334838117675,6.136986301369863,0
900,552,158,1690.5,6,0.0,2168,1.091327170803184,13.721518987341772,0
900,563,201,1769.111111111111,9,0.0,3615,1.1244134989457788,17.98507462686567,0
900,582,116,2042.0,6,0.0,1155,1.0786383813603482,9.956896551724139,0
900,678,115,2193.6,5,0.0,442,0.4199875849940835,3.8434782608695652,0
900,717,177,1708.142857142857,7,0.0,2679,1.0745732987285972,15.135593220338983,0
900,775,167,1925.7142857142858,7,0.0,2467,1.1115936858841866,14.77245508982036,0
900,877,138,1465.8333333333333,6,0.0,1688,1.1138433940893868,12.231884057971014,0
900,903,268,1560.142857142857,7,0.0,2376,0.4157064014774643,8.865671641791044,0
900,943,101,1794.3333333333333,6,0.0,902,1.1111524648712845,8.930693069306932,0
900,962,62,1530.8,5,0.0,347,1.1343732058227454,5.596774193548387,0
900,969,203,1455.25,8,0.0,3507,1.0694329332077366,17.275862068965516,0
900,973,62,1688.4,5,0.0,349,1.1409113799197064,5.629032258064516,0
900,1133,75,2595.25,4,0.0,465,1.038819970787025,6.2,0
900,1219,66,1464.0,5,0.0,417,1.2029790050936122,6.318181818181818,0
900,1245,154,1278.2857142857142,7,0.0,2058,1.0904701772791017,13.363636363636363,0
900,1266,214,1436.857142857143,7,0.0,1987,0.5452305531210515,9.285046728971963,0
900,1268,136,2136.6,5,0.0,1447,0.983106524598709,10.639705882352942,0
900,1277,99,2281.0,5,0.0,1016,1.3026663140688624,10.262626262626263,0
900,1304,135,1206.1666666666667,6,0.0,1671,1.1521758736128493,12.377777777777778,0
900,1339,146,1554.857142857143,7,0.0,1940,1.1436835706444357,13.287671232876713,0
900,1371,104,1663.5,6,0.0,870,1.0107934943132841,8.365384615384615,0
900,1407,140,1644.2857142857142,7,0.0,1855,1.189317218858993,13.25,0
900,1429,110,2221.0,5,0.0,1120,1.1631681890977086,10.181818181818182,0
900,1582,201,1202.4285714285713,7,0.0,1261,0.3922228000471997,6.27363184079602,0
900,1616,140,1075.7142857142858,7,0.0,1757,1.1264853657871974,12.55,0
900,1622,80,1739.4,5,0.0,596,1.170243263462198,7.45,0
900,1711,133,1983.8333333333333,6,0.0,1512,1.074133776296629,11.368421052631579,0
900,1733,220,1543.6666666666667,6,0.0,1855,0.48162432829826995,8.431818181818182,0
900,1803,137,1416.142857142857,7,0.0,1677,1.1227984186840179,12.24087591240876,0
900,1839,155,1463.3333333333333,6,0.0,1931,1.0100171344985458,12.458064516129033,0
900,1842,133,1234.0,7,0.0,1545,1.0975771722078649,11.61654135338346,0
900,1904,74,1672.2,5,0.0,433,0.9936520226474657,5.851351351351352,0
900,1952,162,1533.875,8,0.0,2232,1.0687448259125771,13.777777777777779,0
900,1972,134,1763.0,6,0.0,1622,1.1351444161556348,12.104477611940299,0
900,2010,157,1801.3333333333333,6,0.0,2093,1.06703775795585,13.331210191082803,0
900,2084,120,1439.8,5,0.0,1174,1.0245082709206714,9.783333333333333,0
900,2087,106,1577.8,5,0.0,926,1.0356407252488957,8.735849056603774,0
900,2090,194,2133.4,5,0.0,1268,0.4233754367894418,6.536082474226804,0
900,2119,171,1194.375,8,0.0,2390,1.0271066573755487,13.976608187134502,0
900,2142,138,2686.6,5,0.0,1581,1.0432383922128676,11.456521739130435,0
900,2147,182,1476.0,8,0.0,2813,1.0671778933157938,15.456043956043956,0
900,2169,103,1633.8333333333333,6,0.0,880,1.042360838970315,8.54368932038835,0
900,2170,159,1426.4285714285713,7,0.0,2307,1.1467353746816429,14.50943396226415,0
900,2175,187,1867.5714285714287,7,0.0,2940,1.0565108984018978,15.72192513368984,0
900,2198,162,2056.714285714286,7,0.0,2264,1.0840673323772736,13.975308641975309,0
900,2234,87,1369.0,5,0.0,688,1.1422463975002128,7.908045977011494,0
900,2266,69,1920.4,5,0.0,418,1.1032856367994401,6.057971014492754,0
900,2270,176,1446.125,8,0.0,2550,1.0344862172848621,14.488636363636363,0
900,2278,83,1576.8,5,0.0,570,1.0397490564936462,6.867469879518072,0
900,2281,289,1431.7142857142858,7,0.0,2534,0.3812596010199368,8.768166089965398,0
900,2320,126,1891.3333333333333,6,0.0,1420,1.1239762076335365,11.26984126984127,0
900,2335,67,2007.0,5,0.0,412,1.153340319250608,6.149253731343284,0
900,2380,131,2311.6,5,0.0,1563,1.1445275491080582,11.931297709923664,0
900,2403,151,2320.0,5,0.0,2136,1.177218877780413,14.14569536423841,0
900,2419,59,1944.25,4,0.0,289,1.0432867301205977,4.898305084745763,0
900,2439,186,1693.0,6,0.0,2923,1.0617268269676223,15.71505376344086,0
900,2495,31,1939.0,4,0.0,85,1.1114895964833815,2.7419354838709675,0
900,2521,134,1340.0,8,0.0,1640,1.14774157983677,12.238805970149254,0
900,2576,249,1592.3333333333333,6,0.0,2242,0.454408846912038,9.004016064257028,0
900,2585,125,1657.8333333333333,6,0.0,1549,1.2457797172251108,12.392,0
900,2602,266,1235.857142857143,7,0.0,2207,0.391966475576498,8.296992481203008,0
900,2623,138,1575.5714285714287,7,0.0,1620,1.0689729256071128,11.73913043478261,0
900,2658,104,1606.3333333333333,6,0.0,975,1.1327858125924735,9.375,0
900,2719,67,1794.0,4,0.0,358,1.0021743550769846,5.343283582089552,0
900,2729,124,1680.0,6,0.0,1434,1.1719677068802714,11.564516129032258,0
900,2744,169,1254.75,8,0.0,2377,1.0458409352029603,14.065088757396449,0
900,2750,169,1351.0,7,0.0,2508,1.1034787822839818,14.840236686390533,0
900,2754,177,1505.0,6,0.0,1730,0.6939200473312704,9.774011299435028,0
900,2797,277,1630.375,8,0.0,3022,0.4949311472402015,10.909747292418773,0
900,2804,86,1241.5,6,0.0,729,1.2386268493601726,8.476744186046512,0
900,2806,95,1804.8,5,0.0,830,1.1556883778302618,8.736842105263158,0
900,2837,130,1350.6666666666667,6,0.0,1457,1.083384732847415,11.207692307692307,0
900,2873,201,1778.875,8,0.0,3332,1.0363888737171052,16.577114427860696,0
900,2907,158,1289.142857142857,7,0.0,2214,1.1144826366043585,14.012658227848101,0
900,2953,174,2029.2857142857142,7,0.0,2838,1.1779415974220946,16.310344827586206,0
900,2970,148,1518.4285714285713,7,0.0,1833,1.0515959338988479,12.385135135135135,0
900,3006,158,2067.5,6,0.0,2150,1.0822663363592462,13.60759493670886,0
900,3050,125,1784.0,5,0.0,1314,1.056781503185149,10.512,0
900,3099,111,1732.6,5,0.0,1120,1.1423046090481515,10.09009009009009,0
900,3100,127,1439.5,6,0.0,1352,1.0533655571091576,10.645669291338583,0
900,3129,293,1264.5,8,0.0,2631,0.3851194665794474,8.979522184300341,0
900,3131,114,1469.8333333333333,6,0.0,1181,1.1419578097536305,10.359649122807017,0
900,3137,162,1361.142857142857,7,0.0,2407,1.1525397831413857,14.858024691358025,0
900,3150,153,1699.142857142857,7,0.0,2067,1.109602634024538,13.509803921568627,0
900,3183,68,1749.75,4,0.0,451,1.225655957412627,6.632352941176471,0
900,3188,126,1392.8333333333333,6,0.0,1417,1.1216016100117754,11.246031746031745,0
900,3218,97,2067.6,5,0.0,903,1.2060189887093562,9.309278350515465,0
900,3236,79,1379.6,5,0.0,574,1.155759771293409,7.265822784810126,0
900,3249,56,1639.2,5,0.0,244,0.9777405707600887,4.357142857142857,0
900,3263,142,1990.5,6,0.0,1699,1.058830771364622,11.964788732394366,0
900,3309,146,1760.3333333333333,6,0.0,1835,1.08178317120234,12.568493150684931,0
900,3311,182,1726.1666666666667,6,0.0,1827,0.6931155389576804,10.038461538461538,0
900,3323,148,1750.1666666666667,6,0.0,1729,0.9919309163726721,11.682432432432432,0
900,3350,251,1439.4285714285713,7,0.0,2118,0.4224627063254985,8.43824701195219,0
900,3422,134,1643.2,5,0.0,700,0.48988969871081645,5.223880597014926,0
900,3454,101,2114.75,4,0.0,899,1.1074568358306927,8.900990099009901,0
900,3469,156,1031.75,8,0.0,2083,1.0755978792615941,13.352564102564102,0
900,3478,138,1683.857142857143,7,0.0,1724,1.1375983479917673,12.492753623188406,0
900,3498,93,1655.0,5,0.0,711,1.0330315073198486,7.645161290322581,0
900,3509,49,1995.2,5,0.0,235,1.2299446457202856,4.795918367346939,0
900,3524,108,1902.6,5,0.0,936,1.0084124567078347,8.666666666666666,0
900,3532,138,1580.0,7,0.0,1658,1.0940475991707366,12.014492753623188,0
900,3605,107,1951.6,5,0.0,1017,1.11625459994788,9.504672897196262,0
900,3614,167,1229.0,7,0.0,2377,1.0710410179759673,14.233532934131736,0
900,3618,41,1847.25,4,0.0,203,1.5175331556900131,4.951219512195122,0
900,3619,198,1032.3333333333333,6,0.0,1675,0.5369011013940316,8.45959595959596,0
900,3635,134,2021.8333333333333,6,0.0,1683,1.1778348041861488,12.559701492537313,0
900,3655,158,1790.7142857142858,7,0.0,2071,1.0424993407441856,13.10759493670886,0
900,3663,130,1854.0,6,0.0,1554,1.1555112387404824,11.953846153846154,0
900,3692,108,1640.8,5,0.0,1041,1.1215356489667265,9.63888888888889,0
900,3792,151,1691.5,6,0.0,2036,1.122105634438633,13.483443708609272,0
900,3858,185,1999.8333333333333,6,0.0,1361,0.499717469865386,7.356756756756757,0
900,3978,98,1534.2,5,0.0,938,1.227327742218753,9.571428571428571,0
900,3992,239,1467.857142857143,7,0.0,1861,0.40941187502533954,7.7866108786610875,0
900,4015,96,1673.6,5,0.0,814,1.109920321190144,8.479166666666666,0
900,4042,165,1715.2857142857142,7,0.0,2425,1.1193185946674378,14.696969696969697,0
900,4105,80,1542.0,5,0.0,520,1.0210176124166828,6.5,0
900,4253,138,1563.3333333333333,6,0.0,1578,1.0412588127210027,11.434782608695652,0
900,4302,80,1317.25,4,0.0,540,1.0602875205865552,6.75,0
900,4329,177,1399.4285714285713,7,0.0,2720,1.0910188027404943,15.36723163841808,0
900,4352,295,1353.5,8,0.0,2968,0.4285778567471189,10.061016949152542,0
900,4362,155,1721.6666666666667,6,0.0,2018,1.0555228262133949,13.019354838709678,0
900,4399,18,1523.25,4,0.0,32,1.241123023640412,1.7777777777777777,0
900,4405,173,1656.7142857142858,7,0.0,2510,1.0538805253112875,14.508670520231213,0
900,4477,309,1422.4285714285713,7,0.0,1794,0.23611052337282135,5.805825242718447,0
900,4490,261,1924.0,7,0.0,2139,0.3945841479736685,8.195402298850574,0
900,4501,156,1534.0,7,0.0,2045,1.0559758344166874,13.10897435897436,0
900,4539,155,1797.8333333333333,6,0.0,1738,0.9090677264414669,11.212903225806452,0
900,4545,109,2160.4,5,0.0,1200,1.2692235280894713,11.009174311926605,0
900,4591,127,1449.8333333333333,6,0.0,1359,1.0588193728634208,10.700787401574804,0
900,4596,152,1567.1666666666667,6,0.0,2178,1.1846240996396415,14.328947368421053,0
900,4611,96,1689.8,5,0.0,783,1.0676506283684062,8.15625,0
900,4647,130,1658.0,7,0.0,1589,1.1815362666400429,12.223076923076922,0
900,4663,165,2014.5,6,0.0,2236,1.0320809804851097,13.55151515151515,0
900,4681,86,1402.4,5,0.0,615,1.044932115715372,7.151162790697675,0
900,4703,134,1967.6666666666667,6,0.0,1673,1.1708363799188513,12.485074626865671,0
900,4731,66,2030.4,5,0.0,419,1.2087486885712795,6.348484848484849,0
900,4773,165,1594.4285714285713,7,0.0,2481,1.145166776647387,15.036363636363637,0
900,4777,146,2164.4,5,0.0,1767,1.0416952934684114,12.102739726027398,0
900,4781,104,1803.6,5,0.0,771,0.8957721656500482,7.413461538461538,0
900,4792,147,1638.142857142857,7,0.0,1876,1.090957993083336,12.761904761904763,0
900,4795,123,1671.1666666666667,6,0.0,1338,1.1113625409486796,10.878048780487806,0
900,4809,200,1436.875,8,0.0,3247,1.0200751346206058,16.235,0
900,4843,162,1605.4285714285713,7,0.0,2369,1.1343443067145587,14.623456790123457,0
900,4851,74,1970.8,5,0.0,453,1.0395481899752932,6.121621621621622,0
900,4858,165,1466.5714285714287,7,0.0,2296,1.0597754611779122,13.915151515151516,0
900,4875,48,1569.0,4,0.0,202,1.1017390903214206,4.208333333333333,0
900,4904,162,1413.142857142857,7,0.0,2494,1.1941978475922792,15.395061728395062,0
900,4920,144,1708.5,6,0.0,1969,1.1932476726308454,13.67361111111111,0
900,4925,57,1593.4,5,0.0,301,1.1641974622721178,5.280701754385965,0
900,4943,200,2036.8333333333333,6,0.0,1123,0.35280085499813374,5.615,0
900,4977,117,1924.4,5,0.0,1145,1.0510990104055264,9.786324786324787,0
900,4983,34,1735.5,4,0.0,102,1.1087974071493387,3.0,0
900,4992,103,1848.8,5,0.0,1041,1.2330654924637476,10.106796116504855,0
1000,45,167,1624.142857142857,7,0.0,2296,1.03454361685857,13.748502994011975,0
1000,162,138,1121.2857142857142,7,0.0,1645,1.0854694213726548,11.920289855072463,0
1000,165,126,1072.5,6,0.0,1302,1.0305753678442708,10.333333333333334,0
1000,196,92,1370.6,5,0.0,511,0.7586738402572704,5.554347826086956,0
1000,224,111,1804.3333333333333,6,0.0,1148,1.1708622242743552,10.342342342342342,0
1000,262,144,1626.0,6,0.0,1705,1.0332591578646986,11.840277777777779,0
1000,277,182,1518.2857142857142,7,0.0,2775,1.0527616971032092,15.247252747252746,0
1000,308,167,1540.625,8,0.0,2371,1.0683375067820862,14.197604790419161,0
1000,336,140,1425.7142857142858,7,0.0,1729,1.1085334077666842,12.35,0
1000,349,52,2158.5,4,0.0,287,1.3337826798524715,5.519230769230769,0
1000,370,172,1507.142857142857,7,0.0,2678,1.137531791010474,15.569767441860465,0
1000,374,100,2220.2,5,0.0,937,1.1774689265654543,9.37,0
1000,395,72,2082.0,4,0.0,451,1.0932548509020037,6.263888888888889,0
1000,432,79,1935.4,5,0.0,494,0.9946782700678467,6.253164556962025,0
1000,485,138,1458.3333333333333,6,0.0,910,0.600472445865724,6.594202898550725,0
1000,491,34,1266.6,5,0.0,109,1.1848913468556659,3.2058823529411766,0
1000,504,131,1555.1666666666667,6,0.0,1538,1.1262209664287866,11.740458015267176,0
1000,547,59,2362.4,5,0.0,287,1.036066752749521,4.864406779661017,0
1000,552,157,1739.5,6,0.0,2178,1.1103718283936175,13.872611464968152,0
1000,563,205,1748.3333333333333,9,0.0,3852,1.1518300917670798,18.790243902439023,0
1000,582,115,2075.6666666666665,6,0.0,1169,1.1107816444753023,10.165217391304347,0
1000,678,79,2410.5,4,0.0,214,0.4308930157783789,2.7088607594936707,0
1000,717,178,1695.0,7,0.0,2763,1.095849072322762,15.52247191011236,0
1000,775,167,1927.7142857142858,7,0.0,2561,1.1539486945883266,15.335329341317365,0
1000,877,139,1823.4,5,0.0,1574,1.0237289657368323,11.323741007194245,0
1000,903,273,1846.5,6,0.0,2428,0.40938625034099574,8.893772893772894,0
1000,943,100,1827.1666666666667,6,0.0,909,1.1422830888452489,9.09,0
1000,962,43,1548.8,5,0.0,177,1.2029462405308673,4.116279069767442,0
1000,969,207,1440.25,8,0.0,3661,1.0736652621804226,17.685990338164252,0
1000,973,44,1778.6,5,0.0,176,1.1423973285781064,4.0,0
1000,1133,54,2708.5,4,0.0,254,1.0946015555717523,4.703703703703703,0
1000,1219,54,1503.8,5,0.0,272,1.172171744549278,5.037037037037037,0
1000,1245,165,1484.5714285714287,7,0.0,2204,1.0173105907822815,13.357575757575757,0
1000,1266,221,1413.7142857142858,7,0.0,2050,0.5274474265358265,9.276018099547512,0
1000,1268,138,2208.6,5,0.0,1408,0.9290826415153178,10.202898550724637,0
1000,1277,93,2345.6,5,0.0,924,1.3425050812426726,9.935483870967742,0
1000,1304,138,1572.0,6,0.0,1746,1.152115264265444,12.652173913043478,0
1000,1339,152,1701.7142857142858,7,0.0,2052,1.116092126933216,13.5,0
1000,1371,105,1684.0,6,0.0,860,0.9802338982629377,8.19047619047619,0
1000,1407,143,1662.857142857143,7,0.0,1934,1.1884865161216018,13.524475524475525,0
1000,1429,106,2262.8,5,0.0,1045,1.1687306240659787,9.858490566037736,0
1000,1582,212,1771.4285714285713,7,0.0,1493,0.41744373725610195,7.0424528301886795,0
1000,1616,144,1017.1428571428571,7,0.0,1893,1.1471903729254394,13.145833333333334,0
1000,1622,73,1815.0,5,0.0,486,1.1460416810993728,6.657534246575342,0
1000,1711,133,1981.8333333333333,6,0.0,1526,1.0840794594104866,11.473684210526315,0
1000,1733,221,1583.1666666666667,6,0.0,1887,0.48550892384053884,8.538461538461538,0
1000,1803,142,1408.857142857143,7,0.0,1790,1.1155427196837393,12.605633802816902,0
1000,1839,160,1900.6666666666667,6,0.0,2029,0.9959830459583892,12.68125,0
1000,1842,138,1543.857142857143,7,0.0,1687,1.113183534258765,12.22463768115942,0
1000,1904,42,2161.5,4,0.0,157,1.1184354798494274,3.738095238095238,0
1000,1952,161,1772.857142857143,7,0.0,2309,1.1193916032774711,14.341614906832298,0
1000,1972,134,1738.6666666666667,6,0.0,1629,1.140043313142743,12.156716417910447,0
1000,2010,157,1815.1666666666667,6,0.0,2115,1.0782536350103311,13.471337579617835,0
1000,2084,118,1440.0,5,0.0,1155,1.0423842329492132,9.788135593220339,0
1000,2087,100,1666.0,5,0.0,847,1.064371591036222,8.47,0
1000,2090,184,2201.4,5,0.0,1214,0.4506017818357761,6.5978260869565215,0
1000,2119,180,1329.2857142857142,7,0.0,2531,0.9816507415105885,14.061111111111112,0
1000,2142,134,2761.6,5,0.0,1521,1.064460331055931,11.350746268656716,0
1000,2147,185,1475.125,8,0.0,2921,1.0725016381166732,15.78918918918919,0
1000,2169,93,2034.0,5,0.0,774,1.1245659446773038,8.32258064516129,0
1000,2170,167,1664.7142857142858,7,0.0,2408,1.085009159144354,14.419161676646707,0
1000,2175,189,1936.375,8,0.0,3096,1.0891487758477087,16.38095238095238,0
1000,2198,165,2089.1428571428573,7,0.0,2340,1.0800847470193007,14.181818181818182,0
1000,2234,83,1358.2,5,0.0,602,1.0981209333494297,7.253012048192771,0
1000,2266,56,1967.4,5,0.0,271,1.085933174901574,4.839285714285714,0
1000,2270,177,1678.2857142857142,7,0.0,2645,1.0609355636943412,14.943502824858758,0
1000,2278,73,1602.6,5,0.0,467,1.10123758245557,6.397260273972603,0
1000,2281,301,1417.2857142857142,7,0.0,2627,0.364365245460001,8.727574750830565,0
1000,2320,125,1898.3333333333333,6,0.0,1426,1.1468572477488754,11.408,0
1000,2335,54,2059.2,5,0.0,265,1.142005559946907,4.907407407407407,0
1000,2380,128,2375.2,5,0.0,1518,1.1642914180052018,11.859375,0
1000,2403,149,2395.2,5,0.0,2070,1.1716763736644065,13.89261744966443,0
1000,2439,187,1734.0,6,0.0,2939,1.0561515409534619,15.716577540106952,0
1000,2521,137,1881.7142857142858,7,0.0,1817,1.2165323355687898,13.262773722627736,0
1000,2576,252,1588.1666666666667,6,0.0,2294,0.4539439120266431,9.103174603174603,0
1000,2585,124,1687.3333333333333,6,0.0,1542,1.260233057189246,12.435483870967742,0
1000,2602,282,1409.375,8,0.0,2377,0.37561318533187155,8.429078014184396,0
1000,2623,139,1586.857142857143,7,0.0,1685,1.0959233210079813,12.122302158273381,0
1000,2658,104,1638.6666666666667,6,0.0,1009,1.1722880870828778,9.701923076923077,0
1000,2719,34,1877.0,4,0.0,106,1.1522796584100972,3.1176470588235294,0
1000,2729,128,1676.1666666666667,6,0.0,1515,1.1619904468233733,11.8359375,0
1000,2744,171,1629.1666666666667,6,0.0,2511,1.0791066178535578,14.68421052631579,0
1000,2750,178,1513.625,8,0.0,2692,1.0676893603665853,15.123595505617978,0
1000,2754,177,1511.8333333333333,6,0.0,1746,0.7003378049944498,9.864406779661017,0
1000,2797,282,1848.2857142857142,7,0.0,3147,0.4972884704414807,11.159574468085106,0
1000,2804,81,1509.6,5,0.0,672,1.2870905430345014,8.296296296296296,0
1000,2806,91,1857.6,5,0.0,747,1.1335682706105907,8.208791208791208,0
1000,2837,132,1362.3333333333333,6,0.0,1484,1.0702762851072665,11.242424242424242,0
1000,2873,203,1791.375,8,0.0,3445,1.0505265055319797,16.970443349753694,0
1000,2907,163,1542.2857142857142,7,0.0,2336,1.1048606178306684,14.331288343558283,0
1000,2953,175,2044.4285714285713,7,0.0,2915,1.1961133172524732,16.65714285714286,0
1000,2970,146,1801.6666666666667,6,0.0,1902,1.1212815213225344,13.027397260273972,0
1000,3006,159,2112.5,6,0.0,2149,1.0681986650155397,13.515723270440251,0
1000,3050,121,1831.0,5,0.0,1263,1.084032927118068,10.438016528925619,0
1000,3099,108,1759.2,5,0.0,1047,1.1279998313815203,9.694444444444445,0
1000,3100,130,1742.8,5,0.0,1346,1.0008482157945235,10.353846153846154,0
1000,3129,304,1467.2857142857142,7,0.0,2821,0.3835886805651319,9.279605263157896,0
1000,3131,114,1489.6666666666667,6,0.0,1179,1.140023926925936,10.342105263157896,0
1000,3137,171,1597.2857142857142,7,0.0,2540,1.0915694182987004,14.853801169590643,0
1000,3150,155,1738.857142857143,7,0.0,2128,1.1130587582666522,13.729032258064516,0
1000,3183,47,1844.0,4,0.0,218,1.2401397890132637,4.638297872340425,0
1000,3188,122,1698.2,5,0.0,1356,1.1448534367825205,11.114754098360656,0
1000,3218,92,2134.8,5,0.0,819,1.215956702878091,8.902173913043478,0
1000,3236,70,1405.0,5,0.0,446,1.1437961824498348,6.371428571428571,0
1000,3263,143,2047.5,6,0.0,1714,1.0532915659940154,11.986013986013987,0
1000,3309,145,1800.3333333333333,6,0.0,1826,1.0913765870068894,12.593103448275862,0
1000,3311,190,1782.6666666666667,6,0.0,1822,0.6342362121707039,9.589473684210526,0
1000,3323,147,1762.8333333333333,6,0.0,1748,1.0165216268175221,11.891156462585034,0
1000,3350,254,1470.0,7,0.0,2188,0.4261767453688677,8.614173228346457,0
1000,3422,124,1670.6,5,0.0,625,0.5107948513250834,5.040322580645161,0
1000,3454,93,2194.75,4,0.0,753,1.0940544655581521,8.096774193548388,0
1000,3469,169,1312.0,7,0.0,2366,1.0410011159824166,14.0,0
1000,3478,146,1855.2857142857142,7,0.0,1871,1.1030061652967729,12.815068493150685,0
1000,3498,88,1699.4,5,0.0,628,1.01907034424297,7.136363636363637,0
1000,3524,103,1948.0,5,0.0,854,1.0115638141825558,8.29126213592233,0
1000,3532,138,1593.0,7,0.0,1714,1.1309997496855504,12.420289855072463,0
1000,3605,104,2274.4,5,0.0,960,1.1153583385525891,9.23076923076923,0
1000,3614,165,1404.6666666666667,6,0.0,2478,1.1437820526127467,15.018181818181818,0
1000,3619,196,1013.5,6,0.0,1707,0.5583817846395019,8.709183673469388,0
1000,3635,134,2072.5,6,0.0,1681,1.1764351193326892,12.544776119402986,0
1000,3655,162,1789.857142857143,7,0.0,2150,1.0294809030967924,13.271604938271604,0
1000,3663,132,1862.6666666666667,6,0.0,1553,1.1200398051021463,11.765151515151516,0
1000,3692,107,2078.8,5,0.0,1031,1.131620936623662,9.63551401869159,0
1000,3792,152,1719.8333333333333,6,0.0,2077,1.1296897405654431,13.664473684210526,0
1000,3858,185,2161.5,6,0.0,1443,0.5298253556324408,7.8,0
1000,3978,93,1615.8,5,0.0,842,1.2233650199202708,9.053763440860216,0
1000,3992,245,1433.857142857143,7,0.0,1988,0.41619233288373236,8.114285714285714,0
1000,4015,90,1713.0,5,0.0,720,1.117010721276371,8.0,0
1000,4042,169,1694.5714285714287,7,0.0,2516,1.1069986508080136,14.887573964497042,0
1000,4105,69,1539.8,5,0.0,407,1.0742518042520866,5.898550724637682,0
1000,4253,136,1584.0,6,0.0,1538,1.0449328506100999,11.308823529411764,0
1000,4302,68,1360.75,4,0.0,389,1.0571622337771882,5.720588235294118,0
1000,4329,182,1373.857142857143,7,0.0,2854,1.0827322102820034,15.68131868131868,0
1000,4352,301,1345.0,8,0.0,3105,0.4306639083187297,10.315614617940199,0
1000,4362,156,1779.0,6,0.0,2045,1.0559758344166874,13.10897435897436,0
1000,4405,175,1684.2857142857142,7,0.0,2614,1.072603846071343,14.937142857142858,0
1000,4477,318,1417.0,7,0.0,1865,0.23175785368240828,5.864779874213837,0
1000,4490,260,1963.0,7,0.0,2242,0.4167722325058176,8.623076923076923,0
1000,4501,165,1726.5714285714287,7,0.0,2175,1.0039249251140936,13.181818181818182,0
1000,4539,149,2149.8,5,0.0,1675,0.948095616370957,11.241610738255034,0
1000,4545,105,2245.6,5,0.0,1111,1.266325419732702,10.58095238095238,0
1000,4591,128,1417.0,6,0.0,1423,1.0914273305806337,11.1171875,0
1000,4596,154,1637.6666666666667,6,0.0,2205,1.168360904227609,14.318181818181818,0
1000,4611,95,2257.0,5,0.0,703,0.9788541320658724,7.4,0
1000,4647,141,1977.2857142857142,7,0.0,1722,1.0884407322532315,12.212765957446809,0
1000,4663,163,2082.3333333333335,6,0.0,2209,1.0447932811592238,13.552147239263803,0
1000,4681,78,1467.0,5,0.0,520,1.0740487704580488,6.666666666666667,0
1000,4703,135,2029.8333333333333,6,0.0,1687,1.1632080782674306,12.496296296296297,0
1000,4731,55,2090.6,5,0.0,288,1.1964015659290717,5.236363636363636,0
1000,4773,168,1593.142857142857,7,0.0,2572,1.1451497030942388,15.30952380952381,0
1000,4777,141,2214.4,5,0.0,1717,1.0852803352373974,12.177304964539006,0
1000,4781,91,1880.0,5,0.0,637,0.966643893412244,7.0,0
1000,4792,142,1954.1666666666667,6,0.0,1833,1.1423406732850805,12.908450704225352,0
1000,4795,126,1692.8333333333333,6,0.0,1401,1.1089370893623836,11.119047619047619,0
1000,4809,204,1439.125,8,0.0,3420,1.0327034674430116,16.764705882352942,0
1000,4843,169,1605.5714285714287,7,0.0,2461,1.0827995547052947,14.562130177514794,0
1000,4851,61,1993.6,5,0.0,312,1.0536704196936473,5.114754098360656,0
1000,4858,170,1462.0,7,0.0,2397,1.0422695627203784,14.1,0
1000,4904,163,1386.5714285714287,7,0.0,2552,1.2070223872876138,15.656441717791411,0
1000,4920,145,1767.5,6,0.0,1975,1.180431960207342,13.620689655172415,0
1000,4943,199,2090.0,6,0.0,1136,0.36048072063614606,5.708542713567839,0
1000,4977,112,1968.6,5,0.0,1064,1.0658975074679655,9.5,0
1000,4992,109,2271.0,6,0.0,1159,1.2258583908797476,10.63302752293578,0
1100,45,169,1617.857142857143,7,0.0,2376,1.0454009516374565,14.059171597633137,0
1100,162,150,1551.125,8,0.0,1894,1.0578091530487232,12.626666666666667,0
1100,165,135,1503.3333333333333,6,0.0,1387,0.9563542409940287,10.274074074074074,0
1100,196,54,1752.25,4,0.0,288,1.241123023640412,5.333333333333333,0
1100,224,106,2193.8,5,0.0,1097,1.2268875546415106,10.349056603773585,0
1100,262,143,1969.8,5,0.0,1651,1.0145766484574792,11.545454545454545,0
1100,277,187,1510.4285714285713,7,0.0,2855,1.0259655152848361,15.267379679144385,0
1100,308,171,1518.625,8,0.0,2596,1.1156355157100104,15.181286549707602,0
1100,336,146,1826.2857142857142,7,0.0,1839,1.084141281657277,12.595890410958905,0
1100,370,178,2067.5714285714284,7,0.0,2824,1.1200426276653928,15.865168539325843,0
1100,374,97,2251.2,5,0.0,874,1.167287481873729,9.010309278350515,0
1100,395,54,2151.25,4,0.0,247,1.0644353709693812,4.574074074074074,0
1100,432,66,1995.6,5,0.0,316,0.9116099894714185,4.787878787878788,0
1100,485,143,1467.3333333333333,6,0.0,903,0.5549138180236849,6.314685314685315,0
1100,504,131,1553.6666666666667,6,0.0,1543,1.1298822829646409,11.778625954198473,0
1100,552,155,1773.5,6,0.0,2204,1.1528108567761755,14.219354838709677,0
1100,563,209,1960.5,8,0.0,4056,1.1668505577216823,19.406698564593302,0
1100,582,116,2108.1666666666665,6,0.0,1199,1.1197293673169328,10.336206896551724,0
1100,717,184,1820.75,8,0.0,2948,1.0942125641283922,16.02173913043478,0
1100,775,176,2057.875,8,0.0,2704,1.0969610711914775,15.363636363636363,0
1100,877,145,1876.4,5,0.0,1486,0.8881629837306887,10.248275862068965,0
1100,903,269,1884.5,6,0.0,2409,0.4183522451319253,8.95539033457249,0
1100,943,99,1876.6666666666667,6,0.0,914,1.1718868219084055,9.232323232323232,0
1100,969,220,2024.25,8,0.0,3904,1.0136179933565745,17.745454545454546,0
1100,1245,171,1705.0,7,0.0,2393,1.0283959125940119,13.994152046783626,0
1100,1266,225,1379.2857142857142,7,0.0,2124,0.527229060442447,9.44,0
1100,1268,132,2860.0,4,0.0,1314,0.9476705112068385,9.954545454545455,0
1100,1277,88,2985.25,4,0.0,822,1.333878698993187,9.340909090909092,0
1100,1304,141,1569.8333333333333,6,0.0,1778,1.1238371788305723,12.609929078014185,0
1100,1339,162,1978.0,6,0.0,2154,1.0313962164048793,13.296296296296296,0
1100,1371,99,2065.4,5,0.0,760,0.9744354317837947,7.6767676767676765,0
1100,1407,144,1710.7142857142858,7,0.0,2011,1.2187003908890959,13.965277777777779,0
1100,1429,104,2324.8,5,0.0,974,1.1316239809898145,9.365384615384615,0
1100,1582,210,2084.6666666666665,6,0.0,1547,0.4408203025037106,7.366666666666666,0
1100,1616,157,1959.375,8,0.0,2163,1.102724639492835,13.777070063694268,0
1100,1622,61,1843.4,5,0.0,342,1.1549848831257288,5.60655737704918,0
1100,1711,140,2414.8333333333335,6,0.0,1558,0.9988982355699791,11.128571428571428,0
1100,1733,221,1656.5,6,0.0,1918,0.4934849580954708,8.678733031674208,0
1100,1803,152,1692.0,7,0.0,1924,1.0464723451362123,12.657894736842104,0
1100,1839,160,1911.1666666666667,6,0.0,2082,1.0219993601209296,13.0125,0
1100,1842,140,1528.0,7,0.0,1787,1.1457196065234614,12.764285714285714,0
1100,1952,163,1793.7142857142858,7,0.0,2394,1.1322929448144776,14.687116564417177,0
1100,1972,132,1709.1666666666667,6,0.0,1635,1.179179060748235,12.386363636363637,0
1100,2010,164,2176.0,6,0.0,2206,1.0306890829594118,13.451219512195122,0
1100,2084,111,1826.75,4,0.0,1082,1.1035478455268748,9.747747747747749,0
1100,2087,95,1718.4,5,0.0,781,1.0874609916691982,8.221052631578948,0
1100,2090,176,2264.2,5,0.0,1161,0.47099548951675485,6.596590909090909,0
1100,2119,183,1840.1666666666667,6,0.0,2586,0.9703674164272693,14.131147540983607,0
1100,2142,133,2843.6,5,0.0,1463,1.039323885398127,11.0,0
1100,2147,188,1482.75,8,0.0,3007,1.0691228054939461,15.99468085106383,0
1100,2169,86,2090.4,5,0.0,679,1.1536730188142075,7.895348837209302,0
1100,2170,170,1694.7142857142858,7,0.0,2499,1.0866214590063519,14.7,0
1100,2175,211,2147.75,8,0.0,3271,0.923263140530735,15.502369668246445,0
1100,2198,168,2137.1428571428573,7,0.0,2409,1.0725760632791683,14.339285714285714,0
1100,2234,80,2091.2,5,0.0,507,0.9954921721062656,6.3375,0
1100,2270,179,1715.7142857142858,7,0.0,2676,1.0495180476272634,14.949720670391061,0
1100,2278,63,1607.8,5,0.0,350,1.1081455568217964,5.555555555555555,0
1100,2281,304,1628.3333333333333,6,0.0,2685,0.3650959260253027,8.832236842105264,0
1100,2320,125,1903.0,6,0.0,1440,1.1581167158193413,11.52,0
1100,2380,127,2446.6,5,0.0,1463,1.1398474926410485,11.51968503937008,0
1100,2403,146,2481.2,5,0.0,2017,1.1890771969019727,13.815068493150685,0
1100,2439,192,2137.0,6,0.0,3020,1.0294715509810302,15.729166666666666,0
1100,2521,139,1912.0,7,0.0,1892,1.2305560375947184,13.611510791366907,0
1100,2576,256,1575.5,6,0.0,2377,0.4557840416005211,9.28515625,0
1100,2585,129,2246.1666666666665,6,0.0,1564,1.1810470308790184,12.124031007751938,0
1100,2602,295,1575.142857142857,7,0.0,2511,0.36258726357547694,8.511864406779662,0
1100,2623,140,1877.0,6,0.0,1691,1.0841700361674165,12.07857142857143,0
1100,2658,101,2042.6,5,0.0,948,1.1678187768270263,9.386138613861386,0
1100,2729,139,2638.0,6,0.0,1669,1.0855169274553833,12.007194244604317,0
1100,2744,170,1640.8333333333333,6,0.0,2483,1.0796642988046306,14.605882352941176,0
1100,2750,181,1489.875,8,0.0,2814,1.0793860660177257,15.546961325966851,0
1100,2754,178,1517.0,6,0.0,1761,0.698440179645452,9.893258426966293,0
1100,2797,278,1880.4285714285713,7,0.0,3178,0.5167424798461965,11.431654676258994,0
1100,2804,78,1527.4,5,0.0,606,1.2516799132645724,7.769230769230769,0
1100,2806,75,2442.75,4,0.0,545,1.2175416861912443,7.266666666666667,0
1100,2837,133,1377.1666666666667,6,0.0,1501,1.0663193109928837,11.285714285714286,0
1100,2873,205,1811.125,8,0.0,3556,1.0633197835731403,17.346341463414635,0
1100,2907,168,1546.2857142857142,7,0.0,2466,1.0979545753617388,14.678571428571429,0
1100,2953,180,2282.714285714286,7,0.0,3031,1.1755762139544028,16.83888888888889,0
1100,2970,146,1817.3333333333333,6,0.0,1941,1.1442730982581701,13.294520547945206,0
1100,3006,159,2161.6666666666665,6,0.0,2145,1.0662103938847525,13.49056603773585,0
1100,3050,119,1863.2,5,0.0,1225,1.0870562815189595,10.294117647058824,0
1100,3099,108,1778.8,5,0.0,1011,1.0892147368927574,9.36111111111111,0
1100,3100,128,1795.6,5,0.0,1295,0.9932525601559526,10.1171875,0
1100,3129,314,1539.75,8,0.0,3019,0.38478105485770564,9.614649681528663,0
1100,3131,113,1485.6666666666667,6,0.0,1181,1.1622588844512634,10.451327433628318,0
1100,3137,179,1807.7142857142858,7,0.0,2674,1.0487336544676016,14.938547486033519,0
1100,3150,150,2116.5,6,0.0,2102,1.1739782680614657,14.013333333333334,0
1100,3188,119,1720.2,5,0.0,1281,1.1367502829598262,10.764705882352942,0
1100,3218,88,2208.2,5,0.0,736,1.1943244798771113,8.363636363636363,0
1100,3236,59,1431.2,5,0.0,313,1.1299264585735194,5.305084745762712,0
1100,3263,142,2056.1666666666665,6,0.0,1727,1.076280601616658,12.161971830985916,0
1100,3309,146,1852.1666666666667,6,0.0,1833,1.0806041159748716,12.554794520547945,0
1100,3311,199,1817.6666666666667,6,0.0,1819,0.5772134074270684,9.140703517587939,0
1100,3323,148,1764.1666666666667,6,0.0,1754,1.0062734686626182,11.85135135135135,0
1100,3350,258,1474.0,7,0.0,2262,0.4270345882110517,8.767441860465116,0
1100,3422,112,1682.0,5,0.0,540,0.5409630207074261,4.821428571428571,0
1100,3454,84,2279.75,4,0.0,610,1.086378411955654,7.261904761904762,0
1100,3469,172,1296.857142857143,7,0.0,2478,1.052577960464509,14.406976744186046,0
1100,3478,155,2079.714285714286,7,0.0,2020,1.0565689340689086,13.03225806451613,0
1100,3498,81,2174.25,4,0.0,503,0.963402593967789,6.209876543209877,0
1100,3524,101,2002.8,5,0.0,758,0.9337622709228754,7.5049504950495045,0
1100,3532,140,1607.142857142857,7,0.0,1784,1.1437961824498348,12.742857142857142,0
1100,3605,102,2311.0,5,0.0,879,1.0616916349501837,8.617647058823529,0
1100,3614,166,1753.8333333333333,6,0.0,2554,1.164701355388058,15.385542168674698,0
1100,3619,199,1612.0,6,0.0,1807,0.5734055124907711,9.080402010050252,0
1100,3635,134,2131.8333333333335,6,0.0,1680,1.1757352769059597,12.537313432835822,0
1100,3655,162,2101.1666666666665,6,0.0,2170,1.0390574696372277,13.395061728395062,0
1100,3663,131,1867.6666666666667,6,0.0,1547,1.1328113361933243,11.80916030534351,0
1100,3692,104,2132.8,5,0.0,1007,1.1699644238775597,9.682692307692308,0
1100,3792,160,2198.0,7,0.0,2254,1.1064296626861552,14.0875,0
1100,3858,187,2147.3333333333335,6,0.0,1469,0.5278960917525128,7.855614973262032,0
1100,3978,89,1655.8,5,0.0,731,1.1597041938008528,8.213483146067416,0
1100,3992,255,1633.375,8,0.0,2222,0.429411388006245,8.713725490196078,0
1100,4015,80,2204.75,4,0.0,591,1.1604257864197298,7.3875,0
1100,4042,176,1955.3333333333333,6,0.0,2625,1.0649122824991228,14.914772727272727,0
1100,4105,47,1966.5,4,0.0,189,1.0751670647867286,4.0212765957446805,0
1100,4253,134,1598.5,6,0.0,1510,1.056762064361904,11.26865671641791,0
1100,4302,53,2125.0,4,0.0,246,1.1005080708908352,4.6415094339622645,0
1100,4329,189,1496.25,8,0.0,3036,1.0680412414320555,16.063492063492063,0
1100,4352,308,1330.5,8,0.0,3249,0.4303860065573131,10.5487012987013,0
1100,4362,158,1795.8333333333333,6,0.0,2095,1.0545804533361027,13.259493670886076,0
1100,4405,183,1981.4285714285713,7,0.0,2761,1.036034198281396,15.087431693989071,0
1100,4477,328,1392.4285714285713,7,0.0,1959,0.22882138639137434,5.972560975609756,0
1100,4490,262,1995.142857142857,7,0.0,2343,0.42892323217533274,8.942748091603054,0
1100,4501,168,1717.0,7,0.0,2261,1.0066809792753009,13.458333333333334,0
1100,4539,147,2226.6,5,0.0,1629,0.947319067554773,11.081632653061224,0
1100,4545,101,2327.0,5,0.0,1027,1.2651370082292785,10.168316831683168,0
1100,4591,134,1710.3333333333333,6,0.0,1529,1.0700590704697692,11.41044776119403,0
1100,4596,156,1669.5,6,0.0,2236,1.1546024282424026,14.333333333333334,0
1100,4611,86,2350.0,5,0.0,572,0.9718718214458419,6.651162790697675,0
1100,4647,143,2044.857142857143,7,0.0,1791,1.1006097985386707,12.524475524475525,0
1100,4663,161,2103.0,6,0.0,2208,1.0704273105399118,13.714285714285714,0
1100,4681,69,1500.0,5,0.0,397,1.0478574110272194,5.753623188405797,0
1100,4703,137,2097.0,6,0.0,1702,1.1395366181277273,12.423357664233576,0
1100,4731,29,2159.0,5,0.0,79,1.180431960207342,2.7241379310344827,0
1100,4773,173,1608.857142857143,7,0.0,2682,1.1260986330218619,15.502890173410405,0
1100,4777,140,2275.4,5,0.0,1659,1.0636535127154014,11.85,0
1100,4781,82,1917.6,5,0.0,516,0.96434372947789,6.2926829268292686,0
1100,4792,140,2000.6666666666667,6,0.0,1805,1.1572601509652196,12.892857142857142,0
1100,4795,130,2065.5,6,0.0,1473,1.0952818884586426,11.330769230769231,0
1100,4809,212,1505.111111111111,9,0.0,3690,1.0317263164601582,17.40566037735849,0
1100,4843,169,1893.6666666666667,6,0.0,2482,1.0920392095808782,14.68639053254438,0
1100,4851,30,2338.25,4,0.0,78,1.0890854532444616,2.6,0
1100,4858,172,1698.6666666666667,6,0.0,2467,1.0479054997844808,14.343023255813954,0
1100,4904,161,1916.6,5,0.0,2573,1.247377477363765,15.98136645962733,0
1100,4920,148,1808.8333333333333,6,0.0,1992,1.142814566462905,13.45945945945946,0
1100,4943,197,2155.5,6,0.0,1151,0.372694286818197,5.842639593908629,0
1100,4977,109,2014.4,5,0.0,986,1.0428786655801823,9.045871559633028,0
1100,4992,109,2837.0,5,0.0,1135,1.2004739203179582,10.412844036697248,0
1200,45,173,1599.2857142857142,7,0.0,2470,1.0370856165413864,14.277456647398845,0
1200,162,165,1744.142857142857,7,0.0,2121,0.9789998924905713,12.854545454545455,0
1200,165,136,1481.0,6,0.0,1427,0.9695183210797221,10.492647058823529,0
1200,224,103,2214.8,5,0.0,1053,1.247279503904252,10.223300970873787,0
1200,262,138,2019.6,5,0.0,1536,1.0135446998348923,11.130434782608695,0
1200,277,187,1963.7142857142858,7,0.0,2927,1.0518392515722295,15.6524064171123,0
1200,308,180,1677.0,8,0.0,2890,1.1208892307252472,16.055555555555557,0
1200,336,154,2047.4285714285713,7,0.0,1973,1.045431321560577,12.811688311688311,0
1200,370,180,2099.5714285714284,7,0.0,2914,1.1301976534025504,16.18888888888889,0
1200,374,92,2281.6,5,0.0,803,1.1922017489757109,8.728260869565217,0
1200,485,145,2140.0,5,0.0,856,0.5116201306012581,5.903448275862069,0
1200,504,132,1548.5,6,0.0,1536,1.1077792277121035,11.636363636363637,0
1200,552,154,2188.4,5,0.0,2231,1.1821374953885695,14.487012987012987,0
1200,563,211,1961.25,8,0.0,4155,1.1727784619092645,19.691943127962084,0
1200,582,117,2117.5,6,0.0,1232,1.1309641753883046,10.52991452991453,0
1200,717,188,1795.625,8,0.0,3080,1.0950775659864829,16.382978723404257,0
1200,775,185,2352.285714285714,7,0.0,2832,1.0398235669792601,15.308108108108108,0
1200,877,127,2413.0,4,0.0,1359,1.0588193728634208,10.700787401574804,0
1200,903,271,1917.6666666666667,6,0.0,2403,0.4111734397176658,8.867158671586715,0
1200,943,99,1920.0,6,0.0,914,1.1718868219084055,9.232323232323232,0
1200,969,219,2055.125,8,0.0,3999,1.047787078810332,18.26027397260274,0
1200,1245,179,1830.4285714285713,7,0.0,2527,0.9910807572324718,14.11731843575419,0
1200,1266,233,2117.4285714285716,7,0.0,2223,0.5145617321321159,9.540772532188841,0
1200,1268,125,2949.75,4,0.0,1200,0.9650972631827844,9.6,0
1200,1277,74,3099.5,4,0.0,613,1.4067175285979132,8.283783783783784,0
1200,1304,143,1571.6666666666667,6,0.0,1825,1.1215035635583888,12.762237762237762,0
1200,1339,158,2010.6666666666667,6,0.0,2147,1.0807561972852564,13.58860759493671,0
1200,1371,85,2459.25,4,0.0,573,0.9966131988965821,6.741176470588235,0
1200,1407,147,1735.857142857143,7,0.0,2090,1.2154062929339937,14.217687074829932,0
1200,1429,100,2369.2,5,0.0,893,1.122176895862274,8.93,0
1200,1582,215,2437.3333333333335,6,0.0,1636,0.444750293674237,7.609302325581395,0
1200,1616,164,1941.75,8,0.0,2352,1.0989033196375957,14.341463414634147,0
1200,1622,32,2215.25,4,0.0,107,1.3130875544301088,3.34375,0
1200,1711,139,2436.5,6,0.0,1563,1.016574570169421,11.244604316546763,0
1200,1733,221,1699.5,6,0.0,1964,0.5053203637640797,8.886877828054299,0
1200,1803,156,1696.0,7,0.0,2002,1.0337719415658722,12.833333333333334,0
1200,1839,161,1917.1666666666667,6,0.0,2153,1.043763586771934,13.372670807453416,0
1200,1842,145,1486.2857142857142,7,0.0,1910,1.1415823007574801,13.172413793103448,0
1200,1952,164,1781.0,7,0.0,2486,1.161510906725792,15.158536585365853,0
1200,1972,136,2143.8333333333335,6,0.0,1668,1.1332561734835154,12.264705882352942,0
1200,2010,161,2199.6666666666665,6,0.0,2217,1.0747904653383082,13.770186335403727,0
1200,2084,104,1870.25,4,0.0,990,1.1502132866323578,9.51923076923077,0
1200,2087,91,1750.8,5,0.0,731,1.1092883611999222,8.032967032967033,0
1200,2090,165,2322.4,5,0.0,1107,0.5109631687822077,6.709090909090909,0
1200,2119,179,1898.3333333333333,6,0.0,2568,1.0071608170055353,14.346368715083798,0
1200,2142,129,2892.2,5,0.0,1411,1.0655098213365057,10.937984496124031,0
1200,2147,189,1488.0,8,0.0,3100,1.090555944808752,16.402116402116402,0
1200,2169,80,2125.6,5,0.0,585,1.1486448139687682,7.3125,0
1200,2170,170,1697.4285714285713,7,0.0,2588,1.125320662628427,15.223529411764705,0
1200,2175,221,2150.625,8,0.0,3384,0.8706741909254814,15.312217194570136,0
1200,2198,169,2178.4285714285716,7,0.0,2469,1.0863194232293265,14.609467455621301,0
1200,2234,67,2161.2,5,0.0,374,1.0469642703876878,5.582089552238806,0
1200,2270,180,1718.0,7,0.0,2733,1.0599966323778895,15.183333333333334,0
1200,2278,46,1607.0,5,0.0,202,1.1996251720702045,4.391304347826087,0
1200,2281,301,2030.1666666666667,6,0.0,2696,0.3739355545337505,8.956810631229235,0
1200,2320,127,1908.3333333333333,6,0.0,1444,1.1250442784509047,11.37007874015748,0
1200,2380,123,2508.2,5,0.0,1417,1.1769811065203877,11.520325203252032,0
1200,2403,146,2518.8,5,0.0,1978,1.1660856199663372,13.547945205479452,0
1200,2439,190,2230.6666666666665,6,0.0,3024,1.0526511007706965,15.91578947368421,0
1200,2521,141,1945.7142857142858,7,0.0,1955,1.235715233191096,13.865248226950355,0
1200,2576,264,1870.4285714285713,7,0.0,2597,0.46824587473442913,9.837121212121213,0
1200,2585,129,2297.3333333333335,6,0.0,1565,1.1818021760394268,12.131782945736434,0
1200,2602,297,1553.857142857143,7,0.0,2579,0.3674077454050302,8.683501683501683,0
1200,2623,138,1898.0,6,0.0,1683,1.1105440949362786,12.195652173913043,0
1200,2658,96,2116.0,5,0.0,867,1.182187860530534,9.03125,0
1200,2729,144,2682.6666666666665,6,0.0,1743,1.0562878077174016,12.104166666666666,0
1200,2744,170,1644.5,6,0.0,2481,1.0787946537794155,14.594117647058823,0
1200,2750,183,1462.5,8,0.0,2897,1.087066668750889,15.830601092896174,0
1200,2754,163,1869.8,5,0.0,1670,0.7898618286717535,10.245398773006135,0
1200,2797,278,1906.5714285714287,7,0.0,3225,0.5243846751113856,11.600719424460431,0
1200,2804,74,1517.4,5,0.0,534,1.2254276676529945,7.216216216216216,0
1200,2806,59,2582.0,4,0.0,339,1.2237861643975176,5.745762711864407,0
1200,2837,133,1360.8333333333333,6,0.0,1519,1.0791066178535578,11.421052631578947,0
1200,2873,206,1810.0,8,0.0,3663,1.084706748053484,17.781553398058254,0
1200,2907,175,1682.25,8,0.0,2643,1.0845034296735117,15.102857142857143,0
1200,2953,183,2298.0,7,0.0,3102,1.1639906132085807,16.950819672131146,0
1200,2970,144,1814.6666666666667,6,0.0,1981,1.2005198778474884,13.756944444444445,0
1200,3006,159,2186.1666666666665,6,0.0,2144,1.0657133261020555,13.484276729559749,0
1200,3050,117,1883.8,5,0.0,1185,1.0878186264895624,10.128205128205128,0
1200,3099,107,2285.0,5,0.0,1045,1.1469872732994442,9.766355140186915,0
1200,3100,127,1838.6,5,0.0,1244,0.9692209711862366,9.795275590551181,0
1200,3129,317,1768.142857142857,7,0.0,3143,0.3930390673698701,9.914826498422713,0
1200,3131,114,1470.3333333333333,6,0.0,1175,1.1361561612705469,10.307017543859649,0
1200,3137,183,1807.142857142857,7,0.0,2787,1.0457904058711522,15.229508196721312,0
1200,3150,148,2180.0,6,0.0,2064,1.1841211170579498,13.945945945945946,0
1200,3188,119,1731.8,5,0.0,1218,1.0808445313388513,10.235294117647058,0
1200,3218,83,2243.6,5,0.0,648,1.1820305063296188,7.807228915662651,0
1200,3236,36,1454.8,5,0.0,126,1.2217304763960308,3.5,0
1200,3263,143,2061.3333333333335,6,0.0,1745,1.0723417635119936,12.202797202797203,0
1200,3309,150,1855.1666666666667,6,0.0,1867,1.0427295083114922,12.446666666666667,0
1200,3311,208,2197.6,5,0.0,1808,0.5251478844018441,8.692307692307692,0
1200,3323,147,1771.5,6,0.0,1751,1.0182662291518771,11.91156462585034,0
1200,3350,265,1456.0,7,0.0,2362,0.4226666769827891,8.913207547169812,0
1200,3422,98,1678.6,5,0.0,444,0.58095257734022,4.530612244897959,0
1200,3454,71,2375.25,4,0.0,441,1.0993393058782772,6.211267605633803,0
1200,3469,180,1424.125,8,0.0,2667,1.0343984700153062,14.816666666666666,0
1200,3478,158,2105.5714285714284,7,0.0,2078,1.0460229985834946,13.151898734177216,0
1200,3498,61,2249.0,4,0.0,289,0.9759959977290515,4.737704918032787,0
1200,3524,84,2607.5,4,0.0,568,1.0115785868701828,6.761904761904762,0
1200,3532,137,1889.5,6,0.0,1795,1.2018027200583257,13.102189781021897,0
1200,3605,97,2359.6,5,0.0,793,1.0591063765742188,8.175257731958762,0
1200,3614,168,1763.5,6,0.0,2637,1.1740901116094506,15.696428571428571,0
1200,3619,197,1732.4285714285713,7,0.0,1915,0.6200778099538203,9.720812182741117,0
1200,3635,134,2182.8333333333335,6,0.0,1679,1.1750354344792298,12.529850746268657,0
1200,3655,159,2578.2,5,0.0,2136,1.0617367838404808,13.433962264150944,0
1200,3663,132,1863.5,6,0.0,1546,1.1149913320591873,11.712121212121213,0
1200,3692,102,2164.8,5,0.0,980,1.183683506542867,9.607843137254902,0
1200,3792,165,2184.8571428571427,7,0.0,2382,1.0994708835042626,14.436363636363636,0
1200,3858,186,2143.0,6,0.0,1476,0.5361302759508075,7.935483870967742,0
1200,3978,79,2108.75,4,0.0,565,1.137638102405533,7.151898734177215,0
1200,3992,267,1937.875,8,0.0,2458,0.4332805758264928,9.205992509363297,0
1200,4015,62,2307.5,4,0.0,375,1.2259076431802003,6.048387096774194,0
1200,4042,174,1973.1666666666667,6,0.0,2633,1.0928542022594696,15.132183908045977,0
1200,4253,135,1583.5,6,0.0,1496,1.0315111352033648,11.08148148148148,0
1200,4329,195,1827.875,8,0.0,3267,1.0796668717189064,16.753846153846155,0
1200,4352,313,1593.0,8,0.0,3398,0.435857540115674,10.856230031948881,0
1200,4362,158,2171.4,5,0.0,2105,1.0596142502494015,13.322784810126583,0
1200,4405,186,1999.0,7,0.0,2873,1.0435652322538416,15.446236559139784,0
1200,4477,336,1684.142857142857,7,0.0,2027,0.22562387715513432,6.032738095238095,0
1200,4490,265,2023.142857142857,7,0.0,2463,0.44074006156164675,9.294339622641509,0
1200,4501,172,1713.2857142857142,7,0.0,2333,0.990986433318684,13.563953488372093,0
1200,4539,146,2243.4,5,0.0,1597,0.9414755991335897,10.938356164383562,0
1200,4545,98,2383.0,5,0.0,947,1.2391038079756493,9.66326530612245,0
1200,4591,134,1701.8333333333333,6,0.0,1551,1.0854556038578234,11.574626865671641,0
1200,4596,160,1689.5714285714287,7,0.0,2329,1.1432452015954107,14.55625,0
1200,4611,70,2431.8,5,0.0,399,1.0232616071692469,5.7,0
1200,4647,145,2080.285714285714,7,0.0,1854,1.108111824923753,12.786206896551723,0
1200,4663,161,2122.3333333333335,6,0.0,2211,1.0718816954727106,13.732919254658386,0
1200,4681,55,1553.4,5,0.0,235,0.976230444421291,4.2727272727272725,0
1200,4703,131,2627.2,5,0.0,1616,1.183337504388114,12.335877862595419,0
1200,4773,176,1954.5714285714287,7,0.0,2845,1.1541620737942873,16.164772727272727,0
1200,4777,137,2344.2,5,0.0,1609,1.0772705161971285,11.744525547445255,0
1200,4781,68,1943.6,5,0.0,367,0.9973741382936454,5.397058823529412,0
1200,4792,140,2027.8333333333333,6,0.0,1786,1.1450784651655859,12.757142857142858,0
1200,4795,130,2520.8,5,0.0,1505,1.1190761996810978,11.576923076923077,0
1200,4809,216,1482.2222222222222,9,0.0,3910,1.053123051743492,18.10185185185185,0
1200,4843,167,1926.6666666666667,6,0.0,2468,1.1120442710831666,14.778443113772456,0
1200,4858,172,1701.0,6,0.0,2461,1.0453568848681019,14.30813953488372,0
1200,4904,156,1961.0,5,0.0,2465,1.2728510669130244,15.801282051282051,0
1200,4920,148,1844.5,6,0.0,2006,1.1508463957452748,13.554054054054054,0
1200,4943,195,2204.8333333333335,6,0.0,1170,0.3866575573648976,6.0,0
1200,4977,104,2057.4,5,0.0,910,1.057266758419642,8.75,0
1200,4992,106,2919.4,5,0.0,1068,1.1944538818205408,10.075471698113208,0
1300,45,181,1564.2857142857142,7,0.0,2596,0.9957662499580725,14.342541436464089,0
1300,162,176,2068.5714285714284,7,0.0,2270,0.920895573818289,12.897727272727273,0
1300,165,140,1802.0,6,0.0,1493,0.9572240473080738,10.664285714285715,0
1300,224,104,2771.2,5,0.0,1035,1.2024957087520103,9.951923076923077,0
1300,262,135,2051.2,5,0.0,1462,1.0080677003123792,10.829629629629629,0
1300,277,186,1963.0,7,0.0,3000,1.0896956828268447,16.129032258064516,0
1300,308,189,1833.5555555555557,9,0.0,3231,1.1366407282829285,17.095238095238095,0
1300,336,157,2050.0,7,0.0,2057,1.0486845045939721,13.101910828025478,0
1300,370,182,2134.5714285714284,7,0.0,2989,1.1339476441951324,16.423076923076923,0
1300,374,88,2300.4,5,0.0,729,1.182965415530454,8.284090909090908,0
1300,485,134,2224.4,5,0.0,746,0.5220824503403845,5.567164179104478,0
1300,504,125,1881.6,5,0.0,1449,1.1653549452932124,11.592,0
1300,552,152,2316.6,5,0.0,2180,1.1857119087302197,14.342105263157896,0
1300,563,216,1952.375,8,0.0,4280,1.1527791973048966,19.814814814814813,0
1300,582,119,2120.8333333333335,6,0.0,1262,1.1198898181852466,10.605042016806722,0
1300,717,189,1774.875,8,0.0,3205,1.1274941300361454,16.95767195767196,0
1300,775,187,2361.4285714285716,7,0.0,2932,1.0536360388144097,15.679144385026738,0
1300,877,106,2542.25,4,0.0,1190,1.3308989881708273,11.226415094339623,0
1300,903,271,1926.8333333333333,6,0.0,2410,0.41237119838517455,8.892988929889299,0
1300,943,94,2341.8,5,0.0,854,1.2145405731850083,9.085106382978724,0
1300,969,222,2085.25,8,0.0,4092,1.0433728705859455,18.43243243243243,0
1300,1245,180,1847.7142857142858,7,0.0,2607,1.0111274133220483,14.483333333333333,0
1300,1266,240,2128.4285714285716,7,0.0,2274,0.49610983987938817,9.475,0
1300,1268,118,3042.25,4,0.0,1087,0.9810144252950603,9.211864406779661,0
1300,1277,60,3199.75,4,0.0,418,1.4590952546672595,6.966666666666667,0
1300,1304,147,1557.1666666666667,6,0.0,1899,1.1043332776467245,12.918367346938776,0
1300,1339,158,2039.1666666666667,6,0.0,2146,1.0802528175939266,13.582278481012658,0
1300,1371,67,2575.0,4,0.0,376,1.0525630098015257,5.611940298507463,0
1300,1407,149,2017.8333333333333,6,0.0,2156,1.2203547157586765,14.46979865771812,0
1300,1429,94,2404.0,5,0.0,816,1.1604977842142468,8.680851063829786,0
1300,1582,216,2497.8333333333335,6,0.0,1667,0.4489913368942202,7.717592592592593,0
1300,1616,174,1936.625,8,0.0,2543,1.0554987604807562,14.614942528735632,0
1300,1711,139,2455.5,6,0.0,1557,1.0126721725871968,11.201438848920864,0
1300,1733,225,1607.4285714285713,7,0.0,2048,0.5083639904831128,9.102222222222222,0
1300,1803,165,1678.5714285714287,7,0.0,2092,0.9656142268223834,12.67878787878788,0
1300,1839,170,2027.2857142857142,7,0.0,2334,1.0148757444261007,13.729411764705882,0
1300,1842,156,1666.25,8,0.0,2117,1.093154445701774,13.570512820512821,0
1300,1952,168,1767.0,7,0.0,2584,1.1504925477432009,15.380952380952381,0
1300,1972,135,2170.3333333333335,6,0.0,1672,1.1528653864037606,12.385185185185184,0
1300,2010,163,2577.3333333333335,6,0.0,2283,1.0797931466213253,14.006134969325153,0
1300,2084,104,1916.6,5,0.0,947,1.100254527718023,9.10576923076923,0
1300,2087,92,2384.8,5,0.0,729,1.0823350871772017,7.923913043478261,0
1300,2090,152,2335.0,5,0.0,1045,0.5683802498271008,6.875,0
1300,2119,178,2308.8,5,0.0,2578,1.0224751749721608,14.48314606741573,0
1300,2142,127,2938.4,5,0.0,1364,1.0627149555450375,10.740157480314961,0
1300,2147,193,1474.25,8,0.0,3206,1.0815802891254935,16.61139896373057,0
1300,2169,73,2163.2,5,0.0,487,1.1483997915543098,6.671232876712328,0
1300,2170,176,1693.857142857143,7,0.0,2684,1.0888474538010078,15.25,0
1300,2175,227,2152.125,8,0.0,3481,0.8489110230857242,15.334801762114537,0
1300,2198,171,2204.4285714285716,7,0.0,2524,1.0846933904668976,14.760233918128655,0
1300,2234,46,2294.0,4,0.0,168,0.9977080638999721,3.652173913043478,0
1300,2270,182,1726.857142857143,7,0.0,2792,1.0592110480404182,15.340659340659341,0
1300,2281,306,2078.3333333333335,6,0.0,2701,0.36248629831885304,8.826797385620916,0
1300,2320,127,1916.3333333333333,6,0.0,1447,1.1273816280598747,11.393700787401574,0
1300,2380,123,2569.4,5,0.0,1380,1.1462483606197145,11.21951219512195,0
1300,2403,143,2557.0,5,0.0,1923,1.1817267686152226,13.447552447552448,0
1300,2439,192,2304.3333333333335,6,0.0,3033,1.033903051034922,15.796875,0
1300,2521,144,1972.4285714285713,7,0.0,2028,1.2290026816126736,14.083333333333334,0
1300,2576,271,1866.2857142857142,7,0.0,2702,0.462334845658399,9.970479704797048,0
1300,2585,130,2359.3333333333335,6,0.0,1563,1.162203388771798,12.023076923076923,0
1300,2602,309,1766.0,8,0.0,2726,0.35877217765569175,8.822006472491909,0
1300,2623,136,1915.8333333333333,6,0.0,1685,1.1448061464746544,12.389705882352942,0
1300,2658,92,2195.8,5,0.0,789,1.171416164311128,8.576086956521738,0
1300,2729,144,2736.5,6,0.0,1778,1.0774984062659436,12.347222222222221,0
1300,2744,172,1650.5,6,0.0,2492,1.0585247286027264,14.488372093023257,0
1300,2750,182,1637.7142857142858,7,0.0,2912,1.1047358781854217,16.0,0
1300,2754,145,1892.8,5,0.0,1611,0.9628738672881154,11.110344827586207,0
1300,2797,279,1930.142857142857,7,0.0,3283,0.5299956928474862,11.767025089605735,0
1300,2804,59,1939.0,4,0.0,350,1.26349603993844,5.932203389830509,0
1300,2806,27,2721.0,4,0.0,77,1.3273121225043296,2.8518518518518516,0
1300,2837,136,1340.0,6,0.0,1537,1.0442534404341506,11.301470588235293,0
1300,2873,210,1808.375,8,0.0,3774,1.0754077709431182,17.97142857142857,0
1300,2907,184,1991.125,8,0.0,2888,1.0719422948449104,15.695652173913043,0
1300,2953,184,2317.285714285714,7,0.0,3158,1.1721585066205773,17.16304347826087,0
1300,2970,146,1801.0,6,0.0,2045,1.2055839700865316,14.006849315068493,0
1300,3006,161,2195.0,6,0.0,2146,1.0403700219287366,13.329192546583851,0
1300,3050,115,1893.6,5,0.0,1133,1.0765745108558746,9.852173913043478,0
1300,3099,101,2338.0,5,0.0,948,1.1678187768270263,9.386138613861386,0
1300,3100,126,1867.0,5,0.0,1181,0.934799930433244,9.373015873015873,0
1300,3129,318,1801.7142857142858,7,0.0,3186,0.39591448891804437,10.018867924528301,0
1300,3131,115,1441.5,6,0.0,1174,1.1155326352557784,10.208695652173914,0
1300,3137,186,1811.2857142857142,7,0.0,2874,1.0439284641481172,15.451612903225806,0
1300,3150,146,2244.6666666666665,6,0.0,2053,1.2103001909964055,14.061643835616438,0
1300,3188,107,2238.5,4,0.0,1053,1.1557680371141767,9.841121495327103,0
1300,3218,77,2273.6,5,0.0,541,1.146636279704556,7.025974025974026,0
1300,3263,144,2055.5,6,0.0,1759,1.0659840813395922,12.215277777777779,0
1300,3309,152,2210.5,6,0.0,1900,1.033418636049274,12.5,0
1300,3311,201,2256.4,5,0.0,1749,0.5440108463779162,8.701492537313433,0
1300,3323,146,1769.8333333333333,6,0.0,1744,1.0281361583525237,11.945205479452055,0
1300,3350,278,1795.7142857142858,7,0.0,2506,0.40747534754391707,9.014388489208633,0
1300,3422,72,2112.0,4,0.0,283,0.6860113587699934,3.9305555555555554,0
1300,3454,53,2480.25,4,0.0,240,1.0736664106252052,4.528301886792453,0
1300,3469,185,2050.714285714286,7,0.0,2884,1.0589163725876363,15.58918918918919,0
1300,3478,158,2134.8571428571427,7,0.0,2125,1.0696818440759992,13.449367088607595,0
1300,3524,68,2706.25,4,0.0,369,1.0028094197012403,5.426470588235294,0
1300,3532,137,1910.5,6,0.0,1769,1.184394992636868,12.912408759124087,0
1300,3605,91,2432.8,5,0.0,700,1.0622460367167517,7.6923076923076925,0
1300,3614,177,1830.7142857142858,7,0.0,2813,1.1283220191577246,15.892655367231638,0
1300,3619,195,1737.2857142857142,7,0.0,2062,0.6814426352875376,10.574358974358974,0
1300,3635,135,2226.6666666666665,6,0.0,1682,1.159760514312874,12.459259259259259,0
1300,3655,153,2683.2,5,0.0,2031,1.0902771890197565,13.27450980392157,0
1300,3663,133,1859.5,6,0.0,1555,1.104681231574906,11.691729323308271,0
1300,3692,103,2202.4,5,0.0,959,1.1359364142869683,9.310679611650485,0
1300,3792,168,2171.1428571428573,7,0.0,2480,1.1041878941188614,14.761904761904763,0
1300,3858,187,2143.3333333333335,6,0.0,1469,0.5278960917525128,7.855614973262032,0
1300,3978,48,3001.0,3,0.0,231,1.2599095537834066,4.8125,0
1300,3992,284,1909.0,8,0.0,2667,0.41552408287661075,9.390845070422536,0
1300,4015,35,2416.75,4,0.0,119,1.220733145394891,3.4,0
1300,4042,175,1977.6666666666667,6,0.0,2652,1.0881964038948742,15.154285714285715,0
1300,4253,136,1566.3333333333333,6,0.0,1473,1.0007711891733921,10.830882352941176,0
1300,4329,198,1810.75,8,0.0,3441,1.1029711581473807,17.37878787878788,0
1300,4352,317,1581.125,8,0.0,3529,0.4413092169100451,11.132492113564668,0
1300,4362,154,2219.8,5,0.0,2027,1.0740442416641105,13.162337662337663,0
1300,4405,188,2012.857142857143,7,0.0,3003,1.067700626836821,15.97340425531915,0
1300,4477,342,1936.5,6,0.0,2038,0.21895851126897162,5.95906432748538,0
1300,4490,270,2068.8571428571427,7,0.0,2586,0.44577001932418137,9.577777777777778,0
1300,4501,176,2123.1428571428573,7,0.0,2423,0.9829647468553808,13.767045454545455,0
1300,4539,146,2833.5,4,0.0,1543,0.9096411079919404,10.568493150684931,0
1300,4545,95,2443.4,5,0.0,866,1.2058146207241045,9.115789473684211,0
1300,4591,134,1695.3333333333333,6,0.0,1575,1.1022518220993371,11.753731343283581,0
1300,4596,160,1676.0,7,0.0,2434,1.1947869560683682,15.2125,0
1300,4611,28,2458.75,4,0.0,92,1.4746251231135763,3.2857142857142856,0
1300,4647,146,2098.714285714286,7,0.0,1904,1.1224605765500029,13.04109589041096,0
1300,4663,161,2147.3333333333335,6,0.0,2216,1.0743056703607086,13.763975155279503,0
1300,4703,129,2735.6,5,0.0,1547,1.1682095631520726,11.992248062015504,0
1300,4773,180,1963.5714285714287,7,0.0,2947,1.142996734583842,16.372222222222224,0
1300,4777,135,2387.4,5,0.0,1557,1.0735714154489564,11.533333333333333,0
1300,4781,46,1982.6,5,0.0,157,0.9323819406684263,3.4130434782608696,0
1300,4792,139,2037.0,6,0.0,1764,1.1473048891739341,12.690647482014388,0
1300,4795,126,2598.8,5,0.0,1452,1.1493052489323206,11.523809523809524,0
1300,4809,221,1464.7777777777778,9,0.0,4119,1.0597833901956437,18.638009049773757,0
1300,4843,167,1931.8333333333333,6,0.0,2461,1.1088901746903053,14.736526946107784,0
1300,4858,173,1694.5,6,0.0,2468,1.0362458711028915,14.265895953757225,0
1300,4904,153,1988.8,5,0.0,2383,1.2792370957331756,15.57516339869281,0
1300,4920,149,1869.5,6,0.0,2035,1.151865420486506,13.657718120805368,0
1300,4943,194,2243.1666666666665,6,0.0,1210,0.4040096833716282,6.237113402061856,0
1300,4977,99,2103.2,5,0.0,831,1.065468215542544,8.393939393939394,0
1300,4992,104,3000.2,5,0.0,1001,1.1629934342616062,9.625,0
1400,45,192,2533.5714285714284,7,0.0,2771,0.9445912807180249,14.432291666666666,0
1400,162,187,2082.5714285714284,7,0.0,2381,0.8556300847261629,12.732620320855615,0
1400,165,142,1792.0,6,0.0,1587,0.9890314503564771,11.17605633802817,0
1400,224,100,2849.8,5,0.0,974,1.2239644978385833,9.74,0
1400,262,136,2064.4,5,0.0,1379,0.9369066326341533,10.139705882352942,0
1400,277,186,1966.5714285714287,7,0.0,3078,1.1180277705803425,16.548387096774192,0
1400,308,198,2029.125,8,0.0,3456,1.1077792277121032,17.454545454545453,0
1400,336,160,2056.8571428571427,7,0.0,2118,1.0396708187973722,13.2375,0
1400,370,183,2170.1428571428573,7,0.0,3061,1.1486058243170423,16.726775956284154,0
1400,374,82,2322.8,5,0.0,645,1.2054296618473626,7.865853658536586,0
1400,485,121,2305.0,5,0.0,639,0.5484537137200677,5.2809917355371905,0
1400,504,123,1918.4,5,0.0,1372,1.1396034425871364,11.154471544715447,0
1400,552,151,2379.0,5,0.0,2140,1.1794234075140841,14.172185430463577,0
1400,563,222,1938.75,8,0.0,4394,1.1203764402137448,19.792792792792792,0
1400,582,122,2117.6666666666665,6,0.0,1303,1.1001062154333514,10.680327868852459,0
1400,717,190,1761.125,8,0.0,3303,1.1497706963775165,17.38421052631579,0
1400,775,193,2371.8571428571427,7,0.0,3040,1.025578315327979,15.751295336787564,0
1400,877,97,2665.0,4,0.0,1044,1.3943342460825778,10.762886597938145,0
1400,903,270,1935.1666666666667,6,0.0,2419,0.4169828603036329,8.959259259259259,0
1400,943,88,2397.0,5,0.0,742,1.2040608207456749,8.431818181818182,0
1400,969,223,2086.625,8,0.0,4201,1.061580223831625,18.838565022421523,0
1400,1245,182,1846.4285714285713,7,0.0,2647,1.004201878281872,14.543956043956044,0
1400,1266,249,2112.4285714285716,7,0.0,2335,0.47325809881338476,9.377510040160642,0
1400,1268,112,3135.5,4,0.0,984,0.985754837733532,8.785714285714286,0
1400,1277,38,3310.25,4,0.0,180,1.566445090432584,4.7368421052631575,0
1400,1304,155,1954.7142857142858,7,0.0,2072,1.0837677383122666,13.36774193548387,0
1400,1339,161,2063.6666666666665,6,0.0,2148,1.041339611883936,13.341614906832298,0
1400,1371,39,2691.5,4,0.0,137,1.1318821657904055,3.5128205128205128,0
1400,1407,148,2045.1666666666667,6,0.0,2129,1.2214117530118096,14.385135135135135,0
1400,1429,90,2444.4,5,0.0,725,1.1247677401741234,8.055555555555555,0
1400,1582,218,2535.5,6,0.0,1685,0.4455503426730748,7.729357798165138,0
1400,1616,180,2264.25,8,0.0,2727,1.0576695267085638,15.15,0
1400,1711,139,2481.5,6,0.0,1548,1.0068185762138606,11.136690647482014,0
1400,1733,229,1882.6666666666667,6,0.0,2124,0.5089714380904041,9.275109170305678,0
1400,1803,158,2407.8,5,0.0,2000,1.0067593826597638,12.658227848101266,0
1400,1839,175,2408.3333333333335,6,0.0,2383,0.9778175077230337,13.617142857142857,0
1400,1842,166,1628.0,8,0.0,2291,1.0447653896609401,13.801204819277109,0
1400,1952,174,2141.1428571428573,7,0.0,2691,1.1169277091835292,15.46551724137931,0
1400,1972,135,2183.8333333333335,6,0.0,1678,1.1570024631492286,12.42962962962963,0
1400,2010,164,2609.0,6,0.0,2305,1.0769439420768105,14.054878048780488,0
1400,2084,108,2379.6,5,0.0,990,1.0665900984409793,9.166666666666666,0
1400,2087,89,2436.4,5,0.0,672,1.066102897721167,7.550561797752809,0
1400,2090,139,2356.4,5,0.0,981,0.6380420046936673,7.057553956834532,0
1400,2119,173,2374.0,5,0.0,2481,1.0417042164531094,14.341040462427745,0
1400,2142,124,2984.2,5,0.0,1319,1.077981454236456,10.637096774193548,0
1400,2147,196,1466.0,8,0.0,3290,1.0762015650052497,16.785714285714285,0
1400,2169,63,2216.2,5,0.0,343,1.0859826456853607,5.444444444444445,0
1400,2170,182,1671.2857142857142,7,0.0,2795,1.0603491687940432,15.357142857142858,0
1400,2175,231,2151.375,8,0.0,3559,0.8381348366129626,15.406926406926408,0
1400,2198,173,2225.1428571428573,7,0.0,2575,1.0811722520623765,14.884393063583815,0
1400,2270,185,1725.857142857143,7,0.0,2861,1.050471477799316,15.464864864864865,0
1400,2281,302,2121.3333333333335,6,0.0,2702,0.37228995877372134,8.947019867549669,0
1400,2320,126,1921.3333333333333,6,0.0,1452,1.1493052489323206,11.523809523809524,0
1400,2380,121,2627.2,5,0.0,1345,1.1544135288787027,11.115702479338843,0
1400,2403,142,2597.4,5,0.0,1888,1.1766171255658657,13.295774647887324,0
1400,2439,190,2348.8333333333335,6,0.0,3037,1.0571763865875015,15.98421052631579,0
1400,2521,142,2351.1666666666665,6,0.0,1986,1.2376915314479924,13.985915492957746,0
1400,2576,277,1869.2857142857142,7,0.0,2772,0.45398714101583004,10.007220216606498,0
1400,2585,129,2418.5,6,0.0,1560,1.178026450237384,12.093023255813954,0
1400,2602,322,1994.0,7,0.0,2903,0.35183995499290804,9.01552795031056,0
1400,2623,139,1908.6666666666667,6,0.0,1720,1.1186873069042895,12.37410071942446,0
1400,2658,86,2252.4,5,0.0,708,1.2029462405308673,8.232558139534884,0
1400,2729,145,2787.8333333333335,6,0.0,1815,1.0848020292538358,12.517241379310345,0
1400,2744,172,1633.3333333333333,6,0.0,2507,1.0648962658936738,14.575581395348838,0
1400,2750,184,1635.7142857142858,7,0.0,2939,1.0908720237358698,15.972826086956522,0
1400,2754,131,1886.6,5,0.0,1556,1.1394017059578623,11.877862595419847,0
1400,2797,282,1939.7142857142858,7,0.0,3342,0.5281023413458623,11.851063829787234,0
1400,2804,25,2013.0,4,0.0,62,1.24658396494443,2.48,0
1400,2837,134,1608.4,5,0.0,1486,1.0399658461203904,11.08955223880597,0
1400,2873,212,1807.375,8,0.0,3880,1.0848504357358844,18.30188679245283,0
1400,2907,191,2285.714285714286,7,0.0,3035,1.045446528729478,15.890052356020943,0
1400,2953,188,2340.8571428571427,7,0.0,3211,1.1416539170073365,17.079787234042552,0
1400,2970,153,2120.3333333333335,6,0.0,2152,1.1552321569524944,14.065359477124183,0
1400,3006,164,2197.3333333333335,6,0.0,2155,1.0068608222019637,13.140243902439025,0
1400,3050,112,1899.4,5,0.0,1097,1.0989563587334192,9.794642857142858,0
1400,3099,96,2367.8,5,0.0,858,1.1699160142274492,8.9375,0
1400,3100,119,2345.5,4,0.0,1073,0.9521725633223213,9.016806722689076,0
1400,3129,320,1809.857142857143,7,0.0,3246,0.39834413099814325,10.14375,0
1400,3131,113,1404.5,6,0.0,1171,1.152417572982582,10.36283185840708,0
1400,3137,190,1800.4285714285713,7,0.0,2968,1.0331575618675353,15.621052631578948,0
1400,3150,145,2268.5,6,0.0,2055,1.228246925684095,14.172413793103448,0
1400,3188,101,2331.25,4,0.0,903,1.1123843412181484,8.94059405940594,0
1400,3218,67,2305.8,5,0.0,412,1.153340319250608,6.149253731343284,0
1400,3263,145,2052.0,6,0.0,1781,1.0644806689262158,12.282758620689656,0
1400,3309,150,2269.0,6,0.0,1902,1.0622771959338286,12.68,0
1400,3311,196,2311.6,5,0.0,1713,0.5603444622656514,8.739795918367347,0
1400,3323,145,1768.3333333333333,6,0.0,1740,1.0399754991193797,12.0,0
1400,3350,296,2066.8571428571427,7,0.0,2680,0.3843804013705554,9.054054054054054,0
1400,3469,181,2428.6666666666665,6,0.0,2965,1.1373062138388617,16.38121546961326,0
1400,3478,159,2169.5714285714284,7,0.0,2158,1.0726722750598114,13.572327044025156,0
1400,3524,39,2816.75,4,0.0,128,1.0575249432202327,3.282051282051282,0
1400,3532,139,1910.0,6,0.0,1773,1.1531584855472705,12.755395683453237,0
1400,3605,83,2480.4,5,0.0,588,1.0725832372250246,7.0843373493975905,0
1400,3614,184,2226.1428571428573,7,0.0,2939,1.0908720237358698,15.972826086956522,0
1400,3619,199,1866.2857142857142,7,0.0,2253,0.7149322742898214,11.321608040201005,0
1400,3635,133,2289.8333333333335,6,0.0,1684,1.1963235974097375,12.661654135338345,0
1400,3655,150,2765.6,5,0.0,1964,1.0969045282933962,13.093333333333334,0
1400,3663,133,1839.5,6,0.0,1566,1.1124956968786512,11.774436090225564,0
1400,3692,103,2218.6,5,0.0,952,1.1276449076133408,9.242718446601941,0
1400,3792,170,2135.8571428571427,7,0.0,2579,1.1214072600149587,15.170588235294117,0
1400,3858,186,2142.1666666666665,6,0.0,1464,0.5317714932195001,7.870967741935484,0
1400,3992,294,2219.125,8,0.0,2872,0.41754149202230023,9.768707482993197,0
1400,4042,176,1984.8333333333333,6,0.0,2686,1.0896588155400548,15.261363636363637,0
1400,4253,127,1891.6,5,0.0,1375,1.0712852374445943,10.826771653543307,0
1400,4329,201,1790.0,8,0.0,3652,1.1359220188520012,18.16915422885572,0
1400,4352,316,2118.8333333333335,6,0.0,3563,0.44838546005209234,11.275316455696203,0
1400,4362,152,2258.6,5,0.0,1987,1.080738331489425,13.072368421052632,0
1400,4405,191,2394.3333333333335,6,0.0,3050,1.0506134802717984,15.968586387434556,0
1400,4477,338,1973.3333333333333,6,0.0,1987,0.21856183616410205,5.878698224852071,0
1400,4490,275,2436.3333333333335,6,0.0,2706,0.4496475885283427,9.84,0
1400,4501,176,2137.5714285714284,7,0.0,2478,1.0052771946791719,14.079545454545455,0
1400,4539,136,2909.25,4,0.0,1404,0.953891887032887,10.323529411764707,0
1400,4545,90,2495.6,5,0.0,776,1.2038893329311997,8.622222222222222,0
1400,4591,135,1681.1666666666667,6,0.0,1588,1.094946311967208,11.762962962962963,0
1400,4596,162,1668.7142857142858,7,0.0,2531,1.2119144956920846,15.623456790123457,0
1400,4647,146,2093.8571428571427,7,0.0,1958,1.1542950676916524,13.41095890410959,0
1400,4663,161,2168.1666666666665,6,0.0,2216,1.0743056703607086,13.763975155279503,0
1400,4703,126,2828.0,5,0.0,1476,1.1683020299064084,11.714285714285714,0
1400,4773,182,1945.142857142857,7,0.0,3047,1.155951312098551,16.74175824175824,0
1400,4777,132,2421.2,5,0.0,1516,1.0933550190179353,11.484848484848484,0
1400,4792,138,2030.5,6,0.0,1740,1.148156105281714,12.608695652173912,0
1400,4795,124,2637.6,5,0.0,1402,1.1458150104924272,11.306451612903226,0
1400,4809,222,1649.5,8,0.0,4262,1.0867192508400048,19.1981981981982,0
1400,4843,169,1929.3333333333333,6,0.0,2475,1.0889593246223506,14.644970414201184,0
1400,4858,173,2034.3333333333333,6,0.0,2492,1.0463228163648322,14.404624277456648,0
1400,4904,151,2008.8,5,0.0,2330,1.2841385698634653,15.43046357615894,0
1400,4920,153,2325.0,6,0.0,2097,1.1257071715285225,13.705882352941176,0
1400,4943,196,2713.1666666666665,6,0.0,1272,0.41608765674367104,6.489795918367347,0
1400,4977,93,2136.0,5,0.0,745,1.0824310449413324,8.010752688172044,0
1400,4992,101,3066.2,5,0.0,934,1.150572507970931,9.247524752475247,0
1500,45,193,2559.4285714285716,7,0.0,2841,0.9584434190285487,14.720207253886011,0
1500,162,195,2086.8571428571427,7,0.0,2474,0.8175989717271425,12.687179487179487,0
1500,165,142,2267.0,6,0.0,1664,1.0370184835495768,11.71830985915493,0
1500,224,96,2892.8,5,0.0,904,1.2326387842209952,9.416666666666666,0
1500,262,124,2644.75,4,0.0,1217,0.9946197345002025,9.814516129032258,0
1500,277,185,2320.0,6,0.0,3079,1.1305143936190474,16.643243243243244,0
1500,308,200,2006.875,8,0.0,3586,1.1265751255772998,17.93,0
1500,336,164,2063.8571428571427,7,0.0,2177,1.0171396797836079,13.274390243902438,0
1500,370,186,2180.4285714285716,7,0.0,3147,1.14309077128536,16.919354838709676,0
1500,374,78,2353.2,5,0.0,558,1.1525369498376756,7.153846153846154,0
1500,485,103,2364.0,5,0.0,518,0.6135714938484353,5.029126213592233,0
1500,504,120,1922.8,5,0.0,1304,1.1379546723003027,10.866666666666667,0
1500,552,150,2410.8,5,0.0,2100,1.1728612573401893,14.0,0
1500,563,228,2406.125,8,0.0,4519,1.0924020622939576,19.82017543859649,0
1500,582,125,2112.6666666666665,6,0.0,1339,1.0768876961681237,10.712,0
1500,717,192,1736.625,8,0.0,3395,1.1573032833048336,17.682291666666668,0
1500,775,198,2785.8333333333335,6,0.0,3089,0.9901417923618887,15.6010101010101,0
1500,877,90,2738.25,4,0.0,899,1.394711997815913,9.988888888888889,0
1500,903,271,1942.1666666666667,6,0.0,2415,0.413226740290538,8.911439114391143,0
1500,943,83,2431.8,5,0.0,639,1.1656134159639295,7.698795180722891,0
1500,969,224,2084.375,8,0.0,4303,1.0776684620852104,19.209821428571427,0
1500,1245,182,1812.2857142857142,7,0.0,2683,1.0178593273253733,14.741758241758241,0
1500,1266,262,2089.0,7,0.0,2393,0.43807652351496856,9.133587786259541,0
1500,1268,107,3218.5,4,0.0,873,0.9582008512826935,8.158878504672897,0
1500,1304,157,1931.5714285714287,7,0.0,2165,1.1037442646796058,13.789808917197453,0
1500,1339,158,2482.0,5,0.0,2108,1.061124389323391,13.341772151898734,0
1500,1407,149,2060.1666666666665,6,0.0,2112,1.1954495174778872,14.174496644295303,0
1500,1429,85,2461.6,5,0.0,628,1.0922741516702505,7.3882352941176475,0
1500,1582,220,2561.3333333333335,6,0.0,1704,0.4424193290675213,7.745454545454545,0
1500,1616,186,2266.25,8,0.0,2871,1.0428387684652904,15.435483870967742,0
1500,1711,137,2512.5,6,0.0,1532,1.0257168619105042,11.182481751824817,0
1500,1733,233,1903.8333333333333,6,0.0,2141,0.49558104745607745,9.188841201716738,0
1500,1803,154,2450.8,5,0.0,1925,1.019997614801881,12.5,0
1500,1839,174,2430.3333333333335,6,0.0,2401,0.9965601745632308,13.798850574712644,0
1500,1842,168,1849.2857142857142,7,0.0,2338,1.0409642324394752,13.916666666666666,0
1500,1952,176,2157.8571428571427,7,0.0,2777,1.1265757746666911,15.778409090909092,0
1500,1972,136,2169.1666666666665,6,0.0,1692,1.1495620177062997,12.441176470588236,0
1500,2010,166,2647.5,6,0.0,2328,1.061638510314565,14.024096385542169,0
1500,2084,105,2429.8,5,0.0,944,1.0759776743723408,8.99047619047619,0
1500,2087,83,2464.6,5,0.0,592,1.0798797218319975,7.132530120481928,0
1500,2090,116,2385.2,5,0.0,908,0.8479685283767932,7.827586206896552,0
1500,2119,169,2421.8,5,0.0,2406,1.058600458602576,14.236686390532544,0
1500,2142,124,3032.6,5,0.0,1268,1.0363005943683292,10.225806451612904,0
1500,2147,196,1454.25,8,0.0,3384,1.106950181148257,17.26530612244898,0
1500,2169,36,2309.5,4,0.0,116,1.1247677401741234,3.2222222222222223,0
1500,2170,183,1879.857142857143,7,0.0,2901,1.0885676237646977,15.852459016393443,0
1500,2175,234,2138.0,8,0.0,3653,0.8383547347186436,15.61111111111111,0
1500,2198,172,2232.0,7,0.0,2619,1.1124704109994141,15.226744186046512,0
1500,2270,186,1700.857142857143,7,0.0,2930,1.0642694502275516,15.75268817204301,0
1500,2281,298,2133.5,6,0.0,2711,0.3836249576092036,9.09731543624161,0
1500,2320,126,1927.6666666666667,6,0.0,1456,1.1524713790946683,11.555555555555555,0
1500,2380,120,2686.2,5,0.0,1299,1.133591349170317,10.825,0
1500,2403,140,2628.0,5,0.0,1860,1.1925229256483705,13.285714285714286,0
1500,2439,191,2385.5,6,0.0,3039,1.0468243824740968,15.910994764397905,0
1500,2521,141,2399.0,6,0.0,1961,1.239507709610097,13.907801418439716,0
1500,2576,281,1869.4285714285713,7,0.0,2832,0.450703025289259,10.078291814946619,0
1500,2585,131,2443.0,6,0.0,1566,1.1467243390295707,11.954198473282442,0
1500,2602,322,1995.0,7,0.0,2968,0.35971787337890154,9.217391304347826,0
1500,2623,144,2296.1666666666665,6,0.0,1784,1.0811345088742652,12.38888888888889,0
1500,2658,82,2292.2,5,0.0,625,1.168051997914111,7.621951219512195,0
1500,2729,147,2841.0,6,0.0,1851,1.0764196402970443,12.591836734693878,0
1500,2744,175,1608.6666666666667,6,0.0,2545,1.044291043707562,14.542857142857143,0
1500,2750,185,1626.4285714285713,7,0.0,2973,1.0915944437250495,16.07027027027027,0
1500,2754,130,1872.2,5,0.0,1515,1.1265119219381152,11.653846153846153,0
1500,2797,284,1922.142857142857,7,0.0,3407,0.5308176041847067,11.996478873239436,0
1500,2837,130,1620.0,5,0.0,1423,1.0581032771735563,10.946153846153846,0
1500,2873,215,1794.0,8,0.0,3994,1.085777917441872,18.57674418604651,0
1500,2907,192,2297.5714285714284,7,0.0,3099,1.0564014359239116,16.140625,0
1500,2953,189,2368.5714285714284,7,0.0,3258,1.1461391187699723,17.238095238095237,0
1500,2970,156,2126.3333333333335,6,0.0,2201,1.1365294922010412,14.10897435897436,0
1500,3006,164,2660.8,5,0.0,2126,0.99331141902616,12.963414634146341,0
1500,3050,111,1908.8,5,0.0,1062,1.083149548936729,9.567567567567568,0
1500,3099,90,2399.6,5,0.0,757,1.1744126611197399,8.411111111111111,0
1500,3100,111,2365.75,4,0.0,942,0.960759769395856,8.486486486486486,0
1500,3129,324,1811.7142857142858,7,0.0,3314,0.3967092689375314,10.228395061728396,0
1500,3131,114,1365.5,6,0.0,1173,1.1342222784428524,10.289473684210526,0
1500,3137,195,1670.0,8,0.0,3113,1.0287734838264329,15.964102564102564,0
1500,3150,145,2280.8333333333335,6,0.0,2047,1.2234654291364198,14.117241379310345,0
1500,3188,91,2385.0,4,0.0,750,1.138120753625091,8.241758241758241,0
1500,3218,53,2347.6,5,0.0,248,1.1094552909793787,4.679245283018868,0
1500,3263,144,2048.8333333333335,6,0.0,1802,1.0920428166992298,12.51388888888889,0
1500,3309,150,2300.3333333333335,6,0.0,1900,1.0611601852125523,12.666666666666666,0
1500,3311,190,2333.0,5,0.0,1678,0.5841099692768612,8.83157894736842,0
1500,3323,144,1756.3333333333333,6,0.0,1743,1.0562878077174016,12.104166666666666,0
1500,3350,296,2062.0,7,0.0,2752,0.3947070390193166,9.297297297297296,0
1500,3469,181,2471.3333333333335,6,0.0,2988,1.1461284880102929,16.50828729281768,0
1500,3478,158,2195.285714285714,7,0.0,2189,1.1018981443211116,13.854430379746836,0
1500,3532,146,1905.1666666666667,6,0.0,1796,1.0587915942667045,12.301369863013699,0
1500,3605,74,2507.4,5,0.0,468,1.0739703154711637,6.324324324324325,0
1500,3614,189,2240.4285714285716,7,0.0,3021,1.0627643578281418,15.984126984126984,0
1500,3619,202,2106.714285714286,7,0.0,2420,0.7452851898526909,11.98019801980198,0
1500,3635,135,2328.8333333333335,6,0.0,1684,1.1611395398946966,12.474074074074075,0
1500,3655,147,2820.8,5,0.0,1906,1.1084040164268862,12.965986394557824,0
1500,3663,132,1824.8333333333333,6,0.0,1573,1.1344640137963142,11.916666666666666,0
1500,3692,108,2350.8333333333335,6,0.0,994,1.070899553384175,9.203703703703704,0
1500,3792,179,2653.0,7,0.0,2708,1.0620683381818494,15.128491620111731,0
1500,3858,185,2143.3333333333335,6,0.0,1450,0.5323955410027991,7.837837837837838,0
1500,3992,300,2195.125,8,0.0,3003,0.4192978994991178,10.01,0
1500,4042,178,1989.6666666666667,6,0.0,2732,1.0835539868207695,15.348314606741573,0
1500,4253,123,1910.0,5,0.0,1294,1.0748154917695003,10.520325203252032,0
1500,4329,213,2654.125,8,0.0,3897,1.079396642733093,18.295774647887324,0
1500,4352,312,2153.8333333333335,6,0.0,3523,0.4547925262408301,11.291666666666666,0
1500,4362,150,2296.4,5,0.0,1941,1.084058904998718,12.94,0
1500,4405,192,2457.8333333333335,6,0.0,3061,1.043447820381766,15.942708333333334,0
1500,4477,334,1970.8333333333333,6,0.0,1958,0.2205614549008145,5.862275449101796,0
1500,4490,274,2457.8333333333335,6,0.0,2734,0.4576223727910114,9.978102189781023,0
1500,4501,177,2131.714285714286,7,0.0,2533,1.0160112600520854,14.310734463276836,0
1500,4539,131,2957.0,4,0.0,1294,0.9475487194790961,9.877862595419847,0
1500,4545,84,2536.2,5,0.0,686,1.2217304763960308,8.166666666666666,0
1500,4591,134,1666.5,6,0.0,1596,1.1169485130606616,11.91044776119403,0
1500,4596,163,1956.0,6,0.0,2565,1.213171012301226,15.736196319018404,0
1500,4647,144,2458.0,6,0.0,1916,1.1611287662573386,13.305555555555555,0
1500,4663,160,2186.8333333333335,6,0.0,2223,1.0912125732703297,13.89375,0
1500,4703,125,2887.8,5,0.0,1419,1.1412275137136427,11.352,0
1500,4773,187,1929.0,7,0.0,3146,1.130538532779718,16.823529411764707,0
1500,4777,130,2454.2,5,0.0,1467,1.0908204551044323,11.284615384615385,0
1500,4792,138,2037.6666666666667,6,0.0,1716,1.1323194693467937,12.434782608695652,0
1500,4795,121,2667.8,5,0.0,1342,1.1518386288142892,11.090909090909092,0
1500,4809,222,1897.7142857142858,7,0.0,4321,1.101762994575237,19.463963963963963,0
1500,4843,171,1918.1666666666667,6,0.0,2517,1.0816851282904838,14.719298245614034,0
1500,4858,173,2062.5,6,0.0,2473,1.038345234699129,14.294797687861271,0
1500,4904,151,2018.2,5,0.0,2310,1.2731159211951093,15.298013245033113,0
1500,4920,153,2359.8333333333335,6,0.0,2112,1.133759440280515,13.803921568627452,0
1500,4943,196,2720.1666666666665,6,0.0,1309,0.4281908354382589,6.678571428571429,0
1500,4977,87,2164.6,5,0.0,654,1.0857981743679348,7.517241379310345,0
1500,4992,99,3126.0,5,0.0,872,1.1180364427835117,8.808080808080808,0
1600,45,193,2590.4285714285716,7,0.0,2894,0.9763235672892009,14.994818652849741,0
1600,162,211,2077.1428571428573,7,0.0,2561,0.7228605634054456,12.137440758293838,0
1600,165,142,2275.6666666666665,6,0.0,1681,1.0476130233454557,11.838028169014084,0
1600,224,91,2934.0,5,0.0,826,1.253450323325767,9.076923076923077,0
1600,262,116,2685.75,4,0.0,1084,1.012332472203132,9.344827586206897,0
1600,277,185,2328.0,6,0.0,3076,1.1294128856031793,16.627027027027026,0
1600,308,204,1986.375,8,0.0,3696,1.1160444490261319,18.11764705882353,0
1600,336,168,2414.3333333333335,6,0.0,2226,0.9910976823824942,13.25,0
1600,370,189,2186.285714285714,7,0.0,3225,1.134529974841363,17.063492063492063,0
1600,374,70,2396.4,5,0.0,455,1.1668772713333517,6.5,0
1600,485,81,2409.0,5,0.0,375,0.7182424905326459,4.62962962962963,0
1600,504,118,1920.2,5,0.0,1241,1.1199989896882887,10.516949152542374,0
1600,552,147,2445.0,5,0.0,2052,1.1933079966988303,13.959183673469388,0
1600,563,228,2414.875,8,0.0,4598,1.1114991552174414,20.166666666666668,0
1600,582,132,2541.0,6,0.0,1389,1.0017612938099685,10.522727272727273,0
1600,717,188,1960.4285714285713,7,0.0,3422,1.216673841170696,18.20212765957447,0
1600,775,199,2803.6666666666665,6,0.0,3091,0.9808502706745841,15.532663316582914,0
1600,877,81,2807.0,4,0.0,748,1.4326543544491177,9.234567901234568,0
1600,903,271,1944.8333333333333,6,0.0,2434,0.41647779953091907,8.981549815498155,0
1600,943,77,2465.4,5,0.0,534,1.1317999507619831,6.935064935064935,0
1600,969,227,2077.875,8,0.0,4408,1.074978394071207,19.41850220264317,0
1600,1245,185,1781.857142857143,7,0.0,2718,0.9979662623762813,14.691891891891892,0
1600,1266,267,2071.714285714286,7,0.0,2449,0.43169411318107437,9.172284644194757,0
1600,1268,98,3303.75,4,0.0,753,0.9852641683269947,7.683673469387755,0
1600,1304,161,1913.142857142857,7,0.0,2248,1.0898191096438956,13.962732919254659,0
1600,1339,152,2558.8,5,0.0,2024,1.1008627996651215,13.31578947368421,0
1600,1407,149,2071.5,6,0.0,2099,1.188091163440381,14.087248322147651,0
1600,1429,75,2471.4,5,0.0,511,1.141584957144451,6.8133333333333335,0
1600,1582,220,2589.8333333333335,6,0.0,1707,0.44319823633700633,7.759090909090909,0
1600,1616,188,2266.75,8,0.0,3016,1.072322707472478,16.04255319148936,0
1600,1711,136,2529.3333333333335,6,0.0,1523,1.0347416979708597,11.198529411764707,0
1600,1733,234,1914.1666666666667,6,0.0,2154,0.49433783153133276,9.205128205128204,0
1600,1803,151,2495.6,5,0.0,1865,1.02786198832419,12.350993377483444,0
1600,1839,177,2450.1666666666665,6,0.0,2421,0.9710869564098297,13.677966101694915,0
1600,1842,169,1831.5714285714287,7,0.0,2385,1.0493608037269924,14.112426035502958,0
1600,1952,178,2176.5714285714284,7,0.0,2853,1.1315444818446763,16.028089887640448,0
1600,1972,137,2146.5,6,0.0,1709,1.1442233139719657,12.474452554744525,0
1600,2010,165,2680.1666666666665,6,0.0,2333,1.076853724271807,14.139393939393939,0
1600,2084,102,2465.6,5,0.0,885,1.0689386768269769,8.676470588235293,0
1600,2087,78,2486.8,5,0.0,516,1.0657868568391409,6.615384615384615,0
1600,2090,100,2430.2,5,0.0,840,1.0555751316061706,8.4,0
1600,2119,168,2456.2,5,0.0,2341,1.0422999436017157,13.93452380952381,0
1600,2142,121,3071.4,5,0.0,1212,1.0402596260230392,10.016528925619834,0
1600,2147,200,1440.0,8,0.0,3489,1.0961016768374787,17.445,0
1600,2170,185,1867.0,7,0.0,2975,1.092328782402295,16.08108108108108,0
1600,2175,237,2124.875,8,0.0,3738,0.8362814605293771,15.772151898734178,0
1600,2198,173,2230.5714285714284,7,0.0,2665,1.1189607967946538,15.404624277456648,0
1600,2270,184,1981.1666666666667,6,0.0,2933,1.0886449968075216,15.940217391304348,0
1600,2281,296,2144.3333333333335,6,0.0,2719,0.38997399676363437,9.18581081081081,0
1600,2320,127,1929.8333333333333,6,0.0,1462,1.139068376104725,11.511811023622048,0
1600,2380,117,2749.8,5,0.0,1251,1.1484059930282216,10.692307692307692,0
1600,2403,139,2642.0,5,0.0,1827,1.1882800637872888,13.143884892086332,0
1600,2439,191,2407.0,6,0.0,3050,1.0506134802717984,15.968586387434556,0
1600,2521,141,2439.1666666666665,6,0.0,1946,1.230026518562595,13.801418439716311,0
1600,2576,286,1872.5714285714287,7,0.0,2893,0.44445339854444094,10.115384615384615,0
1600,2585,130,2467.5,6,0.0,1554,1.1555112387404824,11.953846153846154,0
1600,2602,320,1989.857142857143,7,0.0,3034,0.37232781683560284,9.48125,0
1600,2623,146,2315.1666666666665,6,0.0,1801,1.0617392323353758,12.335616438356164,0
1600,2658,74,2337.0,5,0.0,524,1.202479583989081,7.081081081081081,0
1600,2729,149,2877.0,6,0.0,1885,1.0669613354383605,12.651006711409396,0
1600,2744,178,1848.5714285714287,7,0.0,2620,1.0391330327490542,14.719101123595506,0
1600,2750,188,1613.857142857143,7,0.0,3032,1.078011422100979,16.127659574468087,0
1600,2754,128,1859.4,5,0.0,1480,1.1351457830353744,11.5625,0
1600,2797,289,1986.0,8,0.0,3504,0.527203489334593,12.124567474048442,0
1600,2837,128,1623.8,5,0.0,1370,1.0507768397016641,10.703125,0
1600,2873,219,1772.5,8,0.0,4103,1.0750363551784927,18.735159817351597,0
1600,2907,193,2304.5714285714284,7,0.0,3179,1.072471534351199,16.471502590673577,0
1600,2953,188,2398.5714285714284,7,0.0,3306,1.1754306601140623,17.585106382978722,0
1600,2970,159,2318.5,6,0.0,2237,1.111940629892863,14.069182389937106,0
1600,3006,161,2690.8,5,0.0,2071,1.004010398608767,12.863354037267081,0
1600,3050,108,1923.0,5,0.0,1010,1.0881373731569586,9.351851851851851,0
1600,3099,85,2433.4,5,0.0,655,1.1392349830318695,7.705882352941177,0
1600,3100,102,2385.0,4,0.0,818,0.9880133758694544,8.019607843137255,0
1600,3129,326,1818.857142857143,7,0.0,3383,0.4000153542509794,10.377300613496933,0
1600,3131,114,1324.5,6,0.0,1177,1.1380900440982415,10.324561403508772,0
1600,3137,196,1900.2857142857142,7,0.0,3224,1.0546121111176066,16.448979591836736,0
1600,3150,145,2292.3333333333335,6,0.0,2053,1.2270515515471763,14.158620689655173,0
1600,3188,81,2442.75,4,0.0,590,1.130034851771363,7.283950617283951,0
1600,3263,146,2050.0,6,0.0,1831,1.0794250607474032,12.54109589041096,0
1600,3309,150,2310.1666666666665,6,0.0,1903,1.062835701294467,12.686666666666667,0
1600,3311,186,2341.0,5,0.0,1676,0.6087766548059306,9.010752688172044,0
1600,3323,145,1745.5,6,0.0,1746,1.0435616215301364,12.041379310344828,0
1600,3350,298,2059.5714285714284,7,0.0,2817,0.3986246793010426,9.453020134228188,0
1600,3469,181,2513.1666666666665,6,0.0,3002,1.1514985679407295,16.585635359116022,0
1600,3478,159,2199.8571428571427,7,0.0,2211,1.0990168675427447,13.90566037735849,0
1600,3532,154,1902.0,6,0.0,1819,0.9638315123764266,11.811688311688311,0
1600,3605,57,2829.75,4,0.0,291,1.125519805718227,5.105263157894737,0
1600,3614,192,2257.8571428571427,7,0.0,3090,1.0533334743481404,16.09375,0
1600,3619,206,2105.4285714285716,7,0.0,2520,0.7462356006264755,12.233009708737864,0
1600,3635,133,2340.6666666666665,6,0.0,1688,1.199165221156554,12.691729323308271,0
1600,3655,145,2863.0,5,0.0,1849,1.1051233895814558,12.751724137931035,0
1600,3663,133,1817.3333333333333,6,0.0,1581,1.1231517859292133,11.887218045112782,0
1600,3692,111,2725.6666666666665,6,0.0,1091,1.1127270789924402,9.82882882882883,0
1600,3792,182,2651.1428571428573,7,0.0,2784,1.0561760593640845,15.296703296703297,0
1600,3858,182,2524.0,5,0.0,1406,0.533399259865626,7.725274725274725,0
1600,3992,304,2170.25,8,0.0,3149,0.4281888532788374,10.358552631578947,0
1600,4042,180,1978.5,6,0.0,2786,1.0805527324569337,15.477777777777778,0
1600,4253,119,1929.8,5,0.0,1225,1.0870562815189595,10.294117647058824,0
1600,4329,214,2664.125,8,0.0,4024,1.1041810497026228,18.80373831775701,0
1600,4352,312,2185.1666666666665,6,0.0,3512,0.45337250983758026,11.256410256410257,0
1600,4362,148,2337.4,5,0.0,1896,1.087739165669512,12.81081081081081,0
1600,4405,193,2516.1666666666665,6,0.0,3083,1.0400848507092628,15.974093264248705,0
1600,4477,332,1967.0,6,0.0,1940,0.2211746896488677,5.843373493975903,0
1600,4490,275,2470.6666666666665,6,0.0,2774,0.46094693665100617,10.087272727272728,0
1600,4501,178,2127.0,7,0.0,2598,1.0304074881992529,14.595505617977528,0
1600,4539,126,3001.5,4,0.0,1186,0.938757593136179,9.412698412698413,0
1600,4545,79,2576.6,5,0.0,593,1.19401662783448,7.506329113924051,0
1600,4591,135,1646.6666666666667,6,0.0,1605,1.1066680294127007,11.88888888888889,0
1600,4596,163,1968.0,6,0.0,2570,1.2155358680756925,15.766871165644172,0
1600,4647,140,2467.5,6,0.0,1885,1.2085514595952571,13.464285714285714,0
1600,4663,161,2211.5,6,0.0,2231,1.0815775950247026,13.857142857142858,0
1600,4703,121,2950.0,5,0.0,1357,1.1647131291363566,11.214876033057852,0
1600,4773,189,1911.857142857143,7,0.0,3246,1.1419176118868417,17.174603174603174,0
1600,4777,128,2488.4,5,0.0,1434,1.0998642249140047,11.203125,0
1600,4792,139,2038.0,6,0.0,1695,1.102427316978355,12.194244604316546,0
1600,4795,119,2704.8,5,0.0,1292,1.146511604671425,10.857142857142858,0
1600,4809,224,1914.142857142857,7,0.0,4392,1.0999581421050997,19.607142857142858,0
1600,4843,178,2149.4285714285716,7,0.0,2622,1.0399262640717635,14.730337078651685,0
1600,4858,171,2076.5,6,0.0,2469,1.0610570447950753,14.43859649122807,0
1600,4904,155,2524.8,5,0.0,2352,1.2302228380841946,15.174193548387096,0
1600,4920,150,2377.6666666666665,6,0.0,2120,1.1840313645529532,14.133333333333333,0
1600,4943,197,2732.8333333333335,6,0.0,1322,0.4280641591430551,6.710659898477157,0
1600,4977,79,2193.0,5,0.0,549,1.1054218021604207,6.949367088607595,0
1600,4992,95,3172.0,5,0.0,796,1.1083469262082994,8.378947368421052,0
1700,45,193,2622.8571428571427,7,0.0,2941,0.9921795478222322,15.238341968911918,0
1700,162,232,2009.5,8,0.0,2719,0.63480903872701,11.719827586206897,0
1700,165,141,2280.6666666666665,6,0.0,1703,1.0764312235930622,12.078014184397164,0
1700,224,86,2979.2,5,0.0,746,1.2675111517458009,8.674418604651162,0
1700,262,109,2722.0,4,0.0,966,1.0217249401120243,8.862385321100918,0
1700,277,186,2333.6666666666665,6,0.0,3075,1.1169380748975157,16.532258064516128,0
1700,308,208,1965.5,8,0.0,3826,1.111291927943283,18.39423076923077,0
1700,336,166,2452.0,6,0.0,2209,1.0073709060502036,13.30722891566265,0
1700,370,190,2202.1428571428573,7,0.0,3317,1.1546440811033067,17.457894736842107,0
1700,374,58,2468.8,5,0.0,324,1.2103163136303126,5.586206896551724,0
1700,485,37,2419.75,4,0.0,115,1.0556118485400328,3.108108108108108,0
1700,504,116,1917.2,5,0.0,1185,1.1066549626943831,10.21551724137931,0
1700,552,146,2484.8,5,0.0,2020,1.1908457797431755,13.835616438356164,0
1700,563,229,2421.125,8,0.0,4668,1.1185869458597018,20.38427947598253,0
1700,582,130,2562.8333333333335,6,0.0,1388,1.032078249273996,10.676923076923076,0
1700,717,188,1955.4285714285713,7,0.0,3440,1.2230736451277602,18.29787234042553,0
1700,775,199,2815.1666666666665,6,0.0,3099,0.9833888672987823,15.57286432160804,0
1700,877,72,2868.5,4,0.0,593,1.4374725644897741,8.23611111111111,0
1700,903,274,1940.8333333333333,6,0.0,2445,0.4092489763986917,8.923357664233576,0
1700,943,68,2500.8,5,0.0,417,1.1332561734835154,6.132352941176471,0
1700,969,228,2066.125,8,0.0,4528,1.0945776804751142,19.859649122807017,0
1700,1245,180,2026.6666666666667,6,0.0,2708,1.0503003587556987,15.044444444444444,0
1700,1266,269,2058.8571428571427,7,0.0,2499,0.4339818433311255,9.28996282527881,0
1700,1268,88,3385.5,4,0.0,626,1.0158248972867823,7.113636363636363,0
1700,1304,163,1889.4285714285713,7,0.0,2313,1.0939822812681232,14.190184049079754,0
1700,1339,150,2611.8,5,0.0,1970,1.1002555604572253,13.133333333333333,0
1700,1407,151,2094.0,6,0.0,2085,1.1491111236761054,13.80794701986755,0
1700,1429,66,2487.0,5,0.0,369,1.0645066016295994,5.590909090909091,0
1700,1582,220,2610.5,6,0.0,1711,0.4442367793629864,7.777272727272727,0
1700,1616,191,2266.125,8,0.0,3168,1.0912601657380516,16.586387434554975,0
1700,1711,137,2548.5,6,0.0,1519,1.0170129981997753,11.087591240875913,0
1700,1733,236,1935.6666666666667,6,0.0,2164,0.4882509697190687,9.169491525423728,0
1700,1803,150,2532.6,5,0.0,1825,1.0192722831646885,12.166666666666666,0
1700,1839,175,2974.8,5,0.0,2386,0.9790484991301546,13.634285714285713,0
1700,1842,171,1818.7142857142858,7,0.0,2422,1.0408587130391544,14.163742690058479,0
1700,1952,178,2189.714285714286,7,0.0,2923,1.1593075781394981,16.421348314606742,0
1700,1972,138,2126.3333333333335,6,0.0,1737,1.1461765257898489,12.58695652173913,0
1700,2010,166,2727.1666666666665,6,0.0,2343,1.0684789646336021,14.114457831325302,0
1700,2084,97,2508.4,5,0.0,804,1.0737976377877325,8.288659793814434,0
1700,2087,69,2518.6,5,0.0,408,1.076891243574573,5.913043478260869,0
1700,2090,94,2476.2,5,0.0,752,1.0694783501582275,8.0,0
1700,2119,166,2497.0,5,0.0,2294,1.0461334805247475,13.819277108433734,0
1700,2142,117,3111.0,5,0.0,1158,1.0630328856328382,9.897435897435898,0
1700,2147,203,1412.0,8,0.0,3594,1.0959629204301697,17.704433497536947,0
1700,2170,186,1850.857142857143,7,0.0,3041,1.1045881904921449,16.349462365591396,0
1700,2175,239,2116.0,8,0.0,3799,0.8357634138749409,15.895397489539748,0
1700,2198,174,2229.1428571428573,7,0.0,2704,1.1223234952182324,15.540229885057471,0
1700,2270,183,1973.0,6,0.0,2945,1.1050781289165923,16.092896174863387,0
1700,2281,297,2146.8333333333335,6,0.0,2746,0.3911987859178801,9.245791245791246,0
1700,2320,128,1936.3333333333333,6,0.0,1466,1.1244079175201749,11.453125,0
1700,2380,116,2805.4,5,0.0,1208,1.1281343417171432,10.413793103448276,0
1700,2403,137,2660.6,5,0.0,1789,1.1977855521918355,13.058394160583942,0
1700,2439,192,2432.3333333333335,6,0.0,3060,1.043106935762236,15.9375,0
1700,2521,142,2463.8333333333335,6,0.0,1938,1.2077775367302162,13.647887323943662,0
1700,2576,289,1871.7142857142858,7,0.0,2959,0.44520408816811097,10.238754325259515,0
1700,2585,130,2488.5,6,0.0,1559,1.1592290998689911,11.992307692307692,0
1700,2602,321,1983.4285714285713,7,0.0,3097,0.37769479908648357,9.64797507788162,0
1700,2623,148,2340.1666666666665,6,0.0,1815,1.0412692962500867,12.263513513513514,0
1700,2658,65,2390.6,5,0.0,405,1.2045870056367962,6.230769230769231,0
1700,2729,149,2897.3333333333335,6,0.0,1911,1.0816780435133724,12.825503355704697,0
1700,2744,191,2214.285714285714,7,0.0,2817,0.970353499647756,14.74869109947644,0
1700,2750,190,1608.5714285714287,7,0.0,3093,1.0766699254906626,16.278947368421054,0
1700,2754,127,1843.2,5,0.0,1455,1.1336145603504615,11.456692913385826,0
1700,2797,299,2253.0,7,0.0,3673,0.5162837022688923,12.284280936454849,0
1700,2837,125,1624.4,5,0.0,1333,1.0720622098522097,10.664,0
1700,2873,221,1754.5,8,0.0,4221,1.0860271158086456,19.099547511312217,0
1700,2907,195,2314.0,7,0.0,3258,1.0766925828160994,16.70769230769231,0
1700,2953,189,2409.285714285714,7,0.0,3358,1.1813183427960612,17.767195767195766,0
1700,2970,160,2343.6666666666665,6,0.0,2233,1.0961213117915638,13.95625,0
1700,3006,160,2714.0,5,0.0,2019,0.9910743074371551,12.61875,0
1700,3050,106,1933.8,5,0.0,969,1.0837320332248166,9.141509433962264,0
1700,3099,76,2468.0,5,0.0,541,1.1770094360055943,7.118421052631579,0
1700,3100,93,2394.0,4,0.0,680,0.9879907524296725,7.311827956989247,0
1700,3129,329,1809.4285714285713,7,0.0,3461,0.40180900671923847,10.519756838905774,0
1700,3131,115,1283.3333333333333,6,0.0,1192,1.132636202065492,10.365217391304348,0
1700,3137,198,1898.0,7,0.0,3294,1.0558520764130985,16.636363636363637,0
1700,3150,144,2304.6666666666665,6,0.0,2047,1.2405170065390252,14.215277777777779,0
1700,3188,67,2497.25,4,0.0,414,1.1589390586644457,6.17910447761194,0
1700,3263,147,2056.3333333333335,6,0.0,1871,1.0880503225260776,12.727891156462585,0
1700,3309,149,2318.0,6,0.0,1904,1.0777158528777921,12.778523489932885,0
1700,3311,194,2387.3333333333335,6,0.0,1743,0.5819742794353289,8.984536082474227,0
1700,3323,143,1732.1666666666667,6,0.0,1752,1.0766434210160531,12.251748251748252,0
1700,3350,299,2062.1428571428573,7,0.0,2872,0.40369365448305433,9.605351170568563,0
1700,3469,182,2555.0,6,0.0,3021,1.1460875989004666,16.5989010989011,0
1700,3478,161,2207.285714285714,7,0.0,2242,1.0869103397782982,13.925465838509316,0
1700,3532,174,1889.8333333333333,6,0.0,1868,0.775332947140406,10.735632183908047,0
1700,3614,195,2266.4285714285716,7,0.0,3167,1.0466192172432742,16.24102564102564,0
1700,3619,207,2099.8571428571427,7,0.0,2624,0.7695431980227885,12.676328502415458,0
1700,3635,134,2355.8333333333335,6,0.0,1682,1.1771349617594191,12.552238805970148,0
1700,3655,143,2912.2,5,0.0,1803,1.10798406854563,12.608391608391608,0
1700,3663,133,1819.6666666666667,6,0.0,1600,1.1366494987265914,12.030075187969924,0
1700,3692,111,2744.1666666666665,6,0.0,1102,1.1239461421170203,9.927927927927929,0
1700,3792,186,2651.1428571428573,7,0.0,2863,1.0399329133110855,15.39247311827957,0
1700,3858,172,2609.0,5,0.0,1297,0.5509255910905844,7.540697674418604,0
1700,3992,309,2151.875,8,0.0,3265,0.4297106236411715,10.566343042071198,0
1700,4042,183,1955.8333333333333,6,0.0,2859,1.0728075961197072,15.62295081967213,0
1700,4253,115,1951.0,5,0.0,1161,1.1031800592265406,10.095652173913043,0
1700,4329,218,2675.25,8,0.0,4131,1.0923254988620013,18.94954128440367,0
1700,4352,310,2212.1666666666665,6,0.0,3523,0.46067974687187685,11.364516129032259,0
1700,4362,147,2366.0,5,0.0,1861,1.0822349814115608,12.65986394557823,0
1700,4405,194,2559.5,6,0.0,3100,1.0350661309521052,15.97938144329897,0
1700,4477,328,1963.8333333333333,6,0.0,1927,0.2250836199980492,5.875,0
1700,4490,280,2940.6666666666665,6,0.0,2856,0.45777492952308413,10.2,0
1700,4501,179,2120.0,7,0.0,2666,1.0455960818289554,14.893854748603353,0
1700,4539,121,3042.5,4,0.0,1082,0.9286806232317891,8.942148760330578,0
1700,4545,71,2639.4,5,0.0,473,1.179109958459014,6.661971830985915,0
1700,4591,135,1626.8333333333333,6,0.0,1620,1.1170107212763707,12.0,0
1700,4596,165,1976.0,6,0.0,2593,1.196863140607285,15.715151515151515,0
1700,4647,138,2470.0,6,0.0,1852,1.2220604063113414,13.420289855072463,0
1700,4663,161,2238.8333333333335,6,0.0,2239,1.0854559548454994,13.906832298136646,0
1700,4703,119,3006.4,5,0.0,1303,1.1562729263830238,10.949579831932773,0
1700,4773,191,1896.142857142857,7,0.0,3342,1.1511968036289673,17.49738219895288,0
1700,4777,126,2510.4,5,0.0,1396,1.1049794266594486,11.079365079365079,0
1700,4792,138,2036.1666666666667,6,0.0,1665,1.0986666179850884,12.065217391304348,0
1700,4795,116,2736.4,5,0.0,1243,1.1608203532735175,10.71551724137931,0
1700,4809,226,1940.4285714285713,7,0.0,4489,1.1044411795727607,19.86283185840708,0
1700,4843,183,2136.714285714286,7,0.0,2697,1.0120189180604582,14.737704918032787,0
1700,4858,170,2085.6666666666665,6,0.0,2470,1.074011606140732,14.529411764705882,0
1700,4904,155,2558.8,5,0.0,2311,1.208777627046162,14.90967741935484,0
1700,4920,150,2385.6666666666665,6,0.0,2144,1.1974354932082696,14.293333333333333,0
1700,4943,195,2756.6666666666665,6,0.0,1338,0.44217761688395985,6.861538461538461,0
1700,4977,71,2227.0,5,0.0,434,1.081889475626241,6.112676056338028,0
1700,4992,89,3226.4,5,0.0,691,1.0962456879841167,7.764044943820225,0
1800,45,193,2640.285714285714,7,0.0,2974,1.0033124703241478,15.409326424870466,0
1800,162,233,2299.8571428571427,7,0.0,2780,0.6434915048705723,11.931330472103005,0
1800,165,139,2287.5,6,0.0,1714,1.1147849093220652,12.33093525179856,0
1800,224,81,3031.2,5,0.0,652,1.2487842768727602,8.049382716049383,0
1800,262,102,2760.25,4,0.0,842,1.0170015433766266,8.254901960784315,0
1800,277,187,2323.8333333333335,6,0.0,3110,1.1176016646360212,16.63101604278075,0
1800,308,213,1948.625,8,0.0,3982,1.1029400645017131,18.694835680751172,0
1800,336,165,2489.6666666666665,6,0.0,2206,1.0182337401387085,13.36969696969697,0
1800,370,194,2206.714285714286,7,0.0,3410,1.138572744047316,17.577319587628867,0
1800,374,39,2534.2,5,0.0,145,1.1979774747416698,3.717948717948718,0
1800,504,112,1921.8,5,0.0,1124,1.1260045097687905,10.035714285714286,0
1800,552,145,2537.8,5,0.0,1989,1.1887995791657737,13.717241379310344,0
1800,563,231,2426.0,8,0.0,4739,1.1160216326801993,20.515151515151516,0
1800,582,129,2587.1666666666665,6,0.0,1384,1.0451209020054741,10.728682170542635,0
1800,717,189,1949.4285714285713,7,0.0,3457,1.216145774581889,18.29100529100529,0
1800,775,201,2827.3333333333335,6,0.0,3092,0.9617390148659329,15.383084577114428,0
1800,877,60,2936.5,4,0.0,414,1.4451326206513047,6.9,0
1800,903,275,1945.1666666666667,6,0.0,2460,0.4087705350257661,8.945454545454545,0
1800,943,54,2545.8,5,0.0,250,1.0773637357989687,4.62962962962963,0
1800,969,230,2051.25,8,0.0,4655,1.1057931041558025,20.23913043478261,0
1800,1245,177,2026.1666666666667,6,0.0,2704,1.0846010450773151,15.27683615819209,0
1800,1266,272,2048.0,7,0.0,2547,0.43261442953574847,9.363970588235293,0
1800,1268,78,3474.0,4,0.0,481,0.9934951126736953,6.166666666666667,0
1800,1304,168,1865.142857142857,7,0.0,2395,1.0663427445220457,14.255952380952381,0
1800,1339,149,2659.2,5,0.0,1930,1.092432560952804,12.953020134228188,0
1800,1407,152,2101.0,6,0.0,2082,1.1324092632918887,13.697368421052632,0
1800,1429,35,2763.75,4,0.0,112,1.1489253133128385,3.2,0
1800,1582,219,2638.5,6,0.0,1707,0.44725494961971407,7.794520547945205,0
1800,1616,195,2265.75,8,0.0,3307,1.0928859335091592,16.95897435897436,0
1800,1711,136,2585.3333333333335,6,0.0,1495,1.015718213044278,10.992647058823529,0
1800,1733,236,1944.8333333333333,6,0.0,2177,0.4911840855260686,9.224576271186441,0
1800,1803,148,2567.6,5,0.0,1785,1.0240582335021513,12.06081081081081,0
1800,1839,170,3041.4,5,0.0,2319,1.008353406736987,13.641176470588235,0
1800,1842,174,1802.2857142857142,7,0.0,2468,1.0243692256651618,14.183908045977011,0
1800,1952,182,2203.714285714286,7,0.0,2994,1.1358445121178409,16.45054945054945,0
1800,1972,142,2223.5714285714284,7,0.0,1838,1.1454567144015155,12.943661971830986,0
1800,2010,166,2757.6666666666665,6,0.0,2347,1.0703030857853453,14.13855421686747,0
1800,2084,92,2557.4,5,0.0,716,1.0630341871315179,7.782608695652174,0
1800,2087,58,2552.0,5,0.0,270,1.0085969280252605,4.655172413793103,0
1800,2090,88,2527.8,5,0.0,665,1.0791111129324444,7.556818181818182,0
1800,2119,165,2514.4,5,0.0,2248,1.0376198766236702,13.624242424242425,0
1800,2142,116,3152.8,5,0.0,1097,1.0244729907812138,9.456896551724139,0
1800,2147,206,1380.375,8,0.0,3708,1.0980323837789567,18.0,0
1800,2170,188,1832.7142857142858,7,0.0,3114,1.107166084572048,16.56382978723404,0
1800,2175,240,2109.875,8,0.0,3875,0.8453938564347533,16.145833333333332,0
1800,2198,176,2228.1428571428573,7,0.0,2756,1.118056476406698,15.659090909090908,0
1800,2270,184,1962.1666666666667,6,0.0,2984,1.107574725698481,16.217391304347824,0
1800,2281,294,2148.8333333333335,6,0.0,2778,0.4038754404031859,9.448979591836734,0
1800,2320,131,1939.5,6,0.0,1468,1.0749625349268264,11.206106870229007,0
1800,2380,114,2864.4,5,0.0,1163,1.1245528643043796,10.201754385964913,0
1800,2403,138,2687.6,5,0.0,1768,1.1666321805391209,12.81159420289855,0
1800,2439,194,2453.0,6,0.0,3071,1.0253832542431984,15.829896907216495,0
1800,2521,142,2482.8333333333335,6,0.0,1933,1.204661495613781,13.612676056338028,0
1800,2576,294,1876.7142857142858,7,0.0,3027,0.4400759388410525,10.295918367346939,0
1800,2585,131,2516.6666666666665,6,0.0,1560,1.1423307591865455,11.908396946564885,0
1800,2602,321,1980.142857142857,7,0.0,3168,0.3863536078482338,9.869158878504672,0
1800,2623,149,2350.1666666666665,6,0.0,1822,1.0313016197181393,12.228187919463087,0
1800,2658,53,2453.2,5,0.0,266,1.189980271776269,5.018867924528302,0
1800,2729,149,2916.8333333333335,6,0.0,1932,1.0935646154201126,12.966442953020135,0
1800,2744,197,2199.5714285714284,7,0.0,2920,0.945497235020969,14.82233502538071,0
1800,2750,196,1571.857142857143,7,0.0,3202,1.047415626488392,16.336734693877553,0
1800,2754,128,1827.8,5,0.0,1442,1.1060001480655473,11.265625,0
1800,2797,304,2260.8571428571427,7,0.0,3712,0.504743418028277,12.210526315789474,0
1800,2837,125,1611.8,5,0.0,1321,1.0624112372203818,10.568,0
1800,2873,225,1729.625,8,0.0,4357,1.0815146028002551,19.364444444444445,0
1800,2907,199,2327.0,7,0.0,3353,1.0639893101170754,16.849246231155778,0
1800,2953,190,2420.8571428571427,7,0.0,3405,1.1852767850939885,17.92105263157895,0
1800,2970,159,2372.8333333333335,6,0.0,2232,1.1094552909793787,14.037735849056604,0
1800,3006,158,2736.4,5,0.0,1982,0.9976985482158259,12.544303797468354,0
1800,3050,105,1946.0,5,0.0,917,1.0452028891943186,8.733333333333333,0
1800,3099,66,2511.2,5,0.0,402,1.1597063790111082,6.090909090909091,0
1800,3100,83,2409.25,4,0.0,537,0.9795530584861193,6.469879518072289,0
1800,3129,332,1801.0,7,0.0,3536,0.4031307745352558,10.650602409638553,0
1800,3131,118,1243.1666666666667,6,0.0,1207,1.0893140858612125,10.228813559322035,0
1800,3137,198,1899.0,7,0.0,3345,1.0721995129331554,16.893939393939394,0
1800,3150,145,2311.1666666666665,6,0.0,2059,1.2306376739579328,14.2,0
1800,3188,47,2566.25,4,0.0,197,1.1206767818147383,4.191489361702128,0
1800,3263,150,2047.0,6,0.0,1924,1.0745643138678689,12.826666666666666,0
1800,3309,149,2326.5,6,0.0,1912,1.0822440707470264,12.832214765100671,0
1800,3311,200,2848.1666666666665,6,0.0,1823,0.5727123407494193,9.115,0
1800,3323,144,1718.0,6,0.0,1768,1.0714382352520746,12.277777777777779,0
1800,3350,303,2065.4285714285716,7,0.0,2935,0.40172856422729986,9.686468646864686,0
1800,3469,181,2599.5,6,0.0,3044,1.1676088077320388,16.81767955801105,0
1800,3478,161,2206.285714285714,7,0.0,2264,1.0975758292854894,14.062111801242237,0
1800,3532,186,1867.6666666666667,6,0.0,1948,0.7075757300488977,10.473118279569892,0
1800,3614,197,2273.1428571428573,7,0.0,3229,1.0455515657132564,16.390862944162436,0
1800,3619,211,2352.714285714286,7,0.0,2718,0.7671749360937137,12.881516587677725,0
1800,3635,134,2369.6666666666665,6,0.0,1687,1.1806341738930677,12.58955223880597,0
1800,3655,141,2981.6,5,0.0,1774,1.1213088612179052,12.581560283687944,0
1800,3663,134,1798.0,6,0.0,1627,1.1386436282892836,12.14179104477612,0
1800,3692,109,2767.6666666666665,6,0.0,1105,1.1687433321157215,10.137614678899082,0
1800,3792,186,2657.714285714286,7,0.0,2907,1.0559151166592124,15.629032258064516,0
1800,3858,165,2651.6,5,0.0,1213,0.5598900846728256,7.351515151515152,0
1800,3992,317,2129.125,8,0.0,3386,0.4234267521840217,10.681388012618296,0
1800,4042,192,1890.4285714285713,7,0.0,3015,1.0277671278833795,15.703125,0
1800,4253,111,1980.0,5,0.0,1098,1.1198664827989913,9.891891891891891,0
1800,4329,219,2689.375,8,0.0,4220,1.1056917910926733,19.269406392694062,0
1800,4352,310,2239.8333333333335,6,0.0,3529,0.46146432776351215,11.383870967741936,0
1800,4362,146,2401.0,5,0.0,1836,1.0823726988160742,12.575342465753424,0
1800,4405,196,2603.5,6,0.0,3121,1.0209194785353752,15.923469387755102,0
1800,4477,327,1960.5,6,0.0,1931,0.22693246599451564,5.90519877675841,0
1800,4490,280,2981.0,6,0.0,2882,0.4619423483492747,10.292857142857143,0
1800,4501,182,2110.1428571428573,7,0.0,2749,1.0428979839051251,15.104395604395604,0
1800,4539,116,3087.5,4,0.0,988,0.9226794119342199,8.517241379310345,0
1800,4545,60,2681.0,5,0.0,333,1.1623892818282233,5.55,0
1800,4591,136,1603.1666666666667,6,0.0,1635,1.1108356376771868,12.022058823529411,0
1800,4596,163,2407.4,5,0.0,2542,1.2022926757386811,15.595092024539877,0
1800,4647,138,2463.3333333333335,6,0.0,1834,1.2101829293601514,13.289855072463768,0
1800,4663,161,2254.8333333333335,6,0.0,2242,1.0869103397782982,13.925465838509316,0
1800,4703,117,3066.4,5,0.0,1249,1.1465700122240199,10.675213675213675,0
1800,4773,196,1875.2857142857142,7,0.0,3458,1.131156538537433,17.642857142857142,0
1800,4777,125,2534.4,5,0.0,1361,1.0945811459931414,10.888,0
1800,4792,132,2424.0,5,0.0,1583,1.1416761181433983,11.992424242424242,0
1800,4795,114,2776.6,5,0.0,1190,1.150660282478256,10.43859649122807,0
1800,4809,229,1933.5714285714287,7,0.0,4609,1.1044488503571905,20.12663755458515,0
1800,4843,186,2126.1428571428573,7,0.0,2767,1.0050626514606262,14.876344086021506,0
1800,4858,170,2101.3333333333335,6,0.0,2475,1.07618571870377,14.558823529411764,0
1800,4904,154,2589.0,5,0.0,2274,1.2049218576932348,14.766233766233766,0
1800,4920,150,2396.8333333333335,6,0.0,2164,1.2086056004210333,14.426666666666666,0
1800,4943,196,2773.5,6,0.0,1352,0.4422566917589963,6.8979591836734695,0
1800,4977,58,2269.4,5,0.0,285,1.0646300906933306,4.913793103448276,0
1800,4992,81,3286.8,5,0.0,576,1.1032204654581441,7.111111111111111,0
1900,45,194,2662.285714285714,7,0.0,3018,1.0076869623269207,15.556701030927835,0
1900,162,231,2305.0,7,0.0,2821,0.6643378404285383,12.212121212121213,0
1900,165,140,2300.1666666666665,6,0.0,1742,1.1168682454190653,12.442857142857143,0
1900,224,75,3091.6,5,0.0,557,1.2443499435018772,7.426666666666667,0
1900,262,95,2811.25,4,0.0,704,0.9802465277018123,7.410526315789474,0
1900,277,189,2843.3333333333335,6,0.0,3162,1.1123670637049272,16.73015873015873,0
1900,308,224,2614.5,8,0.0,4261,1.067149736682566,19.022321428571427,0
1900,336,164,2513.3333333333335,6,0.0,2195,1.0255496541685896,13.384146341463415,0
1900,370,200,2200.1428571428573,7,0.0,3529,1.108668047451838,17.645,0
1900,504,109,1925.6,5,0.0,1067,1.1285512537262214,9.788990825688073,0
1900,552,144,2604.2,5,0.0,1958,1.1865814845155893,13.597222222222221,0
1900,563,231,2422.875,8,0.0,4803,1.131093458907575,20.792207792207794,0
1900,582,129,2600.8333333333335,6,0.0,1383,1.0443657568450657,10.720930232558139,0
1900,717,191,1937.7142857142858,7,0.0,3506,1.207688807158336,18.356020942408378,0
1900,775,194,3445.8,5,0.0,2989,0.9980040856180138,15.407216494845361,0
1900,877,40,3015.0,4,0.0,187,1.4686945655532284,4.675,0
1900,903,275,1951.3333333333333,6,0.0,2477,0.411595372056432,9.007272727272728,0
1900,969,233,2032.5,8,0.0,4808,1.1129162429560113,20.63519313304721,0
1900,1245,177,2010.1666666666667,6,0.0,2712,1.0878099239089045,15.322033898305085,0
1900,1266,273,2032.857142857143,7,0.0,2611,0.4402419685503871,9.564102564102564,0
1900,1268,61,3576.25,4,0.0,301,1.016521783101884,4.934426229508197,0
1900,1304,167,2162.8333333333335,6,0.0,2432,1.095823203919879,14.562874251497005,0
1900,1339,148,2712.6,5,0.0,1890,1.084296953119925,12.77027027027027,0
1900,1407,153,2108.3333333333335,6,0.0,2055,1.103160819022944,13.431372549019608,0
1900,1582,219,2654.0,6,0.0,1711,0.44830299871079715,7.812785388127854,0
1900,1616,203,2263.125,8,0.0,3474,1.059369834606124,17.113300492610836,0
1900,1711,136,2630.8333333333335,6,0.0,1480,1.0055270604050375,10.882352941176471,0
1900,1733,238,1940.6666666666667,6,0.0,2196,0.48717869269706837,9.22689075630252,0
1900,1803,147,2611.2,5,0.0,1748,1.0165216268175221,11.891156462585034,0
1900,1839,166,3106.6,5,0.0,2262,1.0315405113108016,13.626506024096386,0
1900,1842,179,1788.4285714285713,7,0.0,2510,0.9844134153753479,14.022346368715084,0
1900,1952,183,2588.1666666666665,6,0.0,3047,1.1433524817687122,16.650273224043715,0
1900,1972,143,2628.6666666666665,6,0.0,1872,1.1503861210856459,13.090909090909092,0
1900,2010,168,2779.6666666666665,6,0.0,2365,1.05298563289964,14.077380952380953,0
1900,2084,84,2609.2,5,0.0,612,1.0899403083882957,7.285714285714286,0
1900,2090,82,2598.2,5,0.0,568,1.0615256557043442,6.926829268292683,0
1900,2119,162,2536.6,5,0.0,2194,1.05054934948575,13.54320987654321,0
1900,2142,112,3208.2,5,0.0,1027,1.02883152271579,9.169642857142858,0
1900,2147,205,1546.2857142857142,7,0.0,3790,1.1332907704561872,18.48780487804878,0
1900,2170,191,1805.142857142857,7,0.0,3207,1.1046942397480843,16.790575916230367,0
1900,2175,240,2105.0,8,0.0,3945,0.8606654873897037,16.4375,0
1900,2198,176,2235.5714285714284,7,0.0,2790,1.1318496259704962,15.852272727272727,0
1900,2270,185,1942.3333333333333,6,0.0,3050,1.1198664827989913,16.486486486486488,0
1900,2281,296,2143.8333333333335,6,0.0,2829,0.4057508042825751,9.557432432432432,0
1900,2320,132,2305.8,5,0.0,1466,1.0572944972825151,11.106060606060606,0
1900,2380,111,2929.4,5,0.0,1110,1.1321054607530787,10.0,0
1900,2403,137,2696.2,5,0.0,1750,1.171673961059649,12.773722627737227,0
1900,2439,193,2981.6,5,0.0,3052,1.029626650783221,15.813471502590673,0
1900,2521,141,2497.0,6,0.0,1925,1.216752851096092,13.652482269503546,0
1900,2576,302,1895.4285714285713,7,0.0,3102,0.42740320211550104,10.271523178807946,0
1900,2585,131,2544.8333333333335,6,0.0,1566,1.1467243390295707,11.954198473282442,0
1900,2602,324,1977.7142857142858,7,0.0,3233,0.3870129953153407,9.978395061728396,0
1900,2623,153,2344.3333333333335,6,0.0,1840,0.9877449669110546,12.026143790849673,0
1900,2658,19,2555.6,5,0.0,44,1.5316351995340818,2.3157894736842106,0
1900,2729,150,2946.0,6,0.0,1953,1.0907609693263762,13.02,0
1900,2744,194,2573.8333333333335,6,0.0,2929,0.9779705475995859,15.097938144329897,0
1900,2750,204,1809.142857142857,7,0.0,3376,1.0194172240022243,16.54901960784314,0
1900,2754,129,1803.2,5,0.0,1455,1.0987362083944832,11.279069767441861,0
1900,2797,305,2619.6666666666665,6,0.0,3729,0.5037355121843091,12.226229508196722,0
1900,2837,133,2067.1666666666665,6,0.0,1376,0.9775185689048687,10.345864661654135,0
1900,2873,231,1656.5555555555557,9,0.0,4543,1.0698641648588618,19.666666666666668,0
1900,2907,206,2608.5714285714284,7,0.0,3480,1.0305158294365615,16.893203883495147,0
1900,2953,193,2436.8571428571427,7,0.0,3465,1.168956862701134,17.95336787564767,0
1900,2970,159,2396.5,6,0.0,2236,1.1114435621101661,14.062893081761006,0
1900,3006,156,2761.6,5,0.0,1946,1.0048552438996938,12.474358974358974,0
1900,3050,104,2383.4,5,0.0,839,0.9747767146308566,8.067307692307692,0
1900,3099,49,2564.0,5,0.0,216,1.1305023126620497,4.408163265306122,0
1900,3100,68,2436.25,4,0.0,366,0.994656497589848,5.382352941176471,0
1900,3129,334,2085.1666666666665,6,0.0,3597,0.405188740182957,10.769461077844312,0
1900,3131,125,1191.5,6,0.0,1247,1.0028969059907769,9.976,0
1900,3137,200,1899.4285714285713,7,0.0,3393,1.065942387363017,16.965,0
1900,3150,143,2319.0,6,0.0,2078,1.2769777562051132,14.531468531468532,0
1900,3263,156,2333.8571428571427,7,0.0,2038,1.0523612472084154,13.064102564102564,0
1900,3309,148,2336.8333333333335,6,0.0,1921,1.102081717959458,12.97972972972973,0
1900,3311,205,2886.3333333333335,6,0.0,1850,0.553189426212123,9.024390243902438,0
1900,3323,150,2283.0,6,0.0,1822,1.017596767082774,12.146666666666667,0
1900,3350,303,2064.285714285714,7,0.0,3004,0.4111729495532568,9.914191419141915,0
1900,3469,183,2998.6666666666665,6,0.0,3075,1.1538591668653724,16.80327868852459,0
1900,3478,161,2210.5714285714284,7,0.0,2269,1.0999998041734873,14.093167701863354,0
1900,3532,194,3033.3333333333335,6,0.0,2156,0.719871799462174,11.11340206185567,0
1900,3614,203,2285.714285714286,7,0.0,3305,1.007834572070593,16.2807881773399,0
1900,3619,210,2370.714285714286,7,0.0,2763,0.7873215874710746,13.157142857142857,0
1900,3635,135,2391.1666666666665,6,0.0,1685,1.161829052685608,12.481481481481481,0
1900,3655,139,3061.2,5,0.0,1726,1.1225897044865136,12.417266187050359,0
1900,3663,139,2196.714285714286,7,0.0,1718,1.1173865077102147,12.359712230215827,0
1900,3692,109,2793.6666666666665,6,0.0,1100,1.1634549007486819,10.091743119266056,0
1900,3792,189,2665.285714285714,7,0.0,2959,1.0409532389319671,15.656084656084657,0
1900,3858,159,2683.8,5,0.0,1133,0.5631777977955359,7.1257861635220126,0
1900,3992,321,2107.375,8,0.0,3514,0.4285500561801432,10.947040498442368,0
1900,4042,197,2304.1428571428573,7,0.0,3182,1.0303329458344943,16.15228426395939,0
1900,4253,109,2022.8,5,0.0,1035,1.0947052929771688,9.495412844036696,0
1900,4329,220,2696.625,8,0.0,4332,1.124742097136445,19.69090909090909,0
1900,4352,311,2272.0,6,0.0,3540,0.4599306456181333,11.382636655948554,0
1900,4362,145,2442.2,5,0.0,1793,1.0716529137477289,12.36551724137931,0
1900,4405,198,2650.5,6,0.0,3146,1.008412456707835,15.88888888888889,0
1900,4477,325,1962.6666666666667,6,0.0,1938,0.23056687574559126,5.963076923076923,0
1900,4490,280,3014.5,6,0.0,2905,0.46562891115705857,10.375,0
1900,4501,182,2468.5,6,0.0,2787,1.0573141801177097,15.313186813186814,0
1900,4539,110,3135.75,4,0.0,884,0.9180720349664057,8.036363636363637,0
1900,4545,31,2502.0,4,0.0,95,1.242253078422603,3.064516129032258,0
1900,4591,138,1572.6666666666667,6,0.0,1663,1.097346898323845,12.05072463768116,0
1900,4596,161,2450.2,5,0.0,2489,1.2066546992453988,15.459627329192546,0
1900,4647,135,2461.0,6,0.0,1826,1.259050356204107,13.525925925925925,0
1900,4663,161,2277.6666666666665,6,0.0,2246,1.0888495196886965,13.950310559006212,0
1900,4703,114,3132.4,5,0.0,1189,1.1496933410644088,10.429824561403509,0
1900,4773,203,2458.1428571428573,7,0.0,3597,1.096877747575771,17.7192118226601,0
1900,4777,124,2554.4,5,0.0,1330,1.0869714436197775,10.725806451612904,0
1900,4792,127,2466.0,5,0.0,1483,1.155429823367515,11.67716535433071,0
1900,4795,113,2822.8,5,0.0,1141,1.1228936385765382,10.097345132743364,0
1900,4809,235,1878.0,8,0.0,4787,1.0892750770654116,20.370212765957447,0
1900,4843,187,2116.8571428571427,7,0.0,2806,1.0083570003114712,15.005347593582888,0
1900,4858,170,2114.1666666666665,6,0.0,2479,1.0779250087542003,14.58235294117647,0
1900,4904,153,2622.6,5,0.0,2239,1.2019353157140498,14.633986928104575,0
1900,4920,151,2407.6666666666665,6,0.0,2203,1.2141447508194052,14.589403973509933,0
1900,4943,195,2800.0,6,0.0,1362,0.45010905395811157,6.984615384615385,0
1900,4977,23,2388.6666666666665,3,0.0,48,1.1402377873142537,2.0869565217391304,0
1900,4992,70,3360.4,5,0.0,424,1.0873757429567936,6.057142857142857,0
2000,45,194,2666.285714285714,7,0.0,3056,1.0203748697385915,15.75257731958763,0
2000,162,231,2303.285714285714,7,0.0,2853,0.671873753542226,12.35064935064935,0
2000,165,140,2311.3333333333335,6,0.0,1755,1.1252030830714461,12.535714285714286,0
2000,224,66,3186.6,5,0.0,438,1.263560681609118,6.636363636363637,0
2000,262,83,2871.0,4,0.0,567,1.0342766930384164,6.831325301204819,0
2000,277,189,2867.5,6,0.0,3162,1.1123670637049272,16.73015873015873,0
2000,308,226,2634.0,8,0.0,4343,1.0685203927120739,19.216814159292035,0
2000,336,163,2523.6666666666665,6,0.0,2196,1.038644656145611,13.47239263803681,0
2000,370,209,2302.875,8,0.0,3742,1.0765174524148262,17.904306220095695,0
2000,504,105,1920.8,5,0.0,1001,1.1409466653037217,9.533333333333333,0
2000,552,142,2620.8,5,0.0,1928,1.201545454497346,13.577464788732394,0
2000,563,232,2420.75,8,0.0,4863,1.135371958561769,20.961206896551722,0
2000,582,130,2611.8333333333335,6,0.0,1372,1.0201810936627684,10.553846153846154,0
2000,717,192,1924.4285714285713,7,0.0,3557,1.212526591668717,18.526041666666668,0
2000,775,191,3488.2,5,0.0,2929,1.008933404497081,15.335078534031414,0
2000,903,277,1939.1666666666667,6,0.0,2491,0.40796607801963664,8.992779783393502,0
2000,969,239,1995.25,8,0.0,5016,1.1034981005519093,20.98744769874477,0
2000,1245,175,1987.3333333333333,6,0.0,2754,1.130050111736985,15.737142857142857,0
2000,1266,274,2376.0,6,0.0,2620,0.4385408254251829,9.562043795620438,0
2000,1268,16,3705.0,4,0.0,25,1.227184630308513,1.5625,0
2000,1304,167,2167.0,6,0.0,2408,1.085009159144354,14.419161676646707,0
2000,1339,145,2751.2,5,0.0,1854,1.108111824923753,12.786206896551723,0
2000,1407,146,2557.0,5,0.0,1956,1.1531160124641837,13.397260273972602,0
2000,1582,219,2649.0,6,0.0,1713,0.4488270232563388,7.821917808219178,0
2000,1616,206,2699.25,8,0.0,3639,1.077599742333232,17.66504854368932,0
2000,1711,134,2673.1666666666665,6,0.0,1457,1.019670415745228,10.873134328358208,0
2000,1733,239,1941.1666666666667,6,0.0,2215,0.48729032949012735,9.267782426778243,0
2000,1803,144,2626.8,5,0.0,1725,1.0453794998924368,11.979166666666666,0
2000,1839,165,3156.2,5,0.0,2217,1.0233110615990555,13.436363636363636,0
2000,1842,178,2083.1666666666665,6,0.0,2510,0.995505310000048,14.101123595505618,0
2000,1952,178,2650.1666666666665,6,0.0,3004,1.1914334467092207,16.876404494382022,0
2000,1972,143,2633.1666666666665,6,0.0,1881,1.1559168235908652,13.153846153846153,0
2000,2010,168,2788.3333333333335,6,0.0,2370,1.055211818170041,14.107142857142858,0
2000,2084,75,2667.6,5,0.0,485,1.0835003996380796,6.466666666666667,0
2000,2090,73,2624.0,5,0.0,442,1.0422848210821458,6.054794520547945,0
2000,2119,161,2563.0,5,0.0,2158,1.0461875616599319,13.403726708074535,0
2000,2142,108,3267.8,5,0.0,964,1.038578641310206,8.925925925925926,0
2000,2147,206,1767.25,8,0.0,3871,1.1463007976290027,18.79126213592233,0
2000,2170,198,2183.4285714285716,7,0.0,3341,1.0709173610492295,16.873737373737374,0
2000,2175,242,2102.25,8,0.0,4044,0.8677413217073371,16.710743801652892,0
2000,2198,177,2244.4285714285716,7,0.0,2831,1.1355419965288014,15.994350282485875,0
2000,2270,193,2149.714285714286,7,0.0,3219,1.0859659858686723,16.678756476683937,0
2000,2281,298,2688.0,6,0.0,2911,0.4119263192919187,9.768456375838927,0
2000,2320,126,2312.6,5,0.0,1385,1.0962725687129915,10.992063492063492,0
2000,2380,109,2982.4,5,0.0,1045,1.1052821557112478,9.587155963302752,0
2000,2403,135,2698.0,5,0.0,1735,1.196304692231175,12.851851851851851,0
2000,2439,190,3035.4,5,0.0,2992,1.041511935683176,15.74736842105263,0
2000,2521,141,2491.6666666666665,6,0.0,1936,1.223705724530927,13.73049645390071,0
2000,2576,308,2107.1428571428573,7,0.0,3181,0.4213782354136082,10.327922077922079,0
2000,2585,131,2578.1666666666665,6,0.0,1568,1.1481888656439123,11.969465648854962,0
2000,2602,323,1977.4285714285713,7,0.0,3319,0.3997717228101304,10.275541795665635,0
2000,2623,148,2830.8,5,0.0,1766,1.0131578937617922,11.932432432432432,0
2000,2729,150,2970.8333333333335,6,0.0,1970,1.1002555604572253,13.133333333333333,0
2000,2744,192,2592.5,6,0.0,2928,0.9981101659842572,15.25,0
2000,2750,214,2368.777777777778,9,0.0,3576,0.9812503562963665,16.710280373831775,0
2000,2754,138,2612.6666666666665,6,0.0,1597,1.0537961495028145,11.572463768115941,0
2000,2797,304,2657.1666666666665,6,0.0,3689,0.5016159668928647,12.134868421052632,0
2000,2837,138,3229.2,5,0.0,1400,0.9238037628703445,10.144927536231885,0
2000,2873,237,1755.111111111111,9,0.0,4762,1.065375151161288,20.09282700421941,0
2000,2907,207,2615.5714285714284,7,0.0,3548,1.0405256351314232,17.14009661835749,0
2000,2953,194,2454.4285714285716,7,0.0,3522,1.1759686816817143,18.15463917525773,0
2000,2970,158,2430.5,6,0.0,2223,1.1190130538263274,14.069620253164556,0
2000,3006,156,2775.0,5,0.0,1919,0.9909132646677865,12.301282051282051,0
2000,3050,95,2499.25,4,0.0,720,1.0025248578768537,7.578947368421052,0
2000,3100,41,2477.5,4,0.0,141,1.0540501229176937,3.4390243902439024,0
2000,3129,332,2077.1666666666665,6,0.0,3597,0.4100852364262769,10.83433734939759,0
2000,3131,115,2368.6,5,0.0,1165,1.1069808518509214,10.130434782608695,0
2000,3137,201,1889.857142857143,7,0.0,3447,1.0721585977499584,17.149253731343283,0
2000,3150,145,2302.3333333333335,6,0.0,2121,1.2676942722024163,14.627586206896552,0
2000,3263,155,2613.3333333333335,6,0.0,2087,1.09161354722862,13.464516129032258,0
2000,3309,150,2336.3333333333335,6,0.0,1923,1.0740058085072306,12.82,0
2000,3311,207,2947.1666666666665,6,0.0,1868,0.5478302949339059,9.02415458937198,0
2000,3323,149,2287.1666666666665,6,0.0,1841,1.0420561371575712,12.355704697986576,0
2000,3350,305,2073.4285714285716,7,0.0,3087,0.41701033148644734,10.121311475409836,0
2000,3469,184,3028.6666666666665,6,0.0,3081,1.143578327706776,16.744565217391305,0
2000,3478,154,2560.0,6,0.0,2205,1.168360904227609,14.318181818181818,0
2000,3532,196,3065.6666666666665,6,0.0,2199,0.7193213499837521,11.21938775510204,0
2000,3614,200,2722.3333333333335,6,0.0,3292,1.03421230156176,16.46,0
2000,3619,209,2376.1428571428573,7,0.0,2802,0.8060935065917538,13.4066985645933,0
2000,3635,133,2410.5,6,0.0,1684,1.1963235974097375,12.661654135338345,0
2000,3655,138,3079.8,5,0.0,1693,1.1171426932424953,12.268115942028986,0
2000,3663,143,2574.6666666666665,6,0.0,1779,1.0932355285317115,12.44055944055944,0
2000,3692,109,2817.8333333333335,6,0.0,1086,1.1486472929209715,9.963302752293577,0
2000,3792,190,2656.5714285714284,7,0.0,3021,1.0516068040437412,15.9,0
2000,3858,151,2688.8,5,0.0,1057,0.5825469821226107,7.0,0
2000,3992,327,2402.1428571428573,7,0.0,3576,0.4202540126340693,10.935779816513762,0
2000,4042,200,2286.714285714286,7,0.0,3277,1.0294999125813753,16.385,0
2000,4253,105,2043.2,5,0.0,967,1.1021932321165822,9.209523809523809,0
2000,4329,222,2705.875,8,0.0,4404,1.1229262272875131,19.83783783783784,0
2000,4352,311,2284.3333333333335,6,0.0,3559,0.46239919993077305,11.443729903536978,0
2000,4362,143,2471.6,5,0.0,1757,1.0797160335189528,12.286713286713287,0
2000,4405,201,2684.8333333333335,6,0.0,3160,0.9828898082070985,15.721393034825871,0
2000,4477,325,1973.6666666666667,6,0.0,1954,0.23247042064338766,6.012307692307692,0
2000,4490,281,3042.8333333333335,6,0.0,2929,0.46614024049161,10.423487544483987,0
2000,4501,181,2487.1666666666665,6,0.0,2772,1.0632758262264161,15.314917127071823,0
2000,4539,101,3204.25,4,0.0,769,0.9473129107383789,7.6138613861386135,0
2000,4591,141,2367.5,6,0.0,1701,1.0751670647867286,12.063829787234043,0
2000,4596,160,2476.6,5,0.0,2445,1.2001865684417257,15.28125,0
2000,4647,134,2455.0,6,0.0,1817,1.2716136893679337,13.559701492537313,0
2000,4663,162,2271.5,6,0.0,2249,1.076884907471947,13.882716049382717,0
2000,4703,112,3185.4,5,0.0,1134,1.1360223434855947,10.125,0
2000,4773,213,2662.5714285714284,7,0.0,3750,1.0386803721450086,17.6056338028169,0
2000,4777,123,2568.6,5,0.0,1311,1.0889359425887286,10.658536585365853,0
2000,4792,122,2493.8,5,0.0,1396,1.1786249245932146,11.442622950819672,0
2000,4795,109,2875.4,5,0.0,1089,1.1518203517411951,9.990825688073395,0
2000,4809,242,2064.625,8,0.0,5001,1.073089601844311,20.665289256198346,0
2000,4843,190,2097.1428571428573,7,0.0,2832,0.9858161102455728,14.905263157894737,0
2000,4858,169,2120.5,6,0.0,2487,1.0942391274083982,14.715976331360947,0
2000,4904,151,2650.6,5,0.0,2205,1.2152470156862407,14.602649006622517,0
2000,4920,151,2408.6666666666665,6,0.0,2252,1.2411502400568772,14.913907284768213,0
2000,4943,196,2830.6666666666665,6,0.0,1366,0.4468362728866782,6.969387755102041,0
2000,4992,37,3784.25,4,0.0,145,1.3309888525069977,3.918918918918919,0
2100,45,194,2663.4285714285716,7,0.0,3086,1.0303916387478054,15.907216494845361,0
2100,162,232,2309.0,7,0.0,2892,0.6751996101502439,12.46551724137931,0
2100,165,139,2307.8333333333335,6,0.0,1786,1.1616136803087564,12.848920863309353,0
2100,224,54,3245.8,5,0.0,299,1.2885270280155667,5.537037037037037,0
2100,262,71,2920.75,4,0.0,404,1.0071044888318004,5.690140845070423,0
2100,277,188,2884.8333333333335,6,0.0,3162,1.1242322284575517,16.819148936170212,0
2100,308,227,2635.625,8,0.0,4427,1.079611921631859,19.502202643171806,0
2100,336,163,2551.8333333333335,6,0.0,2208,1.0443203100043303,13.54601226993865,0
2100,370,216,2637.714285714286,7,0.0,3864,1.040733368781804,17.88888888888889,0
2100,504,103,1912.8,5,0.0,940,1.1134308961728365,9.12621359223301,0
2100,552,141,2632.2,5,0.0,1900,1.2009508660169221,13.47517730496454,0
2100,563,234,2420.25,8,0.0,4925,1.1302756825867288,21.04700854700855,0
2100,582,128,2640.5,6,0.0,1359,1.042339945368293,10.6171875,0
2100,717,193,1911.7142857142858,7,0.0,3612,1.2185489720278486,18.71502590673575,0
2100,775,190,3527.6,5,0.0,2885,1.0042653524217788,15.18421052631579,0
2100,903,277,1912.1666666666667,6,0.0,2511,0.41124159851758635,9.064981949458483,0
2100,969,248,2646.5,8,0.0,5213,1.0651094239830639,21.02016129032258,0
2100,1245,180,2348.0,6,0.0,2815,1.091800409858675,15.63888888888889,0
2100,1266,273,2405.1666666666665,6,0.0,2609,0.43990474758635,9.556776556776557,0
2100,1304,165,2167.0,6,0.0,2418,1.1160875719199441,14.654545454545454,0
2100,1339,144,2781.2,5,0.0,1821,1.1035571416255812,12.645833333333334,0
2100,1407,142,2591.8,5,0.0,1884,1.1741242926727178,13.267605633802816,0
2100,1582,219,2650.3333333333335,6,0.0,1711,0.44830299871079715,7.812785388127854,0
2100,1616,206,3131.1428571428573,7,0.0,3699,1.0953672566338621,17.95631067961165,0
2100,1711,134,2698.0,6,0.0,1445,1.011272306624471,10.783582089552239,0
2100,1733,242,1923.5,6,0.0,2251,0.48300833708289215,9.301652892561984,0
2100,1803,142,2624.2,5,0.0,1697,1.057584354918048,11.950704225352112,0
2100,1839,164,3212.4,5,0.0,2177,1.0171396797836079,13.274390243902438,0
2100,1842,177,2096.5,6,0.0,2494,1.0003679757480857,14.090395480225988,0
2100,1952,177,2665.0,6,0.0,2994,1.2009229027224413,16.915254237288135,0
2100,1972,142,2635.8333333333335,6,0.0,1878,1.1703850433329959,13.225352112676056,0
2100,2010,169,2783.5,6,0.0,2385,1.0493608037269924,14.112426035502958,0
2100,2084,61,2720.4,5,0.0,316,1.067179014817925,5.180327868852459,0
2100,2090,59,2654.8,5,0.0,288,1.0396767414350594,4.88135593220339,0
2100,2119,159,2582.0,5,0.0,2124,1.0557719704481183,13.358490566037736,0
2100,2142,105,3317.4,5,0.0,886,1.0098688765825148,8.438095238095238,0
2100,2147,214,1747.375,8,0.0,4032,1.106376240656306,18.8411214953271,0
2100,2170,198,2166.1428571428573,7,0.0,3415,1.0946371709018614,17.247474747474747,0
2100,2175,241,2416.8571428571427,7,0.0,4049,0.8760392317201889,16.800829875518673,0
2100,2198,178,2241.1428571428573,7,0.0,2870,1.1382869480877045,16.123595505617978,0
2100,2270,200,2874.1428571428573,7,0.0,3384,1.063114953974786,16.92,0
2100,2281,299,2691.1666666666665,6,0.0,2939,0.41311129892956017,9.82943143812709,0
2100,2320,124,2304.0,5,0.0,1327,1.084519628333417,10.701612903225806,0
2100,2380,106,3041.8,5,0.0,987,1.1038632784240392,9.31132075471698,0
2100,2403,136,2696.6,5,0.0,1726,1.1726619636885776,12.691176470588236,0
2100,2439,187,3066.2,5,0.0,2938,1.0557921835050257,15.711229946524064,0
2100,2521,143,2493.0,6,0.0,1929,1.1854139036187024,13.48951048951049,0
2100,2576,312,2102.8571428571427,7,0.0,3273,0.4225194261669704,10.490384615384615,0
2100,2585,132,2584.8333333333335,6,0.0,1565,1.128694330318647,11.856060606060606,0
2100,2602,328,1955.142857142857,7,0.0,3399,0.3970208740910064,10.362804878048781,0
2100,2623,144,2858.4,5,0.0,1699,1.029623055256377,11.79861111111111,0
2100,2729,151,3001.0,6,0.0,1988,1.095651277634579,13.165562913907285,0
2100,2744,191,2607.0,6,0.0,2947,1.0151337463478656,15.429319371727749,0
2100,2750,221,2352.4444444444443,9,0.0,3798,0.9771928419429605,17.18552036199095,0
2100,2754,140,2632.8333333333335,6,0.0,1633,1.0469838374106393,11.664285714285715,0
2100,2797,307,2683.0,6,0.0,3678,0.490393650008096,11.980456026058633,0
2100,2837,136,3296.0,5,0.0,1393,0.9464183750974442,10.242647058823529,0
2100,2873,241,1722.7777777777778,9,0.0,4914,1.063190117232158,20.390041493775932,0
2100,2907,209,2624.285714285714,7,0.0,3599,1.0353784904438694,17.220095693779903,0
2100,2953,195,2461.5714285714284,7,0.0,3577,1.1821146005933665,18.343589743589742,0
2100,2970,159,2464.0,6,0.0,2214,1.1005080708908355,13.924528301886792,0
2100,3006,153,2794.0,5,0.0,1883,1.0108281373334325,12.30718954248366,0
2100,3050,74,2558.0,4,0.0,512,1.1749418835923844,6.918918918918919,0
2100,3129,332,2065.0,6,0.0,3612,0.4117953500060362,10.879518072289157,0
2100,3131,109,2388.8,5,0.0,1075,1.1370127439134845,9.862385321100918,0
2100,3137,203,1876.142857142857,7,0.0,3499,1.0669933941528003,17.236453201970445,0
2100,3150,149,3161.8333333333335,6,0.0,2132,1.2067700621509732,14.308724832214764,0
2100,3263,156,2666.1666666666665,6,0.0,2058,1.0626886392320503,13.192307692307692,0
2100,3309,150,2336.0,6,0.0,1934,1.0801493674742506,12.893333333333333,0
2100,3311,208,2989.6666666666665,6,0.0,1870,0.5431562742430578,8.990384615384615,0
2100,3323,149,2285.8333333333335,6,0.0,1855,1.0499805184287314,12.449664429530202,0
2100,3350,307,2429.8333333333335,6,0.0,3117,0.41559461856314167,10.153094462540716,0
2100,3469,185,3054.6666666666665,6,0.0,3089,1.1341860870052736,16.697297297297297,0
2100,3478,152,2593.5,6,0.0,2165,1.1775533405508833,14.243421052631579,0
2100,3532,195,3081.1666666666665,6,0.0,2227,0.7359712651723308,11.42051282051282,0
2100,3614,199,2764.8333333333335,6,0.0,3279,1.0405072913432418,16.477386934673365,0
2100,3619,211,2374.714285714286,7,0.0,2834,0.7999167655958737,13.431279620853081,0
2100,3635,134,2433.6666666666665,6,0.0,1688,1.1813340163197974,12.597014925373134,0
2100,3655,137,3094.0,5,0.0,1656,1.108738331151302,12.087591240875913,0
2100,3663,144,2593.0,6,0.0,1798,1.089618748293682,12.48611111111111,0
2100,3692,107,2836.8333333333335,6,0.0,1054,1.1568656325910183,9.850467289719626,0
2100,3792,191,2643.0,7,0.0,3065,1.0557804318141186,16.047120418848166,0
2100,3858,145,2687.4,5,0.0,979,0.585135640021766,6.751724137931035,0
2100,3992,326,2406.285714285714,7,0.0,3590,0.42449161151670584,11.012269938650308,0
2100,4042,199,2274.714285714286,7,0.0,3342,1.0604987397588028,16.79396984924623,0
2100,4253,102,2053.8,5,0.0,905,1.0930954830829538,8.872549019607844,0
2100,4329,224,2711.625,8,0.0,4483,1.1227487138108294,20.013392857142858,0
2100,4352,312,2283.8333333333335,6,0.0,3593,0.46382899426151075,11.51602564102564,0
2100,4362,141,2504.0,5,0.0,1730,1.093497367478566,12.26950354609929,0
2100,4405,198,3268.8,5,0.0,3109,0.9965525517815188,15.702020202020202,0
2100,4477,326,1959.6666666666667,6,0.0,1982,0.2343572072496131,6.079754601226994,0
2100,4490,280,3070.5,6,0.0,2952,0.4731623221120954,10.542857142857143,0
2100,4501,180,2501.3333333333335,6,0.0,2752,1.0673658003307545,15.28888888888889,0
2100,4539,94,3240.0,4,0.0,636,0.9045056259316924,6.76595744680851,0
2100,4591,139,2374.3333333333335,6,0.0,1698,1.1043785157694672,12.215827338129497,0
2100,4596,159,2486.4,5,0.0,2416,1.2009157629955998,15.19496855345912,0
2100,4647,130,2963.8,5,0.0,1753,1.303482111655126,13.484615384615385,0
2100,4663,161,2262.1666666666665,6,0.0,2243,1.0873951347558977,13.93167701863354,0
2100,4703,109,3215.4,5,0.0,1080,1.142301175280524,9.908256880733944,0
2100,4773,214,2681.0,7,0.0,3798,1.0421669052610738,17.747663551401867,0
2100,4777,122,2582.0,5,0.0,1295,1.0933519178712126,10.614754098360656,0
2100,4792,120,2509.6,5,0.0,1328,1.1588986233242349,11.066666666666666,0
2100,4795,106,2881.4,5,0.0,1034,1.1564281964442316,9.754716981132075,0
2100,4809,246,2041.375,8,0.0,5179,1.0754384528350545,21.052845528455286,0
2100,4843,193,2078.0,7,0.0,2867,0.9672148125149064,14.854922279792746,0
2100,4858,170,2130.6666666666665,6,0.0,2500,1.0870562815189595,14.705882352941176,0
2100,4904,151,2680.6,5,0.0,2172,1.1970596453834534,14.3841059602649,0
2100,4920,156,2875.8333333333335,6,0.0,2332,1.204173909955851,14.948717948717949,0
2100,4943,198,2851.3333333333335,6,0.0,1356,0.4346494886509294,6.848484848484849,0
2200,45,196,2653.8571428571427,7,0.0,3119,1.020265252659992,15.91326530612245,0
2200,162,230,2307.4285714285716,7,0.0,2937,0.6976829961129092,12.769565217391305,0
2200,165,138,2303.8333333333335,6,0.0,1818,1.1996251720702047,13.173913043478262,0
2200,224,31,3294.8,5,0.0,94,1.229176730228681,3.032258064516129,0
2200,262,47,2981.0,4,0.0,189,1.0751670647867286,4.0212765957446805,0
2200,277,188,2903.0,6,0.0,3165,1.1252988624503955,16.835106382978722,0
2200,308,230,2637.75,8,0.0,4507,1.0706357723802795,19.595652173913045,0
2200,336,163,2587.6666666666665,6,0.0,2212,1.0462121946239034,13.570552147239264,0
2200,370,224,2643.4285714285716,7,0.0,3932,0.9847530543618517,17.553571428571427,0
2200,504,98,1909.2,5,0.0,876,1.146203733671245,8.938775510204081,0
2200,552,140,2646.8,5,0.0,1868,1.1976520565113742,13.342857142857143,0
2200,563,234,2422.25,8,0.0,4989,1.1449635290203433,21.32051282051282,0
2200,582,128,2660.3333333333335,6,0.0,1349,1.034670041428865,10.5390625,0
2200,717,195,1894.4285714285713,7,0.0,3693,1.2204498797850998,18.93846153846154,0
2200,775,188,3568.2,5,0.0,2832,1.0069024892447143,15.063829787234043,0
2200,903,280,1886.3333333333333,6,0.0,2529,0.40536162351676464,9.032142857142857,0
2200,969,253,2624.375,8,0.0,5402,1.0605310824847793,21.35177865612648,0
2200,1245,181,2344.6666666666665,6,0.0,2831,1.0859068773618272,15.640883977900552,0
2200,1266,271,2448.0,6,0.0,2611,0.44676398298078457,9.634686346863468,0
2200,1304,165,2168.5,6,0.0,2423,1.118395445311011,14.684848484848485,0
2200,1339,144,2808.6,5,0.0,1795,1.0878006969895213,12.465277777777779,0
2200,1407,140,2634.6,5,0.0,1823,1.1688006954069783,13.021428571428572,0
2200,1582,220,2665.5,6,0.0,1715,0.44527532238896655,7.795454545454546,0
2200,1616,206,3187.0,7,0.0,3757,1.112542520457805,18.237864077669904,0
2200,1711,134,2719.3333333333335,6,0.0,1418,0.9923765611027683,10.582089552238806,0
2200,1733,249,2794.3333333333335,6,0.0,2351,0.4765009808609283,9.441767068273093,0
2200,1803,141,2620.8,5,0.0,1676,1.0593650797075587,11.886524822695035,0
2200,1839,161,3271.0,5,0.0,2144,1.0394004319735375,13.316770186335404,0
2200,1842,174,2111.0,6,0.0,2489,1.0330854954135282,14.304597701149426,0
2200,1952,178,2677.3333333333335,6,0.0,3007,1.1926232936932848,16.89325842696629,0
2200,1972,142,2638.5,6,0.0,1879,1.1710082515562827,13.232394366197184,0
2200,2010,169,2781.1666666666665,6,0.0,2387,1.0502407708580002,14.124260355029586,0
2200,2119,157,2584.0,5,0.0,2089,1.064998507582308,13.305732484076433,0
2200,2142,99,3363.2,5,0.0,800,1.0257215071408365,8.080808080808081,0
2200,2147,218,1724.5,8,0.0,4202,1.1110994302149912,19.275229357798164,0
2200,2170,199,2144.285714285714,7,0.0,3494,1.1087320756185688,17.55778894472362,0
2200,2175,243,2433.285714285714,7,0.0,4065,0.8650831774859868,16.728395061728396,0
2200,2198,178,2247.4285714285716,7,0.0,2919,1.1577211154940799,16.39887640449438,0
2200,2270,202,2896.285714285714,7,0.0,3466,1.0674208545576143,17.15841584158416,0
2200,2281,298,2697.3333333333335,6,0.0,2964,0.4194261801378383,9.946308724832214,0
2200,2320,122,2286.4,5,0.0,1271,1.0730890251847964,10.418032786885245,0
2200,2380,103,3103.4,5,0.0,923,1.0932943799654553,8.96116504854369,0
2200,2403,136,2688.0,5,0.0,1714,1.1645090415771853,12.602941176470589,0
2200,2439,184,3093.8,5,0.0,2890,1.07268463715436,15.706521739130435,0
2200,2521,142,2493.6666666666665,6,0.0,1935,1.205907912060355,13.626760563380282,0
2200,2576,317,2622.714285714286,7,0.0,3373,0.421801073572565,10.6403785488959,0
2200,2585,131,2601.0,6,0.0,1560,1.1423307591865455,11.908396946564885,0
2200,2602,330,1911.5714285714287,7,0.0,3528,0.40710886618419795,10.690909090909091,0
2200,2623,143,2896.2,5,0.0,1657,1.018263783460959,11.587412587412587,0
2200,2729,152,3039.5,6,0.0,2004,1.0899847087593395,13.18421052631579,0
2200,2744,191,2630.1666666666665,6,0.0,2958,1.018922844145567,15.486910994764397,0
2200,2750,224,2333.0,9,0.0,4043,1.0125525429259832,18.049107142857142,0
2200,2754,142,2679.6666666666665,6,0.0,1657,1.0326560259865676,11.669014084507042,0
2200,2797,309,2724.8333333333335,6,0.0,3680,0.48432927871347975,11.909385113268609,0
2200,2837,134,3369.2,5,0.0,1378,0.9643828640335786,10.283582089552239,0
2200,2873,243,1691.3333333333333,9,0.0,5052,1.0751292036062006,20.790123456790123,0
2200,2907,210,2633.0,7,0.0,3650,1.0400737583313147,17.38095238095238,0
2200,2953,198,2465.285714285714,7,0.0,3643,1.167719828285646,18.3989898989899,0
2200,2970,159,2484.5,6,0.0,2204,1.0955373930638668,13.861635220125786,0
2200,3006,153,2815.0,5,0.0,1859,0.9979445073302449,12.15032679738562,0
2200,3050,52,2625.75,4,0.0,268,1.2454834780503914,5.153846153846154,0
2200,3129,336,2405.4285714285716,7,0.0,3729,0.4150722436662535,11.098214285714286,0
2200,3131,103,2402.4,5,0.0,987,1.1691024409814783,9.58252427184466,0
2200,3137,205,1861.142857142857,7,0.0,3554,1.062721740950208,17.336585365853658,0
2200,3150,151,3188.3333333333335,6,0.0,2147,1.1832813345480087,14.218543046357615,0
2200,3263,155,2720.1666666666665,6,0.0,2041,1.0675530665518032,13.167741935483871,0
2200,3309,151,2339.1666666666665,6,0.0,1954,1.0769127748983738,12.940397350993377,0
2200,3311,210,3006.0,6,0.0,1870,0.5328597063231667,8.904761904761905,0
2200,3323,149,2283.8333333333335,6,0.0,1864,1.0550747635316202,12.51006711409396,0
2200,3350,313,2436.8333333333335,6,0.0,3148,0.40379032851210767,10.057507987220447,0
2200,3469,186,3099.0,6,0.0,3094,1.1238394808887524,16.634408602150536,0
2200,3478,152,2607.6666666666665,6,0.0,2137,1.1623240132827888,14.05921052631579,0
2200,3532,195,3708.8,5,0.0,2253,0.7445636553359952,11.553846153846154,0
2200,3614,199,2814.3333333333335,6,0.0,3262,1.0351127735168206,16.391959798994975,0
2200,3619,205,2778.5,6,0.0,2801,0.8375586934163007,13.663414634146342,0
2200,3635,134,2460.1666666666665,6,0.0,1684,1.1785346466128785,12.567164179104477,0
2200,3655,135,3109.6,5,0.0,1627,1.1218373108127502,12.051851851851852,0
2200,3663,144,2629.0,6,0.0,1816,1.1005270561186467,12.61111111111111,0
2200,3692,106,2849.3333333333335,6,0.0,1012,1.1318233412007372,9.547169811320755,0
2200,3792,193,2626.8571428571427,7,0.0,3107,1.048181521619747,16.098445595854923,0
2200,3858,139,2688.2,5,0.0,900,0.5853596373336398,6.474820143884892,0
2200,3992,327,2411.5714285714284,7,0.0,3608,0.42401467493951966,11.033639143730888,0
2200,4042,202,2260.714285714286,7,0.0,3401,1.047402863921075,16.836633663366335,0
2200,4253,97,2061.4,5,0.0,841,1.1232136982331877,8.670103092783505,0
2200,4329,226,2707.5,8,0.0,4572,1.1248619008702745,20.23008849557522,0
2200,4352,315,2286.1666666666665,6,0.0,3637,0.46060861601838554,11.546031746031746,0
2200,4362,139,2539.8,5,0.0,1689,1.0985249193961306,12.151079136690647,0
2200,4405,196,3328.8,5,0.0,3070,1.0042367187131054,15.66326530612245,0
2200,4477,334,2833.6666666666665,6,0.0,2079,0.23419165716996593,6.224550898203593,0
2200,4490,280,3107.8333333333335,6,0.0,2973,0.47652831424094155,10.617857142857142,0
2200,4501,180,2514.1666666666665,6,0.0,2740,1.0627115889921028,15.222222222222221,0
2200,4539,82,3272.25,4,0.0,464,0.8671618032514361,5.658536585365853,0
2200,4591,139,2406.1666666666665,6,0.0,1687,1.097224120202056,12.136690647482014,0
2200,4596,158,2479.4,5,0.0,2387,1.2015673232044282,15.10759493670886,0
2200,4647,127,2993.0,5,0.0,1658,1.2917752172241,13.05511811023622,0
2200,4663,160,2254.8333333333335,6,0.0,2233,1.0961213117915638,13.95625,0
2200,4703,107,3253.8,5,0.0,1023,1.1228401728089294,9.560747663551401,0
2200,4773,213,2698.5714285714284,7,0.0,3841,1.0638856825090608,18.03286384976526,0
2200,4777,125,3311.2,5,0.0,1349,1.0849301733613135,10.792,0
2200,4792,117,2527.4,5,0.0,1263,1.1594218778534322,10.794871794871796,0
2200,4795,102,2892.0,5,0.0,968,1.169189422789281,9.490196078431373,0
2200,4809,254,2257.8888888888887,9,0.0,5469,1.0652470842880886,21.531496062992126,0
2200,4843,190,2412.0,6,0.0,2842,0.989297099335423,14.957894736842105,0
2200,4858,170,2126.3333333333335,6,0.0,2517,1.0944482642332884,14.805882352941177,0
2200,4904,150,2706.2,5,0.0,2140,1.195201471765717,14.266666666666667,0
2200,4920,158,2903.5,6,0.0,2366,1.1909963496865006,14.974683544303797,0
2200,4943,191,3455.4,5,0.0,1277,0.4398798079695366,6.68586387434555,0
2300,45,196,2641.8571428571427,7,0.0,3153,1.0313870925415054,16.086734693877553,0
2300,162,234,2292.4285714285716,7,0.0,2965,0.6804603855572895,12.67094017094017,0
2300,165,138,2774.4,5,0.0,1815,1.1976455925783396,13.152173913043478,0
2300,277,188,2918.5,6,0.0,3179,1.1302764877503342,16.909574468085108,0
2300,308,230,2625.5,8,0.0,4567,1.0848887447217077,19.856521739130436,0
2300,336,163,2612.1666666666665,6,0.0,2228,1.0537797331021956,13.668711656441717,0
2300,370,218,3130.1666666666665,6,0.0,3901,1.0315085381410471,17.894495412844037,0
2300,504,94,1910.2,5,0.0,796,1.1320542110717409,8.46808510638298,0
2300,552,139,2654.0,5,0.0,1853,1.2051904533102606,13.33093525179856,0
2300,563,235,2425.125,8,0.0,5044,1.1477550634464042,21.463829787234044,0
2300,582,129,2675.1666666666665,6,0.0,1336,1.0088739343058624,10.356589147286822,0
2300,717,200,2367.0,7,0.0,3793,1.1916060935066086,18.965,0
2300,775,186,3609.0,5,0.0,2798,1.0163228401831705,15.043010752688172,0
2300,903,281,1861.8333333333333,6,0.0,2559,0.40725601755480706,9.1067615658363,0
2300,969,258,3057.777777777778,9,0.0,5718,1.0794800068040646,22.162790697674417,0
2300,1245,183,2337.6666666666665,6,0.0,2852,1.070180924845542,15.584699453551913,0
2300,1266,270,2461.8333333333335,6,0.0,2622,0.4519756344423834,9.71111111111111,0
2300,1304,164,2165.1666666666665,6,0.0,2430,1.135346541972516,14.817073170731707,0
2300,1339,142,2841.0,5,0.0,1763,1.0987160976549901,12.415492957746478,0
2300,1407,139,2651.8,5,0.0,1772,1.152508085950233,12.748201438848922,0
2300,1582,219,2678.1666666666665,6,0.0,1711,0.44830299871079715,7.812785388127854,0
2300,1616,207,3261.8571428571427,7,0.0,3812,1.1179491885910329,18.415458937198068,0
2300,1711,134,2745.5,6,0.0,1396,0.976980027714714,10.417910447761194,0
2300,1733,249,2819.6666666666665,6,0.0,2355,0.47731170137281415,9.457831325301205,0
2300,1803,141,2613.6,5,0.0,1673,1.0574688414980582,11.865248226950355,0
2300,1839,160,3338.4,5,0.0,2109,1.0352529541282616,13.18125,0
2300,1842,174,2121.8333333333335,6,0.0,2491,1.033915616341944,14.316091954022989,0
2300,1952,177,2694.8333333333335,6,0.0,3007,1.2061373308237746,16.98870056497175,0
2300,1972,141,2640.0,6,0.0,1873,1.1838847221314186,13.28368794326241,0
2300,2010,169,2778.5,6,0.0,2395,1.053760639382032,14.171597633136095,0
2300,2119,156,2588.2,5,0.0,2051,1.059074052023778,13.147435897435898,0
2300,2142,95,3413.8,5,0.0,711,0.9899932971533929,7.484210526315789,0
2300,2147,225,1951.857142857143,7,0.0,4366,1.0837486242428078,19.404444444444444,0
2300,2170,205,2658.285714285714,7,0.0,3599,1.0761776999661787,17.55609756097561,0
2300,2175,244,2442.1428571428573,7,0.0,4104,0.8662386623442967,16.81967213114754,0
2300,2198,178,2621.5,6,0.0,2932,1.1628771190916896,16.471910112359552,0
2300,2270,205,2924.5714285714284,7,0.0,3544,1.059731527835548,17.28780487804878,0
2300,2281,297,2713.0,6,0.0,2988,0.4256744254634471,10.06060606060606,0
2300,2320,124,3113.8,5,0.0,1262,1.0313969637956084,10.17741935483871,0
2300,2380,99,3176.0,5,0.0,844,1.0821361900335824,8.525252525252526,0
2300,2403,136,2682.4,5,0.0,1713,1.1638296314012362,12.595588235294118,0
2300,2439,183,3114.4,5,0.0,2857,1.072057118612803,15.612021857923498,0
2300,2521,143,2496.6666666666665,6,0.0,1937,1.1903300836233417,13.545454545454545,0
2300,2576,326,2623.8571428571427,7,0.0,3462,0.40935653456012133,10.61963190184049,0
2300,2585,132,2629.0,6,0.0,1562,1.1265306990145219,11.833333333333334,0
2300,2602,331,2677.285714285714,7,0.0,3704,0.42483946619313784,11.190332326283988,0
2300,2623,140,2919.8,5,0.0,1601,1.0264673139586242,11.435714285714285,0
2300,2729,151,3072.8333333333335,6,0.0,2018,1.1121852506371128,13.364238410596027,0
2300,2744,191,2656.8333333333335,6,0.0,2980,1.0265010397409702,15.602094240837696,0
2300,2750,234,2446.4444444444443,9,0.0,4308,0.9886756630626655,18.41025641025641,0
2300,2754,141,2699.5,6,0.0,1665,1.0524122062727237,11.808510638297872,0
2300,2797,311,2750.3333333333335,6,0.0,3684,0.4786396888297184,11.845659163987138,0
2300,2837,132,3435.6,5,0.0,1364,0.9837310329422584,10.333333333333334,0
2300,2873,248,1655.3333333333333,9,0.0,5208,1.0640878342804139,21.0,0
2300,2907,211,2641.8571428571427,7,0.0,3699,1.04406920110767,17.53080568720379,0
2300,2953,199,2466.714285714286,7,0.0,3708,1.176639535315871,18.633165829145728,0
2300,2970,157,2506.3333333333335,6,0.0,2189,1.115979766920858,13.94267515923567,0
2300,3006,152,2829.6,5,0.0,1836,0.9986087451507721,12.078947368421053,0
2300,3129,339,2394.1428571428573,7,0.0,3802,0.4157407355991818,11.215339233038348,0
2300,3131,94,3035.5,4,0.0,843,1.1988966079566301,8.96808510638298,0
2300,3137,207,1845.857142857143,7,0.0,3615,1.0601747945321573,17.463768115942027,0
2300,3150,151,3241.5,6,0.0,2137,1.1777700102138307,14.152317880794701,0
2300,3263,155,2781.8333333333335,6,0.0,2026,1.0597072576354498,13.070967741935483,0
2300,3309,151,2333.3333333333335,6,0.0,1971,1.0862820262664765,13.052980132450331,0
2300,3311,210,3004.3333333333335,6,0.0,1862,0.5305800926062763,8.866666666666667,0
2300,3323,150,2277.5,6,0.0,1885,1.0527826048029796,12.566666666666666,0
2300,3350,313,3404.6666666666665,6,0.0,3175,0.4072535873652928,10.143769968051119,0
2300,3469,185,3112.5,6,0.0,3092,1.1352875950211412,16.713513513513515,0
2300,3478,150,2610.0,6,0.0,2109,1.1778878055859332,14.06,0
2300,3532,183,3760.4,5,0.0,2167,0.813142378730817,11.841530054644808,0
2300,3614,198,2865.3333333333335,6,0.0,3256,1.0436716335158012,16.444444444444443,0
2300,3619,204,2800.8333333333335,6,0.0,2760,0.8334098158312024,13.529411764705882,0
2300,3635,134,2489.1666666666665,6,0.0,1691,1.1834335435999868,12.619402985074627,0
2300,3655,133,3124.6,5,0.0,1584,1.1252830037393255,11.909774436090226,0
2300,3663,145,2650.1666666666665,6,0.0,1832,1.0949627094176457,12.63448275862069,0
2300,3692,104,2860.1666666666665,6,0.0,979,1.1374331390031094,9.413461538461538,0
2300,3792,194,2613.4285714285716,7,0.0,3147,1.0507590690665403,16.221649484536083,0
2300,3858,131,2695.2,5,0.0,819,0.5997236485729365,6.251908396946565,0
2300,3992,327,2414.8571428571427,7,0.0,3636,0.42730525445678863,11.119266055045872,0
2300,4042,203,2252.5714285714284,7,0.0,3463,1.0560154684055865,17.059113300492612,0
2300,4253,92,2077.6,5,0.0,748,1.1105440949362786,8.130434782608695,0
2300,4329,226,2708.5,8,0.0,4646,1.1430683270873347,20.557522123893804,0
2300,4352,316,2273.8333333333335,6,0.0,3652,0.45958565818418223,11.556962025316455,0
2300,4362,138,2578.0,5,0.0,1659,1.0947074590013581,12.021739130434783,0
2300,4405,193,3412.0,5,0.0,3043,1.0265903991917893,15.766839378238341,0
2300,4477,334,2852.5,6,0.0,2107,0.23734575356282744,6.308383233532934,0
2300,4490,282,3124.5,6,0.0,2995,0.4732694531211423,10.620567375886525,0
2300,4501,180,2528.8333333333335,6,0.0,2729,1.0584452285983388,15.161111111111111,0
2300,4539,35,4508.666666666667,3,0.0,100,1.0258261726007487,2.857142857142857,0
2300,4591,138,2412.0,6,0.0,1708,1.1270405907018204,12.376811594202898,0
2300,4596,159,2446.6,5,0.0,2373,1.1795418483396352,14.924528301886792,0
2300,4647,124,3017.4,5,0.0,1582,1.2929239276740512,12.758064516129032,0
2300,4663,159,2251.3333333333335,6,0.0,2227,1.1069699520658944,14.0062893081761,0
2300,4703,102,3288.2,5,0.0,953,1.1510718180972983,9.343137254901961,0
2300,4773,215,2697.8571428571427,7,0.0,3879,1.0545149078009568,18.04186046511628,0
2300,4777,122,3357.6,5,0.0,1300,1.0975733538475492,10.655737704918034,0
2300,4792,113,2548.2,5,0.0,1194,1.175052589360549,10.56637168141593,0
2300,4795,99,2907.6,5,0.0,886,1.1359865691584763,8.94949494949495,0
2300,4809,259,2246.0,9,0.0,5649,1.0582344866730513,21.81081081081081,0
2300,4843,187,2427.5,6,0.0,2799,1.0058414981724193,14.967914438502675,0
2300,4858,170,2121.3333333333335,6,0.0,2533,1.1014054244350098,14.9,0
2300,4904,149,2730.8,5,0.0,2106,1.1920533540759612,14.134228187919463,0
2300,4920,159,2941.6666666666665,6,0.0,2391,1.1884890684281784,15.037735849056604,0
2300,4943,184,3511.2,5,0.0,1172,0.435012593337339,6.369565217391305,0
2400,45,196,2630.4285714285716,7,0.0,3188,1.0428360453607102,16.26530612244898,0
2400,162,235,2282.4285714285716,7,0.0,2993,0.6810529153241648,12.736170212765957,0
2400,165,134,2803.4,5,0.0,1754,1.2275236164839602,13.08955223880597,0
2400,277,189,2940.1666666666665,6,0.0,3177,1.1176439473088404,16.80952380952381,0
2400,308,230,2616.375,8,0.0,4638,1.1017547619923977,20.16521739130435,0
2400,336,164,2620.5,6,0.0,2245,1.0489106941268718,13.689024390243903,0
2400,370,215,3158.3333333333335,6,0.0,3891,1.0577771348939218,18.09767441860465,0
2400,504,90,1904.4,5,0.0,723,1.1216649326150225,8.033333333333333,0
2400,552,138,2658.8,5,0.0,1832,1.2088632096989078,13.27536231884058,0
2400,563,235,2426.0,8,0.0,5105,1.161635527139947,21.72340425531915,0
2400,582,129,2680.0,6,0.0,1319,0.9960364665789164,10.224806201550388,0
2400,717,202,2349.5714285714284,7,0.0,3854,1.1869128602034176,19.07920792079208,0
2400,775,186,3651.2,5,0.0,2769,1.0057891152491776,14.887096774193548,0
2400,903,284,1837.3333333333333,6,0.0,2588,0.40321572046669235,9.112676056338028,0
2400,969,261,3442.0,8,0.0,5857,1.0804485061625884,22.440613026819925,0
2400,1245,183,2327.0,6,0.0,2861,1.0735580736266115,15.633879781420765,0
2400,1266,270,2470.1666666666665,6,0.0,2630,0.45335466002420605,9.74074074074074,0
2400,1304,166,2157.8333333333335,6,0.0,2459,1.121378478034156,14.813253012048193,0
2400,1339,142,2868.6,5,0.0,1745,1.087498349635824,12.288732394366198,0
2400,1407,137,2669.6,5,0.0,1720,1.151588121727198,12.554744525547445,0
2400,1582,218,2688.5,6,0.0,1711,0.452425303450226,7.848623853211009,0
2400,1616,209,3306.4285714285716,7,0.0,3871,1.1136288237033116,18.52153110047847,0
2400,1711,133,2769.1666666666665,6,0.0,1360,0.9661520739176027,10.225563909774436,0
2400,1733,250,2842.1666666666665,6,0.0,2359,0.4743050924683726,9.436,0
2400,1803,141,2610.4,5,0.0,1652,1.0441951740315554,11.71631205673759,0
2400,1839,158,3388.8,5,0.0,2072,1.0430027204355152,13.113924050632912,0
2400,1842,173,2120.8333333333335,6,0.0,2477,1.0400247255761192,14.31791907514451,0
2400,1952,179,2713.1666666666665,6,0.0,3032,1.1891400300470338,16.93854748603352,0
2400,1972,142,2640.5,6,0.0,1876,1.1691386268864217,13.211267605633802,0
2400,2010,168,2778.3333333333335,6,0.0,2402,1.069459403900607,14.297619047619047,0
2400,2119,155,2590.4,5,0.0,2020,1.0565689340689086,13.03225806451613,0
2400,2142,88,3466.2,5,0.0,594,0.9638977459877774,6.75,0
2400,2147,226,1949.857142857143,7,0.0,4436,1.091401441876758,19.628318584070797,0
2400,2170,206,2649.8571428571427,7,0.0,3672,1.0873718751985786,17.825242718446603,0
2400,2175,244,2865.5,6,0.0,4031,0.8508304210306676,16.520491803278688,0
2400,2198,175,2638.0,6,0.0,2891,1.186265385995506,16.52,0
2400,2270,207,2931.0,7,0.0,3613,1.0595882524604936,17.454106280193237,0
2400,2281,297,2703.5,6,0.0,3023,0.4306605716787151,10.178451178451178,0
2400,2320,119,3141.0,5,0.0,1207,1.0710832096272525,10.142857142857142,0
2400,2380,95,3220.8,5,0.0,758,1.0554358920425764,7.978947368421053,0
2400,2403,138,2670.2,5,0.0,1724,1.1375983479917673,12.492753623188406,0
2400,2439,182,3141.4,5,0.0,2822,1.070592255576669,15.505494505494505,0
2400,2521,142,2498.6666666666665,6,0.0,1923,1.1984294133809108,13.54225352112676,0
2400,2576,332,2614.4285714285716,7,0.0,3538,0.4033587896792237,10.656626506024097,0
2400,2585,131,2622.0,6,0.0,1570,1.1496533922582544,11.98473282442748,0
2400,2602,337,3122.5,6,0.0,3783,0.41858764305506563,11.225519287833828,0
2400,2623,139,2936.4,5,0.0,1564,1.0172249697664586,11.251798561151078,0
2400,2729,152,3092.6666666666665,6,0.0,2031,1.104670131482145,13.361842105263158,0
2400,2744,192,2666.5,6,0.0,3011,1.026403589405259,15.682291666666666,0
2400,2750,236,2430.8888888888887,9,0.0,4481,1.0110224562435983,18.98728813559322,0
2400,2754,141,2716.5,6,0.0,1673,1.0574688414980582,11.865248226950355,0
2400,2797,314,2766.8333333333335,6,0.0,3699,0.47144919573324046,11.780254777070065,0
2400,2837,131,3482.8,5,0.0,1352,0.9900199912950062,10.320610687022901,0
2400,2873,251,1611.3333333333333,9,0.0,5359,1.0689223999992192,21.350597609561753,0
2400,2907,211,2652.285714285714,7,0.0,3736,1.0545127156902554,17.70616113744076,0
2400,2953,202,2463.285714285714,7,0.0,3783,1.1650470550465823,18.72772277227723,0
2400,2970,157,2522.5,6,0.0,2174,1.1083325780200755,13.847133757961783,0
2400,3006,151,2846.6,5,0.0,1797,0.9903849828517799,11.900662251655628,0
2400,3129,343,2386.8571428571427,7,0.0,3848,0.4110140683223325,11.21865889212828,0
2400,3131,82,3099.75,4,0.0,671,1.2540206249605894,8.182926829268293,0
2400,3137,207,1824.0,7,0.0,3670,1.0763047015029092,17.729468599033815,0
2400,3150,152,3245.3333333333335,6,0.0,2146,1.1672191541903905,14.118421052631579,0
2400,3263,155,2810.5,6,0.0,2011,1.0518614487190965,12.974193548387097,0
2400,3309,151,2314.5,6,0.0,1983,1.09289561546749,13.132450331125828,0
2400,3311,213,3002.5,6,0.0,1865,0.5165703717467842,8.755868544600938,0
2400,3323,151,2277.3333333333335,6,0.0,1892,1.0427425640264705,12.52980132450331,0
2400,3350,311,3444.6666666666665,6,0.0,3171,0.4119887223884465,10.196141479099678,0
2400,3469,185,3126.1666666666665,6,0.0,3095,1.1363891030370092,16.72972972972973,0
2400,3478,150,2611.1666666666665,6,0.0,2095,1.1700687305369986,13.966666666666667,0
2400,3532,170,3808.0,5,0.0,2097,0.9118228089381033,12.33529411764706,0
2400,3614,196,2901.6666666666665,6,0.0,3247,1.0621357086845125,16.566326530612244,0
2400,3619,203,2819.3333333333335,6,0.0,2750,0.8385915501343814,13.54679802955665,0
2400,3635,134,2501.8333333333335,6,0.0,1695,1.1862329133069056,12.649253731343284,0
2400,3655,131,3141.4,5,0.0,1552,1.1364726527291786,11.84732824427481,0
2400,3663,145,2663.5,6,0.0,1840,1.0997442059653213,12.689655172413794,0
2400,3692,101,2877.3333333333335,6,0.0,922,1.1357899918085637,9.128712871287128,0
2400,3792,195,2600.285714285714,7,0.0,3194,1.055542083951695,16.379487179487178,0
2400,3858,121,2707.4,5,0.0,719,0.6171177154377601,5.9421487603305785,0
2400,3992,328,2419.5714285714284,7,0.0,3657,0.42715661563719043,11.149390243902438,0
2400,4042,204,2242.4285714285716,7,0.0,3523,1.0638053554975817,17.269607843137255,0
2400,4253,86,2088.2,5,0.0,674,1.1451776357596108,7.837209302325581,0
2400,4329,228,2706.25,8,0.0,4727,1.142683015814016,20.732456140350877,0
2400,4352,319,2262.0,6,0.0,3695,0.45629209048709374,11.58307210031348,0
2400,4362,137,2598.2,5,0.0,1628,1.0899915477743478,11.883211678832117,0
2400,4405,193,3459.0,5,0.0,3030,1.0222047024486105,15.699481865284975,0
2400,4477,337,2869.3333333333335,6,0.0,2131,0.23579441378544672,6.3234421364985165,0
2400,4490,282,3138.1666666666665,6,0.0,3017,0.4767458898385597,10.698581560283689,0
2400,4501,178,2541.6666666666665,6,0.0,2727,1.0815709085139966,15.320224719101123,0
2400,4591,137,2417.8333333333335,6,0.0,1702,1.1395366181277273,12.423357664233576,0
2400,4596,158,2433.0,5,0.0,2349,1.1824388949338926,14.867088607594937,0
2400,4647,122,3042.6,5,0.0,1502,1.2681193672915532,12.311475409836065,0
2400,4663,160,2244.1666666666665,6,0.0,2228,1.0936669425309469,13.925,0
2400,4703,100,3309.0,5,0.0,893,1.122176895862274,8.93,0
2400,4773,216,2698.5714285714284,7,0.0,3921,1.0560858020169392,18.15277777777778,0
2400,4777,117,3382.4,5,0.0,1241,1.1392260890072126,10.606837606837606,0
2400,4792,110,2564.8,5,0.0,1121,1.1642067321236886,10.190909090909091,0
2400,4795,94,2901.8,5,0.0,814,1.1576534268999963,8.659574468085106,0
2400,4809,262,2237.222222222222,9,0.0,5786,1.059218873822653,22.083969465648856,0
2400,4843,188,2430.6666666666665,6,0.0,2781,0.9887697113663666,14.792553191489361,0
2400,4858,170,2119.5,6,0.0,2548,1.1079277621241235,14.988235294117647,0
2400,4904,149,2753.6,5,0.0,2077,1.1756385642999865,13.939597315436242,0
2400,4920,161,2956.5,6,0.0,2411,1.16884069099263,14.975155279503106,0
2400,4943,177,3563.4,5,0.0,1073,0.43039087328696707,6.062146892655368,0
2500,45,196,2622.285714285714,7,0.0,3227,1.0555934499306812,16.464285714285715,0
2500,162,235,2271.0,7,0.0,3029,0.6892446643892066,12.88936170212766,0
2500,165,132,2831.4,5,0.0,1703,1.2282213703084062,12.901515151515152,0
2500,277,187,2956.3333333333335,6,0.0,3179,1.1423973285781066,17.0,0
2500,308,234,2607.625,8,0.0,4700,1.0786387224685534,20.085470085470085,0
2500,336,163,2629.6666666666665,6,0.0,2250,1.0641850985098475,13.803680981595091,0
2500,370,216,3175.0,6,0.0,3897,1.0496216196021453,18.041666666666668,0
2500,504,84,1908.0,5,0.0,640,1.1398068584452765,7.619047619047619,0
2500,552,138,2667.4,5,0.0,1809,1.1936864335946096,13.108695652173912,0
2500,563,236,2429.25,8,0.0,5160,1.1642213510861341,21.864406779661017,0
2500,582,127,2690.3333333333335,6,0.0,1285,1.0011647491754936,10.118110236220472,0
2500,717,204,2337.285714285714,7,0.0,3894,1.1758325445096747,19.08823529411765,0
2500,775,184,3701.8,5,0.0,2729,1.0129260812436844,14.831521739130435,0
2500,903,287,1811.0,6,0.0,2621,0.3998647231389891,9.132404181184668,0
2500,969,264,3456.0,8,0.0,5933,1.0697353772812352,22.473484848484848,0
2500,1245,184,2316.1666666666665,6,0.0,2865,1.0634053582862426,15.570652173913043,0
2500,1266,269,2475.3333333333335,6,0.0,2646,0.4595101870564858,9.8364312267658,0
2500,1304,167,2149.5,6,0.0,2476,1.1156489526750086,14.826347305389222,0
2500,1339,141,2902.8,5,0.0,1719,1.0865444940437312,12.191489361702128,0
2500,1407,135,2690.0,5,0.0,1679,1.1576919759401398,12.437037037037037,0
2500,1582,218,2691.5,6,0.0,1711,0.452425303450226,7.848623853211009,0
2500,1616,209,3335.4285714285716,7,0.0,3929,1.1303145565306927,18.79904306220096,0
2500,1711,127,3279.2,5,0.0,1294,1.0081767980024037,10.188976377952756,0
2500,1733,251,2863.5,6,0.0,2374,0.47352524306739063,9.458167330677291,0
2500,1803,141,2602.6,5,0.0,1655,1.0460914122410558,11.73758865248227,0
2500,1839,156,3435.8,5,0.0,2030,1.0482302903989613,13.012820512820513,0
2500,1842,173,2115.6666666666665,6,0.0,2487,1.0442234527685945,14.375722543352602,0
2500,1952,178,2741.0,6,0.0,3038,1.2049183791952773,17.06741573033708,0
2500,1972,141,2640.1666666666665,6,0.0,1871,1.1826205633250848,13.26950354609929,0
2500,2010,169,2781.1666666666665,6,0.0,2402,1.0568405243405599,14.21301775147929,0
2500,2119,154,2594.2,5,0.0,1988,1.0533793549226698,12.909090909090908,0
2500,2142,72,4097.75,4,0.0,414,1.0035643198967394,5.75,0
2500,2147,228,1937.142857142857,7,0.0,4537,1.0967532986562705,19.899122807017545,0
2500,2170,208,2643.285714285714,7,0.0,3732,1.0839888852807977,17.942307692307693,0
2500,2175,244,2872.0,6,0.0,3994,0.8430207644744446,16.368852459016395,0
2500,2198,175,2650.5,6,0.0,2862,1.1743658023933372,16.354285714285716,0
2500,2270,209,2926.5714285714284,7,0.0,3694,1.0627085700749246,17.67464114832536,0
2500,2281,298,2696.1666666666665,6,0.0,3053,0.43202028608664644,10.24496644295302,0
2500,2320,116,3176.6,5,0.0,1152,1.0758367232269446,9.931034482758621,0
2500,2380,89,3284.0,5,0.0,652,1.034373644812799,7.325842696629214,0
2500,2403,140,3124.5,6,0.0,1785,1.1444373238077103,12.75,0
2500,2439,181,3164.0,5,0.0,2787,1.0690294832947411,15.397790055248619,0
2500,2521,143,2501.8333333333335,6,0.0,1924,1.1823412911158027,13.454545454545455,0
2500,2576,340,2608.4285714285716,7,0.0,3611,0.3925360232564963,10.620588235294118,0
2500,2585,131,2616.1666666666665,6,0.0,1564,1.1452598124152291,11.938931297709924,0
2500,2602,337,3130.5,6,0.0,3817,0.4223497313087987,11.326409495548962,0
2500,2623,136,2953.2,5,0.0,1513,1.027947596211366,11.125,0
2500,2729,153,3113.5,6,0.0,2042,1.0961821861045509,13.34640522875817,0
2500,2744,192,2673.8333333333335,6,0.0,3037,1.0352665895130426,15.817708333333334,0
2500,2750,238,2418.222222222222,9,0.0,4633,1.0278228065872121,19.46638655462185,0
2500,2754,142,2737.0,6,0.0,1680,1.0469898151221688,11.830985915492958,0
2500,2797,318,2782.0,6,0.0,3721,0.46239730485374864,11.70125786163522,0
2500,2837,128,3532.2,5,0.0,1349,1.034670041428865,10.5390625,0
2500,2873,258,1577.0,10,0.0,5570,1.051539635868947,21.589147286821706,0
2500,2907,213,2661.0,7,0.0,3783,1.0478207594198847,17.760563380281692,0
2500,2953,205,2452.714285714286,7,0.0,3876,1.1590066032422641,18.90731707317073,0
2500,2970,154,2545.6666666666665,6,0.0,2142,1.13497916410682,13.909090909090908,0
2500,3006,150,2862.6,5,0.0,1781,0.9946980472966083,11.873333333333333,0
2500,3129,345,2382.8571428571427,7,0.0,3873,0.4089019398396394,11.226086956521739,0
2500,3131,68,3176.0,4,0.0,491,1.334361585564523,7.220588235294118,0
2500,3137,208,1798.2857142857142,7,0.0,3742,1.086893464287445,17.990384615384617,0
2500,3150,153,3245.6666666666665,6,0.0,2144,1.1509376136180984,14.013071895424837,0
2500,3263,156,2840.1666666666665,6,0.0,1997,1.0311900935599634,12.801282051282051,0
2500,3309,152,2302.1666666666665,6,0.0,2002,1.0888968996687614,13.171052631578947,0
2500,3311,214,3003.3333333333335,6,0.0,1858,0.5098330989929107,8.682242990654206,0
2500,3323,152,2272.1666666666665,6,0.0,1904,1.0355942542304304,12.526315789473685,0
2500,3350,311,3465.3333333333335,6,0.0,3164,0.41107925501010556,10.17363344051447,0
2500,3469,185,3137.5,6,0.0,3094,1.1360219336983866,16.724324324324325,0
2500,3478,149,2620.8333333333335,6,0.0,2067,1.1699782919634436,13.87248322147651,0
2500,3532,162,3848.6,5,0.0,2038,0.9758521304703549,12.580246913580247,0
2500,3614,198,2936.3333333333335,6,0.0,3242,1.0391841019220598,16.373737373737374,0
2500,3619,204,2837.1666666666665,6,0.0,2731,0.8246529735634107,13.387254901960784,0
2500,3635,134,2504.8333333333335,6,0.0,1706,1.1939311800009327,12.73134328358209,0
2500,3655,129,3155.2,5,0.0,1514,1.1432897728585893,11.736434108527131,0
2500,3663,145,2676.6666666666665,6,0.0,1853,1.1075141378552935,12.779310344827586,0
2500,3692,98,2890.6666666666665,6,0.0,870,1.1383530231666472,8.877551020408163,0
2500,3792,197,2587.285714285714,7,0.0,3239,1.0487895699427803,16.441624365482234,0
2500,3858,110,2720.2,5,0.0,622,0.6459737621596202,5.654545454545454,0
2500,3992,330,2420.0,7,0.0,3679,0.42453331028675295,11.148484848484848,0
2500,4042,206,2237.0,7,0.0,3580,1.0601283532709453,17.37864077669903,0
2500,4253,80,2104.0,5,0.0,576,1.1309733552923256,7.2,0
2500,4329,229,2706.5,8,0.0,4805,1.1514160828740074,20.982532751091703,0
2500,4352,319,2251.1666666666665,6,0.0,3727,0.4602437405264948,11.683385579937305,0
2500,4362,135,2623.2,5,0.0,1591,1.097014850339942,11.785185185185185,0
2500,4405,192,3492.8,5,0.0,3009,1.0257218201661986,15.671875,0
2500,4477,338,2887.5,6,0.0,2147,0.23616117878426127,6.35207100591716,0
2500,4490,285,3152.1666666666665,6,0.0,3040,0.4703203036953141,10.666666666666666,0
2500,4501,179,2556.3333333333335,6,0.0,2720,1.0667746971398193,15.195530726256983,0
2500,4591,138,2415.3333333333335,6,0.0,1719,1.1342990488386588,12.456521739130435,0
2500,4596,158,2413.2,5,0.0,2334,1.1748881995639444,14.772151898734178,0
2500,4647,118,3063.8,5,0.0,1436,1.2959859381082857,12.169491525423728,0
2500,4663,160,2240.1666666666665,6,0.0,2225,1.0921943209745766,13.90625,0
2500,4703,95,3329.2,5,0.0,825,1.1487263996505614,8.68421052631579,0
2500,4773,217,2699.5714285714284,7,0.0,3965,1.0581167467122707,18.27188940092166,0
2500,4777,116,3404.2,5,0.0,1195,1.1159938231390616,10.301724137931034,0
2500,4792,108,2585.2,5,0.0,1059,1.140928196211108,9.805555555555555,0
2500,4795,89,2905.0,5,0.0,721,1.1438395673466688,8.101123595505618,0
2500,4809,265,2231.222222222222,9,0.0,5915,1.0584561364746814,22.32075471698113,0
2500,4843,187,2423.8333333333335,6,0.0,2781,0.9993730641005708,14.871657754010695,0
2500,4858,170,2112.3333333333335,6,0.0,2568,1.1166242123762753,15.105882352941176,0
2500,4904,146,2775.6,5,0.0,2046,1.2061734977002658,14.013698630136986,0
2500,4920,160,2965.5,6,0.0,2422,1.1888964698428872,15.1375,0
2500,4943,169,3611.2,5,0.0,983,0.4325038448904123,5.816568047337278,0
2600,45,196,2617.0,7,0.0,3256,1.0650797251237367,16.612244897959183,0
2600,162,237,2260.0,7,0.0,3054,0.683254034365093,12.886075949367088,0
2600,165,131,2858.4,5,0.0,1660,1.2155570899036319,12.67175572519084,0
2600,277,188,2971.8333333333335,6,0.0,3205,1.1395206490216485,17.04787234042553,0
2600,308,234,2597.25,8,0.0,4774,1.09562154490742,20.4017094017094,0
2600,336,163,2644.5,6,0.0,2261,1.0693877812136734,13.871165644171779,0
2600,370,216,3198.0,6,0.0,3904,1.0515070061397935,18.074074074074073,0
2600,504,77,1912.8,5,0.0,534,1.1317999507619831,6.935064935064935,0
2600,552,137,2675.0,5,0.0,1788,1.197116024214087,13.05109489051095,0
2600,563,238,2428.0,8,0.0,5239,1.1622628283424141,22.01260504201681,0
2600,582,128,2698.8333333333335,6,0.0,1255,0.9625729443982398,9.8046875,0
2600,717,204,2325.0,7,0.0,3940,1.1897227081068613,19.313725490196077,0
2600,775,181,3768.4,5,0.0,2697,1.0345075408847926,14.900552486187845,0
2600,903,290,1779.3333333333333,6,0.0,2665,0.3982090093610844,9.189655172413794,0
2600,969,263,3473.625,8,0.0,5992,1.0886046165368903,22.783269961977187,0
2600,1245,183,2303.6666666666665,6,0.0,2881,1.0810628486956546,15.743169398907105,0
2600,1266,269,2481.0,6,0.0,2665,0.4628097688985392,9.907063197026023,0
2600,1304,168,2128.3333333333335,6,0.0,2498,1.112202161092305,14.869047619047619,0
2600,1339,141,2942.2,5,0.0,1691,1.0688462707550608,11.99290780141844,0
2600,1407,134,2705.2,5,0.0,1632,1.1421428404229321,12.17910447761194,0
2600,1582,218,2701.8333333333335,6,0.0,1709,0.4518964603135221,7.839449541284404,0
2600,1616,210,3371.285714285714,7,0.0,3980,1.13410782415305,18.952380952380953,0
2600,1711,122,3378.8,5,0.0,1210,1.0215875062734883,9.918032786885245,0
2600,1733,252,2880.1666666666665,6,0.0,2384,0.4717533941898505,9.46031746031746,0
2600,1803,140,2595.4,5,0.0,1646,1.0553186750630204,11.757142857142858,0
2600,1839,155,3490.6,5,0.0,1992,1.0419234240917157,12.851612903225806,0
2600,1842,173,2108.6666666666665,6,0.0,2498,1.0488420526803173,14.439306358381502,0
2600,1952,180,2764.8333333333335,6,0.0,3068,1.189926698915245,17.044444444444444,0
2600,1972,142,2642.8333333333335,6,0.0,1877,1.1697618351097088,13.21830985915493,0
2600,2010,168,2780.8333333333335,6,0.0,2403,1.0699046409546873,14.303571428571429,0
2600,2119,152,2598.0,5,0.0,1955,1.0633333860401741,12.861842105263158,0
2600,2142,44,4230.75,4,0.0,166,1.0774883894543505,3.772727272727273,0
2600,2147,231,1922.0,7,0.0,4660,1.0974173471807827,20.173160173160174,0
2600,2170,209,2638.4285714285716,7,0.0,3787,1.089463279608484,18.119617224880383,0
2600,2175,243,2875.8333333333335,6,0.0,3960,0.8427378555583045,16.296296296296298,0
2600,2198,174,2656.8333333333335,6,0.0,2848,1.1820922020641738,16.367816091954023,0
2600,2270,215,3025.75,8,0.0,3824,1.039563033624867,17.78604651162791,0
2600,2281,296,2693.3333333333335,6,0.0,3078,0.44146375948454086,10.39864864864865,0
2600,2320,114,3215.8,5,0.0,1099,1.0626686138181543,9.640350877192983,0
2600,2380,80,3361.8,5,0.0,502,0.9856746950637977,6.275,0
2600,2403,139,3127.3333333333335,6,0.0,1889,1.2286048388036064,13.589928057553957,0
2600,2439,181,3185.2,5,0.0,2763,1.0598236319854215,15.265193370165745,0
2600,2521,144,2503.5,6,0.0,1923,1.165370885967047,13.354166666666666,0
2600,2576,345,2604.1428571428573,7,0.0,3675,0.38799758040554466,10.652173913043478,0
2600,2585,131,2604.5,6,0.0,1574,1.1525824454869376,12.01526717557252,0
2600,2602,339,3139.1666666666665,6,0.0,3837,0.4195679122814468,11.31858407079646,0
2600,2623,134,2969.8,5,0.0,1481,1.0364666339867417,11.052238805970148,0
2600,2729,153,3143.0,6,0.0,2048,1.0994030936053478,13.38562091503268,0
2600,2744,195,2681.5,6,0.0,3076,1.0165458516704486,15.774358974358975,0
2600,2750,243,2406.3333333333335,9,0.0,4812,1.0240541820572124,19.80246913580247,0
2600,2754,141,2753.1666666666665,6,0.0,1684,1.064421714932893,11.943262411347519,0
2600,2797,322,2796.5,6,0.0,3744,0.45376809903322346,11.627329192546584,0
2600,2837,129,3593.0,5,0.0,1357,1.0247319826744425,10.51937984496124,0
2600,2873,263,1524.4,10,0.0,5819,1.0571746100848072,22.125475285171103,0
2600,2907,214,2672.4285714285716,7,0.0,3812,1.0460084894300195,17.813084112149532,0
2600,2953,208,2436.1428571428573,7,0.0,3976,1.1548606130429935,19.115384615384617,0
2600,2970,147,2938.0,5,0.0,2072,1.2049386789278635,14.095238095238095,0
2600,3006,151,2877.6,5,0.0,1753,0.9661351557813969,11.609271523178808,0
2600,3129,349,2374.5714285714284,7,0.0,3917,0.40412208189132176,11.223495702005732,0
2600,3131,51,3271.75,4,0.0,286,1.3817693178418775,5.607843137254902,0
2600,3137,216,2011.75,8,0.0,3862,1.0401946869139045,17.87962962962963,0
2600,3150,152,3241.3333333333335,6,0.0,2142,1.1650435360092342,14.092105263157896,0
2600,3263,154,2878.3333333333335,6,0.0,1969,1.0433118459973525,12.785714285714286,0
2600,3309,153,2288.6666666666665,6,0.0,2019,1.0838353740181628,13.196078431372548,0
2600,3311,214,3003.5,6,0.0,1852,0.5081867057776485,8.654205607476635,0
2600,3323,154,2265.3333333333335,6,0.0,1912,1.0131093192214007,12.415584415584416,0
2600,3350,311,3483.8333333333335,6,0.0,3152,0.40952016807580677,10.135048231511254,0
2600,3469,187,3151.1666666666665,6,0.0,3093,1.1114925880126088,16.540106951871657,0
2600,3478,149,2640.1666666666665,6,0.0,2051,1.1609218562249748,13.765100671140939,0
2600,3532,151,3892.0,5,0.0,1976,1.0890376884335653,13.086092715231787,0
2600,3614,196,2971.3333333333335,6,0.0,3238,1.0591916922452884,16.520408163265305,0
2600,3619,202,2854.0,6,0.0,2713,0.8355201322604753,13.430693069306932,0
2600,3635,135,2501.8333333333335,6,0.0,1720,1.1859620003675049,12.74074074074074,0
2600,3655,127,3179.8,5,0.0,1468,1.1437430753226652,11.559055118110237,0
2600,3663,146,2685.6666666666665,6,0.0,1873,1.1041852205242415,12.82876712328767,0
2600,3692,89,3087.0,5,0.0,752,1.1930199093546394,8.44943820224719,0
2600,3792,198,2577.4285714285716,7,0.0,3280,1.0513645448193574,16.565656565656564,0
2600,3858,96,2735.2,5,0.0,501,0.6831327775384055,5.21875,0
2600,3992,332,2416.5714285714284,7,0.0,3709,0.42285408448847955,11.171686746987952,0
2600,4042,207,2247.0,7,0.0,3633,1.0654536731771307,17.55072463768116,0
2600,4253,72,2119.6,5,0.0,468,1.1344640137963142,6.5,0
2600,4329,231,2712.875,8,0.0,4876,1.1482847606981752,21.10822510822511,0
2600,4352,322,2235.0,6,0.0,3781,0.4582524525760197,11.74223602484472,0
2600,4362,134,2652.8,5,0.0,1556,1.0889548159914721,11.611940298507463,0
2600,4405,192,3523.2,5,0.0,2990,1.019245012395126,15.572916666666666,0
2600,4477,342,2905.3333333333335,6,0.0,2162,0.2322808151930896,6.321637426900585,0
2600,4490,287,3164.3333333333335,6,0.0,3071,0.46851757526128784,10.70034843205575,0
2600,4501,179,2568.8333333333335,6,0.0,2719,1.0663825005599885,15.189944134078212,0
2600,4591,137,2415.3333333333335,6,0.0,1732,1.1596224574601783,12.642335766423358,0
2600,4596,158,2400.2,5,0.0,2317,1.1663307448113365,14.664556962025317,0
2600,4647,116,3085.8,5,0.0,1372,1.2812916530098681,11.827586206896552,0
2600,4663,160,2235.6666666666665,6,0.0,2222,1.0907216994182063,13.8875,0
2600,4703,91,3358.0,5,0.0,736,1.116875832890756,8.087912087912088,0
2600,4773,219,2701.0,7,0.0,4001,1.0483111033558734,18.269406392694062,0
2600,4777,114,3430.0,5,0.0,1138,1.1003793289581978,9.982456140350877,0
2600,4792,104,2616.6,5,0.0,989,1.1490514550296986,9.509615384615385,0
2600,4795,84,2907.0,5,0.0,632,1.1255592727147106,7.523809523809524,0
2600,4809,266,2226.8888888888887,9,0.0,6036,1.0720025584865165,22.69172932330827,0
2600,4843,186,2422.5,6,0.0,2770,1.0061523471434533,14.89247311827957,0
2600,4858,170,2107.5,6,0.0,2583,1.123146550065389,15.194117647058823,0
2600,4904,146,2797.8,5,0.0,2024,1.1932038901981126,13.863013698630137,0
2600,4920,162,2973.0,6,0.0,2437,1.1669046329520387,15.04320987654321,0
2600,4943,158,3661.2,5,0.0,882,0.44398088775295586,5.582278481012659,0
2700,45,197,2615.5714285714284,7,0.0,3276,1.0607701855920186,16.629441624365484,0
2700,162,237,2250.4285714285716,7,0.0,3083,0.6897420392755671,13.0084388185654,0
2700,165,128,2888.2,5,0.0,1601,1.2279516207024557,12.5078125,0
2700,277,189,2989.1666666666665,6,0.0,3205,1.1274941300361454,16.95767195767196,0
2700,308,237,2589.375,8,0.0,4837,1.0821544742056173,20.40928270042194,0
2700,336,164,2670.0,6,0.0,2274,1.0624600973026754,13.865853658536585,0
2700,370,218,3215.8333333333335,6,0.0,3923,1.0373258126447906,17.995412844036696,0
2700,504,68,1921.8,5,0.0,419,1.13869145489111,6.161764705882353,0
2700,552,136,2681.8,5,0.0,1758,1.1944030893189568,12.926470588235293,0
2700,563,236,2808.1428571428573,7,0.0,5227,1.1793381787068262,22.14830508474576,0
2700,582,123,3226.4,5,0.0,1167,0.9693274180023236,9.487804878048781,0
2700,717,205,2310.5714285714284,7,0.0,3981,1.1904038409461954,19.41951219512195,0
2700,775,182,3816.2,5,0.0,2673,1.0140655914799561,14.686813186813186,0
2700,903,296,1742.5,6,0.0,2730,0.39155167751552844,9.222972972972974,0
2700,969,263,3501.375,8,0.0,6035,1.0964166990654427,22.9467680608365,0
2700,1245,184,2289.8333333333335,6,0.0,2894,1.0741693217732586,15.728260869565217,0
2700,1266,271,2483.8333333333335,6,0.0,2702,0.462334845658399,9.970479704797048,0
2700,1304,171,2104.5,6,0.0,2541,1.0919991700381881,14.859649122807017,0
2700,1339,141,2973.6,5,0.0,1666,1.0530442856758906,11.815602836879433,0
2700,1407,131,2722.2,5,0.0,1590,1.1642986584016715,12.13740458015267,0
2700,1582,218,2713.3333333333335,6,0.0,1702,0.4500455093350583,7.807339449541284,0
2700,1616,211,3408.714285714286,7,0.0,4041,1.140601146708866,19.151658767772513,0
2700,1711,118,3479.8,5,0.0,1131,1.0207243008359828,9.584745762711865,0
2700,1733,252,2896.5,6,0.0,2396,0.4741279918116115,9.507936507936508,0
2700,1803,140,2581.8,5,0.0,1648,1.0566009577787712,11.771428571428572,0
2700,1839,153,3539.0,5,0.0,1969,1.0569944781781884,12.869281045751634,0
2700,1842,175,2102.8333333333335,6,0.0,2506,1.0282881554149905,14.32,0
2700,1952,179,2796.5,6,0.0,3074,1.2056122863999281,17.1731843575419,0
2700,1972,142,2639.1666666666665,6,0.0,1882,1.1728778762261436,13.253521126760564,0
2700,2010,169,2781.3333333333335,6,0.0,2415,1.0625603106921118,14.289940828402367,0
2700,2119,152,2603.6,5,0.0,1915,1.0415772042286104,12.598684210526315,0
2700,2147,237,2595.777777777778,9,0.0,4916,1.0998286944789777,20.742616033755276,0
2700,2170,211,2632.4285714285716,7,0.0,3853,1.0875368023432963,18.260663507109005,0
2700,2175,243,2875.6666666666665,6,0.0,3949,0.8403969170706426,16.25102880658436,0
2700,2198,174,2667.6666666666665,6,0.0,2823,1.1717156904589754,16.224137931034484,0
2700,2270,220,3026.0,8,0.0,3944,1.0240034236163755,17.927272727272726,0
2700,2281,297,2689.0,6,0.0,3124,0.4450491650427741,10.518518518518519,0
2700,2320,109,4334.75,4,0.0,1042,1.102109096891024,9.559633027522937,0
2700,2380,48,5043.666666666667,3,0.0,215,1.17264309118369,4.479166666666667,0
2700,2403,147,3821.1666666666665,6,0.0,2023,1.1764435074667317,13.761904761904763,0
2700,2439,181,3210.4,5,0.0,2736,1.049467049262437,15.116022099447514,0
2700,2521,144,2508.6666666666665,6,0.0,1921,1.1641588517642731,13.340277777777779,0
2700,2576,350,2598.4285714285716,7,0.0,3741,0.3837615711699401,10.688571428571429,0
2700,2585,132,2601.3333333333335,6,0.0,1572,1.1337428033616057,11.909090909090908,0
2700,2602,337,3148.3333333333335,6,0.0,3868,0.4279928636893983,11.477744807121661,0
2700,2623,134,2984.8,5,0.0,1443,1.0098726217710117,10.76865671641791,0
2700,2729,153,3172.3333333333335,6,0.0,2053,1.102087183189345,13.418300653594772,0
2700,2744,196,2688.6666666666665,6,0.0,3109,1.0169941232830764,15.862244897959183,0
2700,2750,250,2710.375,8,0.0,4976,1.0004841628328198,19.904,0
2700,2754,141,2775.1666666666665,6,0.0,1671,1.0562046826917246,11.851063829787234,0
2700,2797,328,2806.5,6,0.0,3776,0.4410564344123683,11.512195121951219,0
2700,2837,134,3834.8,5,0.0,1406,0.9839784519820114,10.492537313432836,0
2700,2873,267,2183.0,9,0.0,6041,1.0648689823302862,22.625468164794007,0
2700,2907,215,2683.714285714286,7,0.0,3851,1.0469030445840384,17.911627906976744,0
2700,2953,216,2955.625,8,0.0,4174,1.124229058306224,19.324074074074073,0
2700,2970,143,3002.0,5,0.0,1996,1.2265869111575582,13.958041958041958,0
2700,3006,150,2876.2,5,0.0,1741,0.9723578328710809,11.606666666666667,0
2700,3129,352,2366.285714285714,7,0.0,3958,0.40142122039347883,11.244318181818182,0
2700,3137,220,1986.375,8,0.0,3988,1.0354273969021566,18.12727272727273,0
2700,3150,152,3237.8333333333335,6,0.0,2140,1.163955726918656,14.078947368421053,0
2700,3263,154,2933.0,6,0.0,1961,1.0390728948709032,12.733766233766234,0
2700,3309,155,2257.8333333333335,6,0.0,2048,1.0712144440461013,13.212903225806452,0
2700,3311,212,3008.6666666666665,6,0.0,1841,0.5147447557190111,8.683962264150944,0
2700,3323,156,2258.0,6,0.0,1923,0.9929787430725134,12.326923076923077,0
2700,3350,311,3499.6666666666665,6,0.0,3155,0.4099099398093815,10.144694533762058,0
2700,3469,186,3162.3333333333335,6,0.0,3093,1.1234762489944767,16.629032258064516,0
2700,3478,149,2661.0,6,0.0,2025,1.1462051481499627,13.590604026845638,0
2700,3532,142,3935.0,5,0.0,1913,1.192197331148041,13.471830985915492,0
2700,3614,196,3008.3333333333335,6,0.0,3239,1.05951880518298,16.525510204081634,0
2700,3619,199,2869.1666666666665,6,0.0,2702,0.8574110098229459,13.577889447236181,0
2700,3635,135,2497.0,6,0.0,1742,1.2011312817675543,12.903703703703703,0
2700,3655,126,3195.6,5,0.0,1436,1.1366407282829283,11.396825396825397,0
2700,3663,149,2688.8333333333335,6,0.0,1911,1.0816780435133724,12.825503355704697,0
2700,3692,80,3132.6,5,0.0,634,1.2448560889849556,7.925,0
2700,3792,198,2565.714285714286,7,0.0,3318,1.0635449877166547,16.757575757575758,0
2700,3858,68,2757.6,5,0.0,355,0.9647624498480766,5.220588235294118,0
2700,3992,335,2415.4285714285716,7,0.0,3739,0.41867373336679836,11.161194029850746,0
2700,4042,209,2260.0,7,0.0,3681,1.0589686644412013,17.61244019138756,0
2700,4253,60,2147.2,5,0.0,320,1.117010721276371,5.333333333333333,0
2700,4329,232,2706.375,8,0.0,4945,1.1545166224733596,21.314655172413794,0
2700,4352,325,2221.0,6,0.0,3839,0.4567318039150283,11.812307692307693,0
2700,4362,131,2716.6,5,0.0,1512,1.1071821204423442,11.541984732824428,0
2700,4405,192,3545.6,5,0.0,2991,1.0195858970146563,15.578125,0
2700,4477,343,2924.1666666666665,6,0.0,2176,0.23242375589121506,6.34402332361516,0
2700,4490,286,3177.8333333333335,6,0.0,3095,0.4754867848237278,10.821678321678322,0
2700,4501,179,2585.1666666666665,6,0.0,2713,1.0640293210810035,15.156424581005586,0
2700,4591,137,2412.0,6,0.0,1745,1.1683263211709072,12.737226277372264,0
2700,4596,157,2386.8,5,0.0,2295,1.1700199018197208,14.617834394904458,0
2700,4647,113,3101.8,5,0.0,1308,1.2872435401035163,11.575221238938052,0
2700,4663,161,2234.6666666666665,6,0.0,2212,1.07236649045031,13.73913043478261,0
2700,4703,86,3391.2,5,0.0,653,1.1094970269303057,7.593023255813954,0
2700,4773,220,2700.4285714285716,7,0.0,4046,1.050486270778868,18.39090909090909,0
2700,4777,109,3453.6,5,0.0,1076,1.1380704301868925,9.871559633027523,0
2700,4792,100,2646.0,5,0.0,918,1.153592822398172,9.18,0
2700,4795,76,2920.0,5,0.0,515,1.1204433632955288,6.776315789473684,0
2700,4809,270,2224.8888888888887,9,0.0,6157,1.0613325634102801,22.803703703703704,0
2700,4843,186,2409.8333333333335,6,0.0,2765,1.004336187672075,14.865591397849462,0
2700,4858,171,2095.1666666666665,6,0.0,2616,1.1242305504997638,15.298245614035087,0
2700,4904,146,2828.0,5,0.0,2003,1.1808238103096933,13.719178082191782,0
2700,4920,162,2985.3333333333335,6,0.0,2437,1.1669046329520387,15.04320987654321,0
2700,4943,148,3708.6,5,0.0,780,0.4474876314463182,5.27027027027027,0
2800,45,197,2612.714285714286,7,0.0,3300,1.068541395742876,16.751269035532996,0
2800,162,238,2241.4285714285716,7,0.0,3104,0.6886168771091531,13.042016806722689,0
2800,165,128,2922.2,5,0.0,1560,1.1965050145508,12.1875,0
2800,277,188,3004.5,6,0.0,3209,1.1409428276787739,17.069148936170212,0
2800,308,239,2581.125,8,0.0,4898,1.0775386157303133,20.493723849372383,0
2800,336,164,2693.1666666666665,6,0.0,2284,1.0671323052943318,13.926829268292684,0
2800,370,216,3238.0,6,0.0,3927,1.0577018476206377,18.180555555555557,0
2800,504,55,1933.6,5,0.0,272,1.1299348122663455,4.945454545454545,0
2800,552,134,2680.8,5,0.0,1748,1.2233245619235817,13.044776119402986,0
2800,563,235,2841.285714285714,7,0.0,5223,1.1884862601864727,22.22553191489362,0
2800,582,117,3295.2,5,0.0,1067,0.9794957590416566,9.11965811965812,0
2800,717,208,2300.1428571428573,7,0.0,4024,1.1688025922749008,19.346153846153847,0
2800,775,182,3852.6,5,0.0,2649,1.0049606254509555,14.554945054945055,0
2800,903,308,2140.875,8,0.0,2883,0.38190300304854835,9.36038961038961,0
2800,969,266,3522.25,8,0.0,6099,1.0831914519896064,22.928571428571427,0
2800,1245,184,2279.0,6,0.0,2900,1.0763963487016068,15.76086956521739,0
2800,1266,273,2485.6666666666665,6,0.0,2737,0.46148688928472215,10.025641025641026,0
2800,1304,174,2074.3333333333335,6,0.0,2591,1.0754216627627367,14.89080459770115,0
2800,1339,139,2986.2,5,0.0,1633,1.0621025419620376,11.748201438848922,0
2800,1407,130,2736.6,5,0.0,1555,1.156254810966184,11.961538461538462,0
2800,1582,218,2742.6666666666665,6,0.0,1699,0.4492522446300024,7.793577981651376,0
2800,1616,212,3424.285714285714,7,0.0,4103,1.1472013757279211,19.35377358490566,0
2800,1711,112,3544.4,5,0.0,1054,1.0558796737511613,9.410714285714286,0
2800,1733,252,2914.3333333333335,6,0.0,2405,0.4759089400279322,9.543650793650794,0
2800,1803,142,2558.6,5,0.0,1660,1.0345256506564287,11.690140845070422,0
2800,1839,152,3580.4,5,0.0,1939,1.0546309133155487,12.756578947368421,0
2800,1842,176,2092.6666666666665,6,0.0,2536,1.0288066851115336,14.409090909090908,0
2800,1952,181,2793.5,6,0.0,3103,1.1902398588674494,17.14364640883978,0
2800,1972,141,2637.5,6,0.0,1872,1.1832526427282517,13.27659574468085,0
2800,2010,170,2783.0,6,0.0,2422,1.053140125535568,14.24705882352941,0
2800,2119,151,2606.6,5,0.0,1882,1.0372312396922925,12.463576158940397,0
2800,2147,240,2888.5,8,0.0,5160,1.1257373675363425,21.5,0
2800,2170,214,2630.0,7,0.0,3923,1.0764667639123728,18.33177570093458,0
2800,2175,243,2871.5,6,0.0,3948,0.8401841044808551,16.246913580246915,0
2800,2198,173,2673.1666666666665,6,0.0,2811,1.1802622138047925,16.248554913294797,0
2800,2270,223,3028.625,8,0.0,4048,1.02291757821243,18.152466367713004,0
2800,2281,298,2684.0,6,0.0,3172,0.448859596287862,10.644295302013424,0
2800,2320,98,4433.25,4,0.0,907,1.186765737944999,9.255102040816327,0
2800,2403,151,3850.3333333333335,6,0.0,2083,1.1480088588092696,13.794701986754967,0
2800,2439,179,3233.4,5,0.0,2708,1.0620683381818494,15.128491620111731,0
2800,2521,143,2515.8333333333335,6,0.0,1924,1.1823412911158027,13.454545454545455,0
2800,2576,355,2595.5714285714284,7,0.0,3801,0.3790103130742251,10.707042253521127,0
2800,2585,132,2598.5,6,0.0,1565,1.128694330318647,11.856060606060606,0
2800,2602,339,3166.1666666666665,6,0.0,3886,0.4249259596366177,11.463126843657816,0
2800,2623,131,3009.0,5,0.0,1387,1.0156492070459864,10.587786259541986,0
2800,2729,154,3190.5,6,0.0,2064,1.0936493906239388,13.402597402597403,0
2800,2744,203,2689.1428571428573,7,0.0,3212,0.9794749305569576,15.822660098522167,0
2800,2750,251,2731.625,8,0.0,5033,1.0038974508669658,20.051792828685258,0
2800,2754,141,2795.1666666666665,6,0.0,1663,1.0511480474663903,11.794326241134751,0
2800,2797,338,2821.1428571428573,7,0.0,3847,0.42315419412345273,11.381656804733728,0
2800,2837,132,3858.2,5,0.0,1395,1.006088556418219,10.568181818181818,0
2800,2873,269,2453.5,8,0.0,6145,1.0671542326009467,22.843866171003718,0
2800,2907,216,2701.1428571428573,7,0.0,3876,1.0439654599892008,17.944444444444443,0
2800,2953,217,3388.714285714286,7,0.0,4293,1.1456482203368923,19.783410138248847,0
2800,2970,140,3069.8,5,0.0,1923,1.2329148311945248,13.735714285714286,0
2800,3006,150,2869.2,5,0.0,1726,0.9639802524615081,11.506666666666666,0
2800,3129,357,2358.0,7,0.0,4002,0.3945940352506917,11.210084033613445,0
2800,3137,225,1957.5,8,0.0,4123,1.0234300452938838,18.324444444444445,0
2800,3150,152,3235.6666666666665,6,0.0,2132,1.1596044905563432,14.026315789473685,0
2800,3263,152,3551.8,5,0.0,1908,1.037769872411587,12.552631578947368,0
2800,3309,157,2230.1666666666665,6,0.0,2064,1.0522531927476706,13.146496815286625,0
2800,3311,212,3010.5,6,0.0,1833,0.5125079506968753,8.64622641509434,0
2800,3323,160,2244.8333333333335,6,0.0,1931,0.9478774084502954,12.06875,0
2800,3350,312,3516.3333333333335,6,0.0,3155,0.4072865229321087,10.112179487179487,0
2800,3469,186,3176.5,6,0.0,3095,1.124202712783028,16.63978494623656,0
2800,3478,147,2680.1666666666665,6,0.0,2009,1.1683020299064082,13.666666666666666,0
2800,3532,136,3977.0,5,0.0,1863,1.2657411577936384,13.698529411764707,0
2800,3614,194,3027.8333333333335,6,0.0,3229,1.078138237691725,16.644329896907216,0
2800,3619,200,2883.3333333333335,6,0.0,2693,0.8460309016117313,13.465,0
2800,3635,137,2485.3333333333335,6,0.0,1777,1.1897512164588548,12.97080291970803,0
2800,3655,124,3209.4,5,0.0,1398,1.1425459234439466,11.274193548387096,0
2800,3663,151,2691.5,6,0.0,1969,1.0851797613996408,13.039735099337749,0
2800,3692,72,3177.2,5,0.0,506,1.2265786132071261,7.027777777777778,0
2800,3792,199,2553.714285714286,7,0.0,3360,1.066210582163249,16.884422110552762,0
2800,3858,30,3314.0,3,0.0,86,1.2007865253720986,2.8666666666666667,0
2800,3992,337,2412.1428571428573,7,0.0,3757,0.41571075203750507,11.148367952522255,0
2800,4042,211,2260.5714285714284,7,0.0,3738,1.055077229992017,17.71563981042654,0
2800,4253,38,2185.2,5,0.0,129,1.1226189814766852,3.3947368421052633,0
2800,4329,235,2705.5,8,0.0,5010,1.1400184115516425,21.319148936170212,0
2800,4352,329,2199.8333333333335,6,0.0,3905,0.453355727026474,11.869300911854104,0
2800,4362,130,2786.8,5,0.0,1471,1.0937947440072393,11.315384615384616,0
2800,4405,192,3571.8,5,0.0,2979,1.0154952815802945,15.515625,0
2800,4477,345,2944.6666666666665,6,0.0,2184,0.23058141921243802,6.3304347826086955,0
2800,4490,286,3209.3333333333335,6,0.0,3128,0.4805565954535123,10.937062937062937,0
2800,4501,179,2611.1666666666665,6,0.0,2721,1.0671668937196501,15.201117318435754,0
2800,4591,140,2407.3333333333335,6,0.0,1772,1.1361024861553293,12.657142857142857,0
2800,4596,157,2369.8,5,0.0,2284,1.1644119632924803,14.547770700636942,0
2800,4647,110,3121.0,5,0.0,1247,1.2950631533971808,11.336363636363636,0
2800,4663,161,2670.2,5,0.0,2183,1.0583074360999218,13.559006211180124,0
2800,4703,79,3426.6,5,0.0,550,1.1074353209257404,6.962025316455696,0
2800,4773,221,2701.4285714285716,7,0.0,4089,1.05206464736829,18.502262443438916,0
2800,4777,106,3479.6,5,0.0,1004,1.1228761211121938,9.471698113207546,0
2800,4792,94,2681.0,5,0.0,834,1.1860970000425022,8.872340425531915,0
2800,4795,65,2933.8,5,0.0,375,1.1153583385525891,5.769230769230769,0
2800,4809,274,2228.4444444444443,9,0.0,6287,1.052330599026002,22.945255474452555,0
2800,4843,186,2393.3333333333335,6,0.0,2760,1.0025200282006972,14.838709677419354,0
2800,4858,172,2078.6666666666665,6,0.0,2663,1.1311602537195267,15.482558139534884,0
2800,4904,145,2841.6,5,0.0,1979,1.1828227084811795,13.648275862068965,0
2800,4920,162,2995.8333333333335,6,0.0,2453,1.1745658861843868,15.141975308641975,0
2800,4943,135,3760.8,5,0.0,671,0.46266308270150913,4.970370370370371,0
2900,45,197,2613.285714285714,7,0.0,3319,1.0746936037789712,16.84771573604061,0
2900,162,241,2231.8571428571427,7,0.0,3137,0.6787194541630606,13.016597510373444,0
2900,165,125,2965.2,5,0.0,1519,1.2216522856455412,12.152,0
2900,277,188,3019.1666666666665,6,0.0,3230,1.1484092656286817,17.180851063829788,0
2900,308,239,2572.75,8,0.0,4957,1.0905183581411113,20.740585774058577,0
2900,336,164,2701.0,6,0.0,2299,1.0741406172818166,14.018292682926829,0
2900,370,217,3256.3333333333335,6,0.0,3932,1.0493102265000376,18.119815668202765,0
2900,504,13,2070.75,4,0.0,24,1.784573341684143,1.8461538461538463,0
2900,552,134,2685.6,5,0.0,1731,1.2114272406691762,12.917910447761194,0
2900,563,236,2863.1428571428573,7,0.0,5235,1.1811431730495954,22.18220338983051,0
2900,582,110,3334.8,5,0.0,972,1.0094638212526543,8.836363636363636,0
2900,717,208,2293.0,7,0.0,4061,1.179549534599496,19.52403846153846,0
2900,775,181,3893.2,5,0.0,2610,1.001136329888509,14.41988950276243,0
2900,903,320,2414.8571428571427,7,0.0,3046,0.3738004383919731,9.51875,0
2900,969,265,3551.5,8,0.0,6136,1.0980028492660432,23.154716981132076,0
2900,1245,186,2268.3333333333335,6,0.0,2903,1.05446218908211,15.60752688172043,0
2900,1266,274,2491.0,6,0.0,2773,0.46415027057405805,10.120437956204379,0
2900,1304,176,2399.3333333333335,6,0.0,2633,1.0681577294553106,14.960227272727273,0
2900,1339,139,2987.0,5,0.0,1614,1.0497449496183275,11.611510791366907,0
2900,1407,130,2755.4,5,0.0,1518,1.1287426386152204,11.676923076923076,0
2900,1582,218,2771.3333333333335,6,0.0,1694,0.44793013678824256,7.770642201834862,0
2900,1616,213,3438.8571428571427,7,0.0,4161,1.1525197409321015,19.535211267605632,0
2900,1711,108,3596.4,5,0.0,988,1.0644353709693812,9.148148148148149,0
2900,1733,255,2931.0,6,0.0,2426,0.4688352958159993,9.513725490196078,0
2900,1803,144,2526.4,5,0.0,1691,1.0247749184452817,11.743055555555555,0
2900,1839,151,3612.6,5,0.0,1912,1.0537652126948265,12.66225165562914,0
2900,1842,179,2035.857142857143,7,0.0,2623,1.0287316288962303,14.653631284916202,0
2900,1952,181,2782.3333333333335,6,0.0,3130,1.200596441590434,17.29281767955801,0
2900,1972,142,2635.5,6,0.0,1873,1.1672690022165608,13.190140845070422,0
2900,2010,169,2786.8333333333335,6,0.0,2428,1.0682800970436634,14.366863905325443,0
2900,2119,148,2611.0,5,0.0,1851,1.061922571547609,12.506756756756756,0
2900,2147,240,2867.125,8,0.0,5299,1.156062463289744,22.079166666666666,0
2900,2170,215,2635.8571428571427,7,0.0,3986,1.0836030993798953,18.53953488372093,0
2900,2175,246,2857.3333333333335,6,0.0,3970,0.8243851434167149,16.13821138211382,0
2900,2198,174,2673.0,6,0.0,2817,1.1692253276737279,16.189655172413794,0
2900,2270,227,3028.75,8,0.0,4167,1.0162057550124137,18.356828193832598,0
2900,2281,302,2676.0,6,0.0,3248,0.44751953593525057,10.754966887417218,0
2900,2320,88,4491.5,4,0.0,762,1.2365152903075527,8.659090909090908,0
2900,2403,151,3864.6666666666665,6,0.0,2119,1.1678496264123102,14.033112582781458,0
2900,2439,178,3253.0,5,0.0,2683,1.0641198194143942,15.073033707865168,0
2900,2521,144,2523.5,6,0.0,1923,1.165370885967047,13.354166666666666,0
2900,2576,359,2594.1428571428573,7,0.0,3865,0.37685168818133163,10.766016713091922,0
2900,2585,129,3121.6,5,0.0,1532,1.1568823857459438,11.875968992248062,0
2900,2602,340,3185.6666666666665,6,0.0,3912,0.42525641733021696,11.505882352941176,0
2900,2623,129,3010.4,5,0.0,1358,1.0254871278348512,10.527131782945736,0
2900,2729,155,3202.1666666666665,6,0.0,2069,1.0821985765289959,13.348387096774193,0
2900,2744,203,3156.0,6,0.0,3257,0.9931973377409746,16.04433497536946,0
2900,2750,251,2725.75,8,0.0,5091,1.0154663068475507,20.282868525896415,0
2900,2754,141,2817.6666666666665,6,0.0,1656,1.0467234916442225,11.74468085106383,0
2900,2797,341,3341.1666666666665,6,0.0,3906,0.42211748797900717,11.454545454545455,0
2900,2837,130,3870.8,5,0.0,1366,1.015719660308558,10.507692307692308,0
2900,2873,267,2453.625,8,0.0,6210,1.0946592253386982,23.258426966292134,0
2900,2907,216,2702.1428571428573,7,0.0,3922,1.056355142950889,18.15740740740741,0
2900,2953,218,3409.1428571428573,7,0.0,4351,1.1504982438994353,19.958715596330276,0
2900,2970,136,3138.8,5,0.0,1857,1.2616646967379423,13.654411764705882,0
2900,3006,154,2857.8,5,0.0,1718,0.9103147544050033,11.155844155844155,0
2900,3129,359,2350.4285714285716,7,0.0,4041,0.3940123342666911,11.256267409470752,0
2900,3137,228,1932.25,8,0.0,4245,1.0261665754454194,18.61842105263158,0
2900,3150,155,3228.3333333333335,6,0.0,2136,1.1172431896887072,13.780645161290323,0
2900,3263,146,3625.6,5,0.0,1817,1.0711716741551236,12.445205479452055,0
2900,3309,162,2198.0,6,0.0,2087,0.9993147184944213,12.882716049382717,0
2900,3311,210,3013.5,6,0.0,1816,0.5174723137341555,8.647619047619047,0
2900,3323,153,2690.8,5,0.0,1864,1.0006285969142423,12.183006535947712,0
2900,3350,312,3527.8333333333335,6,0.0,3153,0.4070283381315178,10.10576923076923,0
2900,3469,185,3190.0,6,0.0,3088,1.1338189176666509,16.691891891891892,0
2900,3478,147,2693.8333333333335,6,0.0,1991,1.1578344159002782,13.54421768707483,0
2900,3532,133,4016.2,5,0.0,1807,1.2837035276243443,13.586466165413533,0
2900,3614,195,3051.6666666666665,6,0.0,3232,1.0681001926524352,16.574358974358976,0
2900,3619,197,2902.0,6,0.0,2681,0.8681089339353485,13.609137055837563,0
2900,3635,141,2480.714285714286,7,0.0,1855,1.172507292874416,13.156028368794326,0
2900,3655,122,3229.0,5,0.0,1348,1.1380991392203819,11.049180327868852,0
2900,3663,158,3044.285714285714,7,0.0,2104,1.0591108705580716,13.316455696202532,0
2900,3692,61,3227.4,5,0.0,362,1.2225278587471164,5.934426229508197,0
2900,3792,202,2544.714285714286,7,0.0,3402,1.047710833007791,16.84158415841584,0
2900,3992,341,2405.4285714285716,7,0.0,3765,0.406879759918321,11.041055718475073,0
2900,4042,212,2259.714285714286,7,0.0,3794,1.060804781747924,17.89622641509434,0
2900,4329,235,2712.875,8,0.0,5088,1.1577672011925662,21.651063829787233,0
2900,4352,333,2167.0,6,0.0,3996,0.4528421843012314,12.0,0
2900,4362,129,2831.0,5,0.0,1435,1.0836333051863118,11.124031007751938,0
2900,4405,193,3591.2,5,0.0,2981,1.0056739993397057,15.44559585492228,0
2900,4477,349,2964.0,6,0.0,2194,0.2263578880953689,6.286532951289399,0
2900,4490,285,3221.1666666666665,6,0.0,3164,0.48950442134604394,11.101754385964913,0
2900,4501,178,2615.0,6,0.0,2719,1.0783979832231596,15.275280898876405,0
2900,4591,131,2915.8,5,0.0,1705,1.2485089387263208,13.01526717557252,0
2900,4596,157,2355.6,5,0.0,2275,1.159823649952011,14.490445859872612,0
2900,4647,108,3142.4,5,0.0,1185,1.276676026921778,10.972222222222221,0
2900,4663,154,2727.8,5,0.0,2076,1.100007817313613,13.480519480519481,0
2900,4703,69,3467.4,5,0.0,418,1.1032856367994401,6.057971014492754,0
2900,4773,223,2702.0,7,0.0,4130,1.043638734688077,18.52017937219731,0
2900,4777,102,3509.8,5,0.0,935,1.129330692466919,9.166666666666666,0
2900,4792,91,2713.2,5,0.0,753,1.1426732366395915,8.274725274725276,0
2900,4795,45,2962.0,5,0.0,180,1.117010721276371,4.0,0
2900,4809,281,2230.1111111111113,9,0.0,6400,1.0185379102582124,22.775800711743774,0
2900,4843,187,2378.0,6,0.0,2765,0.9936233449255945,14.786096256684491,0
2900,4858,177,2409.5,6,0.0,2726,1.0934254618641868,15.401129943502825,0
2900,4904,144,2843.6,5,0.0,1960,1.1877935187183633,13.61111111111111,0
2900,4920,162,3016.0,6,0.0,2468,1.1817483110897133,15.234567901234568,0
2900,4943,115,3814.6,5,0.0,533,0.5064556171987478,4.6347826086956525,0
3000,45,194,3003.0,6,0.0006064281382656155,3298,1.1011768064129173,17.0,1
3000,162,241,2225.1428571428573,7,0.0,3161,0.6839120798882482,13.116182572614107,0
3000,165,124,3002.6,5,0.0,1476,1.206293120889317,11.903225806451612,0
3000,277,188,3037.0,6,0.0,3245,1.1537424355929018,17.26063829787234,0
3000,308,241,2561.875,8,0.00019892580067634773,5027,1.087638730021583,20.858921161825727,1
3000,336,164,2712.5,6,0.0,2317,1.0825505916667981,14.128048780487806,0
3000,370,217,3270.1666666666665,6,0.0,3947,1.0533131902328707,18.1889400921659,0
3000,552,134,2687.0,5,0.0,1720,1.203728973975149,12.835820895522389,0
3000,563,237,2870.5714285714284,7,0.0,5245,1.173433991566769,22.130801687763714,0
3000,582,105,3377.2,5,0.0,872,0.993911580564281,8.304761904761905,0
3000,717,210,2284.714285714286,7,0.0,4109,1.1708665953379103,19.566666666666666,0
3000,775,178,3933.8,5,0.0,2586,1.0256481002629978,14.52808988764045,0
3000,903,323,2390.0,7,0.0,3138,0.3779703724550133,9.715170278637771,0
3000,969,265,3576.375,8,0.0,6159,1.102118570506773,23.241509433962264,0
3000,1245,186,2252.5,6,0.0,2922,1.0613635950733467,15.709677419354838,0
3000,1266,276,2496.3333333333335,6,0.0,2820,0.46520118058828064,10.217391304347826,0
3000,1304,175,2402.3333333333335,6,0.0,2644,1.084913760142552,15.108571428571429,0
3000,1339,140,2990.0,5,0.0,1585,1.0162090522326168,11.321428571428571,0
3000,1407,127,2773.4,5,0.0,1479,1.152313357222222,11.645669291338583,0
3000,1582,217,2790.0,6,0.0,1686,0.4499331235704637,7.7695852534562215,0
3000,1616,215,3444.714285714286,7,0.0,4225,1.1485757889814496,19.651162790697676,0
3000,1711,105,3660.8,5,0.0,915,1.0429232754774278,8.714285714285714,0
3000,1733,256,2951.5,6,0.0,2441,0.46805588790360625,9.53515625,0
3000,1803,152,3272.8333333333335,6,0.0,1828,0.9942575087884594,12.026315789473685,0
3000,1839,150,3638.6,5,0.0,1881,1.050548583360427,12.54,0
3000,1842,186,2275.285714285714,7,0.0,2731,0.9919863032667042,14.682795698924732,0
3000,1952,184,2769.6666666666665,6,0.0,3165,1.1747567047036502,17.20108695652174,0
3000,1972,142,2636.5,6,0.0,1871,1.1660225857699866,13.17605633802817,0
3000,2010,169,2784.8333333333335,6,0.0,2438,1.072679932698703,14.42603550295858,0
3000,2119,148,2613.6,5,0.0,1813,1.0401218920668909,12.25,0
3000,2147,243,2848.0,8,0.0,5464,1.1628079905986304,22.48559670781893,0
3000,2170,218,2631.1428571428573,7,0.0,4077,1.0780467341709945,18.701834862385322,0
3000,2175,251,3126.5,6,0.0,4005,0.7988494517628052,15.95617529880478,0
3000,2198,174,2672.5,6,0.0,2811,1.1667349648884804,16.155172413793103,0
3000,2270,233,3024.125,8,0.0,4268,0.9879214902113679,18.317596566523605,0
3000,2281,303,2961.6666666666665,6,0.0,3338,0.4568892495368746,11.016501650165017,0
3000,2320,77,4563.75,4,0.0,601,1.2738048134980373,7.805194805194805,0
3000,2403,153,3885.6666666666665,6,0.0,2150,1.1541585211188954,14.052287581699346,0
3000,2439,178,3275.6,5,0.0,2652,1.0518247339124014,14.898876404494382,0
3000,2521,146,2529.5,6,0.0,1922,1.1330720735972195,13.164383561643836,0
3000,2576,363,2593.0,7,0.0,3928,0.3746002760376328,10.820936639118457,0
3000,2585,121,3182.6,5,0.0,1426,1.2239358306178663,11.785123966942148,0
3000,2602,339,3184.0,6,0.0,3942,0.43104944232824166,11.628318584070797,0
3000,2623,127,3016.6,5,0.0,1318,1.026875594874164,10.377952755905511,0
3000,2729,154,3199.1666666666665,6,0.0,2075,1.0994779484228066,13.474025974025974,0
3000,2744,202,3180.0,6,0.0,3274,1.0082907899081446,16.207920792079207,0
3000,2750,252,2718.625,8,0.0,5155,1.020087561681493,20.456349206349206,0
3000,2754,141,2840.6666666666665,6,0.0,1650,1.0429310152252218,11.702127659574469,0
3000,2797,340,3394.8333333333335,6,0.0,3921,0.42623476798358406,11.532352941176471,0
3000,2837,129,3890.2,5,0.0,1331,1.0050982085038194,10.317829457364342,0
3000,2873,270,2451.625,8,0.0,6305,1.0868445366739998,23.35185185185185,0
3000,2907,218,2702.5714285714284,7,0.0,3958,1.0465805675371098,18.155963302752294,0
3000,2953,217,3436.1428571428573,7,0.0,4402,1.1747364234621478,20.285714285714285,0
3000,2970,134,3196.6,5,0.0,1795,1.2562171559798794,13.395522388059701,0
3000,3006,151,3412.4,5,0.0,1692,0.9325160773429112,11.205298013245033,0
3000,3129,364,2335.8571428571427,7,0.0004870920603994155,4106,0.389426984532052,11.280219780219781,1
3000,3137,234,1895.625,8,0.0,4403,1.010477935112562,18.816239316239315,0
3000,3150,150,3888.8,5,0.0,2066,1.153872075078491,13.773333333333333,0
3000,3263,143,3683.4,5,0.0,1746,1.0729562860125734,12.20979020979021,0
3000,3309,155,2643.8,5,0.0,2021,1.0570919879966656,13.038709677419355,0
3000,3311,209,3021.3333333333335,6,0.0,1804,0.5189838279413005,8.631578947368421,0
3000,3323,149,2700.0,5,0.0,1812,1.0256413473815964,12.161073825503356,0
3000,3350,312,3540.5,6,0.0,3148,0.4063828761300406,10.08974358974359,0
3000,3469,182,3205.6666666666665,6,0.0003255208333333333,3072,1.1654356517120932,16.87912087912088,1
3000,3478,145,2695.1666666666665,6,0.0,1971,1.1780412119335044,13.593103448275862,0
3000,3532,130,4062.0,5,0.001152073732718894,1736,1.2908413838181967,13.353846153846154,1
3000,3614,195,3075.5,6,0.0,3227,1.0664478099286536,16.54871794871795,0
3000,3619,195,2922.6666666666665,6,0.0,2679,0.8853466634021886,13.738461538461538,0
3000,3635,145,2904.6666666666665,6,0.0,1897,1.1338123688675077,13.082758620689654,0
3000,3655,120,3244.4,5,0.0,1309,1.1423179954302884,10.908333333333333,0
3000,3663,160,3040.1428571428573,7,0.0,2181,1.0705958714811468,13.63125,0
3000,3692,41,3286.2,5,0.0,162,1.2110363114373504,3.951219512195122,0
3000,3792,202,2535.0,7,0.0,3427,1.0554100601756908,16.965346534653467,0
3000,3992,338,2821.8333333333335,6,0.0,3703,0.40731478576530944,10.955621301775148,0
3000,4042,215,2261.0,7,0.0,3861,1.0496215671615092,17.95813953488372,0
3000,4329,238,2710.125,8,0.0,5168,1.146511604671425,21.714285714285715,0
3000,4352,340,2264.714285714286,7,0.00024154589371980676,4140,0.4500413005488493,12.176470588235293,1
3000,4362,127,2870.2,5,0.0,1386,1.079855519344151,10.913385826771654,0
3000,4405,194,3595.8,5,0.0,3010,1.0050158239244635,15.515463917525773,0
3000,4477,355,2989.3333333333335,6,0.0,2199,0.2192695812812999,6.194366197183099,0
3000,4490,287,3342.714285714286,7,0.0006174745291756715,3239,0.4941479733869461,11.285714285714286,1
3000,4501,179,2610.3333333333335,6,0.0,2721,1.0671668937196501,15.201117318435754,0
3000,4591,128,2951.4,5,0.0,1621,1.2432914285813121,12.6640625,0
3000,4596,156,2343.8,5,0.0,2271,1.172675364283764,14.557692307692308,0
3000,4647,105,3159.8,5,0.0,1120,1.2765836814587095,10.666666666666666,0
3000,4663,150,2754.6,5,0.0,1996,1.1147766998338182,13.306666666666667,0
3000,4703,54,3510.2,5,0.0,250,1.0773637357989687,4.62962962962963,0
3000,4773,225,2701.4285714285716,7,0.0,4177,1.0368341739492002,18.564444444444444,0
3000,4777,99,3543.0,5,0.0,851,1.0911112532210647,8.595959595959595,0
3000,4792,85,2755.4,5,0.0,657,1.1427135631327303,7.729411764705882,0
3000,4809,296,2215.8888888888887,9,0.0,6541,0.9381463452853741,22.097972972972972,0
3000,4843,186,2366.1666666666665,6,0.0,2761,1.0028832600949726,14.844086021505376,0
3000,4858,179,2413.3333333333335,6,0.0,2746,1.0769718082154205,15.340782122905027,0
3000,4904,142,2843.8,5,0.0,1942,1.210270369623364,13.67605633802817,0
3000,4920,162,3032.8333333333335,6,0.0,2469,1.1822271394167352,15.24074074074074,0
3000,4943,83,4029.75,4,0.0,344,0.6274976761996741,4.144578313253012,0
3100,45,194,3042.1666666666665,6,0.0,3314,1.1065190832178313,17.082474226804123,0
3100,162,243,2216.4285714285716,7,0.0,3184,0.6775952858832429,13.102880658436215,0
3100,165,122,3056.4,5,0.0,1432,1.209019263622839,11.737704918032787,0
3100,277,189,3054.1666666666665,6,0.0,3262,1.1475462877310159,17.25925925925926,0
3100,308,243,2550.375,8,0.0001960015680125441,5102,1.0857698330955732,20.995884773662553,1
3100,336,165,2727.0,6,0.0,2329,1.0750074255589537,14.115151515151515,0
3100,370,218,3272.0,6,0.0,3951,1.044729616558646,18.123853211009173,0
3100,552,134,2686.2,5,0.0,1725,1.2072281861087977,12.873134328358208,0
3100,563,238,2877.1428571428573,7,0.0,5267,1.1684745785225223,22.130252100840337,0
3100,582,100,3415.0,5,0.0,785,0.9864600932271951,7.85,0
3100,717,211,2286.714285714286,7,0.0,4163,1.17503651911631,19.729857819905213,0
3100,775,178,3973.0,5,0.0,2566,1.0177157870359057,14.415730337078651,0
3100,903,326,2369.5714285714284,7,0.0,3213,0.37991408016801553,9.855828220858896,0
3100,969,266,3587.25,8,0.0,6193,1.0998859915021533,23.281954887218046,0
3100,1245,186,2237.3333333333335,6,0.0,2941,1.0682650010645833,15.811827956989248,0
3100,1266,279,3209.6666666666665,6,0.0,2892,0.466874061442257,10.365591397849462,0
3100,1304,175,2403.5,6,0.0,2649,1.0869654124877535,15.137142857142857,0
3100,1339,137,3765.5,4,0.0006565988181221273,1523,1.0196911101107689,11.116788321167883,1
3100,1407,125,2793.0,5,0.0,1432,1.1516827340647895,11.456,0
3100,1582,217,2806.3333333333335,6,0.0,1681,0.4485988023261859,7.746543778801843,0
3100,1616,215,3459.0,7,0.0,4282,1.1640713676730334,19.91627906976744,0
3100,1711,100,3728.6,5,0.0,842,1.0580884057290423,8.42,0
3100,1733,256,2973.0,6,0.0,2458,0.47131559707786325,9.6015625,0
3100,1803,152,3249.6666666666665,6,0.0,1871,1.0176454042358904,12.30921052631579,0
3100,1839,148,3679.8,5,0.0,1832,1.05102223180725,12.378378378378379,0
3100,1842,185,2278.1428571428573,7,0.0,2790,1.02440245475711,15.08108108108108,0
3100,1952,185,3532.8333333333335,6,0.0012511729746637473,3197,1.1738403755765163,17.28108108108108,1
3100,1972,141,2636.6666666666665,6,0.0,1866,1.1794601663092508,13.23404255319149,0
3100,2010,171,2784.0,6,0.0,2452,1.0537512652237848,14.339181286549708,0
3100,2119,145,2620.2,5,0.0,1771,1.0585037982416217,12.213793103448277,0
3100,2147,245,2833.75,8,0.0,5604,1.1732101778070605,22.8734693877551,0
3100,2170,224,3176.125,8,0.0,4269,1.0691533034259268,19.058035714285715,0
3100,2175,250,3118.5,6,0.0,4009,0.8060572766874547,16.036,0
3100,2198,170,3215.6,5,0.0,2774,1.2061976499734375,16.31764705882353,0
3100,2270,230,3467.5714285714284,7,0.0,4280,1.0167120270218764,18.608695652173914,0
3100,2281,303,2980.5,6,0.0,3360,0.4599005028292087,11.089108910891088,0
3100,2320,63,4638.0,4,0.0,414,1.310777887212068,6.571428571428571,0
3100,2403,153,3911.5,6,0.0,2175,1.1675789690388825,14.215686274509803,0
3100,2439,176,3301.8,5,0.0,2624,1.0645066016295992,14.909090909090908,0
3100,2521,147,2541.5,6,0.0,1926,1.1200346986559195,13.10204081632653,0
3100,2576,366,2590.1428571428573,7,0.0,3995,0.3747697050103384,10.915300546448087,0
3100,2585,116,3208.6,5,0.0,1340,1.2514072995868972,11.551724137931034,0
3100,2602,341,3181.6666666666665,6,0.0,3961,0.4280612826126081,11.6158357771261,0
3100,2623,124,3037.0,5,0.0,1276,1.0428387684652904,10.290322580645162,0
3100,2729,153,3201.8333333333335,6,0.0,2084,1.1187285386101293,13.620915032679738,0
3100,2744,202,3205.5,6,0.0,3290,1.0132182952956004,16.287128712871286,0
3100,2750,255,2701.375,8,0.0,5243,1.013233081600694,20.56078431372549,0
3100,2754,140,2863.0,6,0.0,1648,1.0566009577787712,11.771428571428572,0
3100,2797,340,3455.8333333333335,6,0.0,3940,0.42830017491847006,11.588235294117647,0
3100,2837,128,3911.0,5,0.0,1286,0.9863496466104673,10.046875,0
3100,2873,273,2436.75,8,0.0,6419,1.0823106840769572,23.512820512820515,0
3100,2907,219,2705.714285714286,7,0.0,3990,1.045428968355395,18.21917808219178,0
3100,2953,220,3464.8571428571427,7,0.0,4453,1.1561580236723428,20.240909090909092,0
3100,2970,131,3242.6,5,0.0,1734,1.2697445746342757,13.236641221374045,0
3100,3006,148,3439.0,5,0.0,1647,0.9448873448616489,11.128378378378379,0
3100,3129,367,2320.8571428571427,7,0.00023957834211787255,4174,0.3894306954861584,11.373297002724795,1
3100,3137,246,2339.3333333333335,9,0.0004344048653344917,4604,0.9560375819371676,18.715447154471544,1
3100,3150,146,3916.0,5,0.0,1986,1.1708018408762113,13.602739726027398,0
3100,3263,140,3739.8,5,0.0,1678,1.0758351985150352,11.985714285714286,0
3100,3309,153,2644.0,5,0.0,1976,1.0607522035957848,12.915032679738562,0
3100,3311,207,3027.0,6,0.0,1790,0.5249551541390212,8.647342995169081,0
3100,3323,147,2708.0,5,0.0,1765,1.0264077067122004,12.006802721088436,0
3100,3350,312,3552.5,6,0.0,3146,0.4061246913294498,10.083333333333334,0
3100,3469,181,3221.5,6,0.00163826998689384,3052,1.1706774248351453,16.861878453038674,1
3100,3478,146,2682.6666666666665,6,0.0,1954,1.1519369572367153,13.383561643835616,0
3100,3532,126,4109.2,5,0.0012040939193257074,1661,1.3147355499150029,13.182539682539682,1
3100,3614,193,3088.0,6,0.0,3225,1.0879901535962933,16.70984455958549,0
3100,3619,196,2950.3333333333335,6,0.0,2671,0.8737186565741709,13.627551020408163,0
3100,3635,146,2909.3333333333335,6,0.0,1923,1.1336616012109537,13.17123287671233,0
3100,3655,118,3264.8,5,0.0,1262,1.1389514302873653,10.694915254237289,0
3100,3663,162,3046.714285714286,7,0.0,2252,1.0783213924530124,13.901234567901234,0
3100,3792,203,2523.4285714285716,7,0.0,3470,1.058150065078656,17.0935960591133,0
3100,3992,332,3441.6,5,0.0,3604,0.4108832894301645,10.855421686746988,0
3100,4042,216,2266.0,7,0.0,3922,1.056355142950889,18.15740740740741,0
3100,4329,239,2708.5,8,0.0,5239,1.152557126952044,21.92050209205021,0
3100,4352,352,3293.5,8,0.0009103322712790169,4394,0.4456404351715377,12.482954545454545,1
3100,4362,124,2901.0,5,0.0,1349,1.1024996071000601,10.879032258064516,0
3100,4405,198,4511.2,5,0.0012974375608173856,3083,0.9882185645359997,15.570707070707071,1
3100,4477,359,3623.4,5,0.0,2178,0.2123629953063235,6.066852367688022,0
3100,4490,290,3362.0,7,0.0006011421701232341,3327,0.4971262191911173,11.472413793103449,1
3100,4501,179,2604.8333333333335,6,0.0,2721,1.0671668937196501,15.201117318435754,0
3100,4591,125,2992.2,5,0.0,1566,1.2594519284535337,12.528,0
3100,4596,156,2328.4,5,0.0,2269,1.1716426250814005,14.544871794871796,0
3100,4647,101,3180.0,5,0.0,1054,1.2983976695946051,10.435643564356436,0
3100,4663,147,2778.2,5,0.0,1928,1.1211977668788229,13.115646258503402,0
3100,4773,225,2702.0,7,0.0,4223,1.048252505766692,18.76888888888889,0
3100,4777,94,3575.0,5,0.0,759,1.0794336007581047,8.074468085106384,0
3100,4792,78,2808.6,5,0.0,547,1.1298166873856783,7.012820512820513,0
3100,4809,334,2410.1,10,0.0,6725,0.7575463657854838,20.134730538922156,0
3100,4843,188,2355.0,6,0.0,2769,0.9845031753949907,14.72872340425532,0
3100,4858,177,2405.8333333333335,6,0.0,2754,1.1046565377747506,15.559322033898304,0
3100,4904,143,2850.8,5,0.0,1920,1.1798832011134828,13.426573426573427,0
3100,4920,164,3044.0,6,0.0,2479,1.1582403611316325,15.115853658536585,0
3100,4943,19,4815.333333333333,3,0.0,39,1.3575857450415727,2.0526315789473686,0
3200,45,194,3044.6666666666665,6,0.0006036824630244491,3313,1.106185190917524,17.077319587628867,1
3200,162,245,2208.5714285714284,7,0.0,3208,0.6716021146333065,13.093877551020409,0
3200,165,119,3095.4,5,0.0,1382,1.226376964129961,11.61344537815126,0
3200,277,189,3073.5,6,0.0,3281,1.1542303402959728,17.35978835978836,0
3200,308,247,2538.125,8,0.00038498556304138594,5195,1.0700436876787998,21.032388663967613,1
3200,336,165,2740.0,6,0.0,2339,1.0796231723410874,14.175757575757576,0
3200,370,217,3278.5,6,0.0,3963,1.0575830182145596,18.262672811059907,0
3200,552,135,2685.4,5,0.0,1726,1.190099077112973,12.785185185185185,0
3200,563,237,2886.8571428571427,7,0.0,5278,1.1808168937062742,22.270042194092827,0
3200,582,93,3462.6,5,0.0,674,0.9792731869670577,7.247311827956989,0
3200,717,213,2270.8571428571427,7,0.0,4222,1.1694156083189937,19.821596244131456,0
3200,775,179,4013.8,5,0.0,2546,0.9985324922492573,14.223463687150838,0
3200,903,328,2347.285714285714,7,0.0,3282,0.38335466571541127,10.00609756097561,0
3200,969,267,3590.0,8,0.0,6252,1.1020627176839841,23.415730337078653,0
3200,1245,188,2222.5,6,0.0,2966,1.0545454742584117,15.77659574468085,0
3200,1266,281,3229.5,6,0.0,2926,0.4656628008461765,10.412811387900355,0
3200,1304,174,2404.5,6,0.0,2653,1.1011554115436282,15.24712643678161,0
3200,1339,137,3817.5,4,0.0006839945280437756,1462,0.9788499034681182,10.671532846715328,1
3200,1407,124,2807.6,5,0.0,1394,1.1392768363954662,11.241935483870968,0
3200,1582,215,2821.3333333333335,6,0.0,1659,0.45100289560242,7.716279069767442,0
3200,1616,217,3464.5714285714284,7,0.0,4344,1.1592582970285257,20.018433179723502,0
3200,1711,94,3795.2,5,0.0,765,1.0879666727008563,8.138297872340425,0
3200,1733,258,2973.8333333333335,6,0.0,2473,0.46686849542260433,9.585271317829458,0
3200,1803,152,3228.6666666666665,6,0.0,1891,1.0285234951416722,12.44078947368421,0
3200,1839,147,3704.0,5,0.0,1805,1.0496690711702672,12.27891156462585,0
3200,1842,185,2278.1428571428573,7,0.0,2819,1.0350503655771661,15.237837837837837,0
3200,1952,185,3570.6666666666665,6,0.0015629884338855893,3199,1.1745747142537617,17.291891891891893,1
3200,1972,143,2638.6666666666665,6,0.0,1870,1.149157076084486,13.076923076923077,0
3200,2010,171,2784.0,6,0.0,2458,1.0563297756607108,14.374269005847953,0
3200,2119,145,2625.4,5,0.0,1732,1.0351940025717046,11.944827586206896,0
3200,2147,253,2815.125,8,0.0,5771,1.1329738757903853,22.8102766798419,0
3200,2170,227,3178.625,8,0.0,4408,1.074978394071207,19.41850220264317,0
3200,2175,251,3110.8333333333335,6,0.0,4012,0.8002456930018412,15.98406374501992,0
3200,2198,165,3255.2,5,0.0,2678,1.236096988255422,16.23030303030303,0
3200,2270,230,3485.5714285714284,7,0.0,4298,1.0209879187243047,18.68695652173913,0
3200,2281,304,2986.8333333333335,6,0.0,3377,0.45919141236031563,11.108552631578947,0
3200,2320,40,4733.25,4,0.0,158,1.2409290981679684,3.95,0
3200,2403,155,3947.1666666666665,6,0.0,2200,1.150718641065148,14.193548387096774,0
3200,2439,174,3326.6,5,0.0,2598,1.078327086012192,14.931034482758621,0
3200,2521,148,2536.5,6,0.0,1925,1.1043765263258496,13.006756756756756,0
3200,2576,368,2570.714285714286,7,0.0,4071,0.3777594427210553,11.0625,0
3200,2585,114,3228.4,5,0.0,1260,1.2183461814475653,11.052631578947368,0
3200,2602,342,3184.6666666666665,6,0.0,3980,0.42760298079023895,11.637426900584796,0
3200,2623,123,3046.8,5,0.0,1224,1.0166724589844423,9.951219512195122,0
3200,2729,154,3207.8333333333335,6,0.0,2085,1.1047766373308685,13.53896103896104,0
3200,2744,201,3220.8333333333335,6,0.0,3310,1.029545969989081,16.46766169154229,0
3200,2750,259,2684.125,8,0.0,5350,1.0022224294035804,20.656370656370655,0
3200,2754,139,2870.1666666666665,6,0.0,1634,1.0627529415590748,11.755395683453237,0
3200,2797,340,3489.1666666666665,6,0.0,3959,0.4303655818533561,11.644117647058824,0
3200,2837,128,3925.6,5,0.0,1235,0.9472331365193835,9.6484375,0
3200,2873,277,2412.375,8,0.0,6577,1.0771549157507627,23.743682310469314,0
3200,2907,220,2711.4285714285716,7,0.0,4023,1.0445146483794825,18.286363636363635,0
3200,2953,220,3499.714285714286,7,0.0,4509,1.1706976260360642,20.495454545454546,0
3200,2970,129,3274.4,5,0.0,1674,1.2641129985239623,12.976744186046512,0
3200,3006,147,3459.2,5,0.0,1623,0.943829862886063,11.040816326530612,0
3200,3129,372,2302.0,7,0.0009396288466055908,4257,0.38656954348282313,11.443548387096774,1
3200,3137,249,2313.5555555555557,9,0.0008458447874814971,4729,0.9584743251770863,18.991967871485944,1
3200,3150,142,3946.6,5,0.0,1905,1.1872116653617448,13.415492957746478,0
3200,3263,137,3802.2,5,0.0,1616,1.0819572120413674,11.795620437956204,0
3200,3309,152,2637.4,5,0.0,1943,1.056806531496705,12.782894736842104,0
3200,3311,206,3034.0,6,0.0,1777,0.5262145485370028,8.62621359223301,0
3200,3323,145,2714.8,5,0.0,1729,1.0334009413663263,11.924137931034483,0
3200,3350,309,3571.1666666666665,6,0.0,3141,0.41339083272799987,10.16504854368932,0
3200,3469,179,3240.5,6,0.0009904258831297458,3029,1.1879634403075414,16.921787709497206,1
3200,3478,145,2672.3333333333335,6,0.0,1937,1.1577198516058842,13.358620689655172,0
3200,3532,124,4163.4,5,0.0031525851197982345,1586,1.2961930147225318,12.790322580645162,1
3200,3614,194,3101.3333333333335,6,0.0,3234,1.0798076991932608,16.670103092783506,0
3200,3619,193,2967.1666666666665,6,0.0,2660,0.8973810259119815,13.782383419689118,0
3200,3635,147,2912.1666666666665,6,0.0,1954,1.1363176537765665,13.29251700680272,0
3200,3655,115,3290.2,5,0.0,1208,1.1478393725630154,10.504347826086956,0
3200,3663,162,3049.285714285714,7,0.0,2309,1.1056146070932529,14.253086419753087,0
3200,3792,204,2509.5714285714284,7,0.0,3507,1.0589739942463865,17.191176470588236,0
3200,3992,328,3496.6,5,0.0,3531,0.4124391604634726,10.765243902439025,0
3200,4042,220,2257.8571428571427,7,0.0,4008,1.040620112032057,18.21818181818182,0
3200,4329,240,2708.25,8,0.0,5302,1.1567169617592417,22.091666666666665,0
3200,4352,356,3776.8571428571427,7,0.0004450378282153983,4494,0.44559769553189404,12.623595505617978,1
3200,4362,121,2933.4,5,0.0,1298,1.1140734278695585,10.727272727272727,0
3200,4405,198,4564.4,5,0.0016249593760155996,3077,0.9862953367101105,15.54040404040404,1
3200,4477,339,3676.4,5,0.0,2092,0.2287558176942368,6.171091445427729,0
3200,4490,286,3956.0,6,0.0009055236945366737,3313,0.5089782611053345,11.583916083916083,1
3200,4501,179,2598.0,6,0.0,2723,1.0679512868793117,15.212290502793296,0
3200,4591,122,3018.4,5,0.0,1516,1.2799393880252958,12.426229508196721,0
3200,4596,158,2312.2,5,0.0,2266,1.1406583805535124,14.341772151898734,0
3200,4647,98,3199.2,5,0.0,988,1.292750329757066,10.081632653061224,0
3200,4663,145,2800.4,5,0.0,1866,1.115284069745266,12.86896551724138,0
3200,4773,226,2705.1428571428573,7,0.0,4265,1.0493298353481453,18.871681415929203,0
3200,4777,87,3601.8,5,0.0,649,1.0774969650837762,7.459770114942529,0
3200,4792,67,2851.6,5,0.0,414,1.1589390586644457,6.17910447761194,0
3200,4809,338,2671.1111111111113,9,0.0,6855,0.7540218353824457,20.281065088757398,0
3200,4843,189,2342.3333333333335,6,0.0,2781,0.978334220165529,14.714285714285714,0
3200,4858,179,2397.8333333333335,6,0.0,2767,1.0852079363918676,15.458100558659218,0
3200,4904,143,2854.2,5,0.0,1913,1.1755815436094232,13.377622377622378,0
3200,4920,165,3055.1666666666665,6,0.0,2489,1.148859374073094,15.084848484848484,0
3300,0,3,3525.25,4,0.0,3,4.1887902047863905,1.0,0
3300,45,193,3041.0,6,0.0,3321,1.1203768372382297,17.207253886010363,0
3300,162,245,2200.285714285714,7,0.0,3235,0.6772546261966167,13.204081632653061,0
3300,165,117,3129.0,5,0.0,1327,1.2181732635878897,11.341880341880342,0
3300,277,190,3096.0,6,0.0,3298,1.1480302018325914,17.357894736842105,0
3300,308,248,2249.777777777778,9,0.0011400342010260307,5263,1.0753253210095657,21.221774193548388,1
3300,336,165,2739.8333333333335,6,0.0,2366,1.0920856886528485,14.33939393939394,0
3300,370,218,3290.3333333333335,6,0.0,3961,1.0473738322421657,18.1697247706422,0
3300,552,135,2671.2,5,0.0,1750,1.206647384094845,12.962962962962964,0
3300,563,239,2896.1428571428573,7,0.0,5317,1.1697167864103872,22.246861924686193,0
3300,582,83,3497.2,5,0.0,561,1.023331966127957,6.759036144578313,0
3300,717,216,2244.8571428571427,7,0.0,4293,1.1562806294462433,19.875,0
3300,775,176,4066.0,5,0.0,2507,1.0170419398953527,14.244318181818182,0
3300,903,331,2328.714285714286,7,0.0,3348,0.38400716328688594,10.114803625377643,0
3300,969,266,3600.875,8,0.0,6289,1.1169357339830521,23.642857142857142,0
3300,1245,190,2205.5,6,0.0,2988,1.0401195400472356,15.726315789473684,0
3300,1266,280,3243.0,6,0.0,2950,0.4728417514331576,10.535714285714286,0
3300,1304,175,2402.6666666666665,6,0.0,2668,1.094761691399519,15.245714285714286,0
3300,1339,131,3869.0,4,0.0007142857142857143,1400,1.0251686300392076,10.687022900763358,1
3300,1407,122,2827.8,5,0.0,1348,1.1380991392203819,11.049180327868852,0
3300,1582,214,2836.1666666666665,6,0.0,1654,0.4538557296739905,7.728971962616822,0
3300,1616,218,3462.285714285714,7,0.0,4409,1.1658346948638496,20.224770642201836,0
3300,1711,88,3861.4,5,0.0,673,1.0920929007571956,7.6477272727272725,0
3300,1733,260,2976.0,6,0.0,2493,0.4634313896686008,9.588461538461539,0
3300,1803,151,3214.1666666666665,6,0.0,1895,1.044395961326724,12.549668874172186,0
3300,1839,144,3740.6,5,0.0,1770,1.0726502694548483,12.291666666666666,0
3300,1842,188,2267.8571428571427,7,0.0,2863,1.0179243738374353,15.22872340425532,0
3300,1952,186,3591.6666666666665,6,0.00124031007751938,3225,1.171422859038858,17.338709677419356,1
3300,1972,143,2637.5,6,0.0,1864,1.1454699410810063,13.034965034965035,0
3300,2010,172,2786.1666666666665,6,0.0,2469,1.0487550380899404,14.354651162790697,0
3300,2119,141,2632.6,5,0.0,1687,1.0663179531423934,11.964539007092199,0
3300,2147,255,3219.5714285714284,7,0.0,5850,1.130538532779718,22.941176470588236,0
3300,2170,229,3184.0,8,0.0,4484,1.0744952581908531,19.580786026200872,0
3300,2175,249,3101.0,6,0.0,4022,0.8151794747012563,16.152610441767067,0
3300,2198,163,3280.8,5,0.0,2599,1.2292520315675972,15.94478527607362,0
3300,2270,235,3493.714285714286,7,0.00045829514207149406,4364,0.9930220255511711,18.570212765957447,1
3300,2281,306,2985.0,6,0.0,3404,0.4568320471963628,11.124183006535947,0
3300,2403,157,3985.3333333333335,6,0.0,2221,1.132293769909194,14.146496815286625,0
3300,2439,173,3353.0,5,0.0,2571,1.0794927611853864,14.861271676300579,0
3300,2521,150,2528.1666666666665,6,0.0,1925,1.075122819228507,12.833333333333334,0
3300,2576,372,2546.4285714285716,7,0.0,4166,0.3783060178880529,11.198924731182796,0
3300,2585,109,3254.4,5,0.0,1174,1.241723684980866,10.770642201834862,0
3300,2602,343,3182.1666666666665,6,0.0,4011,0.42842448753661005,11.693877551020408,0
3300,2623,119,3055.6,5,0.0,1173,1.0409118516095834,9.857142857142858,0
3300,2729,153,3220.3333333333335,6,0.0,2084,1.1187285386101293,13.620915032679738,0
3300,2744,202,3241.5,6,0.0,3344,1.0298486259782638,16.554455445544555,0
3300,2750,262,3500.75,8,0.0,5493,1.005580586572387,20.96564885496183,0
3300,2754,139,2884.0,6,0.0,1620,1.0536473472005516,11.654676258992806,0
3300,2797,339,3522.1666666666665,6,0.0,3972,0.4343298794844688,11.716814159292035,0
3300,2837,120,4968.25,4,0.0,1100,0.9599310885968813,9.166666666666666,0
3300,2873,281,3065.375,8,0.0,6746,1.0736026160315468,24.00711743772242,0
3300,2907,220,2718.714285714286,7,0.0,4055,1.0528229925873231,18.431818181818183,0
3300,2953,221,3526.0,7,0.0,4561,1.1735062011853195,20.638009049773757,0
3300,2970,127,3312.2,5,0.0,1615,1.2582732061621962,12.716535433070867,0
3300,3006,144,3491.8,5,0.0,1593,0.9653852425093634,11.0625,0
3300,3129,374,2004.0,8,0.00023191094619666049,4312,0.38738732941402926,11.529411764705882,1
3300,3137,252,2291.3333333333335,9,0.0008278145695364238,4832,0.956171309029093,19.174603174603174,1
3300,3150,141,3969.6,5,0.0,1833,1.1586015460047463,13.0,0
3300,3263,133,3858.2,5,0.0,1554,1.103970825638202,11.68421052631579,0
3300,3309,149,2636.8,5,0.0,1921,1.0873383158499152,12.89261744966443,0
3300,3311,204,3041.6666666666665,6,0.0,1758,0.5308458174750919,8.617647058823529,0
3300,3323,143,2720.6,5,0.0,1690,1.038543025980097,11.818181818181818,0
3300,3350,309,3583.1666666666665,6,0.0,3144,0.41378566637912506,10.174757281553399,0
3300,3469,179,3001.1666666666665,6,0.001990049751243781,3015,1.18247268818991,16.843575418994412,1
3300,3478,145,2666.0,6,0.0,1924,1.149949919715912,13.26896551724138,0
3300,3532,121,3613.2,5,0.003970880211780278,1511,1.2968913324429143,12.487603305785123,1
3300,3614,193,3120.1666666666665,6,0.0,3233,1.090689043899788,16.751295336787564,0
3300,3619,191,2981.8333333333335,6,0.0,2659,0.9159282767353154,13.921465968586388,0
3300,3635,147,2919.8333333333335,6,0.0,1972,1.1467852677826966,13.414965986394558,0
3300,3655,111,3310.0,5,0.0,1157,1.1800414577399205,10.423423423423424,0
3300,3663,166,3047.8571428571427,7,0.0,2359,1.075775449240575,14.210843373493976,0
3300,3792,206,2497.8571428571427,7,0.0,3554,1.0524290970740056,17.25242718446602,0
3300,3992,322,3533.6,5,0.0,3472,0.4208020405564508,10.782608695652174,0
3300,4042,223,2234.8571428571427,7,0.0,4108,1.038079400023879,18.42152466367713,0
3300,4329,241,2706.25,8,0.0,5386,1.1653117564941806,22.348547717842322,0
3300,4352,363,3790.4285714285716,7,0.00043821209465381246,4564,0.43525347755492766,12.573002754820937,1
3300,4362,120,2954.4,5,0.0,1256,1.096066770252439,10.466666666666667,0
3300,4405,196,4623.8,5,0.001305909239307868,3063,1.0019469281492646,15.627551020408163,1
3300,4477,330,3719.2,5,0.0,2025,0.2336721808455218,6.136363636363637,0
3300,4490,284,3990.0,6,0.0006038647342995169,3312,0.5160164088816402,11.661971830985916,1
3300,4501,179,2593.8333333333335,6,0.0,2720,1.0667746971398193,15.195530726256983,0
3300,4591,120,3039.4,5,0.0,1463,1.2767083478338521,12.191666666666666,0
3300,4596,157,2295.0,5,0.0,2263,1.1537058988313849,14.414012738853502,0
3300,4647,95,3221.4,5,0.0,917,1.2768267981570485,9.652631578947368,0
3300,4663,142,2817.8,5,0.0,1801,1.1223980101398965,12.683098591549296,0
3300,4773,228,2706.8571428571427,7,0.0,4322,1.0447801976619795,18.95614035087719,0
3300,4777,78,3635.2,5,0.0,511,1.0554594648155058,6.551282051282051,0
3300,4792,53,2895.8,5,0.0,249,1.1139289010236504,4.69811320754717,0
3300,4809,342,2668.8888888888887,9,0.0,6969,0.7487349681224058,20.37719298245614,0
3300,4843,191,2324.3333333333335,6,0.0,2806,0.9665644018500544,14.69109947643979,0
3300,4858,178,2398.8333333333335,6,0.0,2772,1.0994186132749533,15.573033707865168,0
3300,4904,142,2861.0,5,0.0,1903,1.1859652489151709,13.401408450704226,0
3300,4920,165,3069.6666666666665,6,0.0,2492,1.150244098107734,15.103030303030303,0
3400,0,12,3625.4285714285716,7,0.0,13,1.1344640137963142,1.0833333333333333,0
3400,45,192,3039.1666666666665,6,0.00030120481927710846,3320,1.1317369368400731,17.291666666666668,1
3400,162,249,2191.714285714286,7,0.0,3253,0.6593184562911951,13.06425702811245,0
3400,165,115,3178.6,5,0.0,1273,1.2096022527092043,11.069565217391304,0
3400,277,190,3116.3333333333335,6,0.0,3327,1.1581250701931571,17.510526315789473,0
3400,308,248,2246.3333333333335,9,0.0007506098705197974,5329,1.088810305084548,21.487903225806452,1
3400,336,165,2734.6666666666665,6,0.0,2376,1.0967014354349824,14.4,0
3400,370,220,3297.6666666666665,6,0.0,3977,1.0325714035807114,18.077272727272728,0
3400,552,148,3719.1666666666665,6,0.0,1883,1.08028103847874,12.722972972972974,0
3400,563,239,2904.4285714285716,7,0.0,5342,1.1752166772624202,22.351464435146443,0
3400,582,72,3534.4,5,0.0,412,0.998716183085644,5.722222222222222,0
3400,717,220,2469.125,8,0.0,4432,1.1507056727859473,20.145454545454545,0
3400,775,176,4128.0,5,0.0,2488,1.0093340033744067,14.136363636363637,0
3400,903,333,2311.285714285714,7,0.0,3412,0.3866610442532036,10.246246246246246,0
3400,969,265,3611.625,8,0.0,6307,1.1286023419688616,23.8,0
3400,1245,191,2187.8333333333335,6,0.0,3015,1.0385572600063842,15.785340314136125,0
3400,1266,281,3259.5,6,0.0,2978,0.4739384213670244,10.597864768683275,0
3400,1304,174,2400.3333333333335,6,0.0,2669,1.1077963789709548,15.339080459770114,0
3400,1339,132,3896.5,4,0.0014814814814814814,1350,0.9736340868563409,10.227272727272727,1
3400,1407,120,2843.0,5,0.0,1306,1.1397000015522973,10.883333333333333,0
3400,1582,215,2847.6666666666665,6,0.0,1648,0.44801252076720205,7.665116279069768,0
3400,1616,220,3448.714285714286,7,0.0,4478,1.1626489175847186,20.354545454545455,0
3400,1711,79,3927.6,5,0.0,567,1.1416651399361721,7.177215189873418,0
3400,1733,260,2976.0,6,0.0,2510,0.46659157162783316,9.653846153846153,0
3400,1803,150,3199.6666666666665,6,0.0,1905,1.0639527120157433,12.7,0
3400,1839,143,3758.0,5,0.0,1742,1.0704981960102538,12.181818181818182,0
3400,1842,189,2258.5714285714284,7,0.0,2908,1.0230118346786616,15.386243386243386,0
3400,1952,185,3094.0,7,0.000308546744831842,3241,1.1899958264759116,17.518918918918917,1
3400,1972,137,3181.8,5,0.0,1778,1.1904207444366033,12.978102189781023,0
3400,2010,170,2786.6666666666665,6,0.0,2473,1.0753160736785548,14.547058823529412,0
3400,2119,140,2636.4,5,0.0,1644,1.0540363923472693,11.742857142857142,0
3400,2147,255,3213.714285714286,7,0.0,5945,1.1488977055342604,23.313725490196077,0
3400,2170,230,3191.75,8,0.0,4573,1.0863140419558506,19.882608695652173,0
3400,2175,250,3087.5,6,0.0,4036,0.811485948792858,16.144,0
3400,2198,156,4073.75,4,0.0,2476,1.2785311325260238,15.871794871794872,0
3400,2270,235,3503.0,7,0.0002261420171867933,4422,1.006219843489294,18.817021276595746,1
3400,2281,307,2991.3333333333335,6,0.0,3422,0.4562607586535357,11.146579804560261,0
3400,2403,157,4018.8333333333335,6,0.0,2240,1.1419802091835185,14.26751592356688,0
3400,2439,174,3373.4,5,0.0,2552,1.0592343046586277,14.666666666666666,0
3400,2521,152,3025.8,5,0.0,1916,1.0421211087738995,12.605263157894736,0
3400,2576,380,2747.0,8,0.0,4312,0.37525062388585007,11.347368421052632,0
3400,2585,106,3278.0,5,0.0,1099,1.2291243596636465,10.367924528301886,0
3400,2602,345,3180.6666666666665,6,0.0,4030,0.42547761878485585,11.681159420289855,0
3400,2623,117,3060.6,5,0.0,1121,1.0290672407551051,9.581196581196581,0
3400,2729,154,3244.1666666666665,6,0.0,2083,1.103716899549256,13.525974025974026,0
3400,2744,202,3253.1666666666665,6,0.0,3366,1.0366239458860156,16.663366336633665,0
3400,2750,262,3511.5,8,0.0,5561,1.0180290627942916,21.22519083969466,0
3400,2754,139,2905.5,6,0.0,1615,1.0503953492153648,11.618705035971223,0
3400,2797,340,3552.0,6,0.0,3991,0.43384416195421677,11.738235294117647,0
3400,2837,113,5029.0,4,0.0,993,0.9772422288400547,8.787610619469026,0
3400,2873,283,3063.375,8,0.0,6836,1.0726030980504102,24.15547703180212,0
3400,2907,220,2740.285714285714,7,0.0,4080,1.059313886499699,18.545454545454547,0
3400,2953,222,3538.4285714285716,7,0.0,4610,1.175451841007138,20.765765765765767,0
3400,2970,124,3347.4,5,0.0,1555,1.2708575900968075,12.540322580645162,0
3400,3006,142,3520.4,5,0.0,1552,0.967219162541432,10.929577464788732,0
3400,3129,378,1990.125,8,0.000686027898467871,4373,0.3845968666652156,11.568783068783068,1
3400,3137,259,2226.3,10,0.0010117361392148927,4942,0.9257912609556064,19.08108108108108,1
3400,3150,136,3991.4,5,0.0005675368898978433,1762,1.1971207300227542,12.955882352941176,1
3400,3263,132,3896.8,5,0.0,1501,1.0825368624973093,11.371212121212121,0
3400,3309,149,2631.6,5,0.0,1897,1.0737536622422121,12.731543624161073,0
3400,3311,203,3051.0,6,0.0,1742,0.5312096292123972,8.58128078817734,0
3400,3323,142,2725.0,5,0.0,1660,1.0345256506564287,11.690140845070422,0
3400,3350,309,3596.1666666666665,6,0.0,3142,0.4135224439450416,10.168284789644012,0
3400,3469,178,3027.3333333333335,6,0.0009986684420772304,3004,1.1914334467092207,16.876404494382022,1
3400,3478,144,2664.3333333333335,6,0.0,1906,1.1550685952434696,13.23611111111111,0
3400,3532,119,3678.2,5,0.002079002079002079,1443,1.2805079299851907,12.126050420168067,1
3400,3614,193,3128.0,6,0.0,3231,1.0900143213239144,16.740932642487046,0
3400,3619,191,2993.3333333333335,6,0.0,2652,0.9135170326822325,13.884816753926701,0
3400,3635,149,2926.0,6,0.0,1994,1.1286583039066795,13.38255033557047,0
3400,3655,110,3317.4,5,0.0,1100,1.1423973285781066,10.0,0
3400,3663,167,3048.285714285714,7,0.0,2403,1.082756233149453,14.389221556886227,0
3400,3792,207,2485.285714285714,7,0.0,3601,1.0560690000305113,17.396135265700483,0
3400,3992,320,3567.6,5,0.0,3427,0.4205561728067274,10.709375,0
3400,4042,232,2460.714285714286,7,0.0,4270,0.9969233524694125,18.405172413793103,0
3400,4329,245,2706.25,8,0.0,5461,1.1432728017495284,22.289795918367346,0
3400,4352,370,3805.714285714286,7,0.0008661758336942399,4618,0.4238970014398149,12.481081081081081,1
3400,4362,117,2976.4,5,0.0,1200,1.1015884825210758,10.256410256410257,0
3400,4405,195,3900.5,6,0.0013131976362442547,3046,1.0066315553277592,15.62051282051282,1
3400,4477,318,3757.6,5,0.0,1963,0.24393601435848122,6.172955974842767,0
3400,4490,281,4017.3333333333335,6,0.00030193236714975844,3312,0.5270933685586249,11.786476868327401,1
3400,4501,180,2592.6666666666665,6,0.0,2721,1.055342421039238,15.116666666666667,0
3400,4591,118,3057.0,5,0.0,1411,1.2734235088236707,11.957627118644067,0
3400,4596,157,2279.6,5,0.0,2267,1.1557451492049269,14.439490445859873,0
3400,4647,91,3245.4,5,0.0,840,1.274695244060102,9.23076923076923,0
3400,4663,140,2837.4,5,0.0,1752,1.12327965899782,12.514285714285714,0
3400,4773,229,2718.5714285714284,7,0.0,4364,1.0457398097111692,19.056768558951966,0
3400,4777,59,3986.75,4,0.0,295,1.0649466622338282,5.0,0
3400,4809,345,2664.5555555555557,9,0.0,7067,0.7461167076805401,20.484057971014494,0
3400,4843,193,2299.8333333333335,6,0.0,2830,0.9547324448612435,14.663212435233161,0
3400,4858,180,2394.3333333333335,6,0.0,2788,1.081328434346709,15.488888888888889,0
3400,4904,143,2873.4,5,0.0,1911,1.1743524986082634,13.363636363636363,0
3400,4920,167,3080.3333333333335,6,0.0,2506,1.129166508644415,15.005988023952096,0
3500,0,23,3632.285714285714,7,0.0,29,0.6888936631690283,1.2608695652173914,0
3500,45,192,3032.0,6,0.000596836765144733,3351,1.1423043600455074,17.453125,1
3500,162,250,2182.5714285714284,7,0.0,3279,0.6592820679117396,13.116,0
3500,165,112,3225.6,5,0.0,1226,1.2281864136801932,10.946428571428571,0
3500,277,190,3122.8333333333335,6,0.0,3342,1.1633465538279322,17.589473684210525,0
3500,308,251,2238.5555555555557,9,0.0005559673832468495,5396,1.0763025322626958,21.49800796812749,1
3500,336,168,2719.5,6,0.0,2418,1.07658319676589,14.392857142857142,0
3500,370,220,3303.8333333333335,6,0.0,3989,1.0356870326586516,18.131818181818183,0
3500,552,152,3740.5,6,0.0,1944,1.057350436041994,12.789473684210526,0
3500,563,239,2912.285714285714,7,0.0,5362,1.1796165899440465,22.435146443514643,0
3500,582,53,3589.0,5,0.0,211,0.9439317193413262,3.981132075471698,0
3500,717,227,2812.285714285714,7,0.0,4580,1.116924011988686,20.176211453744493,0
3500,775,176,4169.0,5,0.0,2469,1.0016260668534607,14.028409090909092,0
3500,903,332,2295.0,7,0.0,3466,0.3951502444963791,10.439759036144578,0
3500,969,263,3624.0,8,0.0015862944162436548,6304,1.1452876339533637,23.96958174904943,1
3500,1245,194,2170.5,6,0.0,3041,1.0153664852339845,15.675257731958762,0
3500,1266,283,3286.6666666666665,6,0.0,3001,0.470872132423827,10.604240282685513,0
3500,1304,174,2393.6666666666665,6,0.0,2668,1.107381318506747,15.333333333333334,0
3500,1339,127,3912.5,4,0.0015384615384615385,1300,1.0128514972203437,10.236220472440944,1
3500,1407,116,2863.0,5,0.0,1251,1.1682914416292602,10.78448275862069,0
3500,1582,215,2853.5,6,0.0,1644,0.44692511173621374,7.6465116279069765,0
3500,1616,221,3429.1428571428573,7,0.0,4563,1.1740207840404764,20.647058823529413,0
3500,1711,70,3971.4,5,0.0,440,1.1284087898608237,6.285714285714286,0
3500,1733,261,2977.6666666666665,6,0.0,2531,0.4668969044045605,9.697318007662835,0
3500,1803,150,3192.6666666666665,6,0.0,1899,1.0606016798519142,12.66,0
3500,1839,141,3789.0,5,0.0,1693,1.0701104295613943,12.00709219858156,0
3500,1842,190,2247.8571428571427,7,0.0,2950,1.026891781505805,15.526315789473685,0
3500,1952,188,3102.4285714285716,7,0.0012228676245796392,3271,1.1629865968642161,17.398936170212767,1
3500,1972,134,3216.2,5,0.0,1703,1.1918316527207435,12.708955223880597,0
3500,2010,171,2784.6666666666665,6,0.0,2487,1.0687925761058537,14.543859649122806,0
3500,2119,138,2642.2,5,0.0,1597,1.0537961495028145,11.572463768115941,0
3500,2147,256,3203.8571428571427,7,0.0,6049,1.1598812232400304,23.62890625,0
3500,2170,232,3198.5,8,0.0,4642,1.0837747546049212,20.00862068965517,0
3500,2175,251,3065.3333333333335,6,0.0004911591355599214,4072,0.8122134750507222,16.223107569721115,1
3500,2198,151,4191.0,4,0.0,2352,1.2962634833986568,15.57615894039735,0
3500,2270,237,3498.8571428571427,7,0.0011138338159946536,4489,1.004298415279929,18.940928270042193,1
3500,2281,307,2994.8333333333335,6,0.0,3437,0.458260732756342,11.19543973941368,0
3500,2403,159,4033.8333333333335,6,0.0,2264,1.125361460025678,14.238993710691824,0
3500,2439,172,3395.4,5,0.0,2532,1.0755154947119194,14.720930232558139,0
3500,2521,149,3048.0,5,0.0,1859,1.0522446273633486,12.476510067114093,0
3500,2576,388,3074.125,8,0.0,4541,0.3790512339236702,11.70360824742268,0
3500,2585,103,3306.6,5,0.0,1021,1.2093754733962405,9.912621359223301,0
3500,2602,346,3178.6666666666665,6,0.0,4058,0.425960873676614,11.728323699421965,0
3500,2623,115,3065.8,5,0.0,1069,1.015761828865781,9.295652173913043,0
3500,2729,156,3271.3333333333335,6,0.0,2092,1.08024520567223,13.41025641025641,0
3500,2744,202,3260.3333333333335,6,0.0,3404,1.048326771181223,16.85148514851485,0
3500,2750,263,3524.875,8,0.0,5632,1.0232011349024976,21.41444866920152,0
3500,2754,139,2941.0,6,0.0,1612,1.0484441504242525,11.597122302158274,0
3500,2797,339,3585.0,6,0.0,4011,0.43859444778756396,11.831858407079647,0
3500,2837,105,5099.75,4,0.0,879,1.001890228573398,8.371428571428572,0
3500,2873,284,3060.0,8,0.0,6933,1.0801756530122018,24.411971830985916,0
3500,2907,221,2742.4285714285716,7,0.0,4125,1.0613271387611145,18.665158371040725,0
3500,2953,223,3551.714285714286,7,0.0,4645,1.173777705236348,20.829596412556054,0
3500,2970,122,3364.2,5,0.0,1497,1.2638979313152163,12.270491803278688,0
3500,3006,141,3543.0,5,0.0,1529,0.966449407442039,10.843971631205674,0
3500,3129,376,2268.1428571428573,7,0.0011407711613050423,4383,0.38958806588626255,11.65691489361702,1
3500,3137,258,2219.0,10,0.0007990411506192569,5006,0.9450641682513373,19.4031007751938,1
3500,3150,131,4015.2,5,0.002988643156007173,1673,1.225076512896853,12.770992366412214,1
3500,3263,128,3939.8,5,0.0,1440,1.1044661672776617,11.25,0
3500,3309,148,2631.8,5,0.0,1864,1.069380698738381,12.594594594594595,0
3500,3311,202,3061.0,6,0.0,1727,0.5318626127585112,8.549504950495049,0
3500,3323,140,2733.8,5,0.0,1624,1.04121356518976,11.6,0
3500,3350,309,3606.1666666666665,6,0.0,3141,0.41339083272799987,10.16504854368932,0
3500,3469,179,3049.5,6,0.0020093770931011385,2986,1.1710989873748163,16.681564245810055,1
3500,3478,144,2662.8333333333335,6,0.0,1890,1.1453723216212788,13.125,0
3500,3532,116,3751.0,5,0.0014524328249818446,1377,1.2859610832322073,11.870689655172415,1
3500,3614,193,3135.1666666666665,6,0.0,3238,1.0923758503394723,16.77720207253886,0
3500,3619,191,3007.0,6,0.0,2644,0.9107613251929951,13.842931937172775,0
3500,3635,151,2933.1666666666665,6,0.0,2016,1.1110829857702773,13.350993377483444,0
3500,3655,106,3323.2,5,0.0,1045,1.1687306240659787,9.858490566037736,0
3500,3663,168,3046.1428571428573,7,0.0,2458,1.0943926789290974,14.630952380952381,0
3500,3792,208,2469.5714285714284,7,0.0,3643,1.058138132121636,17.514423076923077,0
3500,3992,319,3597.2,5,0.0,3385,0.4180104807303957,10.61128526645768,0
3500,4042,232,2452.5714285714284,7,0.0,4354,1.0165349594032371,18.767241379310345,0
3500,4329,246,2705.0,8,0.0,5523,1.1468713216852686,22.451219512195124,0
3500,4352,375,3825.5714285714284,7,0.00042946102641185313,4657,0.4161535143187247,12.418666666666667,1
3500,4362,113,3003.4,5,0.0,1148,1.1297825566046151,10.15929203539823,0
3500,4405,195,3943.6666666666665,6,0.002327901563019621,3007,0.9937429700822625,15.42051282051282,1
3500,4477,311,3793.0,5,0.0,1916,0.24893421384303485,6.160771704180064,0
3500,4490,280,4046.6666666666665,6,0.0012048192771084338,3320,0.5321473270366385,11.857142857142858,1
3500,4501,180,2590.5,6,0.0,2720,1.0549545700943503,15.11111111111111,0
3500,4591,116,3076.0,5,0.0,1359,1.269151134431786,11.71551724137931,0
3500,4596,158,2263.8,5,0.0,2272,1.1436786587014918,14.379746835443038,0
3500,4647,86,3264.4,5,0.0,761,1.2929973009095903,8.848837209302326,0
3500,4663,139,2855.8,5,0.0,1698,1.1043785157694672,12.215827338129497,0
3500,4773,230,2742.285714285714,7,0.0,4406,1.0466432689388756,19.156521739130437,0
3500,4809,344,2662.777777777778,9,0.0,7164,0.7607615525391184,20.825581395348838,0
3500,4843,198,3014.0,6,0.0,2882,0.9237904323687159,14.555555555555555,0
3500,4858,180,2393.5,6,0.0,2799,1.0855947947404732,15.55,0
3500,4904,145,2882.0,5,0.0,1951,1.166087470564316,13.455172413793104,0
3500,4920,168,3090.0,6,0.0,2518,1.1211069021739086,14.988095238095237,0
3600,0,38,3752.125,8,0.0,53,0.46123105440514967,1.394736842105263,0
3600,45,192,3029.0,6,0.0011915400655347036,3357,1.1443496677626883,17.484375,1
3600,162,251,2172.4285714285716,7,0.0,3311,0.6604221060640819,13.191235059760956,0
3600,165,109,3255.6,5,0.0,1168,1.2353775673404186,10.715596330275229,0
3600,277,191,3132.1666666666665,6,0.0,3375,1.1625640970220719,17.670157068062828,0
3600,308,250,2229.0,9,0.0014649331624244644,5461,1.097999198800247,21.844,1
3600,336,169,3037.5,6,0.0,2451,1.078399719050255,14.502958579881657,0
3600,370,221,3306.5,6,0.00024888003982080636,4018,1.03379695601022,18.18099547511312,1
3600,552,154,3763.0,6,0.0,1984,1.051259879359445,12.883116883116884,0
3600,563,239,2910.4285714285716,7,0.0,5395,1.1868764458687302,22.573221757322177,0
3600,717,229,2828.285714285714,7,0.0,4630,1.109481053841135,20.21834061135371,0
3600,775,173,4218.2,5,0.0,2446,1.0270086712794457,14.138728323699421,0
3600,903,334,2276.714285714286,7,0.0,3525,0.3970782066013131,10.553892215568862,0
3600,969,263,3636.875,8,0.0006342159505311559,6307,1.145832662966984,23.980988593155892,1
3600,1245,195,2150.3333333333335,6,0.0,3070,1.0145629924019108,15.743589743589743,0
3600,1266,283,3299.1666666666665,6,0.0,3018,0.47353951871213257,10.664310954063604,0
3600,1304,173,2387.0,6,0.0,2672,1.1218999058293866,15.445086705202312,0
3600,1339,126,3924.5,4,0.0,1264,1.0004971313019648,10.031746031746032,0
3600,1407,116,2884.2,5,0.0,1203,1.123464911494804,10.370689655172415,0
3600,1582,215,2856.0,6,0.0,1640,0.4458377027052254,7.627906976744186,0
3600,1616,223,3411.5714285714284,7,0.0006466910972192282,4639,1.1722615230552031,20.80269058295964,1
3600,1711,57,4018.6,5,0.0,280,1.0829743835089467,4.912280701754386,0
3600,1733,262,2982.3333333333335,6,0.0,2550,0.4668178583214249,9.732824427480915,0
3600,1803,149,3182.3333333333335,6,0.0,1903,1.0771498256441379,12.771812080536913,0
3600,1839,140,3810.0,5,0.0,1657,1.0623712299996504,11.835714285714285,0
3600,1842,191,2237.8571428571427,7,0.0,2974,1.024434259124042,15.570680628272251,0
3600,1952,189,3114.1428571428573,7,0.0003023888720895071,3307,1.163376938542756,17.497354497354497,1
3600,1972,132,3246.6,5,0.0,1637,1.1806214816176517,12.401515151515152,0
3600,2010,172,2787.0,6,0.0,2495,1.059799036060916,14.505813953488373,0
3600,2119,135,2649.6,5,0.0,1542,1.0632287235852864,11.422222222222222,0
3600,2147,264,3481.5714285714284,7,0.0,6196,1.1171549633633124,23.46969696969697,0
3600,2170,232,3191.75,8,0.0,4736,1.1057210766499153,20.413793103448278,0
3600,2175,252,3047.0,6,0.0012189176011701609,4102,0.8117166203719659,16.27777777777778,1
3600,2198,146,4256.5,4,0.0,2243,1.322310437605912,15.363013698630137,0
3600,2270,238,3066.75,8,0.0017605633802816902,4544,1.0080783149432964,19.092436974789916,1
3600,2281,308,3000.0,6,0.0,3452,0.4572768527657263,11.207792207792208,0
3600,2403,162,4035.3333333333335,6,0.0,2282,1.0926862422636652,14.08641975308642,0
3600,2439,172,3417.4,5,0.0,2512,1.0670201116573228,14.604651162790697,0
3600,2521,148,3065.0,5,0.0,1813,1.0401218920668909,12.25,0
3600,2576,391,3059.875,8,0.0,4642,0.381558809739963,11.872122762148338,0
3600,2585,99,3330.8,5,0.0,938,1.2026584671226306,9.474747474747474,0
3600,2602,348,3174.1666666666665,6,0.0,4090,0.4243993246526045,11.75287356321839,0
3600,2623,109,3073.4,5,0.0,990,1.0471094106738137,9.082568807339449,0
3600,2729,156,3290.1666666666665,6,0.0,2092,1.08024520567223,13.41025641025641,0
3600,2744,203,3270.1666666666665,6,0.0,3429,1.0456474274221068,16.891625615763548,0
3600,2750,264,3545.25,8,0.0,5699,1.0275445668507939,21.58712121212121,0
3600,2754,139,2956.6666666666665,6,0.0,1605,1.043891353244991,11.546762589928058,0
3600,2797,340,3616.6666666666665,6,0.0,4025,0.43754015331138124,11.838235294117647,0
3600,2837,99,5171.25,4,0.0,763,0.9782818874355729,7.707070707070707,0
3600,2873,286,3050.75,8,0.0,7040,1.0815596010206927,24.615384615384617,0
3600,2907,222,2744.714285714286,7,0.0,4160,1.0607114226875691,18.73873873873874,0
3600,2953,221,4182.0,6,0.0,4615,1.187399938274556,20.88235294117647,0
3600,2970,120,3381.8,5,0.0,1438,1.254891732183923,11.983333333333333,0
3600,3006,139,3570.8,5,0.0,1489,0.9684449999886552,10.712230215827338,0
3600,3129,376,2270.5714285714284,7,0.0006838386140870754,4387,0.3899436105505439,11.667553191489361,1
3600,3137,259,2124.3333333333335,9,0.0015775981068822718,5071,0.9499569980384217,19.57915057915058,1
3600,3150,127,4039.0,5,0.0,1592,1.2403535258267595,12.535433070866143,0
3600,3263,127,3986.8,5,0.0,1394,1.086088451634738,10.976377952755906,0
3600,3309,146,2623.6,5,0.0,1846,1.0882679749534168,12.643835616438356,0
3600,3311,201,3074.5,6,0.0,1709,0.5315692032360542,8.502487562189055,0
3600,3323,138,2740.6,5,0.0,1595,1.0524764298415712,11.557971014492754,0
3600,3350,309,3619.1666666666665,6,0.0,3141,0.41339083272799987,10.16504854368932,0
3600,3469,177,3069.5,6,0.0006729475100942127,2972,1.1920984859355697,16.7909604519774,1
3600,3478,144,2658.5,6,0.0,1869,1.1326459624921534,12.979166666666666,0
3600,3532,113,3800.6,5,0.002297090352220521,1306,1.28527527780978,11.557522123893806,1
3600,3614,193,3141.1666666666665,6,0.0,3244,1.0944000180670932,16.808290155440414,0
3600,3619,188,3016.5,6,0.0,2638,0.937926824374137,14.03191489361702,0
3600,3635,152,2935.8333333333335,6,0.0,2036,1.1073896542085904,13.394736842105264,0
3600,3655,102,3335.8,5,0.0,977,1.1800599856044705,9.57843137254902,0
3600,3663,169,3048.5714285714284,7,0.0,2507,1.1030387987184778,14.834319526627219,0
3600,3792,211,2454.5714285714284,7,0.0,3694,1.0426579153532667,17.507109004739338,0
3600,3992,316,3630.0,5,0.0,3347,0.4212029567202787,10.591772151898734,0
3600,4042,235,2439.285714285714,7,0.0,4436,1.0094055236812547,18.876595744680852,0
3600,4329,248,2704.25,8,0.0,5603,1.144793420789777,22.592741935483872,0
3600,4352,380,3845.1428571428573,7,0.0006380263717566993,4702,0.4091902675118894,12.373684210526315,1
3600,4362,110,3041.2,5,0.0,1085,1.1268191831884051,9.863636363636363,0
3600,4405,194,3770.0,5,0.0020208824520040417,2969,0.9913262396118712,15.304123711340207,1
3600,4477,305,3829.0,5,0.0,1867,0.2522054709702615,6.121311475409836,0
3600,4490,278,4073.3333333333335,6,0.0012044564890093346,3321,0.5399942654402827,11.946043165467627,1
3600,4501,179,2590.0,6,0.0,2716,1.065205910820496,15.1731843575419,0
3600,4591,114,3089.0,5,0.0,1321,1.277329607692249,11.587719298245615,0
3600,4596,158,2244.8,5,0.0,2269,1.1421685196275022,14.360759493670885,0
3600,4647,83,3286.0,5,0.0,678,1.2367541408819158,8.168674698795181,0
3600,4663,136,2873.6,5,0.0,1648,1.1196679699645282,12.117647058823529,0
3600,4773,231,2746.285714285714,7,0.0,4460,1.0503178902202341,19.307359307359306,0
3600,4809,350,2657.8888888888887,9,0.0,7270,0.7457756274807444,20.771428571428572,0
3600,4843,191,3639.4,5,0.0,2830,0.974831524317767,14.81675392670157,0
3600,4858,180,2391.8333333333335,6,0.0,2809,1.0894733041893494,15.605555555555556,0
3600,4904,154,3802.3333333333335,6,0.0,2087,1.1058363751124807,13.551948051948052,0
3600,4920,169,3103.0,6,0.0,2521,1.1091985686355335,14.91715976331361,0
3700,0,52,3899.8333333333335,12,0.0,88,0.40896472413594936,1.6923076923076923,0
3700,45,193,3023.6666666666665,6,0.0002962962962962963,3375,1.1385943467868187,17.487046632124354,1
3700,162,253,2165.714285714286,7,0.0,3337,0.6551262906796944,13.189723320158103,0
3700,165,107,3288.4,5,0.0,1108,1.216135788340463,10.355140186915888,0
3700,277,192,3159.1666666666665,6,0.0,3403,1.1600303602610749,17.723958333333332,0
3700,308,253,2219.1111111111113,9,0.0005422993492407809,5532,1.0860529337848577,21.865612648221344,1
3700,336,168,3036.6666666666665,6,0.0,2443,1.0877141231178946,14.541666666666666,0
3700,370,221,3312.1666666666665,6,0.0009913258983890955,4035,1.0381709102790537,18.257918552036198,1
3700,552,153,3800.5,6,0.0,2005,1.0763199231829699,13.104575163398692,0
3700,563,240,2907.0,7,0.0,5419,1.182242402069659,22.579166666666666,0
3700,717,229,2823.1428571428573,7,0.0,4692,1.1243380355556385,20.489082969432314,0
3700,775,174,4278.8,5,0.0,2417,1.0032011419905575,13.89080459770115,0
3700,903,336,2257.714285714286,7,0.0,3594,0.4000454930910472,10.696428571428571,0
3700,969,266,3468.0,8,0.0006324110671936759,6325,1.1233293874133892,23.778195488721803,1
3700,1245,198,2128.3333333333335,6,0.0,3106,0.9955909378685744,15.686868686868687,0
3700,1266,284,3300.8333333333335,6,0.0,3042,0.4739498538097674,10.711267605633802,0
3700,1304,174,2378.3333333333335,6,0.0,2682,1.113192165005658,15.413793103448276,0
3700,1339,128,5067.0,4,0.0007892659826361484,1267,0.9717768291255536,9.8984375,1
3700,1407,113,2902.8,5,0.0,1160,1.1415921303670327,10.265486725663717,0
3700,1582,214,2857.3333333333335,6,0.0,1631,0.44754455568215146,7.621495327102804,0
3700,1616,224,2981.5,8,0.0010608953957139827,4713,1.1803512576824533,21.040178571428573,1
3700,1733,265,2984.6666666666665,6,0.0,2576,0.46096077896175475,9.720754716981132,0
3700,1803,150,3174.0,6,0.0,1899,1.0606016798519142,12.66,0
3700,1839,137,3833.6,5,0.0,1620,1.0846353239523607,11.824817518248175,0
3700,1842,192,2223.5714285714284,7,0.0,3025,1.031175974078681,15.755208333333334,0
3700,1952,188,3133.5714285714284,7,0.0005975500448162533,3347,1.190007991349597,17.8031914893617,1
3700,1972,131,3292.2,5,0.0,1585,1.1606373418658171,12.099236641221374,0
3700,2010,172,2786.8333333333335,6,0.0,2505,1.0640467275882142,14.563953488372093,0
3700,2119,134,2654.0,5,0.0,1485,1.0392660036936607,11.082089552238806,0
3700,2147,264,3495.5714285714284,7,0.0,6257,1.1281534224926155,23.700757575757574,0
3700,2170,234,3191.875,8,0.0,4801,1.101817980121601,20.517094017094017,0
3700,2175,251,2610.1428571428573,7,0.000242306760358614,4127,0.823183941928863,16.44223107569721,1
3700,2198,141,4313.0,4,0.0,2134,1.3488574463579535,15.134751773049645,0
3700,2270,240,3068.0,8,0.00196078431372549,4590,1.0013826583317464,19.125,1
3700,2281,308,3005.0,6,0.0,3465,0.4589989266608464,11.25,0
3700,2403,162,4848.0,5,0.0,2261,1.0826308473962083,13.95679012345679,0
3700,2439,172,3437.2,5,0.0,2493,1.058949497755456,14.494186046511627,0
3700,2521,146,3073.8,5,0.0,1765,1.040516238240943,12.08904109589041,0
3700,2576,392,3050.0,8,0.0,4717,0.3857479317727784,12.033163265306122,0
3700,2585,95,3358.8,5,0.0,853,1.1877134774568836,8.978947368421053,0
3700,2602,349,3171.3333333333335,6,0.0,4124,0.4254785462649504,11.816618911174785,0
3700,2623,105,3080.8,5,0.0,918,1.0463426960527638,8.742857142857142,0
3700,2729,156,3291.5,6,0.0,2099,1.0838597928805023,13.455128205128204,0
3700,2744,204,3280.6666666666665,6,0.0,3463,1.045687750805599,16.975490196078432,0
3700,2750,264,3555.875,8,0.0,5776,1.0414278677189304,21.87878787878788,0
3700,2754,137,2970.3333333333335,6,0.0,1589,1.0638799566421613,11.598540145985401,0
3700,2797,340,3649.6666666666665,6,0.0,4043,0.4394968546181154,11.891176470588235,0
3700,2837,90,5257.0,4,0.0,635,0.9851414000145771,7.055555555555555,0
3700,2873,291,3594.375,8,0.0,7192,1.067268188359504,24.714776632302407,0
3700,2907,223,2744.714285714286,7,0.0,4192,1.0593059505599078,18.798206278026907,0
3700,2953,221,4223.166666666667,6,0.0,4594,1.1819968182954084,20.787330316742082,0
3700,2970,119,3395.4,5,0.0,1379,1.223714785481343,11.588235294117647,0
3700,3006,136,3603.0,5,0.0,1460,0.9919388568860507,10.735294117647058,0
3700,3129,375,2267.1428571428573,7,0.0006805807622504537,4408,0.3939026607508994,11.754666666666667,1
3700,3137,258,2382.375,8,0.0009782821365681863,5111,0.9648867287120626,19.810077519379846,1
3700,3150,125,2812.4,5,0.0,1517,1.2200437902069035,12.136,0
3700,3263,124,4022.2,5,0.0,1332,1.0886059871440177,10.741935483870968,0
3700,3309,146,2622.2,5,0.0,1825,1.0758878950649977,12.5,0
3700,3311,198,3087.6666666666665,6,0.0,1695,0.5433118608136618,8.56060606060606,0
3700,3323,138,2748.4,5,0.0,1551,1.0234425972942176,11.23913043478261,0
3700,3350,309,3636.1666666666665,6,0.0,3138,0.4129959990768748,10.155339805825243,0
3700,3469,176,3094.3333333333335,6,0.0016874789065136687,2963,1.2020324163980576,16.835227272727273,1
3700,3478,143,2654.3333333333335,6,0.0,1848,1.1356375810717274,12.923076923076923,0
3700,3532,110,3850.4,5,0.0040453074433656954,1236,1.2836391801113998,11.236363636363636,1
3700,3614,194,3150.0,6,0.0,3235,1.080141591493568,16.675257731958762,0
3700,3619,187,3028.6666666666665,6,0.0,2633,0.9461881617320399,14.080213903743315,0
3700,3635,152,2947.8333333333335,6,0.0,2053,1.116636031478505,13.506578947368421,0
3700,3655,99,3350.4,5,0.0,903,1.1577831511852192,9.121212121212121,0
3700,3663,171,3050.0,7,0.0,2554,1.0975859426515278,14.935672514619883,0
3700,3792,212,2437.8571428571427,7,0.0,3739,1.0454267472207401,17.63679245283019,0
3700,3992,315,3656.8,5,0.0,3325,0.4210953115922827,10.555555555555555,0
3700,4042,248,3155.125,8,0.0,4618,0.9435402493676941,18.620967741935484,0
3700,4329,249,2700.75,8,0.0,5693,1.1538579685415842,22.863453815261042,0
3700,4352,384,3864.4285714285716,7,0.0006323777403035413,4744,0.40428915876274896,12.354166666666666,1
3700,4362,107,3051.4,5,0.0,1021,1.1206449818552462,9.542056074766355,0
3700,4405,192,3812.6,5,0.0013656538067599864,2929,0.9984510506037874,15.255208333333334,1
3700,4477,298,3864.0,5,0.0,1820,0.2575423913127077,6.10738255033557,0
3700,4490,277,4102.333333333333,6,0.0009038867128653209,3319,0.5435726266347547,11.981949458483754,1
3700,4501,178,2588.3333333333335,6,0.0,2715,1.0768115205777413,15.252808988764045,0
3700,4591,112,3103.6,5,0.0,1277,1.2792773656358947,11.401785714285714,0
3700,4596,157,2225.8,5,0.0,2277,1.160843275138782,14.503184713375797,0
3700,4647,77,3311.0,5,0.0,583,1.2356542533599928,7.571428571428571,0
3700,4663,134,2891.4,5,0.0,1599,1.1190480403408507,11.932835820895523,0
3700,4773,234,2747.4285714285716,7,0.0,4507,1.034345685567185,19.26068376068376,0
3700,4809,350,2653.777777777778,9,0.0,7369,0.7559313065894917,21.054285714285715,0
3700,4843,190,3674.2,5,0.0,2792,0.971892153886172,14.694736842105263,0
3700,4858,181,2388.3333333333335,6,0.0,2829,1.0851397230860504,15.629834254143647,0
3700,4904,155,3812.8333333333335,6,0.0,2111,1.1041668414947852,13.619354838709677,0
3700,4920,170,3116.1666666666665,6,0.0,2532,1.1009706019224021,14.894117647058824,0
3800,0,61,3911.9166666666665,12,0.0,116,0.3917492586040484,1.901639344262295,0
3800,45,193,3023.1666666666665,6,0.001183431952662722,3380,1.1402811532265027,17.512953367875646,1
3800,162,255,2154.8571428571427,7,0.0,3362,0.6497214610607541,13.184313725490195,0
3800,165,103,3317.4,5,0.0,1047,1.2401724981839997,10.16504854368932,0
3800,277,194,3178.5,6,0.0,3442,1.149257297657144,17.742268041237114,0
3800,308,254,2206.777777777778,9,0.00071301247771836,5610,1.0927109421934862,22.086614173228348,1
3800,336,166,3038.6666666666665,6,0.0,2433,1.1095216905478251,14.656626506024097,0
3800,370,222,3319.3333333333335,6,0.0012321340561853129,4058,1.0347035945351335,18.27927927927928,1
3800,552,154,3825.5,6,0.0,2033,1.0772234550089475,13.2012987012987,0
3800,563,241,2894.0,7,0.0,5454,1.1800241960488789,22.630705394190873,0
3800,717,231,2817.5714285714284,7,0.0,4747,1.1179056109586214,20.549783549783548,0
3800,775,171,4320.4,5,0.0,2390,1.0271066573755487,13.976608187134502,0
3800,903,337,2238.8571428571427,7,0.0,3656,0.4045351369308274,10.8486646884273,0
3800,969,267,3495.0,8,0.0012632243802305385,6333,1.1163408814927498,23.719101123595507,1
3800,1245,200,2102.6666666666665,6,0.0,3153,0.9905441636768617,15.765,0
3800,1266,286,3302.6666666666665,6,0.0,3069,0.47149238856995823,10.73076923076923,0
3800,1304,173,2372.1666666666665,6,0.0,2682,1.1260986330218619,15.502890173410405,0
3800,1339,124,5137.75,4,0.001682085786375105,1189,0.9717361251608387,9.588709677419354,1
3800,1407,111,2922.4,5,0.0,1097,1.118846567969484,9.882882882882884,0
3800,1582,211,2861.5,6,0.0,1616,0.4561275558231941,7.658767772511848,0
3800,1616,227,2970.875,8,0.00041762372102735435,4789,1.1678928151558554,21.09691629955947,1
3800,1733,265,2983.1666666666665,6,0.0,2597,0.464718611398943,9.8,0
3800,1803,149,3169.3333333333335,6,0.0,1890,1.069791471606632,12.684563758389261,0
3800,1839,135,3860.4,5,0.0,1587,1.0942567991762966,11.755555555555556,0
3800,1842,195,2208.285714285714,7,0.0,3064,1.0125801331333728,15.712820512820512,0
3800,1952,190,3127.0,7,0.0011799410029498525,3390,1.180055301459213,17.842105263157894,1
3800,1972,128,3332.8,5,0.0,1521,1.16659238918703,11.8828125,0
3800,2010,173,2784.0,6,0.0,2518,1.0572395070652676,14.554913294797688,0
3800,2119,130,2661.0,5,0.0,1418,1.0543854160450477,10.907692307692308,0
3800,2147,265,3501.285714285714,7,0.0,6313,1.1296760083794868,23.82264150943396,0
3800,2170,235,3191.75,8,0.0,4868,1.1077065124617556,20.714893617021275,0
3800,2175,252,2596.285714285714,7,0.001442654484251022,4159,0.8229959590753307,16.503968253968253,1
3800,2198,138,4366.25,4,0.0,2041,1.3467739142988382,14.789855072463768,0
3800,2270,239,3063.625,8,0.0017233950883239983,4642,1.021219733405495,19.422594142259413,1
3800,2281,308,3005.8333333333335,6,0.0,3482,0.4612508694467727,11.305194805194805,0
3800,2403,157,4893.8,5,0.0,2173,1.1078227654266901,13.840764331210192,0
3800,2439,172,3462.6,5,0.0,2469,1.0487550380899404,14.354651162790697,0
3800,2521,143,3074.8,5,0.0,1726,1.0606658360009746,12.06993006993007,0
3800,2576,394,3046.0,8,0.0,4781,0.3870224555338401,12.134517766497462,0
3800,2585,89,3387.6,5,0.0,753,1.1946063720000577,8.460674157303371,0
3800,2602,351,3167.3333333333335,6,0.00024044241404183698,4159,0.424213564704181,11.849002849002849,1
3800,2623,99,3093.4,5,0.0,824,1.0564931523550616,8.323232323232324,0
3800,2729,158,3294.0,6,0.0,2099,1.0565939721014221,13.284810126582279,0
3800,2744,204,3292.0,6,0.0,3496,1.0556524333861896,17.137254901960784,0
3800,2750,265,3560.875,8,0.0,5848,1.0464668615560333,22.067924528301887,0
3800,2754,136,2978.0,6,0.0,1577,1.0714298474721244,11.595588235294118,0
3800,2797,341,3682.8333333333335,6,0.0,4068,0.43962466489979546,11.929618768328446,0
3800,2837,78,5329.75,4,0.0,489,1.0100189399115114,6.269230769230769,0
3800,2873,294,3591.875,8,0.0,7292,1.0601366851763974,24.802721088435373,0
3800,2907,225,2748.5714285714284,7,0.0,4227,1.0492454041856043,18.786666666666665,0
3800,2953,221,4242.833333333333,6,0.0,4581,1.1786520297368885,20.728506787330318,0
3800,2970,116,3402.2,5,0.0,1315,1.2280601484752014,11.336206896551724,0
3800,3006,135,3636.4,5,0.0,1425,0.9825557270486595,10.555555555555555,0
3800,3129,378,2259.5714285714284,7,0.0006734006734006734,4455,0.3918086075905638,11.785714285714286,1
3800,3137,256,2395.375,8,0.0019542700801250734,5117,0.9811724614513533,19.98828125,1
3800,3150,122,2841.4,5,0.0006939625260235947,1441,1.2166178483802452,11.811475409836065,1
3800,3263,121,4054.8,5,0.0,1268,1.088324427225424,10.479338842975206,0
3800,3309,144,2617.8,5,0.0,1809,1.0962849364089382,12.5625,0
3800,3311,196,3104.6666666666665,6,0.0,1679,0.5492226223841381,8.566326530612244,0
3800,3323,134,2753.6,5,0.0,1525,1.0672597007628501,11.380597014925373,0
3800,3350,309,3654.5,6,0.0,3140,0.41325922151095823,10.161812297734627,0
3800,3469,175,3123.0,6,0.0006779661016949153,2950,1.2104748836688835,16.857142857142858,1
3800,3478,144,2651.5,6,0.0,1829,1.1084052784366767,12.70138888888889,0
3800,3532,106,3904.0,5,0.002586206896551724,1160,1.2973469128387896,10.943396226415095,1
3800,3614,192,3155.8333333333335,6,0.0,3253,1.1088976673315534,16.942708333333332,0
3800,3619,187,3038.3333333333335,6,0.0,2622,0.9422352297992437,14.02139037433155,0
3800,3635,152,2954.5,6,0.0,2074,1.1280580269295761,13.644736842105264,0
3800,3655,95,3368.4,5,0.0,827,1.1515111909224416,8.705263157894738,0
3800,3663,170,3055.8571428571427,7,0.0,2596,1.1287992427292877,15.270588235294118,0
3800,3792,214,2418.1428571428573,7,0.0,3800,1.0427157029994947,17.757009345794394,0
3800,3992,313,3680.6,5,0.0,3301,0.42341546201349023,10.54632587859425,0
3800,4042,250,3144.625,8,0.0,4752,0.9554462905509566,19.008,0
3800,4329,253,2700.25,8,0.0,5781,1.1349370951211606,22.849802371541504,0
3800,4352,392,3883.4285714285716,7,0.0014635166213673428,4783,0.3911452952446892,12.201530612244898,1
3800,4362,105,3057.2,5,0.0,961,1.0953543909659107,9.152380952380952,0
3800,4405,191,3854.0,5,0.002416292716603383,2897,0.9979105745401311,15.167539267015707,1
3800,4477,290,3900.2,5,0.0,1766,0.26387884072483114,6.089655172413793,0
3800,4490,277,4131.5,6,0.0012030075187969924,3325,0.5445552827841396,12.00361010830325,1
3800,4501,178,2587.1666666666665,6,0.0,2714,1.0764149049163867,15.247191011235955,0
3800,4591,110,3113.6,5,0.0,1248,1.2961016964231609,11.345454545454546,0
3800,4596,158,2202.4,5,0.0,2293,1.1542496322194193,14.512658227848101,0
3800,4647,70,3339.4,5,0.0,472,1.2104748836688835,6.742857142857143,0
3800,4663,132,2911.8,5,0.0,1549,1.1171549633633124,11.734848484848484,0
3800,4773,236,2744.5714285714284,7,0.0,4558,1.0283955267927518,19.3135593220339,0
3800,4809,354,2647.6666666666665,9,0.0,7475,0.749574039566654,21.115819209039547,0
3800,4843,189,3708.4,5,0.0,2761,0.971298375360311,14.60846560846561,0
3800,4858,182,2385.3333333333335,6,0.0,2844,1.0789384744365862,15.626373626373626,0
3800,4904,156,3822.3333333333335,6,0.0,2126,1.0978017721124096,13.628205128205128,0
3800,4920,171,3129.8333333333335,6,0.0,2545,1.0937181769961388,14.883040935672515,0
3900,0,69,3926.6666666666665,12,0.0,145,0.3827187017605713,2.101449275362319,0
3900,45,193,3012.8333333333335,6,0.0005856515373352855,3415,1.152088798304292,17.694300518134714,1
3900,162,257,2147.5714285714284,7,0.0,3389,0.6447853867895537,13.186770428015564,0
3900,165,100,3351.0,5,0.0,979,1.230247683145763,9.79,0
3900,277,193,3196.5,6,0.0,3463,1.16828214012526,17.94300518134715,0
3900,308,258,2194.777777777778,9,0.0008791981712678037,5687,1.073627631810898,22.04263565891473,1
3900,336,166,3035.1666666666665,6,0.0,2439,1.11225787227544,14.69277108433735,0
3900,370,221,3329.5,6,0.000984251968503937,4064,1.0456323616788288,18.38914027149321,1
3900,552,155,3851.5,6,0.0,2044,1.0691222283350736,13.187096774193549,0
3900,563,241,2890.4285714285716,7,0.0,5481,1.185865899989715,22.74273858921162,0
3900,717,235,2811.4285714285716,7,0.0,4797,1.091550562916812,20.41276595744681,0
3900,775,171,4354.4,5,0.0,2368,1.01765211910682,13.847953216374268,0
3900,903,340,2220.285714285714,7,0.0,3727,0.4051458761221162,10.961764705882352,0
3900,969,266,3518.5,8,0.0011030570438071226,6346,1.1270590185810858,23.857142857142858,1
3900,1245,203,2072.3333333333335,6,0.0,3218,0.9813045848481597,15.852216748768473,0
3900,1266,287,3307.8333333333335,6,0.0,3089,0.4712636893461798,10.763066202090592,0
3900,1304,173,2364.6666666666665,6,0.0,2689,1.1290377420565945,15.54335260115607,0
3900,1339,119,5208.75,4,0.0009017132551848512,1109,0.9841187071057356,9.319327731092438,1
3900,1407,107,2944.6,5,0.0,1041,1.1425968913920779,9.728971962616823,0
3900,1582,212,2865.1666666666665,6,0.0,1613,0.4509958125881396,7.6084905660377355,0
3900,1616,228,2957.875,8,0.001440032915038058,4861,1.1750755531778996,21.32017543859649,1
3900,1733,266,2985.1666666666665,6,0.0,2622,0.46567109150955044,9.857142857142858,0
3900,1803,149,3165.6666666666665,6,0.0,1886,1.0675273626720148,12.657718120805368,0
3900,1839,134,3892.2,5,0.0,1536,1.0749579674568772,11.462686567164178,0
3900,1842,196,2196.714285714286,7,0.0,3111,1.0176483491584596,15.872448979591837,0
3900,1952,191,3121.4285714285716,7,0.002617039837161966,3439,1.184609756935972,18.005235602094242,1
3900,1972,126,3356.6,5,0.0,1473,1.1659274322846473,11.69047619047619,0
3900,2010,173,2785.8333333333335,6,0.0,2525,1.0601786161000004,14.595375722543352,0
3900,2119,127,2666.4,5,0.0,1355,1.0557029067181276,10.669291338582678,0
3900,2147,267,3506.714285714286,7,0.0,6369,1.1226867320744234,23.853932584269664,0
3900,2170,240,3189.5,8,0.0,4948,1.0794861423584927,20.616666666666667,0
3900,2175,253,2587.285714285714,7,0.0007180469123982767,4178,0.8202330363978912,16.513833992094863,1
3900,2198,136,4418.0,4,0.0,1960,1.3316439448607256,14.411764705882353,0
3900,2270,241,3062.5,8,0.0017035775127768314,4696,1.0160237668950376,19.485477178423235,1
3900,2281,309,3007.6666666666665,6,0.0,3504,0.4611657045141394,11.339805825242719,0
3900,2403,154,4932.4,5,0.0,2112,1.1190830973826351,13.714285714285714,0
3900,2439,170,3490.0,5,0.0,2442,1.0618365757877197,14.364705882352942,0
3900,2521,142,3081.6,5,0.0,1686,1.0507290644618907,11.873239436619718,0
3900,2576,396,3042.625,8,0.0,4838,0.387690675902138,12.217171717171718,0
3900,2585,84,3416.8,5,0.0,656,1.1683020299064082,7.809523809523809,0
3900,2602,352,3162.1666666666665,6,0.0007144558228149559,4199,0.4258634927822682,11.928977272727273,1
3900,2623,95,3106.8,5,0.0,718,0.9997400666049734,7.557894736842106,0
3900,2729,156,3293.6666666666665,6,0.0,2098,1.0833434232793204,13.448717948717949,0
3900,2744,205,3300.1666666666665,6,0.0,3542,1.0591334852126162,17.278048780487804,0
3900,2750,266,3559.125,8,0.0,5925,1.0522887937429772,22.274436090225564,0
3900,2754,135,2987.8333333333335,6,0.0,1571,1.0832245945217152,11.637037037037038,0
3900,2797,342,3718.8333333333335,6,0.0,4087,0.4390988398215343,11.950292397660819,0
3900,2837,62,5404.75,4,0.0,314,1.0264933332228876,5.064516129032258,0
3900,2873,294,3585.875,8,0.0,7394,1.074965805018415,25.14965986394558,0
3900,2907,225,2749.8571428571427,7,0.0,4261,1.0576850407463592,18.93777777777778,0
3900,2953,220,4263.0,6,0.0,4580,1.1891317647472108,20.818181818181817,0
3900,2970,113,3418.0,5,0.0,1251,1.2311480647320325,11.070796460176991,0
3900,3006,132,3672.4,5,0.0,1397,1.0075309772876355,10.583333333333334,0
3900,3129,378,2255.714285714286,7,0.0008910670527957229,4489,0.39479884163278134,11.875661375661375,1
3900,3137,255,2401.125,8,0.001936858415649816,5163,0.997772725596869,20.24705882352941,1
3900,3150,121,2865.0,5,0.0036363636363636364,1375,1.1801625295228373,11.363636363636363,1
3900,3263,117,4089.2,5,0.0,1202,1.1034244633252777,10.273504273504274,0
3900,3309,144,2613.2,5,0.0,1801,1.091436799597843,12.506944444444445,0
3900,3311,193,3124.1666666666665,6,0.0,1661,0.5603570992630832,8.606217616580311,0
3900,3323,134,2761.8,5,0.0,1490,1.0427652158273095,11.119402985074627,0
3900,3350,309,3674.6666666666665,6,0.0009551098376313276,3141,0.41339083272799987,10.16504854368932,1
3900,3469,175,3152.0,6,0.0017029972752043597,2936,1.2047302571023195,16.777142857142856,1
3900,3478,142,2644.6666666666665,6,0.0,1811,1.1286300923727663,12.753521126760564,0
3900,3532,104,3955.0,5,0.003683241252302026,1086,1.2617491204876166,10.442307692307692,1
3900,3614,193,3166.3333333333335,6,0.0,3255,1.0981109922343986,16.865284974093264,0
3900,3619,185,3048.3333333333335,6,0.0,2611,0.9586791431436611,14.113513513513514,0
3900,3635,154,2966.6666666666665,6,0.0,2092,1.1084857195665117,13.584415584415584,0
3900,3655,90,3387.4,5,0.0,750,1.1635528346628863,8.333333333333334,0
3900,3663,172,3058.5714285714284,7,0.0,2644,1.12308963981766,15.372093023255815,0
3900,3792,216,2391.4285714285716,7,0.0,3872,1.042888096253402,17.925925925925927,0
3900,3992,312,3712.4,5,0.0,3267,0.42174487176519787,10.471153846153847,0
3900,4042,251,3140.75,8,0.0,4839,0.9652016222422507,19.278884462151396,0
3900,4329,258,2695.125,8,0.0,5877,1.1094970269303055,22.77906976744186,0
3900,4352,394,3906.0,7,0.0008317737575379496,4809,0.3892890584945068,12.205583756345177,1
3900,4362,100,3070.0,5,0.0,883,1.109610525247915,8.83,0
3900,4405,188,3897.4,5,0.0024441340782122905,2864,1.0182799185017166,15.23404255319149,1
3900,4477,284,3933.8,5,0.0,1721,0.268135338069234,6.059859154929577,0
3900,4490,275,4161.166666666667,6,0.0009025270758122744,3324,0.5523387229372547,12.087272727272728,1
3900,4501,178,2587.5,6,0.0,2717,1.0776047519004504,15.264044943820224,0
3900,4591,109,3121.4,5,0.0,1212,1.2819157633703657,11.119266055045872,0
3900,4596,159,2173.0,5,0.0,2322,1.1541913914220956,14.60377358490566,0
3900,4647,59,3376.4,5,0.0,328,1.1840762888565952,5.559322033898305,0
3900,4663,130,2933.0,5,0.0,1498,1.1138711941011858,11.523076923076923,0
3900,4773,236,2741.4285714285716,7,0.0,4616,1.0414817357778285,19.559322033898304,0
3900,4809,356,2638.6666666666665,9,0.0,7578,0.7513883704362913,21.286516853932586,0
3900,4843,187,3737.4,5,0.0,2733,0.9821239065756419,14.614973262032086,0
3900,4858,181,2383.8333333333335,6,0.0,2856,1.095496305809035,15.779005524861878,0
3900,4904,157,3836.0,6,0.0,2124,1.0828419483508005,13.528662420382165,0
3900,4920,174,3142.5,6,0.0,2560,1.062554788372291,14.71264367816092,0
4000,0,77,3953.4615384615386,13,0.0,172,0.3645497968746462,2.2337662337662336,0
4000,45,194,3010.6666666666665,6,0.0002911208151382824,3435,1.146920051554994,17.70618556701031,1
4000,162,259,2145.1428571428573,7,0.0,3414,0.6395490418661353,13.181467181467182,0
4000,165,97,3384.8,5,0.0,913,1.2193746807216415,9.412371134020619,0
4000,277,194,3217.8333333333335,6,0.0,3512,1.1726297586786432,18.103092783505154,0
4000,308,259,2183.4444444444443,9,0.0012163336229365769,5755,1.0780916039659074,22.22007722007722,1
4000,336,167,3033.5,6,0.0,2445,1.101680811506622,14.640718562874252,0
4000,370,223,2886.714285714286,7,0.00098159509202454,4075,1.029740398027582,18.27354260089686,1
4000,552,155,3874.3333333333335,6,0.0,2075,1.0853369000955373,13.387096774193548,0
4000,563,242,2884.4285714285716,7,0.0,5524,1.1853123296516643,22.826446280991735,0
4000,717,235,2803.5714285714284,7,0.0,4852,1.1040657350995149,20.646808510638298,0
4000,775,171,4398.8,5,0.0,2347,1.0086273325775785,13.725146198830409,0
4000,903,342,2199.4285714285716,7,0.0,3792,0.4074046490343181,11.087719298245615,0
4000,969,267,3549.125,8,0.0012560841576385617,6369,1.1226867320744234,23.853932584269664,1
4000,1245,209,2302.5714285714284,7,0.0,3333,0.958854267476915,15.947368421052632,0
4000,1266,287,3312.1666666666665,6,0.0,3090,0.4714162512397849,10.766550522648084,0
4000,1304,174,2358.5,6,0.0,2699,1.1202481928971928,15.511494252873563,0
4000,1339,114,5290.75,4,0.0,1027,0.9930488320211504,9.008771929824562,0
4000,1407,104,2967.6,5,0.0,983,1.142080465413745,9.451923076923077,0
4000,1582,211,2868.3333333333335,6,0.0,1611,0.4547162700687906,7.6350710900473935,0
4000,1616,232,2936.5,8,0.0008049909438518816,4969,1.1601199387401666,21.41810344827586,1
4000,1733,268,2986.8333333333335,6,0.0,2651,0.4638205683151337,9.89179104477612,0
4000,1803,148,3163.0,6,0.0,1883,1.08028103847874,12.722972972972974,0
4000,1839,133,3927.2,5,0.0,1498,1.0641880931827712,11.263157894736842,0
4000,1842,201,2174.4285714285716,7,0.0,3183,0.9900437530136691,15.835820895522389,0
4000,1952,193,3107.5714285714284,7,0.0,3510,1.1841381206582913,18.186528497409327,0
4000,1972,125,3383.0,5,0.0,1426,1.1468572477488754,11.408,0
4000,2010,175,2793.0,6,0.0,2535,1.0401877390171592,14.485714285714286,0
4000,2119,123,3314.5,4,0.0,1280,1.0631868852124886,10.40650406504065,0
4000,2147,268,3521.1428571428573,7,0.0,6430,1.1249967009680535,23.992537313432837,0
4000,2170,240,3193.25,8,0.0,5014,1.093885108687446,20.891666666666666,0
4000,2175,254,2576.0,7,0.0007120816520294327,4213,0.8206044918825592,16.586614173228348,1
4000,2198,133,4461.75,4,0.0,1884,1.3384047847505616,14.165413533834586,0
4000,2270,243,3059.5,8,0.0021114864864864866,4736,1.0078804252333662,19.48971193415638,1
4000,2281,311,3011.3333333333335,6,0.0,3530,0.4586314065062177,11.35048231511254,0
4000,2403,152,4981.0,5,0.0,2049,1.1144604132973488,13.480263157894736,0
4000,2439,171,3518.4,5,0.0,2428,1.0434372234760805,14.198830409356725,0
4000,2521,141,3089.0,5,0.0,1645,1.0397706182093878,11.666666666666666,0
4000,2576,399,3037.75,8,0.0,4891,0.38606615960220547,12.258145363408522,0
4000,2585,77,3457.4,5,0.0,527,1.1169636218194103,6.8441558441558445,0
4000,2602,354,3151.8333333333335,6,0.0004692632566870014,4262,0.42738254938235176,12.03954802259887,1
4000,2623,85,3121.6,5,0.0,595,1.0348775800060495,7.0,0
4000,2729,156,3296.1666666666665,6,0.0,2092,1.08024520567223,13.41025641025641,0
4000,2744,205,3315.0,6,0.0,3579,1.0701972737368586,17.458536585365852,0
4000,2750,268,3554.5,8,0.0,6033,1.0555373401151271,22.511194029850746,0
4000,2754,135,2994.8333333333335,6,0.0,1561,1.0763294666126018,11.562962962962963,0
4000,2797,342,3756.0,6,0.0,4106,0.44114016058410077,12.005847953216374,0
4000,2837,17,5510.5,4,0.0,32,1.3914320403442682,1.8823529411764706,0
4000,2873,296,3573.125,8,0.0,7530,1.079994187432941,25.43918918918919,0
4000,2907,227,2753.285714285714,7,0.0,4297,1.0479088383221362,18.929515418502202,0
4000,2953,221,4291.666666666667,6,0.0,4580,1.17839473830931,20.72398190045249,0
4000,2970,111,3431.8,5,0.0,1175,1.1983999246710517,10.585585585585585,0
4000,3006,131,3714.8,5,0.0,1355,0.9922167812165188,10.34351145038168,0
4000,3129,377,2250.285714285714,7,0.0008831971737690439,4529,0.4004326528184444,12.013262599469495,1
4000,3137,254,2408.0,8,0.001154068090017311,5199,1.012656718086263,20.468503937007874,1
4000,3150,116,2900.0,5,0.003878975950349108,1289,1.2037791113190377,11.112068965517242,1
4000,3263,114,4126.8,5,0.0,1135,1.097478504716656,9.956140350877194,0
4000,3309,143,2613.4,5,0.0,1783,1.0956936185340311,12.468531468531468,0
4000,3311,192,3153.0,6,0.0,1643,0.5600734298880241,8.557291666666666,0
4000,3323,132,2772.0,5,0.0,1455,1.0493611825007227,11.022727272727273,0
4000,3350,310,3707.1666666666665,6,0.0009548058561425843,3142,0.4108588602530335,10.135483870967741,1
4000,3469,175,3180.6666666666665,6,0.0010259917920656635,2924,1.1998062914738359,16.708571428571428,1
4000,3478,142,2637.6666666666665,6,0.0,1782,1.1105570538974432,12.549295774647888,0
4000,3532,100,4004.8,5,0.0029910269192422734,1003,1.260406972620225,10.03,1
4000,3614,194,3184.5,6,0.0,3263,1.0894905759021676,16.81958762886598,0
4000,3619,183,3060.1666666666665,6,0.0,2591,0.9722436101945301,14.158469945355192,0
4000,3635,154,2978.8333333333335,6,0.0,2099,1.1121948018021548,13.62987012987013,0
4000,3655,84,3419.4,5,0.0,649,1.1558353923921632,7.726190476190476,0
4000,3663,174,3065.285714285714,7,0.0,2699,1.1202481928971928,15.511494252873563,0
4000,3792,220,2478.0,8,0.0,3976,1.0323117678242164,18.072727272727274,0
4000,3992,310,3741.6,5,0.0,3248,0.42471978933859095,10.477419354838709,0
4000,4042,253,3145.625,8,0.0,4924,0.9666891984737235,19.462450592885375,0
4000,4329,261,2684.5,8,0.0,5985,1.1040608347930836,22.93103448275862,0
4000,4352,401,3926.4285714285716,7,0.0006190672719768881,4846,0.3787080428429211,12.084788029925187,1
4000,4362,95,3082.6,5,0.0,800,1.1139165087520597,8.421052631578947,0
4000,4405,188,3951.2,5,0.002124645892351275,2824,1.0040581319304636,15.02127659574468,1
4000,4477,276,3968.6,5,0.0,1677,0.2766462339881371,6.076086956521739,0
4000,4490,274,4193.166666666667,6,0.0009019843656043296,3326,0.5567125134977704,12.138686131386862,1
4000,4501,178,2587.3333333333335,6,0.0,2720,1.0787945988845142,15.280898876404494,0
4000,4591,107,3130.2,5,0.0,1177,1.2918698762425318,11.0,0
4000,4596,161,2137.2,5,0.0,2363,1.1455705320678495,14.677018633540373,0
4000,4647,33,3963.75,4,0.0,102,1.1770154294441098,3.090909090909091,0
4000,4663,128,2954.4,5,0.0,1445,1.1083011192473757,11.2890625,0
4000,4773,238,2736.5714285714284,7,0.0,4677,1.037584128298811,19.65126050420168,0
4000,4809,358,2629.777777777778,9,0.0,7695,0.7544881704495321,21.49441340782123,0
4000,4843,186,3768.4,5,0.0,2706,0.9829055059098137,14.548387096774194,0
4000,4858,183,2378.0,6,0.0,2880,1.0806876099422025,15.737704918032787,0
4000,4904,159,3850.8333333333335,6,0.0,2125,1.0562690382308153,13.364779874213836,0
4000,4920,177,3153.8333333333335,6,0.0,2561,1.0272423359626495,14.468926553672317,0
4100,0,92,3964.153846153846,13,0.0,215,0.31920719306323514,2.3369565217391304,0
4100,45,193,3005.8333333333335,6,0.0008685581933989577,3454,1.1652458885338286,17.89637305699482,1
4100,162,263,2130.285714285714,7,0.0,3442,0.6253299549599427,13.087452471482889,0
4100,165,93,3419.2,5,0.0,835,1.2131945268805537,8.978494623655914,0
4100,277,195,3232.0,6,0.0,3554,1.1745136400639709,18.225641025641025,0
4100,308,261,2169.5555555555557,9,0.0008549931600547196,5848,1.0787882643057565,22.406130268199234,1
4100,336,166,3030.0,6,0.0,2452,1.1181862660186055,14.771084337349398,0
4100,370,222,2907.285714285714,7,0.0014691478942213516,4084,1.0413330409269308,18.396396396396398,1
4100,552,155,3905.0,6,0.0,2084,1.0900443854453492,13.44516129032258,0
4100,563,242,2879.714285714286,7,0.0,5552,1.1913204298019624,22.94214876033058,0
4100,717,235,2793.714285714286,7,0.0,4910,1.1172635530376376,20.893617021276597,0
4100,775,171,4430.2,5,0.0,2328,1.0004620495273127,13.614035087719298,0
4100,903,343,2178.5714285714284,7,0.0,3871,0.41347075324213856,11.285714285714286,0
4100,969,268,3580.125,8,0.003138239447669857,6373,1.115023946387155,23.779850746268657,1
4100,1245,216,3137.5714285714284,7,0.0,3509,0.9451173372296454,16.24537037037037,0
4100,1266,287,3316.6666666666665,6,0.0,3109,0.47431492721828195,10.832752613240418,0
4100,1304,174,2350.1666666666665,6,0.0,2709,1.124398797539272,15.568965517241379,0
4100,1339,109,5342.75,4,0.0,931,0.9847059205427481,8.541284403669724,0
4100,1407,100,2997.0,5,0.0,907,1.139769814722377,9.07,0
4100,1582,213,2871.0,6,0.0,1611,0.44621708787349573,7.563380281690141,0
4100,1616,235,3875.5,8,0.0009889240506329115,5056,1.1504856464680848,21.514893617021276,1
4100,1733,269,2987.8333333333335,6,0.0,2685,0.4662830129428059,9.981412639405205,0
4100,1803,148,3160.5,6,0.0,1878,1.077412528020751,12.68918918918919,0
4100,1839,129,3940.8,5,0.0,1453,1.097225918073666,11.263565891472869,0
4100,1842,203,2156.5714285714284,7,0.0,3222,0.982524354375628,15.87192118226601,0
4100,1952,189,3647.8333333333335,6,0.000860832137733142,3485,1.2259959573091939,18.43915343915344,1
4100,1972,123,3406.6,5,0.0,1370,1.1379422130789918,11.138211382113822,0
4100,2010,175,2783.0,6,0.0,2551,1.046753026521804,14.577142857142857,0
4100,2119,109,3398.5,4,0.0,1104,1.1676856458423135,10.128440366972477,0
4100,2147,268,3509.8571428571427,7,0.00015386982612709647,6499,1.1370689828291416,24.25,1
4100,2170,242,3195.375,8,0.0,5091,1.0924013523274119,21.037190082644628,0
4100,2175,251,2565.5714285714284,7,0.0014170996693434106,4234,0.8445264865827009,16.868525896414344,1
4100,2198,130,4511.5,4,0.0,1802,1.3399171507145105,13.861538461538462,0
4100,2270,243,3062.125,8,0.0020920502092050207,4780,1.017244179184014,19.670781893004115,1
4100,2281,313,3005.0,6,0.0,3570,0.4579197816989277,11.405750798722044,0
4100,2403,150,5016.2,5,0.0,1993,1.1131011837519036,13.286666666666667,0
4100,2439,171,3557.2,5,0.0,2408,1.034842188686327,14.08187134502924,0
4100,2521,139,3097.6,5,0.0,1617,1.0516961484094396,11.633093525179856,0
4100,2576,400,3038.125,8,0.0,4936,0.3876725334529805,12.34,0
4100,2585,65,3496.2,5,0.0,375,1.1153583385525891,5.769230769230769,0
4100,2602,358,3125.0,6,0.0009229349330872173,4334,0.424944994246689,12.106145251396647,1
4100,2623,69,3305.5,4,0.0,411,1.0848095615420332,5.956521739130435,0
4100,2729,157,3295.3333333333335,6,0.0,2094,1.0675475705492354,13.337579617834395,0
4100,2744,207,3313.3333333333335,6,0.0,3621,1.0619344207471484,17.492753623188406,0
4100,2750,269,4081.285714285714,7,0.0,6040,1.0489197013685465,22.45353159851301,0
4100,2754,135,3001.0,6,0.0,1562,1.0770189794035132,11.57037037037037,0
4100,2797,342,3803.0,6,0.0,4129,0.4436112330861549,12.073099415204679,0
4100,2873,299,4198.125,8,0.0,7620,1.071081353468271,25.48494983277592,0
4100,2907,227,2758.0,7,0.0,4329,1.0557126742137604,19.070484581497798,0
4100,2953,220,4311.666666666667,6,0.0002181500872600349,4584,1.1901703077731909,20.836363636363636,1
4100,2970,105,3455.6,5,0.0,1097,1.2503681237144681,10.447619047619048,0
4100,3006,129,3745.8,5,0.0,1325,1.000567337541368,10.271317829457365,0
4100,3129,377,2246.4285714285716,7,0.001312910284463895,4570,0.4040576779377989,12.122015915119363,1
4100,3137,254,2400.75,8,0.0011387360030366293,5269,1.0262912574719214,20.744094488188978,1
4100,3150,112,2928.8,5,0.0008237232289950577,1214,1.2161650132200283,10.839285714285714,1
4100,3263,110,4146.6,5,0.0,1059,1.0998170645129226,9.627272727272727,0
4100,3309,142,2605.6,5,0.0,1779,1.1086874292275823,12.528169014084508,0
4100,3311,190,3194.6666666666665,6,0.0,1623,0.5649645292826851,8.542105263157895,0
4100,3323,129,2780.8,5,0.0,1417,1.0700406922989572,10.984496124031008,0
4100,3350,307,3738.0,6,0.0006365372374283895,3142,0.41892790873448543,10.234527687296417,1
4100,3469,173,3216.6666666666665,6,0.0003443526170798898,2904,1.2193103766948123,16.786127167630056,1
4100,3478,143,2630.1666666666665,6,0.0,1760,1.0815596010206927,12.307692307692308,0
4100,3532,96,4062.8,5,0.004343105320304018,921,1.255818938349045,9.59375,1
4100,3614,193,3182.5,6,0.0,3261,1.1001351599620195,16.89637305699482,0
4100,3619,177,3613.4,5,0.0,2533,1.0160112600520854,14.310734463276836,0
4100,3635,158,2969.3333333333335,6,0.0,2121,1.0676683253106796,13.424050632911392,0
4100,3655,78,3454.4,5,0.0,550,1.1360131225998595,7.051282051282051,0
4100,3663,176,3080.4285714285716,7,0.0,2738,1.1107542207552756,15.556818181818182,0
4100,3792,225,2818.714285714286,7,0.0,4092,1.0157350825473133,18.186666666666667,0
4100,3992,308,3775.6,5,0.0,3230,0.42786912932598375,10.487012987012987,0
4100,4042,254,3143.625,8,0.0,4997,0.9733113330019342,19.673228346456693,0
4100,4329,265,3123.25,8,0.0,6055,1.083508352722603,22.849056603773583,0
4100,4352,406,3956.4285714285716,7,0.0006141248720573184,4885,0.37241088385513216,12.032019704433498,1
4100,4362,89,3098.4,5,0.0,702,1.1136967770837192,7.887640449438202,0
4100,4405,185,3981.8,5,0.002145922746781116,2796,1.0266054707888457,15.113513513513514,1
4100,4477,271,4020.0,5,0.0,1624,0.27788001086204295,5.992619926199262,0
4100,4490,272,4233.5,6,0.0015024038461538462,3328,0.565269266389859,12.235294117647058,1
4100,4501,178,2588.8333333333335,6,0.0,2727,1.0815709085139966,15.320224719101123,0
4100,4591,106,3134.2,5,0.0,1145,1.2805708751727707,10.80188679245283,0
4100,4596,166,3045.0,6,0.0,2458,1.1209224477462203,14.80722891566265,0
4100,4663,126,2976.4,5,0.0,1401,1.1089370893623836,11.119047619047619,0
4100,4773,241,2733.285714285714,7,0.0,4745,1.026625377750629,19.688796680497926,0
4100,4809,362,2593.6,10,0.0,7859,0.753633181666072,21.709944751381215,0
4100,4843,185,3796.0,5,0.0,2686,0.9862168435403575,14.518918918918919,0
4100,4858,185,2371.5,6,0.0,2903,1.0658925900214662,15.691891891891892,0
4100,4904,158,3870.8333333333335,6,0.0,2112,1.0631379080887107,13.367088607594937,0
4100,4920,174,3832.2,5,0.0,2505,1.0397264628408551,14.39655172413793,0
4200,0,105,3972.923076923077,13,0.0,254,0.2895109420451002,2.419047619047619,0
4200,45,195,2997.3333333333335,6,0.0005743825387708214,3482,1.1507193288415158,17.856410256410257,1
4200,162,264,2108.1428571428573,7,0.0,3464,0.624568236457475,13.121212121212121,0
4200,165,88,3456.4,5,0.0,751,1.21866533204852,8.534090909090908,0
4200,277,196,3232.0,6,0.0,3618,1.1834946085680833,18.459183673469386,0
4200,308,263,2156.222222222222,9,0.0008440243079000675,5924,1.076250625561505,22.524714828897338,1
4200,336,167,3025.6666666666665,6,0.0,2469,1.112494856282147,14.784431137724551,0
4200,370,223,2935.0,7,0.0009748964172556666,4103,1.036815914872925,18.39910313901345,1
4200,552,156,3933.3333333333335,6,0.0,2101,1.0848925320828657,13.467948717948717,0
4200,563,242,2869.1428571428573,7,0.0,5587,1.198830554989835,23.08677685950413,0
4200,717,239,2780.285714285714,7,0.0,4976,1.0946982751886565,20.820083682008367,0
4200,775,168,4467.2,5,0.0,2292,1.0204833279517864,13.642857142857142,0
4200,903,345,2149.4285714285716,7,0.0,3956,0.41766487839029515,11.466666666666667,0
4200,969,269,3612.875,8,0.0023525721455457966,6376,1.1072702013122273,23.702602230483272,1
4200,1245,220,3130.8571428571427,7,0.0,3614,0.9383236239730176,16.427272727272726,0
4200,1266,289,3317.3333333333335,6,0.0,3122,0.46972867970964594,10.802768166089965,0
4200,1304,175,2340.5,6,0.0,2732,1.1210228414180983,15.611428571428572,0
4200,1339,103,5397.75,4,0.0,828,0.9807667893947963,8.03883495145631,0
4200,1407,97,3023.4,5,0.0,841,1.1232136982331877,8.670103092783505,0
4200,1582,211,2880.3333333333335,6,0.0,1591,0.4490711270511768,7.540284360189573,0
4200,1616,237,3877.625,8,0.0007820136852394917,5115,1.144349831623265,21.582278481012658,1
4200,1733,272,2998.5,6,0.0,2720,0.46199891964555784,10.0,0
4200,1803,147,3163.3333333333335,6,0.0,1869,1.0868872543031742,12.714285714285714,0
4200,1839,127,3956.8,5,0.0,1396,1.0876466847073845,10.992125984251969,0
4200,1842,207,2126.1428571428573,7,0.0,3292,0.965448249958468,15.903381642512077,0
4200,1952,188,3669.0,6,0.0005755395683453237,3475,1.2355177083776065,18.48404255319149,1
4200,1972,121,3425.2,5,0.0,1322,1.1346726283848663,10.925619834710744,0
4200,2010,176,2772.5,6,0.0,2566,1.0409771111972377,14.579545454545455,0
4200,2119,99,3453.25,4,0.0,952,1.2206085934975952,9.616161616161616,0
4200,2147,270,3496.1428571428573,7,0.0006088280060882801,6570,1.1325247590718759,24.333333333333332,1
4200,2170,243,3208.75,8,0.00019387359441644047,5158,1.0976873381236703,21.226337448559672,1
4200,2175,246,2965.0,6,0.0014245014245014246,4212,0.8746373360380864,17.121951219512194,1
4200,2198,127,4557.5,4,0.0,1723,1.342417792085117,13.566929133858268,0
4200,2270,245,3065.375,8,0.002068252326783868,4835,1.0122182743927797,19.73469387755102,1
4200,2281,322,3188.4285714285716,7,0.0,3680,0.44601137939162994,11.428571428571429,0
4200,2403,149,5047.8,5,0.0,1939,1.0975268060556929,13.013422818791947,0
4200,2439,171,3578.2,5,0.0,2394,1.0288256643334994,14.0,0
4200,2521,137,3114.6,5,0.0,1576,1.0551760929314324,11.503649635036496,0
4200,2576,401,3039.375,8,0.0,4974,0.3887110617211493,12.403990024937656,0
4200,2585,31,3398.25,4,0.0,106,1.3860929085557465,3.4193548387096775,0
4200,2602,364,3159.4285714285716,7,0.0013392857142857143,4480,0.42489841468670064,12.307692307692308,1
4200,2623,38,3393.25,4,0.0,126,1.0965115633028086,3.3157894736842106,0
4200,2729,157,3295.1666666666665,6,0.0,2091,1.066018132769079,13.318471337579618,0
4200,2744,208,3304.3333333333335,6,0.0,3669,1.0656900375389193,17.639423076923077,0
4200,2750,268,4099.428571428572,7,0.0,6040,1.056762064361904,22.53731343283582,0
4200,2754,135,3007.5,6,0.0,1552,1.0701238514943998,11.496296296296297,0
4200,2797,343,3863.5,6,0.0,4146,0.4428441598919934,12.087463556851311,0
4200,2873,301,4202.75,8,0.00025957170668397143,7705,1.0686845132353664,25.59800664451827,1
4200,2907,227,2760.8571428571427,7,0.0,4367,1.0649797293350638,19.237885462555067,0
4200,2953,221,4332.5,6,0.00021791239921551536,4589,1.180710361157516,20.764705882352942,1
4200,2970,103,3481.0,5,0.0,1028,1.2176669800698678,9.980582524271844,0
4200,3006,125,3782.2,5,0.0,1282,1.0310455761669415,10.256,0
4200,3129,379,2240.8571428571427,7,0.0008641175199827177,4629,0.4049660582554327,12.213720316622691,1
4200,3137,256,2395.375,8,0.0026192703461178674,5345,1.024890913906094,20.87890625,1
4200,3150,108,2944.6,5,0.0008841732979664014,1131,1.2184983851886337,10.472222222222221,1
4200,3263,107,4166.8,5,0.0,968,1.0624724215826429,9.046728971962617,0
4200,3309,142,2600.6,5,0.0,1765,1.099962514101564,12.429577464788732,0
4200,3311,190,3230.6666666666665,6,0.0,1604,0.5583506500119698,8.442105263157895,0
4200,3323,127,2792.6,5,0.0,1364,1.0627149555450375,10.740157480314961,0
4200,3350,307,3773.5,6,0.001275103602167676,3137,0.4182612507002167,10.218241042345277,1
4200,3469,174,3249.0,6,0.0020689655172413794,2900,1.2036753462029859,16.666666666666668,1
4200,3478,142,2620.0,6,0.0,1733,1.0800198509563799,12.204225352112676,0
4200,3532,92,4119.2,5,0.004784688995215311,836,1.24119634139937,9.08695652173913,1
4200,3614,194,3172.1666666666665,6,0.0,3273,1.0928294989052387,16.871134020618555,0
4200,3619,172,3699.0,5,0.0,2460,1.044932115715372,14.30232558139535,0
4200,3635,162,2958.3333333333335,6,0.0,2141,1.0251714481535965,13.216049382716049,0
4200,3655,67,3485.4,5,0.0,417,1.1673371677852027,6.223880597014926,0
4200,3663,177,3105.285714285714,7,0.0,2791,1.119497602370853,15.768361581920903,0
4200,3792,227,2812.4285714285716,7,0.0,4169,1.0166934947556403,18.365638766519822,0
4200,3992,308,3822.6,5,0.0,3202,0.42416004709034055,10.396103896103897,0
4200,4042,256,3143.75,8,0.0,5066,0.9713933339285823,19.7890625,0
4200,4329,265,3145.875,8,0.0,6126,1.0962134052483345,23.116981132075473,0
4200,4352,409,3994.0,7,0.001421608448415922,4924,0.3698974115715746,12.039119804400977,1
4200,4362,84,3110.8,5,0.0,599,1.0667879815761259,7.130952380952381,0
4200,4405,185,4011.0,5,0.0021684134441633538,2767,1.0159575599687898,14.956756756756757,1
4200,4477,261,4083.8,5,0.0,1573,0.29017338231069684,6.026819923371647,0
4200,4490,269,4286.333333333333,6,0.0015060240963855422,3320,0.576558511348274,12.342007434944238,1
4200,4501,180,2587.0,6,0.0,2729,1.0584452285983388,15.161111111111111,0
4200,4591,105,3133.6,5,0.0,1133,1.2914011706184982,10.790476190476191,0
4200,4596,172,3021.1666666666665,6,0.0,2606,1.1069484120139266,15.151162790697674,0
4200,4663,123,2997.2,5,0.0,1344,1.1163462294731132,10.926829268292684,0
4200,4773,241,2726.714285714286,7,0.0,4815,1.0417705361157592,19.979253112033195,0
4200,4809,369,2579.9,10,0.0002468831008517467,8101,0.7476455691932613,21.953929539295395,1
4200,4843,183,3830.2,5,0.0,2662,0.9988855616896328,14.546448087431694,0
4200,4858,186,2375.3333333333335,6,0.0,2917,1.0595474356019685,15.682795698924732,0
4200,4904,158,3892.8333333333335,6,0.0,2103,1.0586074908667418,13.310126582278482,0
4200,4920,172,3899.6,5,0.0,2464,1.0466311923262912,14.325581395348838,0
4300,0,114,3968.4666666666667,15,0.0,289,0.27944606860186216,2.5350877192982457,0
4300,45,195,2989.3333333333335,6,0.00028595939376608524,3497,1.1556764770128607,17.933333333333334,1
4300,162,265,2083.0,7,0.0,3491,0.6246949065820986,13.173584905660377,0
4300,165,82,3497.8,5,0.0,657,1.2278562602073138,8.012195121951219,0
4300,277,200,3224.1666666666665,6,0.0,3701,1.1627034410935824,18.505,0
4300,308,268,2135.3333333333335,9,0.0004971002485501243,6035,1.055887261328492,22.51865671641791,1
4300,336,167,3019.6666666666665,6,0.0,2483,1.11880304906787,14.868263473053892,0
4300,370,226,2945.4285714285716,7,0.002172338884866039,4143,1.0193138353686673,18.331858407079647,1
4300,552,156,3965.3333333333335,6,0.0,2118,1.0936708153029557,13.576923076923077,0
4300,563,242,2864.4285714285716,7,0.0,5615,1.204838655140133,23.202479338842974,0
4300,717,241,2765.714285714286,7,0.0,5046,1.0917495587206898,20.937759336099585,0
4300,775,167,4503.2,5,0.0,2264,1.0201248904912033,13.55688622754491,0
4300,903,348,2118.8571428571427,7,0.0,4062,0.421493901403149,11.672413793103448,0
4300,969,267,3645.125,8,0.003766478342749529,6372,1.1232155529562295,23.865168539325843,1
4300,1245,222,3118.0,7,0.0,3718,0.9480108340270149,16.74774774774775,0
4300,1266,289,3318.6666666666665,6,0.0012734797835084368,3141,0.4725873744292113,10.868512110726643,1
4300,1304,175,2331.3333333333335,6,0.0,2749,1.1279984593917833,15.708571428571428,0
4300,1339,95,5454.5,4,0.0014184397163120568,705,0.9816389233377526,7.421052631578948,1
4300,1407,93,3054.0,5,0.0,759,1.102772031020767,8.161290322580646,0
4300,1582,211,2881.3333333333335,6,0.0,1595,0.4502001556546996,7.559241706161138,0
4300,1616,237,3879.875,8,0.0011580775911986102,5181,1.1591156359022747,21.860759493670887,1
4300,1733,274,2992.0,6,0.0,2757,0.46147215866306457,10.062043795620438,0
4300,1803,148,3155.8333333333335,6,0.0,1846,1.0590540610896197,12.472972972972974,0
4300,1839,125,3975.2,5,0.0,1352,1.0873429165192705,10.816,0
4300,1842,213,2764.4285714285716,7,0.0,3352,0.9284417619813516,15.737089201877934,0
4300,1952,187,3687.0,6,0.0023048112935753384,3471,1.2473297035214244,18.56149732620321,1
4300,1972,119,3447.2,5,0.0,1260,1.1181150324195013,10.588235294117647,0
4300,2010,177,2762.6666666666665,6,0.0,2576,1.03325898377188,14.55367231638418,0
4300,2119,89,3510.0,4,0.0,787,1.2485461019442834,8.842696629213483,0
4300,2147,271,3475.0,7,0.00030003000300030005,6666,1.1406084682305286,24.59778597785978,1
4300,2170,245,3210.5,8,0.00019113149847094801,5232,1.0953311296014525,21.355102040816327,1
4300,2175,239,2984.8333333333335,6,0.0011938872970391596,4188,0.9213417155325749,17.523012552301257,1
4300,2198,123,4609.75,4,0.0,1638,1.3605469671703565,13.317073170731707,0
4300,2270,245,3059.0,8,0.0018427518427518428,4884,1.022476536118787,19.93469387755102,1
4300,2281,328,3736.6666666666665,6,0.0,3727,0.4353329796225892,11.362804878048781,0
4300,2403,147,5079.6,5,0.0,1890,1.0990994706436594,12.857142857142858,0
4300,2439,173,3603.4,5,0.0,2389,1.003075926282337,13.809248554913294,0
4300,2521,135,3128.6,5,0.0,1543,1.0639182363761976,11.42962962962963,0
4300,2576,404,3040.25,8,0.0,5020,0.3865012038285649,12.425742574257425,0
4300,2602,374,3193.125,8,0.0008644910309055544,4627,0.4156867284783658,12.371657754010695,1
4300,2729,158,3295.5,6,0.0,2091,1.052566934570783,13.234177215189874,0
4300,2744,210,3301.6666666666665,6,0.0,3720,1.0600203783541071,17.714285714285715,0
4300,2750,270,4125.285714285715,7,0.0,6044,1.0418538270670348,22.385185185185186,0
4300,2754,134,3015.8333333333335,6,0.0,1551,1.0854556038578234,11.574626865671641,0
4300,2797,344,3910.6666666666665,6,0.0,4168,0.4426094571444787,12.116279069767442,0
4300,2873,302,4210.875,8,0.00012838618564642445,7789,1.0731926309728037,25.79139072847682,1
4300,2907,228,2768.285714285714,7,0.0,4396,1.0626686138181543,19.280701754385966,0
4300,2953,221,4355.666666666667,6,0.0013032145960034753,4604,1.1845697325711928,20.832579185520363,1
4300,2970,99,3509.4,5,0.0,948,1.2154799859618912,9.575757575757576,0
4300,3006,124,3801.8,5,0.0,1250,1.0215897026501668,10.080645161290322,0
4300,3129,383,2234.4285714285716,7,0.0012815036309269544,4682,0.4010917465960614,12.224543080939947,1
4300,3137,257,2385.5,8,0.0016568483063328424,5432,1.0334830985662014,21.136186770428015,1
4300,3150,106,2960.8,5,0.0019083969465648854,1048,1.1720858315991824,9.88679245283019,1
4300,3263,102,4189.0,5,0.0,869,1.0496132318221956,8.519607843137255,0
4300,3309,141,2593.0,5,0.0,1768,1.1175163847989045,12.539007092198581,0
4300,3311,185,3270.3333333333335,6,0.0,1582,0.580861893700985,8.551351351351352,0
4300,3323,124,2801.8,5,0.0,1325,1.082885084809177,10.685483870967742,0
4300,3350,306,3305.0,7,0.001280819724623759,3123,0.4191205885411989,10.205882352941176,1
4300,3469,174,3286.6666666666665,6,0.0006932409012131716,2885,1.197449439239867,16.580459770114942,1
4300,3478,136,3170.6,5,0.0,1623,1.1026827155657946,11.933823529411764,0
4300,3532,87,4184.2,5,0.0027397260273972603,730,1.2119765554871444,8.39080459770115,1
4300,3614,195,3161.3333333333335,6,0.0,3300,1.0905725976958651,16.923076923076923,0
4300,3619,170,3760.2,5,0.0,2402,1.0444436752834163,14.129411764705882,0
4300,3635,159,3563.4,5,0.0,2090,1.0388716658364254,13.144654088050315,0
4300,3655,53,3528.0,5,0.0,256,1.1452441713335522,4.830188679245283,0
4300,3663,180,3121.8571428571427,7,0.0,2837,1.100333130646203,15.761111111111111,0
4300,3792,230,2801.5714285714284,7,0.0,4255,1.0107732885462812,18.5,0
4300,3992,304,3850.0,5,0.0,3175,0.4317242328232164,10.444078947368421,0
4300,4042,258,3144.875,8,0.0,5126,0.9677185230635947,19.868217054263567,0
4300,4329,265,3162.125,8,0.0,6184,1.1065921805510448,23.335849056603774,0
4300,4352,414,4015.5714285714284,7,0.0016168148746968471,4948,0.36277627132400514,11.951690821256038,1
4300,4362,72,3135.0,5,0.0,453,1.098102987713099,6.291666666666667,0
4300,4405,184,4039.4,5,0.0022010271460014674,2726,1.0118125677795105,14.815217391304348,1
4300,4477,253,4124.6,5,0.0,1523,0.2989983040770676,6.019762845849803,0
4300,4490,267,4318.5,6,0.0021116138763197585,3315,0.5843470743957786,12.415730337078651,1
4300,4501,180,2594.5,6,0.0,2723,1.056118122929013,15.127777777777778,0
4300,4591,106,3674.0,5,0.0,1142,1.277215667639567,10.773584905660377,0
4300,4596,178,3186.3333333333335,6,0.0,2745,1.0887099904183792,15.42134831460674,0
4300,4663,120,3023.0,5,0.0,1304,1.1379546723003027,10.866666666666667,0
4300,4773,244,2722.8571428571427,7,0.0,4895,1.0331964552084143,20.061475409836067,0
4300,4809,373,2870.777777777778,9,0.00036469730123997083,8226,0.7429864706403306,22.053619302949063,1
4300,4843,183,3862.8,5,0.0,2639,0.9902550703602335,14.420765027322405,0
4300,4858,187,2363.8333333333335,6,0.0,2939,1.0561515409534619,15.716577540106952,0
4300,4904,158,3921.5,6,0.0,2083,1.048539897040144,13.183544303797468,0
4300,4920,169,3948.4,5,0.0,2404,1.0577204914715679,14.224852071005918,0
4400,0,129,3991.733333333333,15,0.0,330,0.24919790293483124,2.558139534883721,0
4400,45,195,2983.6666666666665,6,0.001135718341851221,3522,1.1639383906317686,18.06153846153846,1
4400,162,268,2058.0,7,0.0,3517,0.615336453702122,13.123134328358208,0
4400,165,76,3536.0,5,0.0,551,1.198765617817158,7.25,0
4400,277,213,3957.714285714286,7,0.0,3891,1.077734754137661,18.267605633802816,0
4400,308,276,2529.777777777778,9,0.0017684887459807075,6220,1.026082036616704,22.536231884057973,1
4400,336,168,3006.6666666666665,6,0.0,2522,1.1228878503902293,15.011904761904763,0
4400,370,228,2948.4285714285716,7,0.0009553379508000956,4187,1.012145924944634,18.364035087719298,1
4400,552,157,3999.8333333333335,6,0.0,2144,1.0930382002185104,13.656050955414013,0
4400,563,243,2855.1428571428573,7,0.0,5658,1.2040936330173957,23.28395061728395,0
4400,717,243,2748.714285714286,7,0.0,5116,1.0887492093525974,21.05349794238683,0
4400,775,166,4559.8,5,0.0,2243,1.0228759358400212,13.512048192771084,0
4400,903,358,2653.5,8,0.0,4284,0.42004253699880384,11.966480446927374,0
4400,969,267,3670.75,8,0.002353310323187951,6374,1.123568100210767,23.872659176029963,1
4400,1245,229,3103.4285714285716,7,0.0,3827,0.9170591777645841,16.7117903930131,0
4400,1266,293,3321.0,6,0.0006331117442228553,3159,0.462406839576007,10.781569965870307,1
4400,1304,175,2316.1666666666665,6,0.0,2783,1.1419496953391535,15.902857142857142,0
4400,1339,80,5530.0,4,0.0,533,1.0465430527270998,6.6625,0
4400,1407,85,3088.8,5,0.0,664,1.1548885934857427,7.811764705882353,0
4400,1582,213,2889.0,6,0.0,1583,0.43846160776147963,7.431924882629108,0
4400,1616,238,3887.5,8,0.0011474469305794606,5229,1.1600443461352326,21.970588235294116,1
4400,1733,275,2978.8333333333335,6,0.0,2794,0.4642702743341425,10.16,0
4400,1803,146,3146.8333333333335,6,0.0,1830,1.0788355331336688,12.534246575342467,0
4400,1839,122,3994.0,5,0.0,1301,1.0984176410428168,10.663934426229508,0
4400,1842,214,2755.1428571428573,7,0.0,3404,0.9340537507921789,15.906542056074766,0
4400,1952,190,3705.5,6,0.004577968526466381,3495,1.21660568690264,18.394736842105264,1
4400,1972,111,4359.5,4,0.0,1122,1.144344438707166,10.108108108108109,0
4400,2010,179,2747.3333333333335,6,0.0,2599,1.0193189109802905,14.519553072625698,0
4400,2119,78,3565.5,4,0.0,611,1.2620073052882075,7.833333333333333,0
4400,2147,279,3535.125,8,0.0007302468234263181,6847,1.10535501338006,24.54121863799283,1
4400,2170,245,3209.0,8,0.0007545746085644218,5301,1.1097764369299121,21.63673469387755,1
4400,2175,235,2987.0,6,0.0009560229445506692,4184,0.9520632802259624,17.804255319148936,1
4400,2198,120,4660.0,4,0.0,1561,1.3622294811815743,13.008333333333333,0
4400,2270,246,3063.75,8,0.0026342451874366768,4935,1.0247709528366469,20.0609756097561,1
4400,2281,330,3762.3333333333335,6,0.0,3735,0.43099535578174025,11.318181818181818,0
4400,2403,144,5115.8,5,0.0,1837,1.113253415247772,12.756944444444445,0
4400,2439,179,4403.0,5,0.0,2387,0.9361732360561575,13.335195530726256,0
4400,2521,133,3152.4,5,0.0,1488,1.05708403381573,11.18796992481203,0
4400,2576,406,3041.375,8,0.0,5064,0.3860570554436825,12.472906403940886,0
4400,2602,378,3192.875,8,0.0008526966531656363,4691,0.41256434976595613,12.41005291005291,1
4400,2729,158,3299.6666666666665,6,0.0,2079,1.0465263782748246,13.158227848101266,0
4400,2744,212,3300.0,6,0.0,3775,1.0554923698203513,17.806603773584907,0
4400,2750,270,4144.857142857143,7,0.00033068783068783067,6048,1.0425433398579462,22.4,1
4400,2754,134,3022.8333333333335,6,0.0,1548,1.0833560765776342,11.552238805970148,0
4400,2797,345,3972.3333333333335,6,0.0,4186,0.4419477201571729,12.133333333333333,0
4400,2873,304,4223.625,8,0.0005077430820005078,7878,1.071220001946866,25.914473684210527,1
4400,2907,229,2787.0,7,0.0,4422,1.05963827647635,19.310043668122272,0
4400,2953,222,4395.833333333333,6,0.0010829542993285683,4617,1.1772366919587756,20.7972972972973,1
4400,2970,93,3549.2,5,0.0,849,1.233535512959988,9.129032258064516,0
4400,3006,120,3820.0,5,0.0,1200,1.0471975511965976,10.0,0
4400,3129,384,2227.714285714286,7,0.0012660898923823592,4739,0.4038630529883363,12.341145833333334,1
4400,3137,260,2369.625,8,0.002156721782890007,5564,1.0343089659511011,21.4,1
4400,3150,103,2977.4,5,0.005197505197505198,962,1.1394899171470942,9.339805825242719,1
4400,3263,87,5238.5,4,0.0,670,1.1123620440772422,7.7011494252873565,0
4400,3309,143,2578.4,5,0.0,1780,1.0938500510322913,12.447552447552448,0
4400,3311,182,3298.8333333333335,6,0.0,1559,0.5914434183005057,8.565934065934066,0
4400,3323,122,2815.4,5,0.0,1271,1.0730890251847964,10.418032786885245,0
4400,3350,306,3335.0,7,0.0012857602057216328,3111,0.4175101347908004,10.166666666666666,1
4400,3469,174,3337.3333333333335,6,0.002088409328228333,2873,1.192468713669372,16.511494252873565,1
4400,3478,130,3197.6,5,0.0,1531,1.1384090775493427,11.776923076923078,0
4400,3532,80,4267.8,5,0.004893964110929853,613,1.2036226854065895,7.6625,1
4400,3614,195,3148.6666666666665,6,0.0,3314,1.0951992693224535,16.994871794871795,0
4400,3619,169,3798.2,5,0.0,2352,1.034841346065361,13.91715976331361,0
4400,3635,155,3580.4,5,0.0,2028,1.0607533654909636,13.083870967741936,0
4400,3663,180,3125.714285714286,7,0.0,2891,1.1212770816701347,16.06111111111111,0
4400,3792,231,3257.5,6,0.0,4319,1.0171127730630471,18.696969696969695,0
4400,3992,304,3874.0,5,0.0,3164,0.4302284953236714,10.407894736842104,0
4400,4042,260,3151.5,8,0.0,5183,0.9634837114530117,19.934615384615384,0
4400,4329,266,3192.875,8,0.0,6230,1.1064572464166662,23.42105263157895,0
4400,4352,419,4035.5714285714284,7,0.0018065034122842231,4982,0.35660345065668,11.890214797136037,1
4400,4362,45,3809.0,4,0.0,186,1.1542444119855833,4.133333333333334,0
4400,4405,184,4072.6,5,0.0033345683586513525,2699,1.0017909466019437,14.668478260869565,1
4400,4477,245,4161.0,5,0.0,1470,0.3077478517802246,6.0,0
4400,4490,264,4348.0,6,0.0021141649048625794,3311,0.5969819373298787,12.541666666666666,1
4400,4501,179,2614.0,6,0.0,2730,1.0706966629381274,15.251396648044693,0
4400,4591,105,3703.8,5,0.0,1091,1.2435292825637965,10.39047619047619,0
4400,4596,179,3173.6666666666665,6,0.0,2799,1.0977582269464539,15.636871508379889,0
4400,4663,117,3072.4,5,0.0,1251,1.1484059930282216,10.692307692307692,0
4400,4773,246,2727.8571428571427,7,0.0,4986,1.035361290951068,20.26829268292683,0
4400,4809,379,2875.1111111111113,9,0.0007209805335255948,8322,0.7280465622816399,21.95778364116095,1
4400,4843,182,3903.4,5,0.0,2609,0.9897856820692875,14.335164835164836,0
4400,4858,189,2346.6666666666665,6,0.0,2976,1.046933707016402,15.746031746031745,0
4400,4904,159,3965.0,6,0.0,2076,1.0319127168786695,13.056603773584905,0
4400,4920,169,3977.4,5,0.0,2377,1.0458409352029603,14.065088757396449,0
4500,0,149,4270.944444444444,18,0.0,384,0.2173544577232522,2.577181208053691,0
4500,45,196,2976.5,6,0.0011280315848843769,3546,1.1599424770542905,18.091836734693878,1
4500,162,273,2033.857142857143,7,0.0,3549,0.59839860068377,13.0,0
4500,165,67,3574.0,5,0.0,423,1.1841333860267163,6.313432835820896,0
4500,277,217,3956.714285714286,7,0.0005003752814610958,3997,1.0666564026756484,18.419354838709676,1
4500,308,280,2531.0,9,0.0011084718923198734,6315,1.012201918745895,22.553571428571427,1
4500,336,172,3746.0,6,0.0,2586,1.0984530289593302,15.034883720930232,0
4500,370,229,2948.8571428571427,7,0.0016591609386110452,4219,1.010993642798218,18.4235807860262,1
4500,552,158,4023.8333333333335,6,0.0,2177,1.0958575880251529,13.778481012658228,0
4500,563,244,2850.5714285714284,7,0.0,5691,1.201209607066616,23.32377049180328,0
4500,717,248,2728.285714285714,7,0.0,5192,1.0608187472319333,20.93548387096774,0
4500,775,166,4593.6,5,0.0,2221,1.0128432695054335,13.379518072289157,0
4500,903,365,2938.5,8,0.0,4536,0.42785556094376587,12.427397260273972,0
4500,969,268,3695.875,8,0.0026716957410026715,6363,1.1132743403203305,23.742537313432837,1
4500,1245,230,3082.714285714286,7,0.0002538715410002539,3939,0.9357076342147597,17.12608695652174,1
4500,1266,294,3320.0,6,0.0003136762860727729,3188,0.4634826868269823,10.843537414965986,1
4500,1304,176,2304.3333333333335,6,0.0,2809,1.1395575624914422,15.960227272727273,0
4500,1339,58,5759.666666666667,3,0.0036900369003690036,271,1.012332472203132,4.672413793103448,1
4500,1407,79,3129.8,5,0.0,567,1.1416651399361721,7.177215189873418,0
4500,1582,207,3505.8,5,0.0,1485,0.4355074882103053,7.173913043478261,0
4500,1616,240,3901.875,8,0.0017032551097653293,5284,1.1527899709422547,22.016666666666666,1
4500,1733,278,2964.0,6,0.0,2841,0.4619463137957974,10.219424460431656,0
4500,1803,146,3135.3333333333335,6,0.0,1824,1.0752983674512633,12.493150684931507,0
4500,1839,119,4016.2,5,0.0,1245,1.1048041391764118,10.46218487394958,0
4500,1842,215,2746.0,7,0.0,3451,0.9381621414852028,16.051162790697674,0
4500,1952,190,3730.5,6,0.0008505812305075135,3527,1.2277448519901606,18.563157894736843,1
4500,1972,104,4422.0,4,0.0,975,1.1327858125924735,9.375,0
4500,2010,180,2722.0,6,0.0,2621,1.016557326550475,14.561111111111112,0
4500,2119,64,3612.25,4,0.0,422,1.2946797849754812,6.59375,0
4500,2147,282,4046.5714285714284,7,0.0008576329331046312,6996,1.1055068761387352,24.80851063829787,1
4500,2170,248,3204.5,8,0.000744324525493115,5374,1.0980046124083993,21.669354838709676,1
4500,2175,231,2987.6666666666665,6,0.0014326647564469914,4188,0.9862626287538879,18.12987012987013,1
4500,2198,118,4714.0,4,0.0,1483,1.338403305163362,12.567796610169491,0
4500,2270,248,3078.375,8,0.002623083131557708,4956,1.0125997132668454,19.983870967741936,1
4500,2281,332,3788.0,6,0.0,3743,0.42673034193593395,11.274096385542169,0
4500,2403,142,5148.0,5,0.0,1787,1.1136730950138782,12.584507042253522,0
4500,2439,175,4474.8,5,0.0008499787505312367,2353,0.9655075936518247,13.445714285714285,1
4500,2521,132,3191.8,5,0.0,1440,1.038543025980097,10.909090909090908,0
4500,2576,408,3046.125,8,0.0,5102,0.38515007974373133,12.504901960784315,0
4500,2602,379,3193.25,8,0.0006321112515802782,4746,0.4152017525340859,12.522427440633246,1
4500,2729,159,3297.5,6,0.0,2065,1.026444971269004,12.9874213836478,0
4500,2744,214,3302.5,6,0.0,3840,1.0536916577679103,17.94392523364486,0
4500,2750,271,4163.0,7,0.00032997855139415937,6061,1.0370878976815532,22.365313653136532,1
4500,2754,133,3035.3333333333335,6,0.0,1537,1.091893924714232,11.556390977443609,0
4500,2797,346,4039.1666666666665,6,0.0,4209,0.44181106882820803,12.164739884393063,0
4500,2873,306,4390.0,9,0.0018754688672168042,7998,1.0733674246405727,26.137254901960784,1
4500,2907,231,2795.0,7,0.0,4460,1.0503178902202341,19.307359307359306,0
4500,2953,222,4432.833333333333,6,0.0006478082487583676,4631,1.1808063938620512,20.86036036036036,1
4500,2970,90,3592.4,5,0.0,759,1.1775154686788412,8.433333333333334,0
4500,3006,118,3840.8,5,0.0,1168,1.0541166961772128,9.898305084745763,0
4500,3129,386,2211.4285714285716,7,0.0014559068219633944,4808,0.40550826810007584,12.455958549222798,1
4500,3137,267,2967.8888888888887,9,0.0019117135905457074,5754,1.0142784513041658,21.55056179775281,1
4500,3150,98,3000.8,5,0.008083140877598153,866,1.1331192161635821,8.83673469387755,1
4500,3263,72,5358.25,4,0.0,454,1.1005270561186467,6.305555555555555,0
4500,3309,142,2559.6,5,0.0,1788,1.114296303237165,12.591549295774648,0
4500,3311,180,3327.6666666666665,6,0.0,1537,0.5961269022922855,8.53888888888889,0
4500,3323,118,2829.2,5,0.0,1225,1.1055590349461353,10.38135593220339,0
4500,3350,306,3361.0,7,0.0009683666881859264,3098,0.41576547656120205,10.124183006535947,1
4500,3469,173,3364.6666666666665,6,0.0013971358714634998,2863,1.2020955952056638,16.54913294797688,1
4500,3478,126,3213.2,5,0.0,1453,1.1500967814729073,11.531746031746032,0
4500,3532,71,4342.0,5,0.0042643923240938165,469,1.1691386268864217,6.605633802816901,1
4500,3614,195,3137.6666666666665,6,0.0,3324,1.0985040347700168,17.046153846153846,0
4500,3619,164,3837.2,5,0.0,2310,1.0792800460726386,14.085365853658537,0
4500,3635,153,3599.6,5,0.0,1980,1.0628994752629828,12.941176470588236,0
4500,3663,183,3127.5714285714284,7,0.0,2939,1.1028266963958795,16.060109289617486,0
4500,3792,232,3271.0,6,0.0,4340,1.0132663582475998,18.70689655172414,0
4500,3992,303,3899.6,5,0.0,3145,0.4304723456541254,10.37953795379538,0
4500,4042,259,3558.4285714285716,7,0.00019234468166955183,5199,0.9739354038260214,20.07335907335907,1
4500,4329,265,3209.375,8,0.0007944073721004131,6294,1.12627606474584,23.750943396226415,1
4500,4352,423,3596.0,8,0.001995609658750748,5011,0.3519277654743156,11.846335697399526,1
4500,4405,186,4102.8,5,0.0033432392273402673,2692,0.9778202593899552,14.473118279569892,1
4500,4477,238,4197.0,5,0.0,1413,0.31347153587475307,5.936974789915967,0
4500,4490,263,3806.1428571428573,7,0.0012084592145015106,3310,0.6013486783606654,12.585551330798479,1
4500,4501,180,2628.5,6,0.0,2736,1.0611601852125523,15.2,0
4500,4591,103,3730.8,5,0.0,1037,1.2283274886502462,10.067961165048544,0
4500,4596,181,3160.6666666666665,6,0.0,2851,1.0935784201195935,15.751381215469614,0
4500,4663,115,3129.0,5,0.0,1202,1.1421381836264444,10.452173913043477,0
4500,4773,251,2709.1428571428573,7,0.0,5101,1.0174609371890309,20.322709163346612,0
4500,4809,382,2630.5,10,0.00011893434823977165,8408,0.7240621427971541,22.01047120418848,1
4500,4843,181,3949.6,5,0.0,2591,0.9938483642686309,14.314917127071823,0
4500,4858,191,2325.5,6,0.0,3003,1.0344236987725282,15.722513089005236,0
4500,4904,159,4010.1666666666665,6,0.0,2060,1.0239596323555198,12.955974842767295,0
4500,4920,168,4011.4,5,0.0,2339,1.0414094694935552,13.922619047619047,0
4600,0,177,4532.588235294118,17,0.0,444,0.17809277515322777,2.5084745762711864,0
4600,45,196,2971.0,6,0.0005594405594405594,3575,1.169428752247346,18.239795918367346,1
4600,162,280,2001.142857142857,7,0.0,3593,0.5759052247116391,12.832142857142857,0
4600,165,51,3624.8,5,0.0,253,1.22233439655243,4.96078431372549,0
4600,277,218,3965.5714285714284,7,0.0007380073800738007,4065,1.074873675350771,18.646788990825687,1
4600,308,280,2761.9,10,0.0017094017094017094,6435,1.031436159482159,22.982142857142858,1
4600,336,171,3793.8333333333335,6,0.00038580246913580245,2592,1.1139165087520595,15.157894736842104,1
4600,370,229,2954.714285714286,7,0.0011798017932987258,4238,1.0155465888075013,18.50655021834061,1
4600,552,158,4057.5,6,0.0,2202,1.1084420803084,13.936708860759493,0
4600,563,244,2845.8571428571427,7,0.0,5727,1.208808191824022,23.471311475409838,0
4600,717,250,2700.0,7,0.0,5290,1.0636176087993605,21.16,0
4600,775,165,4620.8,5,0.0,2189,1.010386970609081,13.266666666666667,0
4600,903,373,2921.0,8,0.0,4730,0.42722173670420177,12.680965147453083,0
4600,969,266,3726.25,8,0.0028319697923222154,6356,1.128835033422846,23.894736842105264,1
4600,1245,238,3065.5714285714284,7,0.0009881422924901185,4048,0.8980415974670916,17.008403361344538,1
4600,1266,295,3315.1666666666665,6,0.0012449424214130097,3213,0.46395574586539523,10.891525423728813,1
4600,1304,177,2281.1666666666665,6,0.0,2861,1.1475752921472626,16.163841807909606,0
4600,1407,71,3184.8,5,0.0,446,1.1118034703440172,6.28169014084507,0
4600,1582,197,3565.4,5,0.0,1373,0.4445779807136268,6.969543147208122,0
4600,1616,240,3912.5,8,0.002061855670103093,5335,1.1639164449237185,22.229166666666668,1
4600,1733,283,2944.8333333333335,6,0.0,2899,0.4548678146939934,10.243816254416961,0
4600,1803,145,3127.1666666666665,6,0.0,1799,1.0752390361584852,12.406896551724138,0
4600,1839,116,4045.6,5,0.0,1188,1.1094566208277867,10.241379310344827,0
4600,1842,216,2737.8571428571427,7,0.0,3490,0.9399998594846003,16.15740740740741,0
4600,1952,190,4519.8,5,0.0014136273678258412,3537,1.231225841080011,18.61578947368421,1
4600,1972,97,4480.0,4,0.0,831,1.1098580062209025,8.56701030927835,0
4600,2010,183,2700.5,6,0.0,2658,0.9973846066758243,14.524590163934427,0
4600,2119,42,3682.75,4,0.0,179,1.275158922885653,4.261904761904762,0
4600,2147,288,4035.0,8,0.001119194180190263,7148,1.082952560178426,24.819444444444443,1
4600,2170,252,3194.375,8,0.0005501558774986246,5453,1.0790567359552243,21.63888888888889,1
4600,2175,228,2988.1666666666665,6,0.0009521542489883361,4201,1.0155302198930996,18.42543859649123,1
4600,2198,114,4773.75,4,0.0,1394,1.3479163309031,12.228070175438596,0
4600,2270,251,3096.75,8,0.0028028028028028026,4995,0.9963178555693413,19.900398406374503,1
4600,2281,333,3817.1666666666665,6,0.0,3745,0.42439789294497293,11.246246246246246,0
4600,2403,141,5182.2,5,0.0,1738,1.0985540027039005,12.326241134751774,0
4600,2439,173,4569.0,5,0.0017406440382941688,2298,0.9648675088308122,13.283236994219653,1
4600,2521,130,3237.8,5,0.0,1379,1.0253860992426804,10.607692307692307,0
4600,2576,414,3053.875,8,0.0,5139,0.37677996328497626,12.41304347826087,0
4600,2602,382,3195.25,8,0.0006213753106876554,4828,0.4157673674387084,12.638743455497382,1
4600,2729,160,3294.6666666666665,6,0.0,2058,1.0102183876699677,12.8625,0
4600,2744,220,3829.4285714285716,7,0.0012632642748863063,3958,1.027638324207306,17.990909090909092,1
4600,2750,270,4854.0,6,0.0009956853634251576,6026,1.038751019507934,22.31851851851852,1
4600,2754,133,3050.0,6,0.0,1519,1.0791066178535578,11.421052631578947,0
4600,2797,347,4107.833333333333,6,0.0,4231,0.44156428563773187,12.193083573487032,0
4600,2873,310,4953.75,8,0.002702038811102923,8142,1.0646762699491403,26.26451612903226,1
4600,2907,231,2804.285714285714,7,0.0,4489,1.0571473114795136,19.432900432900432,0
4600,2953,222,4473.833333333333,6,0.0006472491909385113,4635,1.1818263086915584,20.87837837837838,1
4600,2970,84,3650.6,5,0.0,644,1.1469306513105593,7.666666666666667,0
4600,3006,114,3869.4,5,0.0,1112,1.0752388521981686,9.75438596491228,0
4600,3129,393,2710.25,8,0.001425952332450601,4909,0.39940895276686267,12.491094147582697,1
4600,3137,270,3320.125,8,0.002002336058735191,5993,1.0330625389829151,22.196296296296296,1
4600,3150,93,3026.4,5,0.0066050198150594455,757,1.0998661758665618,8.13978494623656,1
4600,3263,45,5278.666666666667,3,0.005988023952095809,167,1.0363377247397443,3.7111111111111112,1
4600,3309,144,2528.0,5,0.0,1833,1.1108293468422243,12.729166666666666,0
4600,3311,180,3354.6666666666665,6,0.0,1514,0.5872063305598699,8.411111111111111,0
4600,3323,116,2848.4,5,0.0,1157,1.0805061534492837,9.974137931034482,0
4600,3350,305,3389.8571428571427,7,0.0019455252918287938,3084,0.41660507363271904,10.111475409836066,1
4600,3469,172,3399.6666666666665,6,0.001053370786516854,2848,1.2097425469745446,16.558139534883722,1
4600,3478,124,3227.4,5,0.0,1389,1.1351904775848654,11.201612903225806,0
4600,3532,58,5434.5,4,0.007194244604316547,278,1.0384812814482312,4.793103448275862,1
4600,3614,198,3113.3333333333335,6,0.0,3353,1.0747638167010076,16.934343434343436,0
4600,3619,161,3881.2,5,0.0,2264,1.0975758292854894,14.062111801242237,0
4600,3635,152,3617.4,5,0.0,1941,1.0557187224061269,12.769736842105264,0
4600,3663,185,3128.8571428571427,7,0.0,2993,1.098937830497502,16.17837837837838,0
4600,3792,240,3267.3333333333335,6,0.0009025270758122744,4432,0.9669124056048586,18.466666666666665,1
4600,3992,302,3922.0,5,0.0,3132,0.4315366953661345,10.370860927152318,0
4600,4042,259,3594.285714285714,7,0.0005749329244921426,5218,0.9774946984351182,20.146718146718147,1
4600,4329,266,3226.875,8,0.0004719949653870359,6356,1.128835033422846,23.894736842105264,1
4600,4352,428,3622.5,8,0.001984914648670107,5038,0.3456053757704904,11.771028037383177,1
4600,4405,186,4133.4,5,0.0026070763500931097,2685,0.9752776361300259,14.435483870967742,1
4600,4477,229,4233.6,5,0.0,1348,0.3230195379217819,5.88646288209607,0
4600,4490,261,3847.5714285714284,7,0.0021109770808202654,3316,0.6117068885837703,12.704980842911878,1
4600,4501,179,2624.6666666666665,6,0.0,2748,1.077756201375082,15.35195530726257,0
4600,4591,99,3761.4,5,0.0,978,1.2539445424796725,9.878787878787879,0
4600,4596,181,3147.0,6,0.0,2901,1.1127572770140093,16.027624309392266,0
4600,4663,112,3171.8,5,0.0,1151,1.153052660804162,10.276785714285714,0
4600,4773,256,2681.8571428571427,7,0.0,5255,1.0076336300423805,20.52734375,0
4600,4809,384,2641.2,10,0.00035298270384751147,8499,0.7242945953466703,22.1328125,1
4600,4843,180,3992.0,5,0.0,2573,0.9979404811958689,14.294444444444444,0
4600,4858,192,2310.0,6,0.0,3025,1.031175974078681,15.755208333333334,0
4600,4904,157,4049.3333333333335,6,0.0009852216748768472,2030,1.0349195645725637,12.929936305732484,1
4600,4920,169,4051.4,5,0.0,2301,1.012402184224658,13.615384615384615,0
4700,0,215,5103.421052631579,19,0.0,529,0.1438098443482099,2.4604651162790696,0
4700,45,198,2962.1666666666665,6,0.0002775464890369137,3603,1.1548983094463856,18.196969696969695,1
4700,162,278,2317.6666666666665,6,0.0,3578,0.5817824395499342,12.870503597122303,0
4700,277,221,3959.1428571428573,7,0.0016895969104513638,4143,1.0659583844575264,18.74660633484163,1
4700,308,278,3094.1111111111113,9,0.0016878932023937393,6517,1.0596635434731476,23.442446043165468,1
4700,336,171,3838.1666666666665,6,0.0015384615384615385,2600,1.1173545226679609,15.2046783625731,1
4700,370,231,2957.714285714286,7,0.0011737089201877935,4260,1.0032184332596854,18.441558441558442,1
4700,552,159,4066.1666666666665,6,0.0,2246,1.1164142399371346,14.125786163522013,0
4700,563,244,2845.5714285714284,7,0.0,5773,1.2185174945695965,23.65983606557377,0
4700,717,259,2925.285714285714,7,0.0,5439,1.0188949146777708,21.0,0
4700,775,164,4650.4,5,0.0,2155,1.0068608222019637,13.140243902439025,0
4700,903,377,3329.4285714285716,7,0.0,4825,0.4266035658752472,12.79840848806366,0
4700,969,266,3852.1428571428573,7,0.0026856240126382305,6330,1.1242173948342693,23.796992481203006,1
4700,1245,245,3432.1428571428573,7,0.0011964584828906438,4179,0.8748831786323529,17.057142857142857,1
4700,1266,299,3303.0,6,0.0018501387604070306,3243,0.4558421035823626,10.846153846153847,1
4700,1304,178,2262.0,6,0.0,2908,1.1533583432191792,16.337078651685392,0
4700,1407,58,3265.0,5,0.0,292,1.0907788999384298,5.0344827586206895,0
4700,1582,192,3624.2,5,0.0,1281,0.4366731976181125,6.671875,0
4700,1616,241,3941.777777777778,9,0.002232142857142857,5376,1.1631481624420192,22.307053941908713,1
4700,1733,286,2913.0,6,0.0,2973,0.45674384855603967,10.395104895104895,0
4700,1803,146,3120.0,6,0.0,1776,1.0470010419920197,12.164383561643836,0
4700,1839,113,4073.6,5,0.0,1126,1.1081316713735163,9.964601769911505,0
4700,1842,216,3190.0,6,0.0,3484,0.9383838138809019,16.12962962962963,0
4700,1952,190,4572.8,5,0.002849814762040467,3509,1.2214790716284305,18.46842105263158,1
4700,1972,87,4537.75,4,0.0,679,1.1273042207887276,7.804597701149425,0
4700,2010,189,3381.1666666666665,6,0.0,2740,0.9639107383148324,14.497354497354497,0
4700,2147,293,4105.25,8,0.0017894012388162423,7265,1.0634332667045556,24.795221843003414,1
4700,2170,259,3422.5,8,0.0008968609865470852,5575,1.0443719708270953,21.525096525096526,1
4700,2175,227,3323.285714285714,7,0.001417434443656981,4233,1.0323011665388884,18.647577092511014,1
4700,2198,111,4835.0,4,0.0,1305,1.330988852506998,11.756756756756756,0
4700,2270,249,3101.25,8,0.0023871096081161725,5027,1.0188730033125846,20.188755020080322,1
4700,2281,334,3840.6666666666665,6,0.0,3746,0.4219730388449699,11.215568862275449,0
4700,2403,140,5199.0,5,0.0,1683,1.0790409053044128,12.021428571428572,0
4700,2439,173,4677.0,5,0.000887705281846427,2253,0.9459732364646737,13.023121387283236,1
4700,2521,126,3262.4,5,0.0,1309,1.0361160956283797,10.38888888888889,0
4700,2576,406,3525.714285714286,7,0.0,5083,0.387505531757551,12.519704433497537,0
4700,2602,384,3197.375,8,0.0006163961372508733,4867,0.41477136081330085,12.674479166666666,1
4700,2729,154,3971.4,5,0.0,1968,1.0427819771065463,12.779220779220779,0
4700,2744,220,4463.833333333333,6,0.0012315270935960591,4060,1.0541211713697984,18.454545454545453,1
4700,2750,269,4897.166666666667,6,0.001831196936906942,6007,1.0431888486955065,22.33085501858736,1
4700,2754,134,3067.3333333333335,6,0.0,1506,1.0539626946549852,11.238805970149254,0
4700,2797,347,4151.333333333333,6,0.0,4252,0.4437559306385337,12.253602305475503,0
4700,2873,308,4487.777777777777,9,0.0020818025961302964,8166,1.0817273405808,26.51298701298701,1
4700,2907,232,2813.285714285714,7,0.0,4527,1.0569255308264711,19.512931034482758,0
4700,2953,223,3911.8571428571427,7,0.001288659793814433,4656,1.176557372568447,20.878923766816143,1
4700,2970,74,3686.4,5,0.0,511,1.1726470752259928,6.905405405405405,0
4700,3006,113,3911.6,5,0.0,1059,1.0421948845333515,9.371681415929203,0
4700,3129,398,3366.875,8,0.0015680125441003528,5102,0.4047474992706024,12.819095477386934,1
4700,3137,272,3317.75,8,0.0029411764705882353,6120,1.039497569202505,22.5,1
4700,3150,86,3693.75,4,0.001564945226917058,639,1.0857099543774351,7.430232558139535,1
4700,3309,156,3883.0,6,0.0,1990,1.027575506351691,12.756410256410257,0
4700,3311,176,3377.0,6,0.0,1488,0.6036531338509312,8.454545454545455,0
4700,3323,113,2864.2,5,0.0,1119,1.1012427533454392,9.902654867256636,0
4700,3350,303,2934.6666666666665,6,0.0009775171065493646,3069,0.4200698342806076,10.128712871287128,1
4700,3469,171,3451.6666666666665,6,0.0024647887323943664,2840,1.2204949401450036,16.608187134502923,1
4700,3478,120,3241.8,5,0.0,1319,1.1510446416902604,10.991666666666667,0
4700,3614,199,3087.8333333333335,6,0.0,3390,1.0757303195039922,17.035175879396984,0
4700,3619,159,3912.8,5,0.0,2234,1.1104494265447724,14.050314465408805,0
4700,3635,150,3620.6,5,0.0,1903,1.062835701294467,12.686666666666667,0
4700,3663,187,3133.714285714286,7,0.0,3038,1.0917279283486279,16.245989304812834,0
4700,3792,243,3944.6,5,0.001121830827911151,4457,0.9485057126826674,18.34156378600823,1
4700,3992,301,3952.8,5,0.0,3109,0.43121870884474417,10.32890365448505,0
4700,4042,259,3598.8571428571427,7,0.0009532888465204957,5245,0.98255264340594,20.25096525096525,1
4700,4329,269,3244.25,8,0.0009363295880149813,6408,1.112827391783054,23.821561338289964,1
4700,4352,434,3654.375,8,0.0017772511848341231,5064,0.3378501390511311,11.668202764976959,1
4700,4405,187,4154.2,5,0.0029928918817807705,2673,0.9605624596694805,14.294117647058824,1
4700,4477,221,4273.8,5,0.0,1285,0.33061948443831074,5.8144796380090495,0
4700,4490,260,3888.1428571428573,7,0.0012091898428053204,3308,0.6149342306553275,12.723076923076922,1
4700,4501,180,2614.3333333333335,6,0.0,2754,1.0681415022205296,15.3,0
4700,4591,97,3790.0,5,0.0,912,1.2180391115204128,9.402061855670103,0
4700,4596,183,3132.6666666666665,6,0.0,2942,1.1039524126562361,16.07650273224044,0
4700,4663,110,3197.6,5,0.0,1094,1.136166070422226,9.945454545454545,0
4700,4773,262,3356.1428571428573,7,0.0001808972503617945,5528,1.011987890510132,21.099236641221374,1
4700,4809,386,2653.7,10,0.0003495281370150297,8583,0.7238929835904641,22.235751295336787,1
4700,4843,180,4044.6,5,0.0,2557,0.9917348660776668,14.205555555555556,0
4700,4858,196,2285.8333333333335,6,0.0,3068,1.0035824928377224,15.653061224489797,0
4700,4904,156,4080.8333333333335,6,0.0025012506253126563,1999,1.0322228327623268,12.814102564102564,1
4700,4920,169,4085.2,5,0.00175054704595186,2285,1.0053624471765943,13.520710059171599,1
4800,0,257,4916.178571428572,28,0.0,611,0.11624782275845894,2.377431906614786,0
4800,45,198,2621.0,7,0.0011010184420589045,3633,1.1645144485758308,18.348484848484848,1
4800,162,282,3248.8333333333335,6,0.0,3616,0.5713997804627882,12.822695035460994,0
4800,277,222,3714.285714285714,7,0.0014211274277593558,4222,1.076520102544932,19.01801801801802,1
4800,308,279,3128.5555555555557,9,0.0012189547463050433,6563,1.0595070765026047,23.523297491039425,1
4800,336,170,3841.8333333333335,6,0.0007748934521503294,2581,1.1222769050401737,15.18235294117647,1
4800,370,230,2963.714285714286,7,0.0025658968975973873,4287,1.0183748737950429,18.639130434782608,1
4800,552,159,4067.8333333333335,6,0.0,2286,1.136296951245009,14.377358490566039,0
4800,563,244,2834.0,7,0.0,5802,1.2246385767352848,23.778688524590162,0
4800,717,261,2913.0,7,0.000181422351233672,5512,1.016805901650706,21.118773946360154,1
4800,775,164,4678.8,5,0.0,2132,0.9961147438211538,13.0,0
4800,903,379,3323.0,7,0.0,4884,0.4272746227089076,12.886543535620053,0
4800,969,266,3891.5714285714284,7,0.003169572107765452,6310,1.1206653651507488,23.721804511278197,1
4800,1245,248,3077.375,8,0.000945179584120983,4232,0.8646735243231012,17.06451612903226,1
4800,1266,300,2897.714285714286,7,0.0012172854534388314,3286,0.4588121537642693,10.953333333333333,1
4800,1304,186,2801.8571428571427,7,0.0,3031,1.1009558715493886,16.295698924731184,0
4800,1582,184,3637.2,5,0.0,1190,0.4416936741223835,6.467391304347826,0
4800,1616,242,3939.222222222222,9,0.002214022140221402,5420,1.1629965290934143,22.39669421487603,1
4800,1733,294,3822.5,6,0.0,3094,0.449816635207868,10.523809523809524,0
4800,1803,146,3114.3333333333335,6,0.0,1753,1.033441906876132,12.006849315068493,0
4800,1839,110,4092.0,5,0.0,1062,1.1029326935908628,9.654545454545454,0
4800,1842,214,3209.0,6,0.0,3455,0.9480480931219089,16.14485981308411,0
4800,1952,190,4636.8,5,0.0020138089758342925,3476,1.209991807631925,18.294736842105262,1
4800,1972,75,4588.25,4,0.0,510,1.1393509357018983,6.8,0
4800,2010,185,4058.6,5,0.0,2706,0.9935602303128098,14.627027027027028,0
4800,2147,295,4121.75,8,0.0024596884394643345,7318,1.0567158880308005,24.80677966101695,1
4800,2170,258,3119.777777777778,9,0.001417434443656981,5644,1.0655098213365057,21.875968992248062,1
4800,2175,225,3323.285714285714,7,0.0014021967749474175,4279,1.0621530836314648,19.017777777777777,1
4800,2198,107,4876.5,4,0.0,1219,1.3379688862698778,11.392523364485982,0
4800,2270,254,3104.375,8,0.002567647639739285,5063,0.9861667558512692,19.933070866141733,1
4800,2281,336,3857.0,6,0.0,3756,0.4180775937812948,11.178571428571429,0
4800,2403,138,5215.4,5,0.0,1631,1.0762313837439512,11.818840579710145,0
4800,2439,169,4024.8,5,0.001817355747387551,2201,0.9684038276742599,13.023668639053254,1
4800,2521,119,4044.25,4,0.0,1192,1.057772316384163,10.016806722689076,0
4800,2576,404,3566.714285714286,7,0.0009873617693522906,5064,0.38988886378244075,12.534653465346535,1
4800,2602,386,3199.5,8,0.0010164667615368977,4919,0.41487004384032306,12.743523316062177,1
4800,2729,152,3996.8,5,0.0,1881,1.0230844496887814,12.375,0
4800,2744,221,4474.0,6,0.0014652014652014652,4095,1.0536083959337608,18.529411764705884,1
4800,2750,269,4304.714285714285,7,0.0025025025025025025,5994,1.0409312400667332,22.28252788104089,1
4800,2754,129,3691.6,5,0.0,1440,1.0874090309883546,11.162790697674419,0
4800,2797,348,4180.166666666667,6,0.0,4280,0.444114696702481,12.298850574712644,0
4800,2873,309,4521.555555555556,9,0.0013422818791946308,8195,1.0785539236567843,26.521035598705502,1
4800,2907,234,2817.0,7,0.0,4564,1.047427048797123,19.504273504273506,0
4800,2953,223,3912.285714285714,7,0.0004286326618088298,4666,1.1790843428703552,20.923766816143498,1
4800,2970,54,4376.0,4,0.0,299,1.2885270280155667,5.537037037037037,0
4800,3006,109,3926.8,5,0.0,1015,1.073551567509011,9.311926605504587,0
4800,3129,396,3402.375,8,0.0017537022603273578,5132,0.41125021676927914,12.95959595959596,1
4800,3137,279,3270.5555555555557,9,0.0023824650571791614,6296,1.0164035583818982,22.566308243727597,1
4800,3150,75,3721.0,4,0.0,494,1.1036065926210543,6.586666666666667,0
4800,3309,158,3884.8333333333335,6,0.0,2056,1.0349486453742371,13.012658227848101,0
4800,3311,173,3396.1666666666665,6,0.0,1463,0.6142737882591289,8.45664739884393,0
4800,3323,109,2896.4,5,0.0,1058,1.1190320772655504,9.706422018348624,0
4800,3350,303,2962.5,6,0.0016350555918901242,3058,0.4185642076344406,10.092409240924093,1
4800,3469,171,3469.5,6,0.00211864406779661,2832,1.2170569262291022,16.56140350877193,1
4800,3478,117,3258.6,5,0.0,1256,1.152995945038726,10.735042735042734,0
4800,3614,201,3059.3333333333335,6,0.0,3432,1.0674929815717602,17.074626865671643,0
4800,3619,159,3964.8,5,0.0,2199,1.0930520541503825,13.830188679245284,0
4800,3635,147,3621.8,5,0.0,1864,1.0839795837459159,12.680272108843537,0
4800,3663,189,3147.5714285714284,7,0.0,3090,1.0870380224061433,16.349206349206348,0
4800,3792,241,3404.8333333333335,6,0.0020247469066366703,4445,0.961717556185784,18.443983402489625,1
4800,3992,299,3975.4,5,0.0,3092,0.43461726311337184,10.341137123745819,0
4800,4042,261,3610.285714285714,7,0.0007572889057175312,5282,0.9743774986427848,20.237547892720308,1
4800,4329,269,2954.0,9,0.0007743534148985597,6457,1.1213368396915075,24.00371747211896,1
4800,4352,441,3735.285714285714,7,0.002160675702219603,5091,0.32895446237782894,11.54421768707483,1
4800,4405,186,4176.0,5,0.003756574004507889,2662,0.9669233025616867,14.311827956989248,1
4800,4477,211,4315.4,5,0.0,1215,0.3429424383200376,5.758293838862559,0
4800,4490,258,3724.5,6,0.003629764065335753,3306,0.624127475077691,12.813953488372093,1
4800,4501,183,2594.6666666666665,6,0.0,2757,1.0345332432675876,15.065573770491802,0
4800,4591,93,3822.2,5,0.0,844,1.226270875074476,9.075268817204302,0
4800,4596,185,3119.1666666666665,6,0.0,2985,1.0960004757885211,16.135135135135137,0
4800,4663,108,3213.8,5,0.0,1040,1.1204582852309275,9.62962962962963,0
4800,4773,268,3727.0,8,0.0005173305742369374,5799,1.0145965581514373,21.638059701492537,1
4800,4809,393,2671.5,10,0.00046157396722824835,8666,0.705088202215855,22.05089058524173,1
4800,4843,184,4047.4,5,0.0015509887553315238,2579,0.9572504080349806,14.016304347826088,1
4800,4858,198,2263.8333333333335,6,0.0,3114,0.9981552416364264,15.727272727272727,0
4800,4904,156,4089.5,6,0.003080082135523614,1948,1.0058879831020573,12.487179487179487,1
4800,4920,168,4106.0,5,0.0,2263,1.0075714533834612,13.470238095238095,0
4900,0,324,4994.066666666667,30,0.0,751,0.08990001839833617,2.317901234567901,0
4900,45,200,2638.4285714285716,7,0.0010934937124111536,3658,1.1491945926831464,18.29,1
4900,162,282,3271.5,6,0.0,3603,0.5693455224024961,12.77659574468085,0
4900,277,224,3719.5714285714284,7,0.0011582117211026176,4317,1.081174703886092,19.272321428571427,1
4900,308,280,2907.625,8,0.0019610801025795746,6629,1.0625315153391193,23.675,1
4900,336,170,3844.1666666666665,6,0.0015558148580318942,2571,1.117928679914098,15.123529411764705,1
4900,370,230,2978.1428571428573,7,0.001160092807424594,4310,1.0238385131925904,18.73913043478261,1
4900,552,162,4066.1666666666665,6,0.0,2354,1.1271618818092324,14.530864197530864,0
4900,563,245,2817.4285714285716,7,0.0,5855,1.2257576001178336,23.897959183673468,0
4900,717,262,2890.714285714286,7,0.0003577177606868181,5591,1.0235210375980732,21.33969465648855,1
4900,775,163,4712.0,5,0.0,2106,0.9960772522052173,12.920245398773005,0
4900,903,383,3318.1428571428573,7,0.0,4954,0.42439310393782315,12.934725848563968,0
4900,969,265,3941.4285714285716,7,0.00397456279809221,6290,1.1255602871387569,23.735849056603772,1
4900,1245,249,3080.75,8,0.0009383063570255688,4263,0.8640253855423808,17.120481927710845,1
4900,1266,302,2885.0,7,0.0015064778547755348,3319,0.45730213662841646,10.990066225165563,1
4900,1304,194,3246.5,6,0.0,3186,1.0637808687785184,16.422680412371133,0
4900,1582,177,3656.8,5,0.0,1110,0.4452319378830694,6.271186440677966,0
4900,1616,243,3945.0,9,0.0023757309941520467,5472,1.16451049131693,22.51851851851852,1
4900,1733,298,3824.5,6,0.0,3170,0.4485765826710348,10.63758389261745,0
4900,1803,147,3106.3333333333335,6,0.0,1722,1.0014017399197785,11.714285714285714,0
4900,1839,106,4115.2,5,0.0,994,1.1116920960015146,9.377358490566039,0
4900,1842,213,3219.0,6,0.0,3445,0.9542010352105479,16.173708920187792,0
4900,1952,191,4722.6,5,0.0017366136034732273,3455,1.1901211719144469,18.089005235602095,1
4900,1972,59,4653.25,4,0.0,300,1.0829966056615201,5.084745762711864,0
4900,2010,181,4086.4,5,0.0,2634,1.0103421811978286,14.552486187845304,0
4900,2147,294,4149.625,8,0.0019047619047619048,7350,1.0685689297924466,25.0,1
4900,2170,259,3144.4444444444443,9,0.0012293642430628731,5694,1.0666643949577546,21.984555984555985,1
4900,2175,225,3326.285714285714,7,0.002304147465437788,4340,1.0772947845198777,19.288888888888888,1
4900,2198,102,4908.75,4,0.0,1119,1.3515733100219063,10.970588235294118,0
4900,2270,260,3555.0,7,0.0025505199136747108,5097,0.9474969086004246,19.603846153846153,1
4900,2281,336,3873.0,6,0.0,3768,0.41941330494353535,11.214285714285714,0
4900,2403,135,5235.4,5,0.0,1573,1.084603620103538,11.651851851851852,0
4900,2439,167,4084.2,5,0.0013895321908290875,2159,0.9728134445982809,12.928143712574851,1
4900,2521,111,4161.75,4,0.0,1048,1.0688707413236274,9.441441441441441,0
4900,2576,403,3582.0,7,0.0009938382031405286,5031,0.38927282700368204,12.483870967741936,1
4900,2602,388,3212.625,8,0.0008051529790660225,4968,0.4146942369814564,12.804123711340207,1
4900,2729,147,4025.0,5,0.0,1805,1.0496690711702672,12.27891156462585,0
4900,2744,220,4483.166666666667,6,0.0007260406582768635,4132,1.07281494583744,18.78181818181818,1
4900,2750,269,4345.142857142857,7,0.0021713713044930684,5987,1.03971560465124,22.256505576208177,1
4900,2754,121,3727.0,5,0.0,1322,1.1346726283848663,10.925619834710744,0
4900,2797,348,4212.0,6,0.0,4305,0.44670882460378053,12.370689655172415,0
4900,2873,309,4565.333333333333,9,0.002187917831530327,8227,1.082765482602119,26.624595469255663,1
4900,2907,235,2829.4285714285716,7,0.0,4596,1.0458132973036625,19.557446808510637,0
4900,2953,223,3922.8571428571427,7,0.000855431993156544,4676,1.1816113131722634,20.968609865470853,1
4900,3006,106,3946.0,5,0.0,956,1.0691928005809335,9.018867924528301,0
4900,3129,401,2975.714285714286,7,0.0023215322112594312,5169,0.40395003579345007,12.890274314214464,1
4900,3137,286,3623.777777777778,9,0.0016894486254031638,6511,1.0002890003189957,22.765734265734267,1
4900,3150,61,3756.0,4,0.006389776357827476,313,1.0570475684747167,5.131147540983607,1
4900,3309,159,3891.0,6,0.0,2104,1.0458306147941814,13.232704402515724,0
4900,3311,170,3402.3333333333335,6,0.0,1437,0.624839950617098,8.452941176470588,0
4900,3323,106,2936.6,5,0.0,999,1.1172841085568541,9.424528301886792,0
4900,3350,303,2994.0,6,0.0022965879265091863,3048,0.41719545613792497,10.05940594059406,1
4900,3469,171,3505.3333333333335,6,0.0007109847138286527,2813,1.2088916431788364,16.450292397660817,1
4900,3478,115,3277.6,5,0.0,1188,1.1288354094411113,10.330434782608696,0
4900,3614,204,3024.3333333333335,6,0.0,3490,1.0538406729169914,17.107843137254903,0
4900,3619,155,3999.8,5,0.0,2154,1.1266581603883312,13.896774193548387,0
4900,3635,146,3621.2,5,0.0,1824,1.0752983674512633,12.493150684931507,0
4900,3663,190,3167.1428571428573,7,0.0,3142,1.0937267720309285,16.53684210526316,0
4900,3792,240,3437.6666666666665,6,0.0018034265103697023,4436,0.9677850702308557,18.483333333333334,1
4900,3992,299,3995.2,5,0.0,3069,0.43138434039292967,10.264214046822742,0
4900,4042,263,3267.375,8,0.0013175230566534915,5313,0.9652463831209108,20.20152091254753,1
4900,4329,271,2971.4444444444443,9,0.0009227929867733005,6502,1.1125466937346078,23.99261992619926,1
4900,4352,444,3769.714285714286,7,0.0027269185820023374,5134,0.32726517091814783,11.563063063063064,1
4900,4405,185,4213.0,5,0.0022624434389140274,2652,0.9737330860271884,14.335135135135134,1
4900,4477,199,4339.6,5,0.0,1144,0.36301931726034425,5.748743718592965,0
4900,4490,259,3765.5,6,0.0012088244182532487,3309,0.6198792558684948,12.776061776061775,1
4900,4501,182,2575.6666666666665,6,0.0,2777,1.0535204442722927,15.258241758241759,0
4900,4591,88,3860.4,5,0.0,762,1.2365152903075527,8.659090909090908,0
4900,4596,186,3100.6666666666665,6,0.0,3036,1.102772031020767,16.322580645161292,0
4900,4663,103,3235.4,5,0.0,982,1.1631799362146016,9.533980582524272,0
4900,4773,274,3385.3333333333335,9,0.0005024284039524368,5971,0.9994378887838805,21.791970802919707,1
4900,4809,392,2690.7,10,0.0003427396321261282,8753,0.7158048859035678,22.32908163265306,1
4900,4843,186,4052.2,5,0.003484320557491289,2583,0.9382279829139133,13.887096774193548,1
4900,4858,205,3314.3333333333335,6,0.0,3183,0.9517848343963176,15.526829268292683,0
4900,4904,154,4096.0,6,0.00105318588730911,1899,1.0062210236409204,12.331168831168831,1
4900,4920,167,4121.0,5,0.0,2235,1.007057919720777,13.383233532934131,0
5000,0,385,4772.606060606061,33,0.0,926,0.07850537486184242,2.4051948051948053,0
5000,45,199,2660.8571428571427,7,0.0005420054200542005,3690,1.1709276929114252,18.542713567839197,1
5000,162,282,3289.8333333333335,6,0.0,3600,0.568871462850121,12.76595744680851,0
5000,277,229,4071.714285714286,7,0.0006687472135532769,4486,1.0749745156655146,19.58951965065502,1
5000,308,280,3365.714285714286,7,0.001796138302649304,6681,1.0708663529915003,23.860714285714284,1
5000,336,169,3689.1666666666665,6,0.001564945226917058,2556,1.124597993428173,15.124260355029586,1
5000,370,231,2984.4285714285716,7,0.0032325098129762178,4331,1.0199387404806801,18.748917748917748,1
5000,552,167,4775.666666666667,6,0.0,2514,1.1327711902362567,15.053892215568862,0
5000,563,247,2798.5714285714284,7,0.0,5896,1.2144326434175563,23.870445344129553,0
5000,717,264,2872.714285714286,7,0.0007062146892655367,5664,1.0212339755470954,21.454545454545453,1
5000,775,161,4749.4,5,0.0,2077,1.0069191684743644,12.900621118012422,0
5000,903,388,3303.8571428571427,7,0.0,5029,0.41978609456114013,12.961340206185566,0
5000,969,266,4001.714285714286,7,0.003987240829346092,6270,1.1135613057837077,23.571428571428573,1
5000,1245,248,2599.285714285714,7,0.0016309412861137,4292,0.8769326007549032,17.306451612903224,1
5000,1266,306,2881.4285714285716,7,0.0020870602265951103,3354,0.4501218232363692,10.96078431372549,1
5000,1304,196,3256.5,6,0.0,3231,1.0569019016814474,16.48469387755102,0
5000,1582,168,3676.0,5,0.0,1011,0.4501346616750681,6.017857142857143,0
5000,1616,248,3913.1428571428573,7,0.0030680382602418337,5541,1.1321257084769147,22.342741935483872,1
5000,1733,303,3826.0,6,0.0,3245,0.4441598606192804,10.709570957095709,0
5000,1803,139,3728.2,5,0.0,1629,1.059500943573888,11.719424460431656,0
5000,1839,103,4154.8,5,0.0,919,1.0885563761519539,8.922330097087379,0
5000,1842,212,3227.1666666666665,6,0.0,3433,0.959868955124044,16.193396226415093,0
5000,1952,189,4801.6,5,0.0034944670937682005,3434,1.2080545530558886,18.16931216931217,1
5000,2010,179,4108.0,5,0.0,2568,1.0071608170055353,14.346368715083798,0
5000,2147,293,4183.625,8,0.003527336860670194,7371,1.0789492923440163,25.156996587030715,1
5000,2170,258,3170.3333333333335,9,0.0017367141368530739,5758,1.0870314584081502,22.31782945736434,1
5000,2175,227,3825.8571428571427,7,0.00177896375361352,4497,1.0966828126447863,19.81057268722467,1
5000,2198,97,4947.75,4,0.0,1018,1.3596094468506363,10.494845360824742,0
5000,2270,255,3593.0,7,0.002772277227722772,5050,0.9759349727414659,19.80392156862745,1
5000,2281,338,3899.3333333333335,6,0.0,3771,0.41479450637887716,11.15680473372781,0
5000,2403,134,5243.4,5,0.0,1508,1.0553623795084446,11.253731343283581,0
5000,2439,166,4145.2,5,0.001430615164520744,2097,0.956295513801393,12.632530120481928,1
5000,2521,103,4253.75,4,0.0,912,1.0802648694783263,8.854368932038835,0
5000,2576,401,3594.285714285714,7,0.0013958125623130609,5015,0.3919151537055817,12.506234413965087,1
5000,2602,390,3240.0,8,0.0007968127490039841,5020,0.41474806366918504,12.871794871794872,1
5000,2729,145,4049.2,5,0.0,1739,1.0393778120509203,11.993103448275862,0
5000,2744,222,4491.333333333333,6,0.0012010569300984868,4163,1.0614763588096996,18.75225225225225,1
5000,2750,269,4400.142857142857,7,0.0018351685018351686,5994,1.0409312400667332,22.28252788104089,1
5000,2754,116,3756.6,5,0.0,1222,1.141208746339693,10.53448275862069,0
5000,2797,349,4244.333333333333,6,0.0,4332,0.4469381819640556,12.412607449856733,0
5000,2873,309,4482.125,8,0.003269952767348916,8257,1.08671381911337,26.72168284789644,1
5000,2907,236,2835.4285714285716,7,0.0,4633,1.045317348756213,19.63135593220339,0
5000,2953,222,3937.0,7,0.0008543357539513029,4682,1.193810307938269,21.09009009009009,1
5000,3006,101,3961.0,5,0.0,890,1.0963699487089171,8.811881188118813,0
5000,3129,404,2998.1428571428573,7,0.0034462952326249283,5223,0.40213063497940127,12.928217821782178,1
5000,3137,288,3649.6666666666665,9,0.002561398222088293,6637,1.005533875476247,23.04513888888889,1
5000,3309,160,3896.6666666666665,6,0.0014005602240896359,2142,1.0514517912483339,13.3875,1
5000,3311,165,3408.3333333333335,6,0.0,1413,0.6522050203155009,8.563636363636364,0
5000,3323,102,2951.8,5,0.0,938,1.1329542134053154,9.196078431372548,0
5000,3350,302,3031.6666666666665,6,0.0009891196834817012,3033,0.417896167639044,10.043046357615895,1
5000,3469,170,3541.0,6,0.0010714285714285715,2800,1.2175030353012346,16.470588235294116,1
5000,3478,111,3270.4,5,0.0,1122,1.144344438707166,10.108108108108109,0
5000,3614,208,3711.6666666666665,6,0.0,3624,1.052619432009006,17.423076923076923,0
5000,3619,152,4036.6,5,0.0,2117,1.151445922377007,13.927631578947368,0
5000,3635,145,3620.6,5,0.0,1782,1.0650783559946753,12.289655172413793,0
5000,3663,193,3166.4285714285716,7,0.0,3201,1.0798934826858093,16.585492227979273,0
5000,3792,239,3486.8333333333335,6,0.0015740948954351248,4447,0.9783205847596372,18.606694560669457,1
5000,3992,297,4002.8,5,0.0,3059,0.43578917921441923,10.2996632996633,0
5000,4042,261,3772.1428571428573,7,0.0005655042412818096,5305,0.978620338943577,20.325670498084293,1
5000,4329,269,2839.0,8,0.0004578754578754579,6552,1.1378347489017744,24.356877323420075,1
5000,4352,450,3814.285714285714,7,0.0027100271002710027,5166,0.32058207700631847,11.48,1
5000,4405,185,4244.2,5,0.003400075557234605,2647,0.9718972393340753,14.308108108108108,1
5000,4477,187,4367.0,5,0.0,1065,0.38271568258436095,5.695187165775401,0
5000,4490,257,3813.0,6,0.0018165304268846503,3303,0.6284231727842715,12.852140077821012,1
5000,4501,183,2555.5,6,0.0,2772,1.0401618245693698,15.147540983606557,0
5000,4591,84,3893.2,5,0.0,676,1.2039209942328233,8.047619047619047,0
5000,4596,188,3084.5,6,0.0,3077,1.0940109319936389,16.367021276595743,0
5000,4663,101,3254.4,5,0.0,922,1.1357899918085637,9.128712871287128,0
5000,4773,273,3397.4444444444443,9,0.000655307994757536,6104,1.0291983822411195,22.358974358974358,1
5000,4809,398,2710.8,10,0.0005650994575045208,8848,0.7019219665908055,22.231155778894472,1
5000,4843,185,4064.0,5,0.003883495145631068,2575,0.9454610469532467,13.91891891891892,1
5000,4858,207,3319.5,6,0.0,3218,0.9437461933069107,15.545893719806763,0
5000,4904,153,3826.1666666666665,6,0.004833512352309345,1862,0.9995549610806433,12.169934640522875,1
5000,4920,166,3600.8333333333335,6,0.001358695652173913,2208,1.006914875762268,13.301204819277109,1
5100,0,448,4744.864864864865,37,0.0,1103,0.06906044118521887,2.4620535714285716,0
5100,45,200,2667.714285714286,7,0.0008049369466058492,3727,1.1708715819929159,18.635,1
5100,162,281,3309.1666666666665,6,0.0,3595,0.5721318417778553,12.793594306049823,0
5100,277,230,4096.714285714285,7,0.0013169446883230904,4556,1.0822756997924459,19.808695652173913,1
5100,308,277,3423.5714285714284,7,0.001353994283135249,6647,1.0886192374935868,23.99638989169675,1
5100,336,168,3726.8333333333335,6,0.001183431952662722,2535,1.1286759320932718,15.089285714285714,1
5100,370,231,2994.4285714285716,7,0.0025188916876574307,4367,1.028416642733579,18.904761904761905,1
5100,552,167,4779.0,6,0.0,2563,1.154849864986287,15.347305389221557,0
5100,563,246,2778.8571428571427,7,0.0,5943,1.2340858708628555,24.158536585365855,0
5100,717,265,2629.25,8,0.0017385257301808068,5752,1.02928819898603,21.70566037735849,1
5100,775,161,4767.0,5,0.0,2037,0.9875273693703805,12.652173913043478,0
5100,903,391,3294.8571428571427,7,0.0,5100,0.4192050688655345,13.043478260869565,0
5100,969,264,3872.8333333333335,6,0.003676470588235294,6256,1.1279731198839387,23.696969696969695,1
5100,1245,250,2604.285714285714,7,0.000925925925925926,4320,0.868587536864506,17.28,1
5100,1266,307,2871.5714285714284,7,0.0005880623346074683,3401,0.45346079490960695,11.078175895765472,1
5100,1304,196,3261.3333333333335,6,0.0,3282,1.0735846615037172,16.744897959183675,0
5100,1582,161,3696.4,5,0.0,926,0.44892014925722745,5.751552795031056,0
5100,1616,247,3944.5714285714284,7,0.003078037298569618,5523,1.1376037126179042,22.360323886639677,1
5100,1733,305,3825.3333333333335,6,0.0,3318,0.4482151862235284,10.878688524590164,0
5100,1803,135,3752.4,5,0.0,1524,1.050817493348882,11.28888888888889,0
5100,1839,97,4177.0,5,0.0,835,1.1152002830258165,8.608247422680412,0
5100,1842,211,3230.3333333333335,6,0.0,3440,0.9709645990295714,16.303317535545023,0
5100,1952,189,4857.0,5,0.0020539906103286387,3408,1.1989079548091055,18.03174603174603,1
5100,2010,176,4126.6,5,0.0,2517,1.0210987485905876,14.301136363636363,0
5100,2147,294,4215.0,8,0.0027019724398811133,7402,1.0761288732413183,25.17687074829932,1
5100,2170,260,3199.222222222222,9,0.001722356183258698,5806,1.0792950856060557,22.33076923076923,1
5100,2175,224,3843.4285714285716,7,0.0013195513525401364,4547,1.138777247757716,20.299107142857142,1
5100,2198,92,4987.25,4,0.0,909,1.3495783185789803,9.880434782608695,0
5100,2270,255,3193.3333333333335,6,0.0023828435266084196,5036,0.9732294104407965,19.749019607843138,1
5100,2281,339,3905.5,6,0.0,3773,0.4125696463481623,11.129793510324484,0
5100,2403,131,5247.0,5,0.0,1446,1.0588527421690674,11.038167938931299,0
5100,2439,163,4186.4,5,0.000974184120798831,2053,0.9710097809958742,12.595092024539877,1
5100,2521,94,4316.0,4,0.0,773,1.0993441019578587,8.22340425531915,0
5100,2576,398,3395.8571428571427,7,0.0022044088176352704,4990,0.39586241108590864,12.537688442211055,1
5100,2602,392,3257.875,8,0.0015800908552241755,5063,0.41404320088309876,12.915816326530612,1
5100,2729,143,4075.8,5,0.0,1670,1.0262525759684982,11.678321678321678,0
5100,2744,222,4015.285714285714,7,0.0014323227500596801,4189,1.068105805201497,18.86936936936937,1
5100,2750,270,4427.285714285715,7,0.0014995001666111296,6002,1.0346139427624659,22.22962962962963,1
5100,2754,112,3783.8,5,0.0035746201966041107,1119,1.1209955929103885,9.991071428571429,1
5100,2797,350,4274.833333333333,6,0.0,4360,0.44726021125392645,12.457142857142857,0
5100,2873,310,4510.875,8,0.002053884257581249,8277,1.0823293400109353,26.7,1
5100,2907,237,2816.5714285714284,7,0.0,4671,1.0450162392008349,19.70886075949367,0
5100,2953,223,3950.8571428571427,7,0.0008512449457331347,4699,1.1874233448666522,21.071748878923767,1
5100,3006,97,3983.0,5,0.0,819,1.0938311758061603,8.443298969072165,0
5100,3129,403,3020.5714285714284,7,0.0026621030614185207,5259,0.40691429083926933,13.049627791563275,1
5100,3137,290,3663.8888888888887,9,0.0025192649673977476,6748,1.0082980844910308,23.26896551724138,1
5100,3309,161,3905.0,6,0.0009216589861751152,2170,1.0520051013911271,13.478260869565217,1
5100,3311,165,3416.0,6,0.0,1385,0.6392809293255264,8.393939393939394,0
5100,3323,98,2972.8,5,0.0,863,1.1291938609112835,8.806122448979592,0
5100,3350,301,3069.1666666666665,6,0.001989389920424403,3016,0.4183195966149078,10.019933554817277,1
5100,3469,170,3567.1666666666665,6,0.002149767108563239,2791,1.2135896326877664,16.41764705882353,1
5100,3478,108,3269.2,5,0.0,1054,1.135541377532113,9.75925925925926,0
5100,3614,207,3693.0,6,0.0,3662,1.0739585332162545,17.690821256038646,0
5100,3619,149,4070.0,5,0.0,2087,1.1812988366365296,14.006711409395972,0
5100,3635,144,3622.0,5,0.0,1751,1.061135944528497,12.159722222222221,0
5100,3663,194,3161.8571428571427,7,0.0,3259,1.0881550067009391,16.798969072164947,0
5100,3792,238,3526.6666666666665,6,0.000901510029299076,4437,0.9843405553264538,18.642857142857142,1
5100,3992,297,4004.4,5,0.0,3053,0.4349344112918019,10.27946127946128,0
5100,4042,258,3818.5714285714284,7,0.0005682894487592347,5279,0.9966028254492229,20.46124031007752,1
5100,4329,270,2852.875,8,0.000605052185751021,6611,1.1395922651787171,24.485185185185184,1
5100,4352,456,3859.0,7,0.0030816640986132513,5192,0.3137724887934404,11.385964912280702,1
5100,4405,184,4265.2,5,0.004555808656036446,2634,0.9776648215448388,14.315217391304348,1
5100,4477,172,4394.2,5,0.0,982,0.41712330798068914,5.709302325581396,0
5100,4490,255,3859.1666666666665,6,0.002118003025718608,3305,0.6387059574080287,12.96078431372549,1
5100,4501,184,2534.3333333333335,6,0.0,2797,1.0381657197649636,15.201086956521738,0
5100,4591,77,3923.8,5,0.0,578,1.2250568755438693,7.5064935064935066,0
5100,4596,188,3068.6666666666665,6,0.0,3111,1.106099450579204,16.54787234042553,0
5100,4663,95,3275.8,5,0.0,855,1.1904982687287637,9.0,0
5100,4773,276,3400.1111111111113,9,0.001445086705202312,6228,1.0274017562779474,22.565217391304348,1
5100,4809,400,2729.5,10,0.0002236886254333967,8941,0.7022244978936585,22.3525,1
5100,4843,185,3292.8,5,0.003500583430571762,2571,0.9439923695987562,13.897297297297298,1
5100,4858,208,3326.1666666666665,6,0.0,3254,0.9451500087630536,15.64423076923077,0
5100,4904,152,3866.1666666666665,6,0.003856749311294766,1815,0.9871867496997013,11.94078947368421,1
5100,4920,165,3644.0,6,0.0022967386311437757,2177,1.0048480744705204,13.193939393939393,1
5200,0,497,4762.324324324324,37,0.0,1315,0.06689949498958464,2.6458752515090542,0
5200,45,200,2684.5714285714284,7,0.000531632110579479,3762,1.1818671562804803,18.81,1
5200,162,281,3329.1666666666665,6,0.0,3597,0.5724501348748109,12.800711743772242,0
5200,277,230,4131.571428571428,7,0.0006513243595310464,4606,1.094153176743636,20.026086956521738,1
5200,308,276,3482.1428571428573,7,0.0015060240963855422,6640,1.09536731883198,24.057971014492754,1
5200,336,166,3766.5,6,0.001583531274742676,2526,1.1519325073258553,15.216867469879517,1
5200,370,233,3013.714285714286,7,0.0018223234624145787,4390,1.0161610454610837,18.841201716738198,1
5200,552,168,4782.5,6,0.0,2600,1.1576163406084838,15.476190476190476,0
5200,563,247,2756.4285714285716,7,0.0,5994,1.2346182606249714,24.267206477732792,0
5200,717,268,2626.625,8,0.00102880658436214,5832,1.0203702581719576,21.761194029850746,1
5200,775,159,4782.8,5,0.0,2003,0.995626768741799,12.59748427672956,0
5200,903,396,3281.285714285714,7,0.0,5175,0.41469599995733036,13.068181818181818,0
5200,969,263,3919.5,6,0.003208213025344883,6234,1.1325702903022319,23.70342205323194,1
5200,1245,253,2613.285714285714,7,0.0009180628873077806,4357,0.8553746624187679,17.221343873517785,1
5200,1266,316,2854.4285714285716,7,0.0020068807339449542,3488,0.438947090839657,11.037974683544304,1
5200,1304,197,3262.5,6,0.0,3343,1.0824648139298285,16.96954314720812,0
5200,1582,151,3719.0,5,0.0,820,0.4519285954025929,5.430463576158941,0
5200,1616,245,3975.8571428571427,7,0.0023593466424682396,5510,1.153531063475536,22.489795918367346,1
5200,1733,308,3818.0,6,0.0,3401,0.4505210244079476,11.042207792207792,0
5200,1803,131,3769.2,5,0.0,1445,1.0581204788618963,11.030534351145038,0
5200,1839,92,4199.4,5,0.0,753,1.1179675180307724,8.184782608695652,0
5200,1842,216,3233.1666666666665,6,0.0,3483,0.938114472946952,16.125,0
5200,1952,189,4916.8,5,0.003245795219828858,3389,1.1922239022441485,17.93121693121693,1
5200,2010,174,4148.2,5,0.0,2461,1.0214638024157063,14.14367816091954,0
5200,2147,292,4251.0,8,0.002560301846112384,7421,1.0937211053804587,25.414383561643834,1
5200,2170,263,3238.6666666666665,9,0.0023947998631542937,5846,1.0620798712073867,22.228136882129277,1
5200,2175,225,3874.285714285714,7,0.0015367727771679472,4555,1.1306630745364155,20.244444444444444,1
5200,2198,85,5027.25,4,0.0,788,1.3705605597391042,9.270588235294118,0
5200,2270,256,3239.0,6,0.003172714653975808,5043,0.966983139163411,19.69921875,1
5200,2281,341,3915.6666666666665,6,0.0,3779,0.4083927258250558,11.082111436950147,0
5200,2403,128,5256.4,5,0.0,1376,1.055378782065321,10.75,0
5200,2439,161,4238.6,5,0.0014925373134328358,2010,0.9744379049751914,12.48447204968944,1
5200,2521,86,4372.25,4,0.0,628,1.0670201116573228,7.3023255813953485,0
5200,2576,395,3438.0,7,0.0028322880841594174,4943,0.39811293027897704,12.51392405063291,1
5200,2602,392,3276.625,8,0.0007803355442840422,5126,0.41919522965174094,13.076530612244898,1
5200,2729,140,4098.4,5,0.0,1604,1.0283907380322506,11.457142857142857,0
5200,2744,223,4052.1428571428573,7,0.0011862396204033216,4215,1.0651179822542964,18.90134529147982,1
5200,2750,270,4461.142857142857,7,0.002997002997002997,6006,1.035303455553377,22.244444444444444,1
5200,2754,106,3813.2,5,0.0050968399592252805,981,1.0971528633576315,9.254716981132075,1
5200,2797,351,4307.0,6,0.0,4392,0.4479793162252375,12.512820512820513,0
5200,2873,309,4540.5,8,0.0034927134770564856,8303,1.0927679350972885,26.870550161812297,1
5200,2907,239,2798.5714285714284,7,0.0,4711,1.0363994321571062,19.711297071129707,0
5200,2953,223,3967.714285714286,7,0.0008497981729339282,4707,1.1894449211081788,21.10762331838565,1
5200,3006,93,4008.8,5,0.0,744,1.0809781173642299,8.0,0
5200,3129,409,3042.1428571428573,7,0.0030131826741996233,5310,0.3988942435916046,12.982885085574573,1
5200,3137,291,3687.8888888888887,9,0.0020482809070958303,6835,1.014290610044106,23.487972508591064,1
5200,3309,162,3917.1666666666665,6,0.0022747952684258415,2198,1.0524646627938372,13.567901234567902,1
5200,3311,162,3427.6666666666665,6,0.0,1354,0.6483335547874683,8.358024691358025,0
5200,3323,95,2992.0,5,0.0,795,1.1069545305723592,8.368421052631579,0
5200,3350,301,3113.3333333333335,6,0.001332001332001332,3003,0.41651649490536086,9.976744186046512,1
5200,3469,170,3599.8333333333335,6,0.0017979144192736426,2781,1.2092414075616906,16.358823529411765,1
5200,3478,105,3271.8,5,0.0,978,1.1147311075594803,9.314285714285715,0
5200,3614,207,3671.8333333333335,6,0.0,3711,1.0883288139720155,17.92753623188406,0
5200,3619,148,4113.4,5,0.0,2050,1.17608928777558,13.85135135135135,0
5200,3635,142,3630.8,5,0.0,1706,1.0631932289276307,12.014084507042254,0
5200,3663,197,3160.714285714286,7,0.0,3311,1.0721032003953521,16.80710659898477,0
5200,3792,237,3568.6666666666665,6,0.0029378531073446326,4425,0.9899800596154344,18.670886075949365,1
5200,3992,297,4011.6,5,0.0,3039,0.4329399528056947,10.232323232323232,0
5200,4042,258,3862.5714285714284,7,0.0009478672985781991,5275,0.9958476802888142,20.44573643410853,1
5200,4329,269,2866.375,8,0.0012006603631997599,6663,1.1571112533474546,24.769516728624534,1
5200,4352,465,3911.1428571428573,7,0.0024875621890547263,5226,0.3037199807174981,11.238709677419354,1
5200,4405,182,4298.2,5,0.0019076688286913392,2621,0.9943381650837879,14.401098901098901,1
5200,4477,156,4428.4,5,0.0,882,0.45543798824230725,5.653846153846154,0
5200,4490,255,3913.8333333333335,6,0.002119285498032092,3303,0.6383194485079331,12.952941176470588,1
5200,4501,186,2512.3333333333335,6,0.0,2803,1.0181389996545485,15.06989247311828,0
5200,4591,71,3959.8,5,0.0,462,1.1516887966343856,6.507042253521127,0
5200,4596,191,3046.6666666666665,6,0.0,3169,1.091604629174206,16.591623036649214,0
5200,4663,92,3295.2,5,0.0,792,1.1758702181678244,8.608695652173912,0
5200,4773,278,3406.4444444444443,9,0.0009445843828715365,6352,1.0328345600953557,22.848920863309353,1
5200,4809,405,2751.1,10,0.0009949148795047535,9046,0.6930369673982202,22.335802469135803,1
5200,4843,184,3348.8,5,0.003518373729476153,2558,0.9494558137857622,13.902173913043478,1
5200,4858,209,3328.6666666666665,6,0.0,3295,0.9479222356244927,15.76555023923445,0
5200,4904,148,3906.1666666666665,6,0.0034071550255536627,1761,1.0102893833038031,11.89864864864865,1
5200,4920,162,3695.0,6,0.001403180542563143,2138,1.0237349631725312,13.197530864197532,1
5300,0,541,4714.736842105263,38,0.0,1500,0.06440307338549055,2.7726432532347505,0
5300,45,202,2698.285714285714,7,0.0015764582238570678,3806,1.1721303440410502,18.84158415841584,1
5300,162,282,3353.3333333333335,6,0.0,3595,0.5680813635961625,12.74822695035461,0
5300,277,231,4169.0,7,0.0015086206896551724,4640,1.0927074014847278,20.086580086580085,1
5300,308,275,3531.4285714285716,7,0.002254283137962128,6654,1.1056744471794504,24.196363636363635,1
5300,336,165,3803.6666666666665,6,0.0019896538002387586,2513,1.159937166350215,15.23030303030303,1
5300,370,233,3034.285714285714,7,0.0020375820692777906,4417,1.0224107830983158,18.957081545064376,1
5300,552,168,4784.833333333333,6,0.0,2628,1.170082978122729,15.642857142857142,0
5300,563,247,2733.1428571428573,7,0.0,6056,1.2473887531439485,24.518218623481783,0
5300,717,269,2621.375,8,0.0011832319134550372,5916,1.027385588294093,21.992565055762082,1
5300,775,159,4802.2,5,0.0,1971,0.9797205996954997,12.39622641509434,0
5300,903,400,3268.4285714285716,7,0.0,5265,0.4135121330287565,13.1625,0
5300,969,262,3964.0,6,0.004180064308681672,6220,1.1386694426506914,23.740458015267176,1
5300,1245,255,2620.4285714285716,7,0.001366120218579235,4392,0.8487735446100036,17.223529411764705,1
5300,1266,324,2834.714285714286,7,0.0019602352282273874,3571,0.4274739889486797,11.021604938271604,1
5300,1304,203,3260.8333333333335,6,0.0005859947260474656,3413,1.0407683493122342,16.8128078817734,1
5300,1582,139,3745.6,5,0.0,705,0.4585317159113512,5.071942446043166,0
5300,1616,246,4001.1428571428573,7,0.0030819434372733865,5516,1.145417745865642,22.422764227642276,1
5300,1733,316,3804.8333333333335,6,0.0,3506,0.4412122994506415,11.094936708860759,0
5300,1803,127,3787.8,5,0.0,1367,1.0650523051540075,10.763779527559056,0
5300,1839,86,4222.2,5,0.0,654,1.1111961035412248,7.604651162790698,0
5300,1842,217,3229.8333333333335,6,0.0005701254275940707,3508,0.9361597849852827,16.16589861751152,1
5300,1952,187,4971.6,5,0.0026785714285714286,3360,1.2074410267450262,17.967914438502675,1
5300,2010,171,4165.8,5,0.0,2421,1.0404289612996667,14.157894736842104,0
5300,2147,293,4287.75,8,0.0033579583613163196,7445,1.0897812347715645,25.409556313993175,1
5300,2170,262,3273.4444444444443,9,0.0016980811682798438,5889,1.0780746539823025,22.477099236641223,1
5300,2175,221,3901.285714285714,7,0.0017513134851138354,4568,1.1753072411783685,20.669683257918553,1
5300,2198,78,5071.25,4,0.0,659,1.3611502687151043,8.448717948717949,0
5300,2270,258,3278.1666666666665,6,0.003155818540433925,5070,0.9571464908178746,19.651162790697676,1
5300,2281,341,3924.5,6,0.00026476039184537993,3777,0.4081765878383794,11.07624633431085,1
5300,2403,125,5272.8,5,0.0,1302,1.0471305305533212,10.416,0
5300,2439,157,4292.2,5,0.0015337423312883436,1956,0.9971934326620366,12.45859872611465,1
5300,2521,73,4427.0,4,0.0,465,1.0965213615456961,6.36986301369863,0
5300,2576,394,3475.1428571428573,7,0.002851904664901202,4909,0.39738406906831647,12.459390862944163,1
5300,2602,394,3291.125,8,0.0013518733101583623,5178,0.41915964751186446,13.142131979695431,1
5300,2729,138,4125.8,5,0.0,1533,1.0115651203430271,11.108695652173912,0
5300,2744,223,4084.714285714286,7,0.0004706989879971758,4249,1.0737096812807843,19.053811659192824,1
5300,2750,270,4492.0,7,0.002664890073284477,6004,1.0349586991579214,22.237037037037037,1
5300,2754,100,3842.0,5,0.0,853,1.0719114134048373,8.53,0
5300,2797,352,4341.666666666667,6,0.0,4424,0.4486830416929637,12.568181818181818,0
5300,2873,309,4565.875,8,0.003721935406411334,8329,1.096189826740373,26.954692556634303,1
5300,2907,240,2781.4285714285716,7,0.0,4759,1.0382527387801268,19.829166666666666,0
5300,2953,223,3983.1428571428573,7,0.0012698412698412698,4725,1.1939934676516135,21.18834080717489,1
5300,3006,86,4034.6,5,0.0,656,1.1145942567630633,7.627906976744186,0
5300,3129,411,3059.0,7,0.0014930944382232176,5358,0.39859232275286344,13.036496350364963,1
5300,3137,290,3710.0,9,0.0027504342790966993,6908,1.0322055672294075,23.820689655172412,1
5300,3309,162,3579.714285714286,7,0.002257336343115124,2215,1.060604744353207,13.67283950617284,1
5300,3311,155,3442.1666666666665,6,0.0,1318,0.689385076783575,8.503225806451614,0
5300,3323,89,3017.6,5,0.0,718,1.1390801794104135,8.067415730337078,0
5300,3350,301,3150.3333333333335,6,0.002337228714524207,2995,0.4154068938533319,9.950166112956811,1
5300,3469,171,3633.3333333333335,6,0.000361271676300578,2768,1.1895528149018908,16.18713450292398,1
5300,3478,100,3276.8,5,0.0,897,1.1272034441080176,8.97,0
5300,3614,208,3652.5,6,0.0,3751,1.0895075853934277,18.033653846153847,0
5300,3619,147,4160.4,5,0.0,2014,1.1712097004636666,13.700680272108844,0
5300,3635,141,3633.8,5,0.0,1664,1.051780126869557,11.801418439716311,0
5300,3663,203,3153.4285714285716,7,0.0,3373,1.028570654037552,16.61576354679803,0
5300,3792,237,3606.5,6,0.0013583880461851936,4417,0.9881902651573727,18.637130801687764,1
5300,3992,296,4023.4,5,0.0,3037,0.43558331304566295,10.260135135135135,0
5300,4042,258,3896.8571428571427,7,0.0015142911224682945,5283,0.9973579706096315,20.476744186046513,1
5300,4329,269,2875.125,8,0.0008915304606240713,6730,1.1687466208957482,25.018587360594797,1
5300,4352,478,3957.285714285714,7,0.0028419856006062904,5278,0.2902842391703039,11.0418410041841,1
5300,4405,181,4333.2,5,0.005758157389635317,2605,0.9992184441990674,14.392265193370166,1
5300,4477,135,4470.2,5,0.0,755,0.5205821571380617,5.592592592592593,0
5300,4490,254,3962.6666666666665,6,0.001514692517418964,3301,0.6429659216008374,12.996062992125983,1
5300,4501,187,2489.0,6,0.0,2824,1.0148254343833196,15.101604278074866,0
5300,4591,58,3999.0,5,0.0,315,1.1766964160294708,5.431034482758621,0
5300,4596,193,3017.3333333333335,6,0.0,3240,1.0930505729153457,16.787564766839377,0
5300,4663,88,3320.8,5,0.0,719,1.1667381807495152,8.170454545454545,0
5300,4773,282,3416.8888888888887,9,0.001545833977430824,6469,1.022230414771509,22.93971631205674,1
5300,4809,407,2770.6,10,0.0005468664552116373,9143,0.6936010874021933,22.464373464373466,1
5300,4843,183,3400.8,5,0.003138485680659082,2549,0.9564835825495396,13.92896174863388,1
5300,4858,213,3329.3333333333335,6,0.0005984440454817474,3342,0.9256719476556317,15.690140845070422,1
5300,4904,147,3944.6666666666665,6,0.0034944670937682005,1717,0.9984940693625202,11.680272108843537,1
5300,4920,162,3743.1666666666665,6,0.0004768717215069146,2097,1.0041030017646388,12.944444444444445,1
5400,0,590,4736.789473684211,38,0.0,1720,0.06209180539126049,2.9152542372881354,0
5400,45,204,2715.4285714285716,7,0.0007798284377436964,3847,1.161640420834288,18.857843137254903,1
5400,162,285,3379.6666666666665,6,0.0,3597,0.5564941224973832,12.621052631578948,0
5400,277,231,4215.428571428572,7,0.0010725010725010724,4662,1.0978883417503882,20.181818181818183,1
5400,308,274,3585.4285714285716,7,0.002098950524737631,6670,1.1164379028954083,24.343065693430656,1
5400,336,164,3846.1666666666665,6,0.0016025641025641025,2496,1.1661831147174484,15.21951219512195,1
5400,370,234,3058.714285714286,7,0.002925950934053567,4443,1.0196578391335709,18.987179487179485,1
5400,552,170,4780.666666666667,6,0.0,2668,1.1601064636370335,15.694117647058823,0
5400,563,248,2708.714285714286,7,0.0,6118,1.2500171601627441,24.669354838709676,0
5400,717,272,2621.375,8,0.0010001666944490749,5999,1.0189454113800374,22.05514705882353,1
5400,775,158,4820.6,5,0.0,1935,0.9740397027233215,12.246835443037975,0
5400,903,410,3247.285714285714,7,0.0,5389,0.4028564618725852,13.14390243902439,0
5400,969,261,4012.6666666666665,6,0.0040290088638195,6205,1.1446445246267476,23.773946360153257,1
5400,1245,257,2633.5714285714284,7,0.0011335298118340512,4411,0.839229371829071,17.163424124513618,1
5400,1266,333,2915.5,8,0.0027166530834012497,3681,0.41714516526847667,11.054054054054054,1
5400,1304,206,3266.6666666666665,6,0.0005709391949757351,3503,1.0373267099184698,17.00485436893204,1
5400,1582,127,3781.4,5,0.0,578,0.45032935799489127,4.551181102362205,0
5400,1616,244,4035.285714285714,7,0.0030852994555353903,5510,1.1630056114807688,22.581967213114755,1
5400,1733,325,3773.0,7,0.0,3645,0.4336513220292467,11.215384615384615,0
5400,1803,124,3805.0,5,0.0,1291,1.0550978448970922,10.411290322580646,0
5400,1839,78,4244.4,5,0.0,543,1.1215547737667704,6.961538461538462,0
5400,1842,218,3231.3333333333335,6,0.0014128284826222096,3539,0.935787930397633,16.23394495412844,1
5400,1952,189,5033.8,5,0.003880597014925373,3350,1.178504004873974,17.724867724867725,1
5400,2010,170,4182.0,5,0.0,2376,1.0331382899556192,13.976470588235294,0
5400,2147,288,4332.875,8,0.002956194571351787,7442,1.1274948171303645,25.84027777777778,1
5400,2170,264,3314.3333333333335,9,0.001851540144756775,5941,1.071177798150652,22.50378787878788,1
5400,2175,220,3932.5714285714284,7,0.002181500872600349,4584,1.1901703077731909,20.836363636363636,1
5400,2198,68,5129.0,4,0.0,505,1.3724085554176864,7.426470588235294,0
5400,2270,259,3333.8333333333335,6,0.0029533372711163615,5079,0.9514556484001466,19.61003861003861,1
5400,2281,343,3935.5,6,0.0002643404705260375,3783,0.404071263114185,11.029154518950437,1
5400,2403,122,5288.2,5,0.0,1230,1.0384732501788352,10.081967213114755,0
5400,2439,157,4352.6,5,0.0015748031496062992,1905,0.9711929903993762,12.13375796178344,1
5400,2521,55,4490.75,4,0.0,269,1.1174722959545842,4.890909090909091,0
5400,2576,390,3980.5,6,0.0012257405515832482,4895,0.40442067164554996,12.551282051282051,1
5400,2602,396,3311.125,8,0.0009554748710108924,5233,0.41934380053656223,13.214646464646465,1
5400,2729,135,4152.0,5,0.0,1455,1.0032411107759998,10.777777777777779,0
5400,2744,224,4124.142857142857,7,0.0011706860220088973,4271,1.069654195111767,19.066964285714285,1
5400,2750,272,4519.428571428572,7,0.0029920212765957447,6016,1.021832904627822,22.11764705882353,1
5400,2754,90,4633.666666666667,3,0.0,690,1.0704686078898555,7.666666666666667,0
5400,2797,354,4383.666666666667,6,0.0,4457,0.4469366547623514,12.590395480225988,0
5400,2873,311,4596.375,8,0.001793400286944046,8364,1.0866835932062335,26.893890675241156,1
5400,2907,242,2766.1428571428573,7,0.0,4803,1.0306037507814887,19.84710743801653,0
5400,2953,224,4000.4285714285716,7,0.001267694908092119,4733,1.1853601745408555,21.129464285714285,1
5400,3006,80,4064.0,5,0.0,570,1.119192382841364,7.125,0
5400,3129,413,3082.0,7,0.0014806588932074773,5403,0.39805650750946897,13.08232445520581,1
5400,3137,291,3748.777777777778,9,0.002003147803691515,6989,1.0371436830429053,24.017182130584192,1
5400,3309,163,3620.285714285714,7,0.0013416815742397137,2236,1.0575635023413419,13.717791411042946,1
5400,3311,153,3464.1666666666665,6,0.0,1287,0.6908846589209388,8.411764705882353,0
5400,3323,84,3040.6,5,0.0,634,1.129121169147352,7.5476190476190474,0
5400,3350,300,3189.8333333333335,6,0.0023427041499330657,2988,0.4172035043967245,9.96,1
5400,3469,170,3671.3333333333335,6,0.0032549728752260397,2765,1.2022842473599693,16.264705882352942,1
5400,3478,91,4094.75,4,0.0,770,1.1684706403884269,8.461538461538462,0
5400,3614,208,3631.8333333333335,6,0.0,3786,1.0996736119166934,18.201923076923077,0
5400,3619,147,4237.6,5,0.0,1984,1.1537636771201165,13.496598639455783,0
5400,3635,138,3637.8,5,0.0,1625,1.0722722247602214,11.77536231884058,0
5400,3663,206,3669.8333333333335,6,0.0,3410,1.0097870627524927,16.553398058252426,0
5400,3792,236,3646.0,6,0.0009045680687471732,4422,0.9977106229656755,18.73728813559322,1
5400,3992,296,4040.6,5,0.0,3025,0.43386220677086945,10.219594594594595,0
5400,4042,257,3938.285714285714,7,0.001512001512001512,5291,1.0066566779296338,20.587548638132297,1
5400,4329,270,2887.125,8,0.0010291090855630697,6802,1.1725165009447338,25.192592592592593,1
5400,4352,493,4014.0,7,0.002995693690320165,5341,0.27614590247765813,10.833671399594321,1
5400,4405,181,4372.8,5,0.0034802784222737818,2586,0.9919304785791894,14.287292817679559,1
5400,4477,115,5491.0,4,0.0,587,0.5577663176278892,5.104347826086957,0
5400,4490,254,4022.5,6,0.0018170805572380376,3302,0.6431607007349183,13.0,1
5400,4501,190,2467.0,6,0.0,2854,0.9934742862432433,15.021052631578947,0
5400,4591,16,5384.666666666667,3,0.0,30,1.4726215563702154,1.875,0
5400,4596,200,3043.714285714286,7,0.0,3362,1.0562034501368884,16.81,0
5400,4663,82,3348.8,5,0.0,633,1.1830030634874116,7.719512195121951,0
5400,4773,283,3433.4444444444443,9,0.0018250950570342205,6575,1.0316508732711303,23.233215547703182,1
5400,4809,416,2848.4545454545455,11,0.0004302463160159191,9297,0.6750967756200145,22.348557692307693,1
5400,4843,182,3458.4,5,0.003536345776031434,2545,0.9655057726586189,13.983516483516484,1
5400,4858,221,4055.0,8,0.0005722460658082976,3495,0.8992335393866896,15.81447963800905,1
5400,4904,145,3982.3333333333335,6,0.0023894862604540022,1674,1.0005281526010585,11.544827586206896,1
5400,4920,159,3796.5,6,0.0034229828850855745,2045,1.0165036156150669,12.861635220125786,1
5500,0,643,4704.95,40,0.0,1960,0.05957224809866266,3.0482115085536545,0
5500,45,206,2739.1428571428573,7,0.0007680491551459293,3906,1.156665180971037,18.961165048543688,1
5500,162,284,3421.5,6,0.0,3599,0.5607315989024829,12.672535211267606,0
5500,277,231,4264.714285714285,7,0.0012812299807815502,4683,1.1028337847312457,20.272727272727273,1
5500,308,275,3654.5714285714284,7,0.0016462137084705178,6682,1.110327119935841,24.298181818181817,1
5500,336,163,3888.5,6,0.0016090104585679806,2486,1.1758062910646583,15.251533742331288,1
5500,370,235,3067.714285714286,7,0.0015691548980049316,4461,1.0150942383097559,18.982978723404255,1
5500,552,171,5740.2,5,0.0,2692,1.1568916827008273,15.742690058479532,0
5500,563,249,2679.1428571428573,7,0.0,6189,1.2543873120154339,24.85542168674699,0
5500,717,274,2616.625,8,0.0018050541516245488,6094,1.020025874099643,22.240875912408757,1
5500,775,155,4844.8,5,0.0,1882,0.9843874920384583,12.141935483870968,0
5500,903,422,3167.625,8,0.0007229351165732876,5533,0.3904322039557136,13.111374407582938,1
5500,969,262,4062.8333333333335,6,0.0037174721189591076,6187,1.1326282703665318,23.614503816793892,1
5500,1245,258,2649.4285714285716,7,0.0006765899864682003,4434,0.8370784103129105,17.186046511627907,1
5500,1266,337,3324.3333333333335,9,0.001558846453624318,3849,0.42589052025348867,11.421364985163205,1
5500,1304,209,3592.6666666666665,6,0.000279876854184159,3573,1.0278986791764229,17.095693779904305,1
5500,1582,107,4072.0,4,0.0024449877750611247,409,0.4489165500282035,3.822429906542056,1
5500,1616,244,4068.5714285714284,7,0.002905393136008716,5507,1.162372396084318,22.56967213114754,1
5500,1733,336,3749.285714285714,7,0.0,3875,0.4313233961401803,11.532738095238095,0
5500,1803,121,3830.0,5,0.0,1218,1.045409426151866,10.066115702479339,0
5500,1839,68,4274.0,5,0.0,406,1.1033621257417439,5.970588235294118,0
5500,1842,220,3223.5,6,0.002777777777777778,3600,0.9346887233820872,16.363636363636363,1
5500,1952,187,5112.2,5,0.002406015037593985,3325,1.1948635160497654,17.780748663101605,1
5500,2010,168,4203.0,5,0.0,2324,1.0347309136823526,13.833333333333334,0
5500,2147,290,4385.0,8,0.004303967720242098,7435,1.110950838498935,25.637931034482758,1
5500,2170,266,3505.75,8,0.0021688355021688356,5994,1.0645432961511234,22.533834586466167,1
5500,2175,217,3969.714285714286,7,0.0026195153896529143,4581,1.222505124007292,21.110599078341014,1
5500,2198,54,5207.0,4,0.0,312,1.344549942277113,5.777777777777778,0
5500,2270,259,3386.6666666666665,6,0.004124116260801257,5092,0.9538909552379498,19.66023166023166,1
5500,2281,344,3956.0,6,0.0010584810796507012,3779,0.40130065704150314,10.98546511627907,1
5500,2403,117,5307.2,5,0.0,1147,1.0529349912097283,9.803418803418804,0
5500,2439,154,4418.4,5,0.0016163793103448276,1856,0.9834366613362551,12.051948051948052,1
5500,2576,389,4063.5,6,0.001635657329789409,4891,0.40617045006860064,12.573264781491002,1
5500,2602,401,3332.0,8,0.001887504718761797,5298,0.4140312032566644,13.211970074812967,1
5500,2729,134,4180.4,5,0.0,1384,0.9685819185939571,10.328358208955224,0
5500,2744,227,4163.857142857143,7,0.0018570102135561746,4308,1.050591406909882,18.97797356828194,1
5500,2750,273,4551.0,7,0.0029910269192422734,6018,1.0146978807875255,22.043956043956044,1
5500,2754,73,4806.0,3,0.004310344827586207,464,1.0941632510907593,6.3561643835616435,1
5500,2797,355,4407.166666666667,6,0.0,4496,0.44831106750374,12.664788732394365,0
5500,2873,311,4633.75,8,0.003213520590335634,8402,1.091620701831513,27.016077170418008,1
5500,2907,248,3751.714285714286,7,0.0,4900,1.0011579085971636,19.758064516129032,0
5500,2953,224,4020.1428571428573,7,0.0010528532322594231,4749,1.189367308027577,21.200892857142858,1
5500,3006,71,4099.0,5,0.0,455,1.1342389663823496,6.408450704225352,0
5500,3129,416,3108.4285714285716,7,0.0021929824561403508,5472,0.39734640810935995,13.153846153846153,1
5500,3137,295,4407.25,8,0.0032294299354114014,7122,1.0284135767361795,24.142372881355932,1
5500,3309,163,3280.3333333333335,6,0.003116651825467498,2246,1.0622932138902743,13.779141104294478,1
5500,3311,148,3478.8333333333335,6,0.0,1251,0.7177013165889027,8.452702702702704,0
5500,3323,77,3056.4,5,0.0,524,1.1106051951297364,6.805194805194805,0
5500,3350,297,3235.3333333333335,6,0.0016823687752355316,2972,0.42339504433646746,10.006734006734007,1
5500,3469,174,3975.4285714285716,7,0.0025026814444047193,2797,1.1609241183895695,16.07471264367816,1
5500,3478,73,4165.0,4,0.0,556,1.3111094129449614,7.616438356164384,0
5500,3614,210,3606.0,6,0.0,3839,1.093929632392854,18.28095238095238,0
5500,3619,145,4309.4,5,0.0,1951,1.166087470564316,13.455172413793104,0
5500,3635,136,3650.4,5,0.0,1569,1.0659945660645298,11.536764705882353,0
5500,3663,203,3691.3333333333335,6,0.0,3399,1.0364991559660954,16.74384236453202,0
5500,3792,236,3691.3333333333335,6,0.0029332129963898917,4432,0.999966865894137,18.779661016949152,1
5500,3992,298,4060.8,5,0.0006568144499178982,3045,0.43088823161933787,10.218120805369127,1
5500,4042,257,3984.0,7,0.0011290929619872036,5314,1.0110326188845347,20.67704280155642,1
5500,4329,272,2897.25,8,0.0008707009142359599,6891,1.1704538806167424,25.334558823529413,1
5500,4352,504,4063.1428571428573,7,0.0035139633808026634,5407,0.26748852793461847,10.728174603174603,1
5500,4405,180,4414.2,5,0.004280155642023347,2570,0.9967769283612059,14.277777777777779,1
5500,4477,82,5624.25,4,0.0,322,0.60178038932535,3.926829268292683,0
5500,4490,253,4073.6666666666665,6,0.0006062443164595332,3299,0.6476660572227485,13.039525691699605,1
5500,4501,190,2858.4,5,0.0,2872,0.9997400666049734,15.115789473684211,0
5500,4596,202,3539.3333333333335,6,0.0,3456,1.0643411636904543,17.10891089108911,0
5500,4663,76,3364.8,5,0.0,538,1.1704825814621251,7.078947368421052,0
5500,4773,285,3497.2,10,0.0014938751120406335,6694,1.0356329318869844,23.487719298245615,1
5500,4809,417,3181.6,10,0.0006406149903907751,9366,0.6768491806502309,22.46043165467626,1
5500,4843,180,3527.2,5,0.005154639175257732,2522,0.9781600830065998,14.011111111111111,1
5500,4858,224,3914.5714285714284,7,0.0010955902492467817,3651,0.9143777725013023,16.299107142857142,1
5500,4904,145,4024.0,6,0.0024630541871921183,1624,0.9706437991780879,11.2,1
5500,4920,157,3854.0,6,0.00149402390438247,2008,1.0237036875180827,12.789808917197453,1
5600,0,697,4710.1463414634145,41,0.0,2210,0.05716583895673767,3.1707317073170733,0
5600,45,209,2767.5714285714284,7,0.00125344697919278,3989,1.1475756594555695,19.086124401913874,1
5600,162,285,3480.6666666666665,6,0.0,3604,0.5575770968808921,12.64561403508772,0
5600,277,232,4306.571428571428,7,0.0006380263717566993,4702,1.0977830452719388,20.267241379310345,1
5600,308,274,3710.1428571428573,7,0.003430787589498807,6704,1.1221288907062694,24.467153284671532,1
5600,336,164,3931.3333333333335,6,0.001218026796589525,2463,1.1507648283449823,15.018292682926829,1
5600,370,237,3078.714285714286,7,0.0017765933821896514,4503,1.007430555581537,19.0,1
5600,552,169,5778.0,5,0.0,2634,1.1589167115374834,15.585798816568047,0
5600,563,250,2648.1428571428573,7,0.0,6274,1.261462547751831,25.096,0
5600,717,282,2993.1428571428573,7,0.002261347116782426,6191,0.9783008962514164,21.95390070921986,1
5600,775,156,4872.6,5,0.0,1838,0.9490873269720643,11.782051282051283,0
5600,903,433,3139.625,8,0.0012237762237762239,5720,0.38338057120222774,13.210161662817551,1
5600,969,262,4121.666666666667,6,0.004366812227074236,6183,1.1318960070593609,23.599236641221374,1
5600,1245,261,2666.714285714286,7,0.0013461969934933811,4457,0.8221886617665453,17.07662835249042,1
5600,1266,341,4293.428571428572,7,0.0025150905432595573,3976,0.4296823175126811,11.659824046920821,1
5600,1304,206,3657.0,6,0.001969057665260197,3555,1.0527252223123493,17.25728155339806,1
5600,1582,60,4149.25,4,0.0,151,0.5270894341022875,2.5166666666666666,0
5600,1616,243,4107.428571428572,7,0.002730251183108846,5494,1.1691923682922538,22.609053497942387,1
5600,1733,355,4489.0,7,0.0,4189,0.41769907957588237,11.8,0
5600,1803,115,3860.8,5,0.0,1145,1.087976888729017,9.956521739130435,0
5600,1839,50,4311.0,5,0.0,215,1.080707872834889,4.3,0
5600,1842,222,3083.285714285714,7,0.0016483516483516484,3640,0.928122494851623,16.396396396396398,1
5600,1952,187,5179.6,5,0.003931055337163592,3307,1.188395081977917,17.684491978609625,1
5600,2010,168,4221.4,5,0.0,2292,1.0204833279517864,13.642857142857142,0
5600,2147,290,4445.625,8,0.003367456896551724,7424,1.1093071990606718,25.6,1
5600,2170,273,4172.625,8,0.0021248774109186006,6118,1.0315589289893787,22.41025641025641,1
5600,2175,217,4011.714285714286,7,0.0015277171540811873,4582,1.2227719882561474,21.11520737327189,1
5600,2270,258,3427.5,6,0.003729146221786065,5095,0.9618661480704283,19.748062015503876,1
5600,2281,343,3988.0,6,0.00026476039184537993,3777,0.40343038878727905,11.011661807580175,1
5600,2403,114,5334.4,5,0.0009487666034155598,1054,1.0191562501950266,9.24561403508772,1
5600,2439,152,4490.0,5,0.002774694783573807,1802,0.980115990610943,11.855263157894736,1
5600,2576,394,5145.333333333333,6,0.0024193548387096775,4960,0.4015125244609594,12.588832487309645,1
5600,2602,403,3352.375,8,0.0026022304832713753,5380,0.41627664664675196,13.349875930521092,1
5600,2729,129,4213.0,5,0.0,1306,0.9862195794936051,10.124031007751938,0
5600,2744,230,4200.0,7,0.001600365797896662,4374,1.039041683690114,19.017391304347825,1
5600,2750,274,4579.714285714285,7,0.002160904255319149,6016,1.0069700785335498,21.956204379562045,1
5600,2754,48,4994.0,3,0.01020408163265306,196,1.0690141668465267,4.083333333333333,1
5600,2797,357,4428.5,6,0.0,4532,0.44685161613096824,12.694677871148459,0
5600,2873,312,4663.5,8,0.0035511363636363635,8448,1.0905725976958651,27.076923076923077,1
5600,2907,250,3747.285714285714,7,0.0,4952,0.995658676516906,19.808,0
5600,2953,223,4040.714285714286,7,0.001049317943336831,4765,1.2041013488592462,21.367713004484305,1
5600,3006,60,4135.2,5,0.0,322,1.1239920382843482,5.366666666666666,0
5600,3129,428,3139.714285714286,7,0.003237410071942446,5560,0.3814144282024467,12.990654205607477,1
5600,3137,295,4443.5,8,0.0029227557411273487,7185,1.0375107482237362,24.35593220338983,1
5600,3309,164,3323.8333333333335,6,0.00176522506619594,2266,1.0587223309093503,13.817073170731707,1
5600,3311,143,3498.5,6,0.0,1217,0.7478738832057857,8.51048951048951,0
5600,3323,66,3050.2,5,0.0,395,1.139512486839273,5.984848484848484,0
5600,3350,297,3286.8333333333335,6,0.0020249746878164025,2963,0.42211289245254147,9.976430976430976,1
5600,3469,175,4028.714285714286,7,0.002452697967764541,2854,1.1710831586410149,16.30857142857143,1
5600,3478,55,4231.25,4,0.0,331,1.3750309663976483,6.0181818181818185,0
5600,3614,212,3573.5,6,0.0,3893,1.088485243896855,18.36320754716981,0
5600,3619,142,4383.2,5,0.0,1912,1.1915741229247538,13.464788732394366,0
5600,3635,136,3656.4,5,0.0,1510,1.025909365683518,11.102941176470589,0
5600,3663,203,3671.0,6,0.0,3425,1.0444276578946388,16.87192118226601,0
5600,3792,235,3741.5,6,0.0018070928393946238,4427,1.0073575864149942,18.838297872340426,1
5600,3992,300,4118.6,5,0.000326477309826967,3063,0.42767547990869054,10.21,1
5600,4042,258,4010.1428571428573,7,0.0014961660744342623,5347,1.0094402931761688,20.724806201550386,1
5600,4329,274,2904.625,8,0.001145147437732608,6986,1.1693306131375298,25.496350364963504,1
5600,4352,521,4699.857142857143,7,0.0025161754133716753,5564,0.25758557512790786,10.679462571976968,1
5600,4405,180,4457.8,5,0.0031237797735259665,2561,0.9932862698572174,14.227777777777778,1
5600,4490,254,4112.333333333333,6,0.0018275967103259215,3283,0.6394598971873824,12.9251968503937,1
5600,4501,191,2867.2,5,0.0003443526170798898,2904,1.0003218185932141,15.204188481675393,1
5600,4596,207,3515.3333333333335,6,0.0,3552,1.0416987192747504,17.159420289855074,0
5600,4663,68,3395.2,5,0.0,415,1.1278208920759205,6.102941176470588,0
5600,4773,287,3549.3,10,0.0011735367463693706,6817,1.0400144287060238,23.752613240418118,1
5600,4809,411,3604.6666666666665,9,0.0006414368184733803,9354,0.69586274487314,22.759124087591243,1
5600,4843,179,3598.6,5,0.0023781212841854932,2523,0.9895119709131485,14.094972067039107,1
5600,4858,226,3931.714285714286,7,0.0010596026490066225,3775,0.9287737698567992,16.70353982300885,1
5600,4904,144,4069.8333333333335,6,0.0038240917782026767,1569,0.9508408320760774,10.895833333333334,1
5600,4920,155,3917.6666666666665,6,0.0005117707267144319,1954,1.022047374836954,12.606451612903227,1
5700,0,753,4759.0952380952385,42,0.0,2493,0.0552512604590005,3.310756972111554,0
5700,45,216,3418.285714285714,7,0.0009734728644439036,4109,1.1067218975994908,19.02314814814815,1
5700,162,288,3500.3333333333335,6,0.0,3616,0.5478394596537757,12.555555555555555,0
5700,277,232,4360.285714285715,7,0.0014799154334038055,4730,1.1043202475832135,20.387931034482758,1
5700,308,274,3762.0,7,0.001340282948622487,6715,1.1239700926450775,24.50729927007299,1
5700,336,156,4796.4,5,0.0016963528413910093,2358,1.2175995195865765,15.115384615384615,1
5700,370,246,3080.8571428571427,7,0.0024022712382616293,4579,0.9508462397242159,18.61382113821138,1
5700,552,167,5807.2,5,0.0,2585,1.1647627393638518,15.479041916167665,0
5700,563,256,2609.714285714286,7,0.0006241223279762834,6409,1.2289103586948842,25.03515625,1
5700,717,278,3023.5714285714284,7,0.0016100466913540493,6211,1.009907974299788,22.341726618705035,1
5700,775,154,4915.8,5,0.0,1796,0.9516445278878848,11.662337662337663,0
5700,903,451,3685.3333333333335,9,0.0008486082824168364,5892,0.3640151998259804,13.06430155210643,1
5700,969,261,4195.166666666667,6,0.0035667963683527885,6168,1.137819085881995,23.632183908045977,1
5700,1245,266,2683.714285714286,7,0.0013383894713361588,4483,0.7961874535611422,16.853383458646615,1
5700,1266,334,5074.833333333333,6,0.001514004542013626,3963,0.44641728588964646,11.865269461077844,1
5700,1304,206,3720.5,6,0.0011179429849077697,3578,1.0595361027942576,17.368932038834952,1
5700,1616,245,4145.571428571428,7,0.002730748225013654,5493,1.1499720747134516,22.420408163265307,1
5700,1733,362,5223.833333333333,6,0.0,4293,0.4116741632386368,11.859116022099448,0
5700,1803,111,3906.4,5,0.0,1066,1.0872292082547583,9.603603603603604,0
5700,1842,226,3109.5714285714284,7,0.0021592442645074223,3705,0.9115514747866069,16.393805309734514,1
5700,1952,185,5249.4,5,0.00213089802130898,3285,1.206151277375307,17.756756756756758,1
5700,2010,166,4242.8,5,0.0,2243,1.0228759358400212,13.512048192771084,0
5700,2147,287,4499.25,8,0.0040453074433656954,7416,1.1313990029754837,25.8397212543554,1
5700,2170,273,4222.375,8,0.0025902541686903028,6177,1.0415069474284724,22.626373626373628,1
5700,2175,215,4062.714285714286,7,0.001959503592423253,4593,1.2486174198323783,21.36279069767442,1
5700,2270,261,4155.4,5,0.0025470219435736676,5104,0.9415416041410023,19.555555555555557,1
5700,2281,347,4013.0,6,0.00105736188210415,3783,0.3948091922872937,10.902017291066283,1
5700,2403,108,5367.6,5,0.004273504273504274,936,1.0084124567078347,8.666666666666666,1
5700,2439,149,4563.2,5,0.0017142857142857142,1750,0.9905476588950295,11.74496644295302,1
5700,2576,389,5241.166666666667,6,0.0020149103364900263,4963,0.4121496511327878,12.758354755784062,1
5700,2602,411,3792.5555555555557,9,0.0020135456708768075,5463,0.4064034824932611,13.291970802919709,1
5700,2729,126,4239.4,5,0.0,1214,0.960920504272615,9.634920634920634,0
5700,2744,238,4704.375,8,0.001762502753910553,4539,1.0069690738397057,19.071428571428573,1
5700,2750,272,5399.5,6,0.003021655195568239,5957,1.011811604532569,21.90073529411765,1
5700,2797,359,4450.166666666667,6,0.0004348771472059143,4599,0.4484193826509558,12.81058495821727,1
5700,2873,312,4683.125,8,0.002357656489449487,8483,1.0950908317062054,27.189102564102566,1
5700,2907,252,3740.1428571428573,7,0.0,4986,0.9866453118416924,19.785714285714285,0
5700,2953,223,4064.285714285714,7,0.002095118374188142,4773,1.2061229251007728,21.40358744394619,1
5700,3006,34,4195.0,5,0.0,117,1.2718558493771828,3.4411764705882355,0
5700,3129,444,4001.4285714285716,7,0.0035292041644609143,5667,0.361241083676109,12.763513513513514,1
5700,3137,295,4486.375,8,0.0023519645821804096,7228,1.0437199287628625,24.501694915254237,1
5700,3309,166,3358.1666666666665,6,0.0026030368763557484,2305,1.0511498136920414,13.885542168674698,1
5700,3311,140,3528.5,6,0.0,1170,0.7501353887142975,8.357142857142858,0
5700,3323,44,3778.5,4,0.0,180,1.168360904227609,4.090909090909091,0
5700,3350,297,3344.0,6,0.0037174721189591076,2959,0.42154304717079655,9.962962962962964,1
5700,3469,173,4799.0,6,0.001401541695865452,2854,1.1983167407324362,16.497109826589597,1
5700,3478,11,4054.3333333333335,3,0.0,15,1.5578145389701452,1.3636363636363635,0
5700,3614,216,4292.833333333333,6,0.0,3973,1.0700915305823258,18.39351851851852,0
5700,3619,140,4420.0,5,0.0,1877,1.2034223287322534,13.407142857142857,0
5700,3635,134,4103.0,4,0.0006997900629811056,1429,1.0000748277967955,10.664179104477611,1
5700,3663,207,3555.714285714286,7,0.0,3509,1.0290880647339806,16.95169082125604,0
5700,3792,236,3804.3333333333335,6,0.0015804922104312486,4429,0.9992899930155986,18.766949152542374,1
5700,3992,301,4144.4,5,0.0,3074,0.42636420424211763,10.212624584717608,0
5700,4042,257,4035.8571428571427,7,0.0005579319323042589,5377,1.023018891934916,20.92217898832685,1
5700,4329,278,3193.5555555555557,9,0.0012628034236003929,7127,1.1588494820213475,25.636690647482013,1
5700,4352,524,4781.857142857143,7,0.0030427778772149634,5587,0.2556971935727256,10.662213740458014,1
5700,4405,179,4508.6,5,0.004313725490196078,2550,1.0001012785685806,14.245810055865922,1
5700,4490,247,5020.8,5,0.0025031289111389237,3196,0.658298291784686,12.93927125506073,1
5700,4501,199,2937.0,6,0.0009865175928970734,3041,0.9649840417733453,15.28140703517588,1
5700,4596,214,3488.6666666666665,6,0.0,3657,1.0034766647024085,17.088785046728972,0
5700,4663,48,4260.25,4,0.0,201,1.0962849364089382,4.1875,0
5700,4773,291,3967.0,9,0.0008650519031141869,6936,1.0292786644134484,23.835051546391753,1
5700,4809,413,3682.0,9,0.00074754378470739,9364,0.6898762051302364,22.673123486682808,1
5700,4843,178,3645.6,5,0.0027844073190135244,2514,0.9970917726454666,14.123595505617978,1
5700,4858,234,3960.0,7,0.0005092946269416857,3927,0.9012370772625552,16.78205128205128,1
5700,4904,140,4103.5,6,0.0020013342228152103,1499,0.9610708954553264,10.707142857142857,1
5700,4920,152,4505.0,5,0.0037313432835820895,1876,1.0203649269623358,12.342105263157896,1
